business_id,month,credit_score,engagement_events,engagement_3m,score_change_3m,funding_applied,funding_granted_gbp,is_active,is_churned,months_to_churn,months_on_platform,sector,region,default_risk_category,employees,annual_revenue_gbp
SME_0001,2024-08-01,733.0,17,,,False,0.0,True,False,,6.0,Technology,South East,Low,105,687632.89
SME_0001,2024-09-01,752.0,19,17.0,,False,0.0,True,False,,7.0,Technology,South East,Low,105,687632.89
SME_0001,2024-10-01,754.0,24,18.0,,True,0.0,True,False,,8.0,Technology,South East,Low,105,687632.89
SME_0001,2024-11-01,737.0,7,20.0,4.0,True,12349.62,True,False,,9.0,Technology,South East,Low,105,687632.89
SME_0001,2024-12-01,733.0,17,16.666666666666668,-19.0,False,0.0,True,False,,10.0,Technology,South East,Low,105,687632.89
SME_0001,2025-01-01,721.0,10,16.0,-33.0,False,0.0,True,False,,11.0,Technology,South East,Low,105,687632.89
SME_0001,2025-02-01,731.0,17,11.333333333333334,-6.0,False,0.0,True,False,,12.0,Technology,South East,Low,105,687632.89
SME_0001,2025-03-01,733.0,13,14.666666666666666,0.0,False,0.0,True,False,,13.0,Technology,South East,Low,105,687632.89
SME_0001,2025-04-01,724.0,16,13.333333333333334,3.0,False,0.0,True,False,,14.0,Technology,South East,Low,105,687632.89
SME_0001,2025-05-01,747.0,20,15.333333333333334,16.0,True,57980.18,True,False,,15.0,Technology,South East,Low,105,687632.89
SME_0001,2025-06-01,760.0,20,16.333333333333332,27.0,True,9853.3,True,False,,16.0,Technology,South East,Low,105,687632.89
SME_0001,2025-07-01,732.0,14,18.666666666666668,8.0,False,0.0,True,False,,17.0,Technology,South East,Low,105,687632.89
SME_0001,2025-08-01,728.0,14,18.0,-19.0,False,0.0,True,False,,18.0,Technology,South East,Low,105,687632.89
SME_0001,2025-09-01,743.0,14,16.0,-17.0,False,0.0,True,False,,19.0,Technology,South East,Low,105,687632.89
SME_0001,2025-10-01,738.0,22,14.0,6.0,False,0.0,True,False,,20.0,Technology,South East,Low,105,687632.89
SME_0001,2025-11-01,738.0,15,16.666666666666668,10.0,False,0.0,True,False,,21.0,Technology,South East,Low,105,687632.89
SME_0001,2025-12-01,751.0,23,17.0,8.0,True,48637.82,True,False,,22.0,Technology,South East,Low,105,687632.89
SME_0001,2026-01-01,758.0,13,20.0,20.0,False,0.0,True,False,,23.0,Technology,South East,Low,105,687632.89
SME_0002,2024-08-01,594.0,4,,,False,0.0,True,True,17.0,31.0,Manufacturing,South East,Medium,69,517282.29
SME_0002,2024-09-01,595.0,10,4.0,,False,0.0,True,True,16.0,32.0,Manufacturing,South East,Medium,69,517282.29
SME_0002,2024-10-01,587.0,10,7.0,,False,0.0,True,True,15.0,33.0,Manufacturing,South East,Medium,69,517282.29
SME_0002,2024-11-01,565.0,12,8.0,-29.0,False,0.0,True,True,14.0,34.0,Manufacturing,South East,Medium,69,517282.29
SME_0002,2024-12-01,575.0,7,10.666666666666666,-20.0,False,0.0,True,True,13.0,35.0,Manufacturing,South East,Medium,69,517282.29
SME_0002,2025-01-01,598.0,14,9.666666666666666,11.0,False,0.0,True,True,12.0,36.0,Manufacturing,South East,Medium,69,517282.29
SME_0002,2025-02-01,599.0,10,11.0,34.0,False,0.0,True,True,11.0,37.0,Manufacturing,South East,Medium,69,517282.29
SME_0002,2025-03-01,608.0,11,10.333333333333334,33.0,False,0.0,True,True,10.0,38.0,Manufacturing,South East,Medium,69,517282.29
SME_0002,2025-04-01,621.0,11,11.666666666666666,23.0,False,0.0,True,True,9.0,39.0,Manufacturing,South East,Medium,69,517282.29
SME_0002,2025-05-01,589.0,8,10.666666666666666,-10.0,True,53818.04,True,True,8.0,40.0,Manufacturing,South East,Medium,69,517282.29
SME_0002,2025-06-01,594.0,13,10.0,-14.0,False,0.0,True,True,7.0,41.0,Manufacturing,South East,Medium,69,517282.29
SME_0002,2025-07-01,586.0,16,10.666666666666666,-35.0,True,0.0,True,True,6.0,42.0,Manufacturing,South East,Medium,69,517282.29
SME_0002,2025-08-01,579.0,11,12.333333333333334,-10.0,False,0.0,True,True,5.0,43.0,Manufacturing,South East,Medium,69,517282.29
SME_0002,2025-09-01,572.0,10,13.333333333333334,-22.0,False,0.0,True,True,4.0,44.0,Manufacturing,South East,Medium,69,517282.29
SME_0002,2025-10-01,572.0,16,12.333333333333334,-14.0,False,0.0,True,True,3.0,45.0,Manufacturing,South East,Medium,69,517282.29
SME_0002,2025-11-01,557.0,11,12.333333333333334,-22.0,False,0.0,True,True,2.0,46.0,Manufacturing,South East,Medium,69,517282.29
SME_0002,2025-12-01,582.0,7,12.333333333333334,10.0,False,0.0,True,True,1.0,47.0,Manufacturing,South East,Medium,69,517282.29
SME_0002,2026-01-01,582.0,0,11.333333333333334,10.0,False,0.0,False,True,0.0,48.0,Manufacturing,South East,Medium,69,517282.29
SME_0003,2024-08-01,681.0,15,,,False,0.0,True,False,,27.0,Technology,Midlands,Low,111,254751.77
SME_0003,2024-09-01,668.0,17,15.0,,False,0.0,True,False,,28.0,Technology,Midlands,Low,111,254751.77
SME_0003,2024-10-01,672.0,14,16.0,,False,0.0,True,False,,29.0,Technology,Midlands,Low,111,254751.77
SME_0003,2024-11-01,687.0,14,15.333333333333334,6.0,False,0.0,True,False,,30.0,Technology,Midlands,Low,111,254751.77
SME_0003,2024-12-01,693.0,20,15.0,25.0,False,0.0,True,False,,31.0,Technology,Midlands,Low,111,254751.77
SME_0003,2025-01-01,684.0,17,16.0,12.0,False,0.0,True,False,,32.0,Technology,Midlands,Low,111,254751.77
SME_0003,2025-02-01,685.0,14,17.0,-2.0,True,62983.34,True,False,,33.0,Technology,Midlands,Low,111,254751.77
SME_0003,2025-03-01,678.0,9,17.0,-15.0,False,0.0,True,False,,34.0,Technology,Midlands,Low,111,254751.77
SME_0003,2025-04-01,669.0,9,13.333333333333334,-15.0,False,0.0,True,False,,35.0,Technology,Midlands,Low,111,254751.77
SME_0003,2025-05-01,673.0,10,10.666666666666666,-12.0,False,0.0,True,False,,36.0,Technology,Midlands,Low,111,254751.77
SME_0003,2025-06-01,699.0,18,9.333333333333334,21.0,False,0.0,True,False,,37.0,Technology,Midlands,Low,111,254751.77
SME_0003,2025-07-01,710.0,17,12.333333333333334,41.0,False,0.0,True,False,,38.0,Technology,Midlands,Low,111,254751.77
SME_0003,2025-08-01,704.0,16,15.0,31.0,False,0.0,True,False,,39.0,Technology,Midlands,Low,111,254751.77
SME_0003,2025-09-01,713.0,13,17.0,14.0,False,0.0,True,False,,40.0,Technology,Midlands,Low,111,254751.77
SME_0003,2025-10-01,706.0,11,15.333333333333334,-4.0,False,0.0,True,False,,41.0,Technology,Midlands,Low,111,254751.77
SME_0003,2025-11-01,720.0,11,13.333333333333334,16.0,True,59890.62,True,False,,42.0,Technology,Midlands,Low,111,254751.77
SME_0003,2025-12-01,731.0,12,11.666666666666666,18.0,False,0.0,True,False,,43.0,Technology,Midlands,Low,111,254751.77
SME_0003,2026-01-01,730.0,12,11.333333333333334,24.0,True,73840.32,True,False,,44.0,Technology,Midlands,Low,111,254751.77
SME_0004,2024-08-01,573.0,17,,,False,0.0,True,False,,24.0,Services,North West,Medium,36,135384.33
SME_0004,2024-09-01,576.0,10,17.0,,False,0.0,True,False,,25.0,Services,North West,Medium,36,135384.33
SME_0004,2024-10-01,579.0,6,13.5,,False,0.0,True,False,,26.0,Services,North West,Medium,36,135384.33
SME_0004,2024-11-01,601.0,12,11.0,28.0,False,0.0,True,False,,27.0,Services,North West,Medium,36,135384.33
SME_0004,2024-12-01,619.0,12,9.333333333333334,43.0,True,59248.49,True,False,,28.0,Services,North West,Medium,36,135384.33
SME_0004,2025-01-01,612.0,10,10.0,33.0,False,0.0,True,False,,29.0,Services,North West,Medium,36,135384.33
SME_0004,2025-02-01,608.0,12,11.333333333333334,7.0,False,0.0,True,False,,30.0,Services,North West,Medium,36,135384.33
SME_0004,2025-03-01,619.0,11,11.333333333333334,0.0,False,0.0,True,False,,31.0,Services,North West,Medium,36,135384.33
SME_0004,2025-04-01,628.0,11,11.0,16.0,True,0.0,True,False,,32.0,Services,North West,Medium,36,135384.33
SME_0004,2025-05-01,632.0,13,11.333333333333334,24.0,False,0.0,True,False,,33.0,Services,North West,Medium,36,135384.33
SME_0004,2025-06-01,647.0,8,11.666666666666666,28.0,False,0.0,True,False,,34.0,Services,North West,Medium,36,135384.33
SME_0004,2025-07-01,648.0,5,10.666666666666666,20.0,False,0.0,True,False,,35.0,Services,North West,Medium,36,135384.33
SME_0004,2025-08-01,633.0,15,8.666666666666666,1.0,False,0.0,True,False,,36.0,Services,North West,Medium,36,135384.33
SME_0004,2025-09-01,653.0,6,9.333333333333334,6.0,False,0.0,True,False,,37.0,Services,North West,Medium,36,135384.33
SME_0004,2025-10-01,632.0,8,8.666666666666666,-16.0,False,0.0,True,False,,38.0,Services,North West,Medium,36,135384.33
SME_0004,2025-11-01,643.0,11,9.666666666666666,10.0,True,0.0,True,False,,39.0,Services,North West,Medium,36,135384.33
SME_0004,2025-12-01,629.0,10,8.333333333333334,-24.0,True,58574.88,True,False,,40.0,Services,North West,Medium,36,135384.33
SME_0004,2026-01-01,625.0,5,9.666666666666666,-7.0,False,0.0,True,False,,41.0,Services,North West,Medium,36,135384.33
SME_0005,2024-08-01,520.0,2,,,False,0.0,True,False,,18.0,Retail,Scotland,High,19,109013.58
SME_0005,2024-09-01,499.0,6,2.0,,False,0.0,True,False,,19.0,Retail,Scotland,High,19,109013.58
SME_0005,2024-10-01,516.0,21,4.0,,False,0.0,True,False,,20.0,Retail,Scotland,High,19,109013.58
SME_0005,2024-11-01,512.0,9,9.666666666666666,-8.0,False,0.0,True,False,,21.0,Retail,Scotland,High,19,109013.58
SME_0005,2024-12-01,515.0,5,12.0,16.0,False,0.0,True,False,,22.0,Retail,Scotland,High,19,109013.58
SME_0005,2025-01-01,518.0,6,11.666666666666666,2.0,True,0.0,True,False,,23.0,Retail,Scotland,High,19,109013.58
SME_0005,2025-02-01,512.0,12,6.666666666666667,0.0,False,0.0,True,False,,24.0,Retail,Scotland,High,19,109013.58
SME_0005,2025-03-01,505.0,7,7.666666666666667,-10.0,True,0.0,True,False,,25.0,Retail,Scotland,High,19,109013.58
SME_0005,2025-04-01,507.0,4,8.333333333333334,-11.0,False,0.0,True,False,,26.0,Retail,Scotland,High,19,109013.58
SME_0005,2025-05-01,519.0,3,7.666666666666667,7.0,False,0.0,True,False,,27.0,Retail,Scotland,High,19,109013.58
SME_0005,2025-06-01,531.0,3,4.666666666666667,26.0,False,0.0,True,False,,28.0,Retail,Scotland,High,19,109013.58
SME_0005,2025-07-01,521.0,7,3.3333333333333335,14.0,False,0.0,True,False,,29.0,Retail,Scotland,High,19,109013.58
SME_0005,2025-08-01,513.0,7,4.333333333333333,-6.0,True,0.0,True,False,,30.0,Retail,Scotland,High,19,109013.58
SME_0005,2025-09-01,524.0,9,5.666666666666667,-7.0,False,0.0,True,False,,31.0,Retail,Scotland,High,19,109013.58
SME_0005,2025-10-01,524.0,5,7.666666666666667,3.0,False,0.0,True,False,,32.0,Retail,Scotland,High,19,109013.58
SME_0005,2025-11-01,530.0,6,7.0,17.0,False,0.0,True,False,,33.0,Retail,Scotland,High,19,109013.58
SME_0005,2025-12-01,546.0,3,6.666666666666667,22.0,False,0.0,True,False,,34.0,Retail,Scotland,High,19,109013.58
SME_0005,2026-01-01,537.0,8,4.666666666666667,13.0,False,0.0,True,False,,35.0,Retail,Scotland,High,19,109013.58
SME_0006,2024-08-01,646.0,12,,,False,0.0,True,False,,16.0,Healthcare,North West,Medium,135,379610.27
SME_0006,2024-09-01,612.0,9,12.0,,True,14101.82,True,False,,17.0,Healthcare,North West,Medium,135,379610.27
SME_0006,2024-10-01,611.0,14,10.5,,False,0.0,True,False,,18.0,Healthcare,North West,Medium,135,379610.27
SME_0006,2024-11-01,608.0,12,11.666666666666666,-38.0,False,0.0,True,False,,19.0,Healthcare,North West,Medium,135,379610.27
SME_0006,2024-12-01,626.0,10,11.666666666666666,14.0,False,0.0,True,False,,20.0,Healthcare,North West,Medium,135,379610.27
SME_0006,2025-01-01,636.0,13,12.0,25.0,False,0.0,True,False,,21.0,Healthcare,North West,Medium,135,379610.27
SME_0006,2025-02-01,661.0,17,11.666666666666666,53.0,False,0.0,True,False,,22.0,Healthcare,North West,Medium,135,379610.27
SME_0006,2025-03-01,663.0,12,13.333333333333334,37.0,False,0.0,True,False,,23.0,Healthcare,North West,Medium,135,379610.27
SME_0006,2025-04-01,680.0,9,14.0,44.0,False,0.0,True,False,,24.0,Healthcare,North West,Medium,135,379610.27
SME_0006,2025-05-01,682.0,5,12.666666666666666,21.0,False,0.0,True,False,,25.0,Healthcare,North West,Medium,135,379610.27
SME_0006,2025-06-01,670.0,16,8.666666666666666,7.0,True,0.0,True,False,,26.0,Healthcare,North West,Medium,135,379610.27
SME_0006,2025-07-01,668.0,14,10.0,-12.0,False,0.0,True,False,,27.0,Healthcare,North West,Medium,135,379610.27
SME_0006,2025-08-01,667.0,6,11.666666666666666,-15.0,False,0.0,True,False,,28.0,Healthcare,North West,Medium,135,379610.27
SME_0006,2025-09-01,649.0,9,12.0,-21.0,True,14993.81,True,False,,29.0,Healthcare,North West,Medium,135,379610.27
SME_0006,2025-10-01,650.0,19,9.666666666666666,-18.0,False,0.0,True,False,,30.0,Healthcare,North West,Medium,135,379610.27
SME_0006,2025-11-01,650.0,8,11.333333333333334,-17.0,True,44710.16,True,False,,31.0,Healthcare,North West,Medium,135,379610.27
SME_0006,2025-12-01,638.0,12,12.0,-11.0,False,0.0,True,False,,32.0,Healthcare,North West,Medium,135,379610.27
SME_0006,2026-01-01,644.0,11,13.0,-6.0,False,0.0,True,False,,33.0,Healthcare,North West,Medium,135,379610.27
SME_0007,2024-08-01,663.0,8,,,False,0.0,True,False,,2.0,Technology,North West,Low,197,529718.53
SME_0007,2024-09-01,656.0,17,8.0,,False,0.0,True,False,,3.0,Technology,North West,Low,197,529718.53
SME_0007,2024-10-01,692.0,15,12.5,,False,0.0,True,False,,4.0,Technology,North West,Low,197,529718.53
SME_0007,2024-11-01,691.0,10,13.333333333333334,28.0,False,0.0,True,False,,5.0,Technology,North West,Low,197,529718.53
SME_0007,2024-12-01,696.0,15,14.0,40.0,False,0.0,True,False,,6.0,Technology,North West,Low,197,529718.53
SME_0007,2025-01-01,680.0,11,13.333333333333334,-12.0,False,0.0,True,False,,7.0,Technology,North West,Low,197,529718.53
SME_0007,2025-02-01,688.0,22,12.0,-3.0,False,0.0,True,False,,8.0,Technology,North West,Low,197,529718.53
SME_0007,2025-03-01,695.0,14,16.0,-1.0,False,0.0,True,False,,9.0,Technology,North West,Low,197,529718.53
SME_0007,2025-04-01,686.0,12,15.666666666666666,6.0,False,0.0,True,False,,10.0,Technology,North West,Low,197,529718.53
SME_0007,2025-05-01,665.0,17,16.0,-23.0,False,0.0,True,False,,11.0,Technology,North West,Low,197,529718.53
SME_0007,2025-06-01,670.0,11,14.333333333333334,-25.0,False,0.0,True,False,,12.0,Technology,North West,Low,197,529718.53
SME_0007,2025-07-01,666.0,16,13.333333333333334,-20.0,False,0.0,True,False,,13.0,Technology,North West,Low,197,529718.53
SME_0007,2025-08-01,687.0,13,14.666666666666666,22.0,False,0.0,True,False,,14.0,Technology,North West,Low,197,529718.53
SME_0007,2025-09-01,682.0,15,13.333333333333334,12.0,False,0.0,True,False,,15.0,Technology,North West,Low,197,529718.53
SME_0007,2025-10-01,705.0,20,14.666666666666666,39.0,False,0.0,True,False,,16.0,Technology,North West,Low,197,529718.53
SME_0007,2025-11-01,714.0,10,16.0,27.0,False,0.0,True,False,,17.0,Technology,North West,Low,197,529718.53
SME_0007,2025-12-01,696.0,10,15.0,14.0,False,0.0,True,False,,18.0,Technology,North West,Low,197,529718.53
SME_0007,2026-01-01,711.0,12,13.333333333333334,6.0,False,0.0,True,False,,19.0,Technology,North West,Low,197,529718.53
SME_0008,2024-08-01,593.0,4,,,False,0.0,True,False,,,Technology,North West,Medium,169,176490.76
SME_0008,2024-09-01,591.0,14,4.0,,False,0.0,True,False,,,Technology,North West,Medium,169,176490.76
SME_0008,2024-10-01,603.0,11,9.0,,False,0.0,True,False,,,Technology,North West,Medium,169,176490.76
SME_0008,2024-11-01,598.0,8,9.666666666666666,5.0,False,0.0,True,False,,,Technology,North West,Medium,169,176490.76
SME_0008,2024-12-01,602.0,10,11.0,11.0,False,0.0,True,False,,,Technology,North West,Medium,169,176490.76
SME_0008,2025-01-01,602.0,13,9.666666666666666,-1.0,False,0.0,True,False,,,Technology,North West,Medium,169,176490.76
SME_0008,2025-02-01,591.0,6,10.333333333333334,-7.0,False,0.0,True,False,,,Technology,North West,Medium,169,176490.76
SME_0008,2025-03-01,594.0,13,9.666666666666666,-8.0,False,0.0,True,False,,,Technology,North West,Medium,169,176490.76
SME_0008,2025-04-01,595.0,14,10.666666666666666,-7.0,False,0.0,True,False,,,Technology,North West,Medium,169,176490.76
SME_0008,2025-05-01,589.0,10,11.0,-2.0,True,0.0,True,False,,,Technology,North West,Medium,169,176490.76
SME_0008,2025-06-01,595.0,8,12.333333333333334,1.0,False,0.0,True,False,,,Technology,North West,Medium,169,176490.76
SME_0008,2025-07-01,602.0,4,10.666666666666666,7.0,False,0.0,True,False,,,Technology,North West,Medium,169,176490.76
SME_0008,2025-08-01,607.0,14,7.333333333333333,18.0,False,0.0,True,False,,,Technology,North West,Medium,169,176490.76
SME_0008,2025-09-01,603.0,9,8.666666666666666,8.0,False,0.0,True,False,,,Technology,North West,Medium,169,176490.76
SME_0008,2025-10-01,592.0,13,9.0,-10.0,False,0.0,True,False,,,Technology,North West,Medium,169,176490.76
SME_0008,2025-11-01,594.0,15,12.0,-13.0,True,0.0,True,False,,,Technology,North West,Medium,169,176490.76
SME_0008,2025-12-01,589.0,14,12.333333333333334,-14.0,True,32832.08,True,False,,,Technology,North West,Medium,169,176490.76
SME_0008,2026-01-01,569.0,11,14.0,-23.0,False,0.0,True,False,,,Technology,North West,Medium,169,176490.76
SME_0009,2024-08-01,608.0,16,,,True,52308.23,True,False,,32.0,Retail,Scotland,Medium,117,351431.12
SME_0009,2024-09-01,580.0,12,16.0,,False,0.0,True,False,,34.0,Retail,Scotland,Medium,117,351431.12
SME_0009,2024-10-01,592.0,8,14.0,,False,0.0,True,False,,34.0,Retail,Scotland,Medium,117,351431.12
SME_0009,2024-11-01,608.0,6,12.0,0.0,False,0.0,True,False,,36.0,Retail,Scotland,Medium,117,351431.12
SME_0009,2024-12-01,618.0,7,8.666666666666666,38.0,False,0.0,True,False,,36.0,Retail,Scotland,Medium,117,351431.12
SME_0009,2025-01-01,615.0,15,7.0,23.0,True,0.0,True,False,,38.0,Retail,Scotland,Medium,117,351431.12
SME_0009,2025-02-01,602.0,14,9.333333333333334,-6.0,True,55918.7,True,False,,39.0,Retail,Scotland,Medium,117,351431.12
SME_0009,2025-03-01,607.0,11,12.0,-11.0,False,0.0,True,False,,39.0,Retail,Scotland,Medium,117,351431.12
SME_0009,2025-04-01,587.0,14,13.333333333333334,-28.0,True,36246.52,True,False,,40.0,Retail,Scotland,Medium,117,351431.12
SME_0009,2025-05-01,604.0,19,13.0,2.0,False,0.0,True,False,,41.0,Retail,Scotland,Medium,117,351431.12
SME_0009,2025-06-01,609.0,14,14.666666666666666,2.0,False,0.0,True,False,,42.0,Retail,Scotland,Medium,117,351431.12
SME_0009,2025-07-01,622.0,8,15.666666666666666,35.0,False,0.0,True,False,,43.0,Retail,Scotland,Medium,117,351431.12
SME_0009,2025-08-01,612.0,13,13.666666666666666,8.0,False,0.0,True,False,,44.0,Retail,Scotland,Medium,117,351431.12
SME_0009,2025-09-01,612.0,16,11.666666666666666,3.0,False,0.0,True,False,,45.0,Retail,Scotland,Medium,117,351431.12
SME_0009,2025-10-01,637.0,12,12.333333333333334,15.0,True,39694.49,True,False,,46.0,Retail,Scotland,Medium,117,351431.12
SME_0009,2025-11-01,637.0,10,13.666666666666666,25.0,False,0.0,True,False,,48.0,Retail,Scotland,Medium,117,351431.12
SME_0009,2025-12-01,610.0,9,12.666666666666666,-2.0,True,0.0,True,False,,48.0,Retail,Scotland,Medium,117,351431.12
SME_0009,2026-01-01,606.0,12,10.333333333333334,-31.0,False,0.0,True,False,,50.0,Retail,Scotland,Medium,117,351431.12
SME_0010,2024-08-01,625.0,11,,,False,0.0,True,False,,13.0,Manufacturing,Unknown,Medium,9,566393.44
SME_0010,2024-09-01,666.0,5,11.0,,False,0.0,True,False,,14.0,Manufacturing,Unknown,Medium,9,566393.44
SME_0010,2024-10-01,666.0,18,8.0,,False,0.0,True,False,,15.0,Manufacturing,Unknown,Medium,9,566393.44
SME_0010,2024-11-01,649.0,11,11.333333333333334,24.0,True,7073.06,True,False,,16.0,Manufacturing,Unknown,Medium,9,566393.44
SME_0010,2024-12-01,655.0,7,11.333333333333334,-11.0,False,0.0,True,False,,17.0,Manufacturing,Unknown,Medium,9,566393.44
SME_0010,2025-01-01,639.0,19,12.0,-27.0,False,0.0,True,False,,18.0,Manufacturing,Unknown,Medium,9,566393.44
SME_0010,2025-02-01,644.0,8,12.333333333333334,-5.0,False,0.0,True,False,,19.0,Manufacturing,Unknown,Medium,9,566393.44
SME_0010,2025-03-01,649.0,10,11.333333333333334,-6.0,False,0.0,True,False,,20.0,Manufacturing,Unknown,Medium,9,566393.44
SME_0010,2025-04-01,642.0,14,12.333333333333334,3.0,False,0.0,True,False,,21.0,Manufacturing,Unknown,Medium,9,566393.44
SME_0010,2025-05-01,635.0,11,10.666666666666666,-9.0,True,15661.9,True,False,,22.0,Manufacturing,Unknown,Medium,9,566393.44
SME_0010,2025-06-01,640.0,14,11.666666666666666,-9.0,False,0.0,True,False,,23.0,Manufacturing,Unknown,Medium,9,566393.44
SME_0010,2025-07-01,636.0,10,13.0,-6.0,False,0.0,True,False,,24.0,Manufacturing,Unknown,Medium,9,566393.44
SME_0010,2025-08-01,645.0,10,11.666666666666666,10.0,False,0.0,True,False,,25.0,Manufacturing,Unknown,Medium,9,566393.44
SME_0010,2025-09-01,635.0,15,11.333333333333334,-5.0,False,0.0,True,False,,26.0,Manufacturing,Unknown,Medium,9,566393.44
SME_0010,2025-10-01,625.0,8,11.666666666666666,-11.0,False,0.0,True,False,,27.0,Manufacturing,Unknown,Medium,9,566393.44
SME_0010,2025-11-01,618.0,14,11.0,-27.0,False,0.0,True,False,,28.0,Manufacturing,Unknown,Medium,9,566393.44
SME_0010,2025-12-01,612.0,18,12.333333333333334,-23.0,False,0.0,True,False,,29.0,Manufacturing,Unknown,Medium,9,566393.44
SME_0010,2026-01-01,640.0,8,13.333333333333334,15.0,False,0.0,True,False,,30.0,Manufacturing,Unknown,Medium,9,566393.44
SME_0011,2024-08-01,635.0,10,,,False,0.0,True,False,,26.0,Manufacturing,Scotland,Medium,197,609112.2
SME_0011,2024-09-01,674.0,13,10.0,,True,20778.3,True,False,,27.0,Manufacturing,Scotland,Medium,197,609112.2
SME_0011,2024-10-01,665.0,16,11.5,,False,0.0,True,False,,28.0,Manufacturing,Scotland,Medium,197,609112.2
SME_0011,2024-11-01,649.0,16,13.0,14.0,False,0.0,True,False,,29.0,Manufacturing,Scotland,Medium,197,609112.2
SME_0011,2024-12-01,651.0,18,15.0,-23.0,False,0.0,True,False,,30.0,Manufacturing,Scotland,Medium,197,609112.2
SME_0011,2025-01-01,646.0,13,16.666666666666668,-19.0,False,0.0,True,False,,31.0,Manufacturing,Scotland,Medium,197,609112.2
SME_0011,2025-02-01,651.0,14,15.666666666666666,2.0,False,0.0,True,False,,32.0,Manufacturing,Scotland,Medium,197,609112.2
SME_0011,2025-03-01,634.0,12,15.0,-17.0,False,0.0,True,False,,33.0,Manufacturing,Scotland,Medium,197,609112.2
SME_0011,2025-04-01,641.0,8,13.0,-5.0,False,0.0,True,False,,34.0,Manufacturing,Scotland,Medium,197,609112.2
SME_0011,2025-05-01,654.0,18,11.333333333333334,3.0,False,0.0,True,False,,35.0,Manufacturing,Scotland,Medium,197,609112.2
SME_0011,2025-06-01,635.0,14,12.666666666666666,1.0,False,0.0,True,False,,36.0,Manufacturing,Scotland,Medium,197,609112.2
SME_0011,2025-07-01,611.0,12,13.333333333333334,-30.0,False,0.0,True,False,,37.0,Manufacturing,Scotland,Medium,197,609112.2
SME_0011,2025-08-01,640.0,10,14.666666666666666,-14.0,True,39590.77,True,False,,38.0,Manufacturing,Scotland,Medium,197,609112.2
SME_0011,2025-09-01,650.0,10,12.0,15.0,False,0.0,True,False,,39.0,Manufacturing,Scotland,Medium,197,609112.2
SME_0011,2025-10-01,636.0,15,10.666666666666666,25.0,False,0.0,True,False,,40.0,Manufacturing,Scotland,Medium,197,609112.2
SME_0011,2025-11-01,623.0,8,11.666666666666666,-17.0,False,0.0,True,False,,41.0,Manufacturing,Scotland,Medium,197,609112.2
SME_0011,2025-12-01,626.0,10,11.0,-24.0,False,0.0,True,False,,42.0,Manufacturing,Scotland,Medium,197,609112.2
SME_0011,2026-01-01,610.0,7,11.0,-26.0,False,0.0,True,False,,43.0,Manufacturing,Scotland,Medium,197,609112.2
SME_0012,2024-08-01,632.0,9,,,False,0.0,True,False,,26.0,Healthcare,London,Low,90,1249716.14
SME_0012,2024-09-01,637.0,12,9.0,,False,0.0,True,False,,27.0,Healthcare,London,Low,90,1249716.14
SME_0012,2024-10-01,625.0,12,10.5,,False,0.0,True,False,,28.0,Healthcare,London,Low,90,1249716.14
SME_0012,2024-11-01,625.0,12,11.0,-7.0,True,0.0,True,False,,29.0,Healthcare,London,Low,90,1249716.14
SME_0012,2024-12-01,629.0,10,12.0,-8.0,True,0.0,True,False,,30.0,Healthcare,London,Low,90,1249716.14
SME_0012,2025-01-01,618.0,9,11.333333333333334,-7.0,False,0.0,True,False,,31.0,Healthcare,London,Low,90,1249716.14
SME_0012,2025-02-01,626.0,9,10.333333333333334,1.0,False,0.0,True,False,,32.0,Healthcare,London,Low,90,1249716.14
SME_0012,2025-03-01,633.0,9,9.333333333333334,4.0,False,0.0,True,False,,33.0,Healthcare,London,Low,90,1249716.14
SME_0012,2025-04-01,638.0,15,9.0,20.0,False,0.0,True,False,,34.0,Healthcare,London,Low,90,1249716.14
SME_0012,2025-05-01,644.0,17,11.0,18.0,False,0.0,True,False,,35.0,Healthcare,London,Low,90,1249716.14
SME_0012,2025-06-01,647.0,16,13.666666666666666,14.0,False,0.0,True,False,,36.0,Healthcare,London,Low,90,1249716.14
SME_0012,2025-07-01,652.0,15,16.0,14.0,False,0.0,True,False,,37.0,Healthcare,London,Low,90,1249716.14
SME_0012,2025-08-01,650.0,9,16.0,6.0,False,0.0,True,False,,38.0,Healthcare,London,Low,90,1249716.14
SME_0012,2025-09-01,644.0,8,13.333333333333334,-3.0,False,0.0,True,False,,39.0,Healthcare,London,Low,90,1249716.14
SME_0012,2025-10-01,638.0,14,10.666666666666666,-14.0,False,0.0,True,False,,40.0,Healthcare,London,Low,90,1249716.14
SME_0012,2025-11-01,647.0,10,10.333333333333334,-3.0,False,0.0,True,False,,41.0,Healthcare,London,Low,90,1249716.14
SME_0012,2025-12-01,643.0,7,10.666666666666666,-1.0,False,0.0,True,False,,42.0,Healthcare,London,Low,90,1249716.14
SME_0012,2026-01-01,653.0,19,10.333333333333334,15.0,False,0.0,True,False,,43.0,Healthcare,London,Low,90,1249716.14
SME_0013,2024-08-01,660.0,8,,,False,0.0,True,False,,12.0,Services,London,Medium,58,996663.01
SME_0013,2024-09-01,669.0,10,8.0,,False,0.0,True,False,,13.0,Services,London,Medium,58,996663.01
SME_0013,2024-10-01,655.0,10,9.0,,False,0.0,True,False,,14.0,Services,London,Medium,58,996663.01
SME_0013,2024-11-01,674.0,8,9.333333333333334,14.0,False,0.0,True,False,,15.0,Services,London,Medium,58,996663.01
SME_0013,2024-12-01,671.0,8,9.333333333333334,2.0,False,0.0,True,False,,16.0,Services,London,Medium,58,996663.01
SME_0013,2025-01-01,673.0,7,8.666666666666666,18.0,False,0.0,True,False,,17.0,Services,London,Medium,58,996663.01
SME_0013,2025-02-01,668.0,7,7.666666666666667,-6.0,False,0.0,True,False,,18.0,Services,London,Medium,58,996663.01
SME_0013,2025-03-01,668.0,11,7.333333333333333,-3.0,False,0.0,True,False,,19.0,Services,London,Medium,58,996663.01
SME_0013,2025-04-01,672.0,10,8.333333333333334,-1.0,False,0.0,True,False,,20.0,Services,London,Medium,58,996663.01
SME_0013,2025-05-01,658.0,13,9.333333333333334,-10.0,True,10284.53,True,False,,21.0,Services,London,Medium,58,996663.01
SME_0013,2025-06-01,643.0,10,11.333333333333334,-25.0,False,0.0,True,False,,22.0,Services,London,Medium,58,996663.01
SME_0013,2025-07-01,646.0,11,11.0,-26.0,False,0.0,True,False,,23.0,Services,London,Medium,58,996663.01
SME_0013,2025-08-01,640.0,13,11.333333333333334,-18.0,False,0.0,True,False,,24.0,Services,London,Medium,58,996663.01
SME_0013,2025-09-01,645.0,10,11.333333333333334,2.0,True,10827.61,True,False,,25.0,Services,London,Medium,58,996663.01
SME_0013,2025-10-01,640.0,10,11.333333333333334,-6.0,False,0.0,True,False,,26.0,Services,London,Medium,58,996663.01
SME_0013,2025-11-01,635.0,12,11.0,-5.0,False,0.0,True,False,,27.0,Services,London,Medium,58,996663.01
SME_0013,2025-12-01,635.0,7,10.666666666666666,-10.0,False,0.0,True,False,,28.0,Services,London,Medium,58,996663.01
SME_0013,2026-01-01,622.0,5,9.666666666666666,-18.0,False,0.0,True,False,,29.0,Services,London,Medium,58,996663.01
SME_0014,2024-08-01,638.0,11,,,False,0.0,True,True,8.0,8.0,Technology,South East,Low,178,163310.35
SME_0014,2024-09-01,658.0,15,11.0,,True,45194.48,True,True,7.0,9.0,Technology,South East,Low,178,163310.35
SME_0014,2024-10-01,666.0,9,13.0,,False,0.0,True,True,6.0,10.0,Technology,South East,Low,178,163310.35
SME_0014,2024-11-01,671.0,13,11.666666666666666,33.0,True,38467.86,True,True,5.0,11.0,Technology,South East,Low,178,163310.35
SME_0014,2024-12-01,629.0,18,12.333333333333334,-29.0,False,0.0,True,True,4.0,12.0,Technology,South East,Low,178,163310.35
SME_0014,2025-01-01,624.0,18,13.333333333333334,-42.0,False,0.0,True,True,3.0,13.0,Technology,South East,Low,178,163310.35
SME_0014,2025-02-01,626.0,11,16.333333333333332,-45.0,False,0.0,True,True,2.0,14.0,Technology,South East,Low,178,163310.35
SME_0014,2025-03-01,640.0,14,15.666666666666666,11.0,False,0.0,True,True,1.0,15.0,Technology,South East,Low,178,163310.35
SME_0014,2025-04-01,640.0,0,14.333333333333334,16.0,False,0.0,False,True,0.0,16.0,Technology,South East,Low,178,163310.35
SME_0014,2025-05-01,640.0,0,8.333333333333334,14.0,False,0.0,False,True,-1.0,17.0,Technology,South East,Low,178,163310.35
SME_0014,2025-06-01,640.0,0,4.666666666666667,0.0,False,0.0,False,True,-2.0,18.0,Technology,South East,Low,178,163310.35
SME_0014,2025-07-01,640.0,0,0.0,0.0,False,0.0,False,True,-3.0,19.0,Technology,South East,Low,178,163310.35
SME_0014,2025-08-01,640.0,0,0.0,0.0,False,0.0,False,True,-4.0,20.0,Technology,South East,Low,178,163310.35
SME_0014,2025-09-01,640.0,0,0.0,0.0,False,0.0,False,True,-5.0,21.0,Technology,South East,Low,178,163310.35
SME_0014,2025-10-01,640.0,0,0.0,0.0,False,0.0,False,True,-6.0,22.0,Technology,South East,Low,178,163310.35
SME_0014,2025-11-01,640.0,0,0.0,0.0,False,0.0,False,True,-7.0,23.0,Technology,South East,Low,178,163310.35
SME_0014,2025-12-01,640.0,0,0.0,0.0,False,0.0,False,True,-8.0,24.0,Technology,South East,Low,178,163310.35
SME_0014,2026-01-01,640.0,0,0.0,0.0,False,0.0,False,True,-9.0,25.0,Technology,South East,Low,178,163310.35
SME_0015,2024-08-01,636.0,12,,,False,0.0,True,False,,25.0,Manufacturing,South East,Low,149,1481955.74
SME_0015,2024-09-01,648.0,19,12.0,,False,0.0,True,False,,26.0,Manufacturing,South East,Low,149,1481955.74
SME_0015,2024-10-01,674.0,11,15.5,,True,0.0,True,False,,27.0,Manufacturing,South East,Low,149,1481955.74
SME_0015,2024-11-01,680.0,22,14.0,44.0,True,37612.4,True,False,,28.0,Manufacturing,South East,Low,149,1481955.74
SME_0015,2024-12-01,680.0,12,17.333333333333332,32.0,True,59750.27,True,False,,29.0,Manufacturing,South East,Low,149,1481955.74
SME_0015,2025-01-01,676.0,14,15.0,2.0,False,0.0,True,False,,30.0,Manufacturing,South East,Low,149,1481955.74
SME_0015,2025-02-01,667.0,12,16.0,-13.0,False,0.0,True,False,,31.0,Manufacturing,South East,Low,149,1481955.74
SME_0015,2025-03-01,677.0,14,12.666666666666666,-3.0,False,0.0,True,False,,32.0,Manufacturing,South East,Low,149,1481955.74
SME_0015,2025-04-01,683.0,12,13.333333333333334,7.0,True,57905.74,True,False,,33.0,Manufacturing,South East,Low,149,1481955.74
SME_0015,2025-05-01,694.0,11,12.666666666666666,27.0,False,0.0,True,False,,34.0,Manufacturing,South East,Low,149,1481955.74
SME_0015,2025-06-01,687.0,7,12.333333333333334,10.0,True,63982.65,True,False,,35.0,Manufacturing,South East,Low,149,1481955.74
SME_0015,2025-07-01,687.0,12,10.0,4.0,False,0.0,True,False,,36.0,Manufacturing,South East,Low,149,1481955.74
SME_0015,2025-08-01,681.0,10,10.0,-13.0,False,0.0,True,False,,37.0,Manufacturing,South East,Low,149,1481955.74
SME_0015,2025-09-01,670.0,21,9.666666666666666,-17.0,False,0.0,True,False,,38.0,Manufacturing,South East,Low,149,1481955.74
SME_0015,2025-10-01,669.0,13,14.333333333333334,-18.0,False,0.0,True,False,,39.0,Manufacturing,South East,Low,149,1481955.74
SME_0015,2025-11-01,678.0,8,14.666666666666666,-3.0,False,0.0,True,False,,40.0,Manufacturing,South East,Low,149,1481955.74
SME_0015,2025-12-01,680.0,12,14.0,10.0,False,0.0,True,False,,41.0,Manufacturing,South East,Low,149,1481955.74
SME_0015,2026-01-01,681.0,14,11.0,12.0,False,0.0,True,False,,42.0,Manufacturing,South East,Low,149,1481955.74
SME_0016,2024-08-01,466.0,6,,,False,0.0,True,False,,4.0,Retail,Scotland,High,150,152612.92
SME_0016,2024-09-01,468.0,4,6.0,,False,0.0,True,False,,5.0,Retail,Scotland,High,150,152612.92
SME_0016,2024-10-01,456.0,6,5.0,,False,0.0,True,False,,6.0,Retail,Scotland,High,150,152612.92
SME_0016,2024-11-01,438.0,4,5.333333333333333,-28.0,False,0.0,True,False,,7.0,Retail,Scotland,High,150,152612.92
SME_0016,2024-12-01,440.0,8,4.666666666666667,-28.0,False,0.0,True,False,,8.0,Retail,Scotland,High,150,152612.92
SME_0016,2025-01-01,455.0,4,6.0,-1.0,False,0.0,True,False,,9.0,Retail,Scotland,High,150,152612.92
SME_0016,2025-02-01,451.0,3,5.333333333333333,13.0,False,0.0,True,False,,10.0,Retail,Scotland,High,150,152612.92
SME_0016,2025-03-01,459.0,5,5.0,19.0,False,0.0,True,False,,11.0,Retail,Scotland,High,150,152612.92
SME_0016,2025-04-01,456.0,5,4.0,1.0,False,0.0,True,False,,12.0,Retail,Scotland,High,150,152612.92
SME_0016,2025-05-01,433.0,3,4.333333333333333,-18.0,False,0.0,True,False,,13.0,Retail,Scotland,High,150,152612.92
SME_0016,2025-06-01,423.0,0,4.333333333333333,-36.0,False,0.0,True,False,,14.0,Retail,Scotland,High,150,152612.92
SME_0016,2025-07-01,439.0,1,2.6666666666666665,-17.0,False,0.0,True,False,,15.0,Retail,Scotland,High,150,152612.92
SME_0016,2025-08-01,440.0,4,1.3333333333333333,7.0,False,0.0,True,False,,16.0,Retail,Scotland,High,150,152612.92
SME_0016,2025-09-01,440.0,2,1.6666666666666667,17.0,False,0.0,True,False,,17.0,Retail,Scotland,High,150,152612.92
SME_0016,2025-10-01,444.0,2,2.3333333333333335,5.0,True,0.0,True,False,,18.0,Retail,Scotland,High,150,152612.92
SME_0016,2025-11-01,430.0,2,2.6666666666666665,-10.0,False,0.0,True,False,,19.0,Retail,Scotland,High,150,152612.92
SME_0016,2025-12-01,441.0,3,2.0,1.0,True,0.0,True,False,,20.0,Retail,Scotland,High,150,152612.92
SME_0016,2026-01-01,446.0,3,2.3333333333333335,2.0,False,0.0,True,False,,21.0,Retail,Scotland,High,150,152612.92
SME_0017,2024-08-01,615.0,14,,,True,0.0,True,True,12.0,18.0,Services,London,Medium,56,751044.41
SME_0017,2024-09-01,617.0,10,14.0,,False,0.0,True,True,11.0,19.0,Services,London,Medium,56,751044.41
SME_0017,2024-10-01,595.0,9,12.0,,False,0.0,True,True,10.0,20.0,Services,London,Medium,56,751044.41
SME_0017,2024-11-01,597.0,5,11.0,-18.0,False,0.0,True,True,9.0,21.0,Services,London,Medium,56,751044.41
SME_0017,2024-12-01,618.0,10,8.0,1.0,False,0.0,True,True,8.0,22.0,Services,London,Medium,56,751044.41
SME_0017,2025-01-01,603.0,11,8.0,8.0,False,0.0,True,True,7.0,23.0,Services,London,Medium,56,751044.41
SME_0017,2025-02-01,595.0,10,8.666666666666666,-2.0,False,0.0,True,True,6.0,24.0,Services,London,Medium,56,751044.41
SME_0017,2025-03-01,588.0,11,10.333333333333334,-30.0,False,0.0,True,True,5.0,25.0,Services,London,Medium,56,751044.41
SME_0017,2025-04-01,593.0,7,10.666666666666666,-10.0,False,0.0,True,True,4.0,26.0,Services,London,Medium,56,751044.41
SME_0017,2025-05-01,593.0,7,9.333333333333334,-2.0,False,0.0,True,True,3.0,27.0,Services,London,Medium,56,751044.41
SME_0017,2025-06-01,587.0,7,8.333333333333334,-1.0,True,37341.85,True,True,2.0,28.0,Services,London,Medium,56,751044.41
SME_0017,2025-07-01,578.0,13,7.0,-15.0,True,15532.04,True,True,1.0,29.0,Services,London,Medium,56,751044.41
SME_0017,2025-08-01,578.0,0,9.0,-15.0,False,0.0,False,True,0.0,30.0,Services,London,Medium,56,751044.41
SME_0017,2025-09-01,578.0,0,6.666666666666667,-9.0,False,0.0,False,True,-1.0,31.0,Services,London,Medium,56,751044.41
SME_0017,2025-10-01,578.0,0,4.333333333333333,0.0,False,0.0,False,True,-2.0,32.0,Services,London,Medium,56,751044.41
SME_0017,2025-11-01,578.0,0,0.0,0.0,False,0.0,False,True,-3.0,33.0,Services,London,Medium,56,751044.41
SME_0017,2025-12-01,578.0,0,0.0,0.0,False,0.0,False,True,-4.0,34.0,Services,London,Medium,56,751044.41
SME_0017,2026-01-01,578.0,0,0.0,0.0,False,0.0,False,True,-5.0,35.0,Services,London,Medium,56,751044.41
SME_0018,2024-08-01,455.0,3,,,False,0.0,True,False,,32.0,Retail,North West,High,198,250467.22
SME_0018,2024-09-01,466.0,4,3.0,,False,0.0,True,False,,33.0,Retail,North West,High,198,250467.22
SME_0018,2024-10-01,458.0,7,3.5,,False,0.0,True,False,,34.0,Retail,North West,High,198,250467.22
SME_0018,2024-11-01,469.0,3,4.666666666666667,14.0,True,0.0,True,False,,35.0,Retail,North West,High,198,250467.22
SME_0018,2024-12-01,457.0,6,4.666666666666667,-9.0,True,0.0,True,False,,36.0,Retail,North West,High,198,250467.22
SME_0018,2025-01-01,486.0,2,5.333333333333333,28.0,False,0.0,True,False,,37.0,Retail,North West,High,198,250467.22
SME_0018,2025-02-01,481.0,0,3.6666666666666665,12.0,False,0.0,True,False,,38.0,Retail,North West,High,198,250467.22
SME_0018,2025-03-01,489.0,6,2.6666666666666665,32.0,True,0.0,True,False,,39.0,Retail,North West,High,198,250467.22
SME_0018,2025-04-01,483.0,3,2.6666666666666665,-3.0,False,0.0,True,False,,40.0,Retail,North West,High,198,250467.22
SME_0018,2025-05-01,474.0,3,3.0,-7.0,False,0.0,True,False,,41.0,Retail,North West,High,198,250467.22
SME_0018,2025-06-01,473.0,5,4.0,-16.0,False,0.0,True,False,,42.0,Retail,North West,High,198,250467.22
SME_0018,2025-07-01,470.0,2,3.6666666666666665,-13.0,False,0.0,True,False,,43.0,Retail,North West,High,198,250467.22
SME_0018,2025-08-01,488.0,8,3.3333333333333335,14.0,False,0.0,True,False,,44.0,Retail,North West,High,198,250467.22
SME_0018,2025-09-01,477.0,3,5.0,4.0,False,0.0,True,False,,45.0,Retail,North West,High,198,250467.22
SME_0018,2025-10-01,467.0,6,4.333333333333333,-3.0,False,0.0,True,False,,46.0,Retail,North West,High,198,250467.22
SME_0018,2025-11-01,464.0,3,5.666666666666667,-24.0,False,0.0,True,False,,47.0,Retail,North West,High,198,250467.22
SME_0018,2025-12-01,464.0,3,4.0,-13.0,False,0.0,True,False,,48.0,Retail,North West,High,198,250467.22
SME_0018,2026-01-01,473.0,3,4.0,6.0,False,0.0,True,False,,49.0,Retail,North West,High,198,250467.22
SME_0019,2024-08-01,541.0,4,,,False,0.0,True,False,,26.0,Technology,London,High,91,201253.77
SME_0019,2024-09-01,533.0,9,4.0,,False,0.0,True,False,,27.0,Technology,London,High,91,201253.77
SME_0019,2024-10-01,526.0,5,6.5,,True,0.0,True,False,,28.0,Technology,London,High,91,201253.77
SME_0019,2024-11-01,542.0,13,6.0,1.0,True,0.0,True,False,,29.0,Technology,London,High,91,201253.77
SME_0019,2024-12-01,550.0,6,9.0,17.0,False,0.0,True,False,,30.0,Technology,London,High,91,201253.77
SME_0019,2025-01-01,535.0,7,8.0,9.0,False,0.0,True,False,,31.0,Technology,London,High,91,201253.77
SME_0019,2025-02-01,540.0,9,8.666666666666666,-2.0,False,0.0,True,False,,32.0,Technology,London,High,91,201253.77
SME_0019,2025-03-01,545.0,6,7.333333333333333,-5.0,False,0.0,True,False,,33.0,Technology,London,High,91,201253.77
SME_0019,2025-04-01,553.0,6,7.333333333333333,18.0,False,0.0,True,False,,34.0,Technology,London,High,91,201253.77
SME_0019,2025-05-01,577.0,3,7.0,37.0,False,0.0,True,False,,35.0,Technology,London,High,91,201253.77
SME_0019,2025-06-01,560.0,8,5.0,15.0,False,0.0,True,False,,36.0,Technology,London,High,91,201253.77
SME_0019,2025-07-01,561.0,6,5.666666666666667,8.0,False,0.0,True,False,,37.0,Technology,London,High,91,201253.77
SME_0019,2025-08-01,547.0,1,5.666666666666667,-30.0,False,0.0,True,False,,38.0,Technology,London,High,91,201253.77
SME_0019,2025-09-01,534.0,5,5.0,-26.0,False,0.0,True,False,,39.0,Technology,London,High,91,201253.77
SME_0019,2025-10-01,542.0,4,4.0,-19.0,False,0.0,True,False,,40.0,Technology,London,High,91,201253.77
SME_0019,2025-11-01,539.0,4,3.3333333333333335,-8.0,False,0.0,True,False,,41.0,Technology,London,High,91,201253.77
SME_0019,2025-12-01,548.0,2,4.333333333333333,14.0,False,0.0,True,False,,42.0,Technology,London,High,91,201253.77
SME_0019,2026-01-01,544.0,7,3.3333333333333335,2.0,False,0.0,True,False,,43.0,Technology,London,High,91,201253.77
SME_0020,2024-08-01,694.0,25,,,True,18390.84,True,False,,28.0,Services,Midlands,Low,106,96070.23
SME_0020,2024-09-01,696.0,9,25.0,,False,0.0,True,False,,29.0,Services,Midlands,Low,106,96070.23
SME_0020,2024-10-01,714.0,10,17.0,,False,0.0,True,False,,30.0,Services,Midlands,Low,106,96070.23
SME_0020,2024-11-01,727.0,9,14.666666666666666,33.0,False,0.0,True,False,,31.0,Services,Midlands,Low,106,96070.23
SME_0020,2024-12-01,737.0,10,9.333333333333334,41.0,False,0.0,True,False,,32.0,Services,Midlands,Low,106,96070.23
SME_0020,2025-01-01,712.0,16,9.666666666666666,-2.0,False,0.0,True,False,,33.0,Services,Midlands,Low,106,96070.23
SME_0020,2025-02-01,725.0,13,11.666666666666666,-2.0,False,0.0,True,False,,34.0,Services,Midlands,Low,106,96070.23
SME_0020,2025-03-01,706.0,17,13.0,-31.0,False,0.0,True,False,,35.0,Services,Midlands,Low,106,96070.23
SME_0020,2025-04-01,705.0,24,15.333333333333334,-7.0,False,0.0,True,False,,36.0,Services,Midlands,Low,106,96070.23
SME_0020,2025-05-01,699.0,16,18.0,-26.0,False,0.0,True,False,,37.0,Services,Midlands,Low,106,96070.23
SME_0020,2025-06-01,685.0,13,19.0,-21.0,False,0.0,True,False,,38.0,Services,Midlands,Low,106,96070.23
SME_0020,2025-07-01,696.0,12,17.666666666666668,-9.0,True,0.0,True,False,,39.0,Services,Midlands,Low,106,96070.23
SME_0020,2025-08-01,679.0,11,13.666666666666666,-20.0,True,68068.93,True,False,,40.0,Services,Midlands,Low,106,96070.23
SME_0020,2025-09-01,688.0,14,12.0,3.0,False,0.0,True,False,,41.0,Services,Midlands,Low,106,96070.23
SME_0020,2025-10-01,704.0,16,12.333333333333334,8.0,False,0.0,True,False,,42.0,Services,Midlands,Low,106,96070.23
SME_0020,2025-11-01,706.0,12,13.666666666666666,27.0,False,0.0,True,False,,43.0,Services,Midlands,Low,106,96070.23
SME_0020,2025-12-01,697.0,12,14.0,9.0,False,0.0,True,False,,44.0,Services,Midlands,Low,106,96070.23
SME_0020,2026-01-01,708.0,15,13.333333333333334,4.0,False,0.0,True,False,,45.0,Services,Midlands,Low,106,96070.23
SME_0021,2024-08-01,690.0,14,,,False,0.0,True,False,,4.0,Technology,Midlands,Low,150,367398.75
SME_0021,2024-09-01,699.0,21,14.0,,False,0.0,True,False,,5.0,Technology,Midlands,Low,150,367398.75
SME_0021,2024-10-01,706.0,16,17.5,,False,0.0,True,False,,6.0,Technology,Midlands,Low,150,367398.75
SME_0021,2024-11-01,719.0,18,17.0,29.0,False,0.0,True,False,,7.0,Technology,Midlands,Low,150,367398.75
SME_0021,2024-12-01,736.0,14,18.333333333333332,37.0,False,0.0,True,False,,8.0,Technology,Midlands,Low,150,367398.75
SME_0021,2025-01-01,722.0,13,16.0,16.0,False,0.0,True,False,,9.0,Technology,Midlands,Low,150,367398.75
SME_0021,2025-02-01,715.0,18,15.0,-4.0,True,37215.45,True,False,,10.0,Technology,Midlands,Low,150,367398.75
SME_0021,2025-03-01,710.0,8,15.0,-26.0,False,0.0,True,False,,11.0,Technology,Midlands,Low,150,367398.75
SME_0021,2025-04-01,701.0,14,13.0,-21.0,False,0.0,True,False,,12.0,Technology,Midlands,Low,150,367398.75
SME_0021,2025-05-01,685.0,8,13.333333333333334,-30.0,False,0.0,True,False,,13.0,Technology,Midlands,Low,150,367398.75
SME_0021,2025-06-01,708.0,16,10.0,-2.0,False,0.0,True,False,,14.0,Technology,Midlands,Low,150,367398.75
SME_0021,2025-07-01,700.0,19,12.666666666666666,-1.0,False,0.0,True,False,,15.0,Technology,Midlands,Low,150,367398.75
SME_0021,2025-08-01,706.0,15,14.333333333333334,21.0,True,25289.57,True,False,,16.0,Technology,Midlands,Low,150,367398.75
SME_0021,2025-09-01,712.0,19,16.666666666666668,4.0,False,0.0,True,False,,17.0,Technology,Midlands,Low,150,367398.75
SME_0021,2025-10-01,699.0,15,17.666666666666668,-1.0,True,61422.85,True,False,,18.0,Technology,Midlands,Low,150,367398.75
SME_0021,2025-11-01,723.0,14,16.333333333333332,17.0,False,0.0,True,False,,19.0,Technology,Midlands,Low,150,367398.75
SME_0021,2025-12-01,721.0,8,16.0,9.0,False,0.0,True,False,,20.0,Technology,Midlands,Low,150,367398.75
SME_0021,2026-01-01,724.0,9,12.333333333333334,25.0,False,0.0,True,False,,21.0,Technology,Midlands,Low,150,367398.75
SME_0022,2024-08-01,563.0,6,,,False,0.0,True,False,,8.0,Manufacturing,London,Medium,132,88386.89
SME_0022,2024-09-01,565.0,10,6.0,,False,0.0,True,False,,9.0,Manufacturing,London,Medium,132,88386.89
SME_0022,2024-10-01,583.0,4,8.0,,False,0.0,True,False,,10.0,Manufacturing,London,Medium,132,88386.89
SME_0022,2024-11-01,568.0,14,6.666666666666667,5.0,False,0.0,True,False,,11.0,Manufacturing,London,Medium,132,88386.89
SME_0022,2024-12-01,569.0,7,9.333333333333334,4.0,False,0.0,True,False,,12.0,Manufacturing,London,Medium,132,88386.89
SME_0022,2025-01-01,568.0,5,8.333333333333334,-15.0,True,0.0,True,False,,13.0,Manufacturing,London,Medium,132,88386.89
SME_0022,2025-02-01,579.0,10,8.666666666666666,11.0,True,0.0,True,False,,14.0,Manufacturing,London,Medium,132,88386.89
SME_0022,2025-03-01,554.0,13,7.333333333333333,-15.0,True,0.0,True,False,,15.0,Manufacturing,London,Medium,132,88386.89
SME_0022,2025-04-01,558.0,11,9.333333333333334,-10.0,False,0.0,True,False,,16.0,Manufacturing,London,Medium,132,88386.89
SME_0022,2025-05-01,555.0,11,11.333333333333334,-24.0,False,0.0,True,False,,17.0,Manufacturing,London,Medium,132,88386.89
SME_0022,2025-06-01,545.0,8,11.666666666666666,-9.0,False,0.0,True,False,,18.0,Manufacturing,London,Medium,132,88386.89
SME_0022,2025-07-01,561.0,8,10.0,3.0,True,0.0,True,False,,19.0,Manufacturing,London,Medium,132,88386.89
SME_0022,2025-08-01,544.0,2,9.0,-11.0,False,0.0,True,False,,20.0,Manufacturing,London,Medium,132,88386.89
SME_0022,2025-09-01,548.0,5,6.0,3.0,False,0.0,True,False,,21.0,Manufacturing,London,Medium,132,88386.89
SME_0022,2025-10-01,535.0,5,5.0,-26.0,False,0.0,True,False,,22.0,Manufacturing,London,Medium,132,88386.89
SME_0022,2025-11-01,517.0,5,4.0,-27.0,False,0.0,True,False,,23.0,Manufacturing,London,Medium,132,88386.89
SME_0022,2025-12-01,506.0,2,5.0,-42.0,False,0.0,True,False,,24.0,Manufacturing,London,Medium,132,88386.89
SME_0022,2026-01-01,529.0,5,4.0,-6.0,False,0.0,True,False,,25.0,Manufacturing,London,Medium,132,88386.89
SME_0023,2024-08-01,604.0,8,,,True,0.0,True,False,,11.0,Healthcare,South East,Medium,35,660770.78
SME_0023,2024-09-01,627.0,9,8.0,,False,0.0,True,False,,12.0,Healthcare,South East,Medium,35,660770.78
SME_0023,2024-10-01,624.0,8,8.5,,False,0.0,True,False,,13.0,Healthcare,South East,Medium,35,660770.78
SME_0023,2024-11-01,611.0,9,8.333333333333334,7.0,False,0.0,True,False,,14.0,Healthcare,South East,Medium,35,660770.78
SME_0023,2024-12-01,591.0,7,8.666666666666666,-36.0,False,0.0,True,False,,15.0,Healthcare,South East,Medium,35,660770.78
SME_0023,2025-01-01,582.0,3,8.0,-42.0,False,0.0,True,False,,16.0,Healthcare,South East,Medium,35,660770.78
SME_0023,2025-02-01,609.0,9,6.333333333333333,-2.0,False,0.0,True,False,,17.0,Healthcare,South East,Medium,35,660770.78
SME_0023,2025-03-01,594.0,8,6.333333333333333,3.0,False,0.0,True,False,,18.0,Healthcare,South East,Medium,35,660770.78
SME_0023,2025-04-01,597.0,12,6.666666666666667,15.0,True,0.0,True,False,,19.0,Healthcare,South East,Medium,35,660770.78
SME_0023,2025-05-01,607.0,6,9.666666666666666,-2.0,True,46645.75,True,False,,20.0,Healthcare,South East,Medium,35,660770.78
SME_0023,2025-06-01,614.0,9,8.666666666666666,20.0,False,0.0,True,False,,21.0,Healthcare,South East,Medium,35,660770.78
SME_0023,2025-07-01,629.0,7,9.0,32.0,False,0.0,True,False,,22.0,Healthcare,South East,Medium,35,660770.78
SME_0023,2025-08-01,612.0,5,7.333333333333333,5.0,False,0.0,True,False,,23.0,Healthcare,South East,Medium,35,660770.78
SME_0023,2025-09-01,624.0,1,7.0,10.0,False,0.0,True,False,,24.0,Healthcare,South East,Medium,35,660770.78
SME_0023,2025-10-01,618.0,8,4.333333333333333,-11.0,False,0.0,True,False,,25.0,Healthcare,South East,Medium,35,660770.78
SME_0023,2025-11-01,620.0,1,4.666666666666667,8.0,False,0.0,True,False,,26.0,Healthcare,South East,Medium,35,660770.78
SME_0023,2025-12-01,608.0,5,3.3333333333333335,-16.0,False,0.0,True,False,,27.0,Healthcare,South East,Medium,35,660770.78
SME_0023,2026-01-01,582.0,5,4.666666666666667,-36.0,False,0.0,True,False,,28.0,Healthcare,South East,Medium,35,660770.78
SME_0024,2024-08-01,497.0,5,,,False,0.0,True,False,,11.0,Healthcare,Scotland,High,61,871245.58
SME_0024,2024-09-01,507.0,8,5.0,,False,0.0,True,False,,12.0,Healthcare,Scotland,High,61,871245.58
SME_0024,2024-10-01,506.0,6,6.5,,True,0.0,True,False,,13.0,Healthcare,Scotland,High,61,871245.58
SME_0024,2024-11-01,498.0,3,6.333333333333333,1.0,True,0.0,True,False,,14.0,Healthcare,Scotland,High,61,871245.58
SME_0024,2024-12-01,504.0,6,5.666666666666667,-3.0,False,0.0,True,False,,15.0,Healthcare,Scotland,High,61,871245.58
SME_0024,2025-01-01,485.0,5,5.0,-21.0,False,0.0,True,False,,16.0,Healthcare,Scotland,High,61,871245.58
SME_0024,2025-02-01,451.0,5,4.666666666666667,-47.0,False,0.0,True,False,,17.0,Healthcare,Scotland,High,61,871245.58
SME_0024,2025-03-01,458.0,9,5.333333333333333,-46.0,False,0.0,True,False,,18.0,Healthcare,Scotland,High,61,871245.58
SME_0024,2025-04-01,470.0,7,6.333333333333333,-15.0,True,0.0,True,False,,19.0,Healthcare,Scotland,High,61,871245.58
SME_0024,2025-05-01,480.0,7,7.0,29.0,False,0.0,True,False,,20.0,Healthcare,Scotland,High,61,871245.58
SME_0024,2025-06-01,492.0,6,7.666666666666667,34.0,False,0.0,True,False,,21.0,Healthcare,Scotland,High,61,871245.58
SME_0024,2025-07-01,486.0,3,6.666666666666667,16.0,False,0.0,True,False,,22.0,Healthcare,Scotland,High,61,871245.58
SME_0024,2025-08-01,494.0,4,5.333333333333333,14.0,False,0.0,True,False,,23.0,Healthcare,Scotland,High,61,871245.58
SME_0024,2025-09-01,478.0,3,4.333333333333333,-14.0,False,0.0,True,False,,24.0,Healthcare,Scotland,High,61,871245.58
SME_0024,2025-10-01,505.0,6,3.3333333333333335,19.0,False,0.0,True,False,,25.0,Healthcare,Scotland,High,61,871245.58
SME_0024,2025-11-01,525.0,3,4.333333333333333,31.0,False,0.0,True,False,,26.0,Healthcare,Scotland,High,61,871245.58
SME_0024,2025-12-01,533.0,7,4.0,55.0,False,0.0,True,False,,27.0,Healthcare,Scotland,High,61,871245.58
SME_0024,2026-01-01,524.0,2,5.333333333333333,19.0,False,0.0,True,False,,28.0,Healthcare,Scotland,High,61,871245.58
SME_0025,2024-08-01,572.0,6,,,False,0.0,True,False,,8.0,Technology,Midlands,Medium,72,172400.06
SME_0025,2024-09-01,587.0,6,6.0,,True,0.0,True,False,,9.0,Technology,Midlands,Medium,72,172400.06
SME_0025,2024-10-01,585.0,16,6.0,,False,0.0,True,False,,10.0,Technology,Midlands,Medium,72,172400.06
SME_0025,2024-11-01,601.0,12,9.333333333333334,29.0,False,0.0,True,False,,11.0,Technology,Midlands,Medium,72,172400.06
SME_0025,2024-12-01,594.0,11,11.333333333333334,7.0,False,0.0,True,False,,12.0,Technology,Midlands,Medium,72,172400.06
SME_0025,2025-01-01,584.0,15,13.0,-1.0,False,0.0,True,False,,13.0,Technology,Midlands,Medium,72,172400.06
SME_0025,2025-02-01,582.0,13,12.666666666666666,-19.0,False,0.0,True,False,,14.0,Technology,Midlands,Medium,72,172400.06
SME_0025,2025-03-01,595.0,11,13.0,1.0,False,0.0,True,False,,15.0,Technology,Midlands,Medium,72,172400.06
SME_0025,2025-04-01,590.0,9,13.0,6.0,True,0.0,True,False,,16.0,Technology,Midlands,Medium,72,172400.06
SME_0025,2025-05-01,587.0,5,11.0,5.0,False,0.0,True,False,,17.0,Technology,Midlands,Medium,72,172400.06
SME_0025,2025-06-01,606.0,9,8.333333333333334,11.0,False,0.0,True,False,,18.0,Technology,Midlands,Medium,72,172400.06
SME_0025,2025-07-01,604.0,7,7.666666666666667,14.0,False,0.0,True,False,,19.0,Technology,Midlands,Medium,72,172400.06
SME_0025,2025-08-01,600.0,14,7.0,13.0,True,0.0,True,False,,20.0,Technology,Midlands,Medium,72,172400.06
SME_0025,2025-09-01,587.0,14,10.0,-19.0,False,0.0,True,False,,21.0,Technology,Midlands,Medium,72,172400.06
SME_0025,2025-10-01,613.0,10,11.666666666666666,9.0,False,0.0,True,False,,22.0,Technology,Midlands,Medium,72,172400.06
SME_0025,2025-11-01,598.0,11,12.666666666666666,-2.0,True,0.0,True,False,,23.0,Technology,Midlands,Medium,72,172400.06
SME_0025,2025-12-01,577.0,10,11.666666666666666,-10.0,False,0.0,True,False,,24.0,Technology,Midlands,Medium,72,172400.06
SME_0025,2026-01-01,587.0,9,10.333333333333334,-26.0,False,0.0,True,False,,25.0,Technology,Midlands,Medium,72,172400.06
SME_0026,2024-08-01,789.0,9,,,False,0.0,True,False,,35.0,Retail,Scotland,Low,189,565812.92
SME_0026,2024-09-01,771.0,12,9.0,,False,0.0,True,False,,36.0,Retail,Scotland,Low,189,565812.92
SME_0026,2024-10-01,770.0,17,10.5,,False,0.0,True,False,,37.0,Retail,Scotland,Low,189,565812.92
SME_0026,2024-11-01,757.0,17,12.666666666666666,-32.0,False,0.0,True,False,,38.0,Retail,Scotland,Low,189,565812.92
SME_0026,2024-12-01,774.0,21,15.333333333333334,3.0,True,72684.31,True,False,,39.0,Retail,Scotland,Low,189,565812.92
SME_0026,2025-01-01,771.0,13,18.333333333333332,1.0,False,0.0,True,False,,40.0,Retail,Scotland,Low,189,565812.92
SME_0026,2025-02-01,756.0,16,17.0,-1.0,False,0.0,True,False,,41.0,Retail,Scotland,Low,189,565812.92
SME_0026,2025-03-01,739.0,22,16.666666666666668,-35.0,False,0.0,True,False,,42.0,Retail,Scotland,Low,189,565812.92
SME_0026,2025-04-01,727.0,15,17.0,-44.0,False,0.0,True,False,,43.0,Retail,Scotland,Low,189,565812.92
SME_0026,2025-05-01,719.0,26,17.666666666666668,-37.0,False,0.0,True,False,,44.0,Retail,Scotland,Low,189,565812.92
SME_0026,2025-06-01,723.0,16,21.0,-16.0,True,0.0,True,False,,45.0,Retail,Scotland,Low,189,565812.92
SME_0026,2025-07-01,730.0,13,19.0,3.0,False,0.0,True,False,,46.0,Retail,Scotland,Low,189,565812.92
SME_0026,2025-08-01,748.0,13,18.333333333333332,29.0,False,0.0,True,False,,47.0,Retail,Scotland,Low,189,565812.92
SME_0026,2025-09-01,767.0,13,14.0,44.0,False,0.0,True,False,,48.0,Retail,Scotland,Low,189,565812.92
SME_0026,2025-10-01,775.0,13,13.0,45.0,True,26730.82,True,False,,49.0,Retail,Scotland,Low,189,565812.92
SME_0026,2025-11-01,792.0,15,13.0,44.0,False,0.0,True,False,,50.0,Retail,Scotland,Low,189,565812.92
SME_0026,2025-12-01,782.0,13,13.666666666666666,15.0,False,0.0,True,False,,51.0,Retail,Scotland,Low,189,565812.92
SME_0026,2026-01-01,781.0,18,13.666666666666666,6.0,True,59085.23,True,False,,52.0,Retail,Scotland,Low,189,565812.92
SME_0027,2024-08-01,644.0,14,,,False,0.0,True,False,,7.0,Services,London,Low,143,211685.2
SME_0027,2024-09-01,678.0,15,14.0,,False,0.0,True,False,,8.0,Services,London,Low,143,211685.2
SME_0027,2024-10-01,677.0,17,14.5,,False,0.0,True,False,,9.0,Services,London,Low,143,211685.2
SME_0027,2024-11-01,674.0,7,15.333333333333334,30.0,True,0.0,True,False,,10.0,Services,London,Low,143,211685.2
SME_0027,2024-12-01,668.0,13,13.0,-10.0,False,0.0,True,False,,11.0,Services,London,Low,143,211685.2
SME_0027,2025-01-01,658.0,16,12.333333333333334,-19.0,False,0.0,True,False,,12.0,Services,London,Low,143,211685.2
SME_0027,2025-02-01,660.0,17,12.0,-14.0,False,0.0,True,False,,13.0,Services,London,Low,143,211685.2
SME_0027,2025-03-01,687.0,11,15.333333333333334,19.0,False,0.0,True,False,,14.0,Services,London,Low,143,211685.2
SME_0027,2025-04-01,676.0,8,14.666666666666666,18.0,False,0.0,True,False,,15.0,Services,London,Low,143,211685.2
SME_0027,2025-05-01,666.0,14,12.0,6.0,False,0.0,True,False,,16.0,Services,London,Low,143,211685.2
SME_0027,2025-06-01,670.0,18,11.0,-17.0,False,0.0,True,False,,17.0,Services,London,Low,143,211685.2
SME_0027,2025-07-01,676.0,12,13.333333333333334,0.0,False,0.0,True,False,,18.0,Services,London,Low,143,211685.2
SME_0027,2025-08-01,670.0,13,14.666666666666666,4.0,False,0.0,True,False,,19.0,Services,London,Low,143,211685.2
SME_0027,2025-09-01,686.0,12,14.333333333333334,16.0,True,45047.78,True,False,,20.0,Services,London,Low,143,211685.2
SME_0027,2025-10-01,690.0,17,12.333333333333334,14.0,False,0.0,True,False,,21.0,Services,London,Low,143,211685.2
SME_0027,2025-11-01,706.0,15,14.0,36.0,False,0.0,True,False,,22.0,Services,London,Low,143,211685.2
SME_0027,2025-12-01,696.0,11,14.666666666666666,10.0,True,31050.8,True,False,,23.0,Services,London,Low,143,211685.2
SME_0027,2026-01-01,689.0,16,14.333333333333334,-1.0,False,0.0,True,False,,24.0,Services,London,Low,143,211685.2
SME_0028,2024-08-01,496.0,4,,,False,0.0,True,False,,26.0,Retail,Scotland,Medium,73,166612.17
SME_0028,2024-09-01,514.0,3,4.0,,False,0.0,True,False,,27.0,Retail,Scotland,Medium,73,166612.17
SME_0028,2024-10-01,494.0,5,3.5,,False,0.0,True,False,,28.0,Retail,Scotland,Medium,73,166612.17
SME_0028,2024-11-01,493.0,6,4.0,-3.0,False,0.0,True,False,,29.0,Retail,Scotland,Medium,73,166612.17
SME_0028,2024-12-01,490.0,10,4.666666666666667,-24.0,False,0.0,True,False,,30.0,Retail,Scotland,Medium,73,166612.17
SME_0028,2025-01-01,487.0,5,7.0,-7.0,False,0.0,True,False,,31.0,Retail,Scotland,Medium,73,166612.17
SME_0028,2025-02-01,505.0,10,7.0,12.0,False,0.0,True,False,,32.0,Retail,Scotland,Medium,73,166612.17
SME_0028,2025-03-01,503.0,10,8.333333333333334,13.0,False,0.0,True,False,,33.0,Retail,Scotland,Medium,73,166612.17
SME_0028,2025-04-01,505.0,5,8.333333333333334,18.0,False,0.0,True,False,,34.0,Retail,Scotland,Medium,73,166612.17
SME_0028,2025-05-01,512.0,4,8.333333333333334,7.0,False,0.0,True,False,,35.0,Retail,Scotland,Medium,73,166612.17
SME_0028,2025-06-01,481.0,4,6.333333333333333,-22.0,False,0.0,True,False,,36.0,Retail,Scotland,Medium,73,166612.17
SME_0028,2025-07-01,484.0,6,4.333333333333333,-21.0,False,0.0,True,False,,37.0,Retail,Scotland,Medium,73,166612.17
SME_0028,2025-08-01,511.0,6,4.666666666666667,-1.0,False,0.0,True,False,,38.0,Retail,Scotland,Medium,73,166612.17
SME_0028,2025-09-01,534.0,4,5.333333333333333,53.0,False,0.0,True,False,,39.0,Retail,Scotland,Medium,73,166612.17
SME_0028,2025-10-01,526.0,6,5.333333333333333,42.0,False,0.0,True,False,,40.0,Retail,Scotland,Medium,73,166612.17
SME_0028,2025-11-01,520.0,2,5.333333333333333,9.0,False,0.0,True,False,,41.0,Retail,Scotland,Medium,73,166612.17
SME_0028,2025-12-01,511.0,8,4.0,-23.0,False,0.0,True,False,,42.0,Retail,Scotland,Medium,73,166612.17
SME_0028,2026-01-01,484.0,2,5.333333333333333,-42.0,False,0.0,True,False,,43.0,Retail,Scotland,Medium,73,166612.17
SME_0029,2024-08-01,631.0,13,,,False,0.0,True,False,,22.0,Retail,Scotland,Low,147,634826.15
SME_0029,2024-09-01,636.0,13,13.0,,False,0.0,True,False,,23.0,Retail,Scotland,Low,147,634826.15
SME_0029,2024-10-01,620.0,13,13.0,,False,0.0,True,False,,24.0,Retail,Scotland,Low,147,634826.15
SME_0029,2024-11-01,636.0,9,13.0,5.0,False,0.0,True,False,,25.0,Retail,Scotland,Low,147,634826.15
SME_0029,2024-12-01,632.0,14,11.666666666666666,-4.0,False,0.0,True,False,,26.0,Retail,Scotland,Low,147,634826.15
SME_0029,2025-01-01,636.0,8,12.0,16.0,False,0.0,True,False,,27.0,Retail,Scotland,Low,147,634826.15
SME_0029,2025-02-01,629.0,11,10.333333333333334,-7.0,False,0.0,True,False,,28.0,Retail,Scotland,Low,147,634826.15
SME_0029,2025-03-01,609.0,11,11.0,-23.0,False,0.0,True,False,,29.0,Retail,Scotland,Low,147,634826.15
SME_0029,2025-04-01,595.0,13,10.0,-41.0,False,0.0,True,False,,30.0,Retail,Scotland,Low,147,634826.15
SME_0029,2025-05-01,616.0,6,11.666666666666666,-13.0,False,0.0,True,False,,31.0,Retail,Scotland,Low,147,634826.15
SME_0029,2025-06-01,611.0,11,10.0,2.0,False,0.0,True,False,,32.0,Retail,Scotland,Low,147,634826.15
SME_0029,2025-07-01,603.0,12,10.0,8.0,True,0.0,True,False,,33.0,Retail,Scotland,Low,147,634826.15
SME_0029,2025-08-01,598.0,12,9.666666666666666,-18.0,False,0.0,True,False,,34.0,Retail,Scotland,Low,147,634826.15
SME_0029,2025-09-01,618.0,18,11.666666666666666,7.0,True,0.0,True,False,,35.0,Retail,Scotland,Low,147,634826.15
SME_0029,2025-10-01,612.0,20,14.0,9.0,False,0.0,True,False,,36.0,Retail,Scotland,Low,147,634826.15
SME_0029,2025-11-01,612.0,12,16.666666666666668,14.0,True,12662.73,True,False,,37.0,Retail,Scotland,Low,147,634826.15
SME_0029,2025-12-01,604.0,11,16.666666666666668,-14.0,False,0.0,True,False,,38.0,Retail,Scotland,Low,147,634826.15
SME_0029,2026-01-01,609.0,12,14.333333333333334,-3.0,False,0.0,True,False,,39.0,Retail,Scotland,Low,147,634826.15
SME_0030,2024-08-01,558.0,1,,,False,0.0,True,False,,22.0,Services,Midlands,Low,147,287286.36
SME_0030,2024-09-01,550.0,6,1.0,,True,0.0,True,False,,23.0,Services,Midlands,Low,147,287286.36
SME_0030,2024-10-01,518.0,9,3.5,,False,0.0,True,False,,24.0,Services,Midlands,Low,147,287286.36
SME_0030,2024-11-01,542.0,8,5.333333333333333,-16.0,True,0.0,True,False,,25.0,Services,Midlands,Low,147,287286.36
SME_0030,2024-12-01,556.0,8,7.666666666666667,6.0,False,0.0,True,False,,26.0,Services,Midlands,Low,147,287286.36
SME_0030,2025-01-01,552.0,3,8.333333333333334,34.0,False,0.0,True,False,,27.0,Services,Midlands,Low,147,287286.36
SME_0030,2025-02-01,551.0,11,6.333333333333333,9.0,False,0.0,True,False,,28.0,Services,Midlands,Low,147,287286.36
SME_0030,2025-03-01,541.0,9,7.333333333333333,-15.0,False,0.0,True,False,,29.0,Services,Midlands,Low,147,287286.36
SME_0030,2025-04-01,532.0,6,7.666666666666667,-20.0,False,0.0,True,False,,30.0,Services,Midlands,Low,147,287286.36
SME_0030,2025-05-01,523.0,2,8.666666666666666,-28.0,False,0.0,True,False,,31.0,Services,Midlands,Low,147,287286.36
SME_0030,2025-06-01,536.0,10,5.666666666666667,-5.0,False,0.0,True,False,,32.0,Services,Midlands,Low,147,287286.36
SME_0030,2025-07-01,552.0,9,6.0,20.0,False,0.0,True,False,,33.0,Services,Midlands,Low,147,287286.36
SME_0030,2025-08-01,543.0,4,7.0,20.0,False,0.0,True,False,,34.0,Services,Midlands,Low,147,287286.36
SME_0030,2025-09-01,561.0,14,7.666666666666667,25.0,True,0.0,True,False,,35.0,Services,Midlands,Low,147,287286.36
SME_0030,2025-10-01,563.0,6,9.0,11.0,False,0.0,True,False,,36.0,Services,Midlands,Low,147,287286.36
SME_0030,2025-11-01,574.0,2,8.0,31.0,False,0.0,True,False,,37.0,Services,Midlands,Low,147,287286.36
SME_0030,2025-12-01,559.0,5,7.333333333333333,-2.0,False,0.0,True,False,,38.0,Services,Midlands,Low,147,287286.36
SME_0030,2026-01-01,540.0,6,4.333333333333333,-23.0,False,0.0,True,False,,39.0,Services,Midlands,Low,147,287286.36
SME_0031,2024-08-01,633.0,13,,,False,0.0,True,False,,9.0,Technology,Unknown,Medium,79,1371209.34
SME_0031,2024-09-01,611.0,12,13.0,,False,0.0,True,False,,10.0,Technology,Unknown,Medium,79,1371209.34
SME_0031,2024-10-01,617.0,7,12.5,,False,0.0,True,False,,11.0,Technology,Unknown,Medium,79,1371209.34
SME_0031,2024-11-01,611.0,12,10.666666666666666,-22.0,False,0.0,True,False,,12.0,Technology,Unknown,Medium,79,1371209.34
SME_0031,2024-12-01,624.0,13,10.333333333333334,13.0,False,0.0,True,False,,13.0,Technology,Unknown,Medium,79,1371209.34
SME_0031,2025-01-01,646.0,11,10.666666666666666,29.0,False,0.0,True,False,,14.0,Technology,Unknown,Medium,79,1371209.34
SME_0031,2025-02-01,644.0,9,12.0,33.0,False,0.0,True,False,,15.0,Technology,Unknown,Medium,79,1371209.34
SME_0031,2025-03-01,662.0,7,11.0,38.0,False,0.0,True,False,,15.0,Technology,Unknown,Medium,79,1371209.34
SME_0031,2025-04-01,672.0,12,9.0,26.0,False,0.0,True,False,,16.0,Technology,Unknown,Medium,79,1371209.34
SME_0031,2025-05-01,660.0,15,9.333333333333334,16.0,False,0.0,True,False,,17.0,Technology,Unknown,Medium,79,1371209.34
SME_0031,2025-06-01,648.0,11,11.333333333333334,-14.0,False,0.0,True,False,,18.0,Technology,Unknown,Medium,79,1371209.34
SME_0031,2025-07-01,638.0,10,12.666666666666666,-34.0,False,0.0,True,False,,19.0,Technology,Unknown,Medium,79,1371209.34
SME_0031,2025-08-01,632.0,14,12.0,-28.0,True,0.0,True,False,,20.0,Technology,Unknown,Medium,79,1371209.34
SME_0031,2025-09-01,639.0,9,11.666666666666666,-9.0,False,0.0,True,False,,22.0,Technology,Unknown,Medium,79,1371209.34
SME_0031,2025-10-01,649.0,13,11.0,11.0,False,0.0,True,False,,23.0,Technology,Unknown,Medium,79,1371209.34
SME_0031,2025-11-01,658.0,13,12.0,26.0,True,12911.3,True,False,,24.0,Technology,Unknown,Medium,79,1371209.34
SME_0031,2025-12-01,655.0,14,11.666666666666666,16.0,False,0.0,True,False,,25.0,Technology,Unknown,Medium,79,1371209.34
SME_0031,2026-01-01,662.0,7,13.333333333333334,13.0,False,0.0,True,False,,26.0,Technology,Unknown,Medium,79,1371209.34
SME_0032,2024-08-01,627.0,18,,,False,0.0,True,False,,12.0,Healthcare,Midlands,Low,81,253402.12
SME_0032,2024-09-01,635.0,17,18.0,,False,0.0,True,False,,13.0,Healthcare,Midlands,Low,81,253402.12
SME_0032,2024-10-01,628.0,8,17.5,,False,0.0,True,False,,14.0,Healthcare,Midlands,Low,81,253402.12
SME_0032,2024-11-01,627.0,11,14.333333333333334,0.0,False,0.0,True,False,,15.0,Healthcare,Midlands,Low,81,253402.12
SME_0032,2024-12-01,670.0,11,12.0,35.0,True,64964.1,True,False,,16.0,Healthcare,Midlands,Low,81,253402.12
SME_0032,2025-01-01,675.0,10,10.0,47.0,False,0.0,True,False,,17.0,Healthcare,Midlands,Low,81,253402.12
SME_0032,2025-02-01,693.0,14,10.666666666666666,66.0,False,0.0,True,False,,18.0,Healthcare,Midlands,Low,81,253402.12
SME_0032,2025-03-01,672.0,13,11.666666666666666,2.0,False,0.0,True,False,,19.0,Healthcare,Midlands,Low,81,253402.12
SME_0032,2025-04-01,677.0,13,12.333333333333334,2.0,False,0.0,True,False,,20.0,Healthcare,Midlands,Low,81,253402.12
SME_0032,2025-05-01,673.0,20,13.333333333333334,-20.0,False,0.0,True,False,,21.0,Healthcare,Midlands,Low,81,253402.12
SME_0032,2025-06-01,677.0,8,15.333333333333334,5.0,False,0.0,True,False,,22.0,Healthcare,Midlands,Low,81,253402.12
SME_0032,2025-07-01,677.0,9,13.666666666666666,0.0,False,0.0,True,False,,23.0,Healthcare,Midlands,Low,81,253402.12
SME_0032,2025-08-01,667.0,19,12.333333333333334,-6.0,False,0.0,True,False,,24.0,Healthcare,Midlands,Low,81,253402.12
SME_0032,2025-09-01,680.0,13,12.0,3.0,True,0.0,True,False,,25.0,Healthcare,Midlands,Low,81,253402.12
SME_0032,2025-10-01,685.0,11,13.666666666666666,8.0,False,0.0,True,False,,26.0,Healthcare,Midlands,Low,81,253402.12
SME_0032,2025-11-01,696.0,16,14.333333333333334,29.0,True,20048.95,True,False,,27.0,Healthcare,Midlands,Low,81,253402.12
SME_0032,2025-12-01,684.0,9,13.333333333333334,4.0,False,0.0,True,False,,28.0,Healthcare,Midlands,Low,81,253402.12
SME_0032,2026-01-01,679.0,16,12.0,-6.0,False,0.0,True,False,,29.0,Healthcare,Midlands,Low,81,253402.12
SME_0033,2024-08-01,611.0,11,,,False,0.0,True,False,,22.0,Manufacturing,London,Medium,178,771454.11
SME_0033,2024-09-01,619.0,12,11.0,,False,0.0,True,False,,23.0,Manufacturing,London,Medium,178,771454.11
SME_0033,2024-10-01,631.0,6,11.5,,False,0.0,True,False,,24.0,Manufacturing,London,Medium,178,771454.11
SME_0033,2024-11-01,643.0,8,9.666666666666666,32.0,False,0.0,True,False,,25.0,Manufacturing,London,Medium,178,771454.11
SME_0033,2024-12-01,653.0,8,8.666666666666666,34.0,False,0.0,True,False,,26.0,Manufacturing,London,Medium,178,771454.11
SME_0033,2025-01-01,653.0,15,7.333333333333333,22.0,False,0.0,True,False,,27.0,Manufacturing,London,Medium,178,771454.11
SME_0033,2025-02-01,,10,10.333333333333334,,False,0.0,True,False,,28.0,Manufacturing,London,Medium,178,771454.11
SME_0033,2025-03-01,632.0,13,11.0,-21.0,True,0.0,True,False,,29.0,Manufacturing,London,Medium,178,771454.11
SME_0033,2025-04-01,637.0,8,12.666666666666666,-16.0,False,0.0,True,False,,30.0,Manufacturing,London,Medium,178,771454.11
SME_0033,2025-05-01,616.0,11,10.333333333333334,,False,0.0,True,False,,31.0,Manufacturing,London,Medium,178,771454.11
SME_0033,2025-06-01,614.0,11,10.666666666666666,-18.0,True,0.0,True,False,,32.0,Manufacturing,London,Medium,178,771454.11
SME_0033,2025-07-01,615.0,8,10.0,-22.0,False,0.0,True,False,,33.0,Manufacturing,London,Medium,178,771454.11
SME_0033,2025-08-01,608.0,15,10.0,-8.0,False,0.0,True,False,,34.0,Manufacturing,London,Medium,178,771454.11
SME_0033,2025-09-01,614.0,11,11.333333333333334,0.0,False,0.0,True,False,,35.0,Manufacturing,London,Medium,178,771454.11
SME_0033,2025-10-01,615.0,17,11.333333333333334,0.0,False,0.0,True,False,,36.0,Manufacturing,London,Medium,178,771454.11
SME_0033,2025-11-01,609.0,9,14.333333333333334,1.0,False,0.0,True,False,,37.0,Manufacturing,London,Medium,178,771454.11
SME_0033,2025-12-01,588.0,14,12.333333333333334,-26.0,False,0.0,True,False,,38.0,Manufacturing,London,Medium,178,771454.11
SME_0033,2026-01-01,587.0,11,13.333333333333334,-28.0,False,0.0,True,False,,39.0,Manufacturing,London,Medium,178,771454.11
SME_0034,2024-08-01,663.0,13,,,False,0.0,True,False,,11.0,Manufacturing,Scotland,Medium,112,400172.11
SME_0034,2024-09-01,655.0,14,13.0,,False,0.0,True,False,,13.0,Manufacturing,Scotland,Medium,112,400172.11
SME_0034,2024-10-01,685.0,14,13.5,,True,27957.41,True,False,,14.0,Manufacturing,Scotland,Medium,112,400172.11
SME_0034,2024-11-01,667.0,8,13.666666666666666,4.0,False,0.0,True,False,,15.0,Manufacturing,Scotland,Medium,112,400172.11
SME_0034,2024-12-01,662.0,11,12.0,7.0,True,30450.68,True,False,,16.0,Manufacturing,Scotland,Medium,112,400172.11
SME_0034,2025-01-01,668.0,21,11.0,-17.0,False,0.0,True,False,,17.0,Manufacturing,Scotland,Medium,112,400172.11
SME_0034,2025-02-01,667.0,20,13.333333333333334,0.0,False,0.0,True,False,,18.0,Manufacturing,Scotland,Medium,112,400172.11
SME_0034,2025-03-01,673.0,10,17.333333333333332,11.0,True,6193.86,True,False,,18.0,Manufacturing,Scotland,Medium,112,400172.11
SME_0034,2025-04-01,664.0,10,17.0,-4.0,False,0.0,True,False,,19.0,Manufacturing,Scotland,Medium,112,400172.11
SME_0034,2025-05-01,669.0,10,13.333333333333334,2.0,False,0.0,True,False,,20.0,Manufacturing,Scotland,Medium,112,400172.11
SME_0034,2025-06-01,654.0,7,10.0,-19.0,False,0.0,True,False,,21.0,Manufacturing,Scotland,Medium,112,400172.11
SME_0034,2025-07-01,644.0,20,9.0,-20.0,False,0.0,True,False,,22.0,Manufacturing,Scotland,Medium,112,400172.11
SME_0034,2025-08-01,630.0,18,12.333333333333334,-39.0,True,22067.93,True,False,,23.0,Manufacturing,Scotland,Medium,112,400172.11
SME_0034,2025-09-01,640.0,16,15.0,-14.0,False,0.0,True,False,,25.0,Manufacturing,Scotland,Medium,112,400172.11
SME_0034,2025-10-01,660.0,14,18.0,16.0,False,0.0,True,False,,25.0,Manufacturing,Scotland,Medium,112,400172.11
SME_0034,2025-11-01,636.0,16,16.0,6.0,False,0.0,True,False,,27.0,Manufacturing,Scotland,Medium,112,400172.11
SME_0034,2025-12-01,627.0,11,15.333333333333334,-13.0,False,0.0,True,False,,27.0,Manufacturing,Scotland,Medium,112,400172.11
SME_0034,2026-01-01,627.0,13,13.666666666666666,-33.0,False,0.0,True,False,,29.0,Manufacturing,Scotland,Medium,112,400172.11
SME_0035,2024-08-01,625.0,13,,,False,0.0,True,False,,25.0,Services,South East,Medium,30,657071.2
SME_0035,2024-09-01,636.0,9,13.0,,False,0.0,True,False,,26.0,Services,South East,Medium,30,657071.2
SME_0035,2024-10-01,643.0,9,11.0,,True,29974.52,True,False,,27.0,Services,South East,Medium,30,657071.2
SME_0035,2024-11-01,653.0,11,10.333333333333334,28.0,False,0.0,True,False,,28.0,Services,South East,Medium,30,657071.2
SME_0035,2024-12-01,662.0,18,9.666666666666666,26.0,False,0.0,True,False,,29.0,Services,South East,Medium,30,657071.2
SME_0035,2025-01-01,659.0,9,12.666666666666666,16.0,False,0.0,True,False,,30.0,Services,South East,Medium,30,657071.2
SME_0035,2025-02-01,657.0,10,12.666666666666666,4.0,False,0.0,True,False,,31.0,Services,South East,Medium,30,657071.2
SME_0035,2025-03-01,632.0,11,12.333333333333334,-30.0,False,0.0,True,False,,32.0,Services,South East,Medium,30,657071.2
SME_0035,2025-04-01,640.0,14,10.0,-19.0,False,0.0,True,False,,33.0,Services,South East,Medium,30,657071.2
SME_0035,2025-05-01,651.0,7,11.666666666666666,-6.0,False,0.0,True,False,,34.0,Services,South East,Medium,30,657071.2
SME_0035,2025-06-01,645.0,10,10.666666666666666,13.0,False,0.0,True,False,,35.0,Services,South East,Medium,30,657071.2
SME_0035,2025-07-01,625.0,11,10.333333333333334,-15.0,True,0.0,True,False,,36.0,Services,South East,Medium,30,657071.2
SME_0035,2025-08-01,635.0,10,9.333333333333334,-16.0,True,29444.8,True,False,,37.0,Services,South East,Medium,30,657071.2
SME_0035,2025-09-01,611.0,12,10.333333333333334,-34.0,False,0.0,True,False,,38.0,Services,South East,Medium,30,657071.2
SME_0035,2025-10-01,597.0,7,11.0,-28.0,False,0.0,True,False,,39.0,Services,South East,Medium,30,657071.2
SME_0035,2025-11-01,610.0,11,9.666666666666666,-25.0,False,0.0,True,False,,40.0,Services,South East,Medium,30,657071.2
SME_0035,2025-12-01,616.0,10,10.0,5.0,False,0.0,True,False,,41.0,Services,South East,Medium,30,657071.2
SME_0035,2026-01-01,611.0,10,9.333333333333334,14.0,False,0.0,True,False,,42.0,Services,South East,Medium,30,657071.2
SME_0036,2024-08-01,620.0,15,,,True,41121.55,True,True,8.0,2.0,Retail,Midlands,Medium,144,245142.17
SME_0036,2024-09-01,616.0,13,15.0,,False,0.0,True,True,7.0,3.0,Retail,Midlands,Medium,144,245142.17
SME_0036,2024-10-01,636.0,15,14.0,,False,0.0,True,True,6.0,4.0,Retail,Midlands,Medium,144,245142.17
SME_0036,2024-11-01,639.0,6,14.333333333333334,19.0,False,0.0,True,True,5.0,5.0,Retail,Midlands,Medium,144,245142.17
SME_0036,2024-12-01,646.0,12,11.333333333333334,30.0,False,0.0,True,True,4.0,6.0,Retail,Midlands,Medium,144,245142.17
SME_0036,2025-01-01,635.0,15,11.0,-1.0,False,0.0,True,True,3.0,7.0,Retail,Midlands,Medium,144,245142.17
SME_0036,2025-02-01,625.0,17,11.0,-14.0,True,39062.69,True,True,2.0,8.0,Retail,Midlands,Medium,144,245142.17
SME_0036,2025-03-01,630.0,9,14.666666666666666,-16.0,False,0.0,True,True,1.0,9.0,Retail,Midlands,Medium,144,245142.17
SME_0036,2025-04-01,630.0,0,13.666666666666666,-5.0,False,0.0,False,True,0.0,10.0,Retail,Midlands,Medium,144,245142.17
SME_0036,2025-05-01,630.0,0,8.666666666666666,5.0,False,0.0,False,True,-1.0,11.0,Retail,Midlands,Medium,144,245142.17
SME_0036,2025-06-01,630.0,0,3.0,0.0,False,0.0,False,True,-2.0,12.0,Retail,Midlands,Medium,144,245142.17
SME_0036,2025-07-01,630.0,0,0.0,0.0,False,0.0,False,True,-3.0,13.0,Retail,Midlands,Medium,144,245142.17
SME_0036,2025-08-01,630.0,0,0.0,0.0,False,0.0,False,True,-4.0,14.0,Retail,Midlands,Medium,144,245142.17
SME_0036,2025-09-01,630.0,0,0.0,0.0,False,0.0,False,True,-5.0,15.0,Retail,Midlands,Medium,144,245142.17
SME_0036,2025-10-01,630.0,0,0.0,0.0,False,0.0,False,True,-6.0,16.0,Retail,Midlands,Medium,144,245142.17
SME_0036,2025-11-01,630.0,0,0.0,0.0,False,0.0,False,True,-7.0,17.0,Retail,Midlands,Medium,144,245142.17
SME_0036,2025-12-01,630.0,0,0.0,0.0,False,0.0,False,True,-8.0,18.0,Retail,Midlands,Medium,144,245142.17
SME_0036,2026-01-01,630.0,0,0.0,0.0,False,0.0,False,True,-9.0,19.0,Retail,Midlands,Medium,144,245142.17
SME_0037,2024-08-01,506.0,5,,,False,0.0,True,False,,4.0,Retail,London,High,118,269143.42
SME_0037,2024-09-01,518.0,8,5.0,,False,0.0,True,False,,5.0,Retail,London,High,118,269143.42
SME_0037,2024-10-01,506.0,10,6.5,,False,0.0,True,False,,6.0,Retail,London,High,118,269143.42
SME_0037,2024-11-01,507.0,8,7.666666666666667,1.0,False,0.0,True,False,,7.0,Retail,London,High,118,269143.42
SME_0037,2024-12-01,508.0,11,8.666666666666666,-10.0,False,0.0,True,False,,8.0,Retail,London,High,118,269143.42
SME_0037,2025-01-01,518.0,6,9.666666666666666,12.0,False,0.0,True,False,,9.0,Retail,London,High,118,269143.42
SME_0037,2025-02-01,536.0,6,8.333333333333334,29.0,False,0.0,True,False,,10.0,Retail,London,High,118,269143.42
SME_0037,2025-03-01,529.0,8,7.666666666666667,21.0,False,0.0,True,False,,10.0,Retail,London,High,118,269143.42
SME_0037,2025-04-01,554.0,5,6.666666666666667,36.0,False,0.0,True,False,,11.0,Retail,London,High,118,269143.42
SME_0037,2025-05-01,547.0,4,6.333333333333333,11.0,False,0.0,True,False,,12.0,Retail,London,High,118,269143.42
SME_0037,2025-06-01,535.0,6,5.666666666666667,6.0,False,0.0,True,False,,14.0,Retail,London,High,118,269143.42
SME_0037,2025-07-01,543.0,7,5.0,-11.0,False,0.0,True,False,,14.0,Retail,London,High,118,269143.42
SME_0037,2025-08-01,535.0,5,5.666666666666667,-12.0,False,0.0,True,False,,16.0,Retail,London,High,118,269143.42
SME_0037,2025-09-01,525.0,6,6.0,-10.0,False,0.0,True,False,,17.0,Retail,London,High,118,269143.42
SME_0037,2025-10-01,521.0,7,6.0,-22.0,False,0.0,True,False,,18.0,Retail,London,High,118,269143.42
SME_0037,2025-11-01,510.0,2,6.0,-25.0,False,0.0,True,False,,19.0,Retail,London,High,118,269143.42
SME_0037,2025-12-01,519.0,3,5.0,-6.0,False,0.0,True,False,,20.0,Retail,London,High,118,269143.42
SME_0037,2026-01-01,504.0,6,4.0,-17.0,False,0.0,True,False,,21.0,Retail,London,High,118,269143.42
SME_0038,2024-08-01,683.0,19,,,False,0.0,True,True,12.0,27.0,Services,South East,Low,102,353472.29
SME_0038,2024-09-01,683.0,15,19.0,,False,0.0,True,True,11.0,28.0,Services,South East,Low,102,353472.29
SME_0038,2024-10-01,689.0,21,17.0,,True,53191.69,True,True,10.0,29.0,Services,South East,Low,102,353472.29
SME_0038,2024-11-01,683.0,17,18.333333333333332,0.0,False,0.0,True,True,9.0,30.0,Services,South East,Low,102,353472.29
SME_0038,2024-12-01,669.0,15,17.666666666666668,-14.0,False,0.0,True,True,8.0,31.0,Services,South East,Low,102,353472.29
SME_0038,2025-01-01,668.0,13,17.666666666666668,-21.0,False,0.0,True,True,7.0,32.0,Services,South East,Low,102,353472.29
SME_0038,2025-02-01,650.0,16,15.0,-33.0,False,0.0,True,True,6.0,33.0,Services,South East,Low,102,353472.29
SME_0038,2025-03-01,647.0,18,14.666666666666666,-22.0,False,0.0,True,True,5.0,34.0,Services,South East,Low,102,353472.29
SME_0038,2025-04-01,640.0,6,15.666666666666666,-28.0,False,0.0,True,True,4.0,35.0,Services,South East,Low,102,353472.29
SME_0038,2025-05-01,629.0,21,13.333333333333334,-21.0,False,0.0,True,True,3.0,36.0,Services,South East,Low,102,353472.29
SME_0038,2025-06-01,640.0,14,15.0,-7.0,False,0.0,True,True,2.0,37.0,Services,South East,Low,102,353472.29
SME_0038,2025-07-01,653.0,16,13.666666666666666,13.0,False,0.0,True,True,1.0,38.0,Services,South East,Low,102,353472.29
SME_0038,2025-08-01,653.0,0,17.0,24.0,False,0.0,False,True,0.0,39.0,Services,South East,Low,102,353472.29
SME_0038,2025-09-01,653.0,0,10.0,13.0,False,0.0,False,True,-1.0,40.0,Services,South East,Low,102,353472.29
SME_0038,2025-10-01,653.0,0,5.333333333333333,0.0,False,0.0,False,True,-2.0,41.0,Services,South East,Low,102,353472.29
SME_0038,2025-11-01,653.0,0,0.0,0.0,False,0.0,False,True,-3.0,42.0,Services,South East,Low,102,353472.29
SME_0038,2025-12-01,653.0,0,0.0,0.0,False,0.0,False,True,-4.0,43.0,Services,South East,Low,102,353472.29
SME_0038,2026-01-01,653.0,0,0.0,0.0,False,0.0,False,True,-5.0,44.0,Services,South East,Low,102,353472.29
SME_0039,2024-08-01,721.0,17,,,False,0.0,True,False,,23.0,Retail,Scotland,Medium,145,203069.95
SME_0039,2024-09-01,716.0,10,17.0,,False,0.0,True,False,,24.0,Retail,Scotland,Medium,145,203069.95
SME_0039,2024-10-01,706.0,11,13.5,,False,0.0,True,False,,25.0,Retail,Scotland,Medium,145,203069.95
SME_0039,2024-11-01,710.0,23,12.666666666666666,-11.0,False,0.0,True,False,,26.0,Retail,Scotland,Medium,145,203069.95
SME_0039,2024-12-01,710.0,12,14.666666666666666,-6.0,False,0.0,True,False,,27.0,Retail,Scotland,Medium,145,203069.95
SME_0039,2025-01-01,697.0,10,15.333333333333334,-9.0,False,0.0,True,False,,28.0,Retail,Scotland,Medium,145,203069.95
SME_0039,2025-02-01,703.0,10,15.0,-7.0,False,0.0,True,False,,29.0,Retail,Scotland,Medium,145,203069.95
SME_0039,2025-03-01,692.0,13,10.666666666666666,-18.0,False,0.0,True,False,,30.0,Retail,Scotland,Medium,145,203069.95
SME_0039,2025-04-01,678.0,15,11.0,-19.0,False,0.0,True,False,,31.0,Retail,Scotland,Medium,145,203069.95
SME_0039,2025-05-01,678.0,15,12.666666666666666,-25.0,False,0.0,True,False,,32.0,Retail,Scotland,Medium,145,203069.95
SME_0039,2025-06-01,692.0,9,14.333333333333334,0.0,False,0.0,True,False,,33.0,Retail,Scotland,Medium,145,203069.95
SME_0039,2025-07-01,700.0,13,13.0,22.0,False,0.0,True,False,,34.0,Retail,Scotland,Medium,145,203069.95
SME_0039,2025-08-01,691.0,14,12.333333333333334,13.0,False,0.0,True,False,,35.0,Retail,Scotland,Medium,145,203069.95
SME_0039,2025-09-01,673.0,10,12.0,-19.0,True,14747.24,True,False,,36.0,Retail,Scotland,Medium,145,203069.95
SME_0039,2025-10-01,670.0,10,12.333333333333334,-30.0,True,10610.49,True,False,,37.0,Retail,Scotland,Medium,145,203069.95
SME_0039,2025-11-01,697.0,7,11.333333333333334,6.0,False,0.0,True,False,,38.0,Retail,Scotland,Medium,145,203069.95
SME_0039,2025-12-01,702.0,10,9.0,29.0,False,0.0,True,False,,39.0,Retail,Scotland,Medium,145,203069.95
SME_0039,2026-01-01,697.0,11,9.0,27.0,False,0.0,True,False,,40.0,Retail,Scotland,Medium,145,203069.95
SME_0040,2024-08-01,559.0,12,,,False,0.0,True,False,,2.0,Services,London,Medium,181,558553.15
SME_0040,2024-09-01,554.0,8,12.0,,False,0.0,True,False,,4.0,Services,London,Medium,181,558553.15
SME_0040,2024-10-01,560.0,11,10.0,,False,0.0,True,False,,5.0,Services,London,Medium,181,558553.15
SME_0040,2024-11-01,559.0,9,10.333333333333334,0.0,False,0.0,True,False,,6.0,Services,London,Medium,181,558553.15
SME_0040,2024-12-01,555.0,8,9.333333333333334,1.0,False,0.0,True,False,,7.0,Services,London,Medium,181,558553.15
SME_0040,2025-01-01,559.0,8,9.333333333333334,-1.0,False,0.0,True,False,,8.0,Services,London,Medium,181,558553.15
SME_0040,2025-02-01,579.0,11,8.333333333333334,20.0,False,0.0,True,False,,9.0,Services,London,Medium,181,558553.15
SME_0040,2025-03-01,576.0,5,9.0,21.0,False,0.0,True,False,,9.0,Services,London,Medium,181,558553.15
SME_0040,2025-04-01,576.0,14,8.0,17.0,False,0.0,True,False,,10.0,Services,London,Medium,181,558553.15
SME_0040,2025-05-01,577.0,11,10.0,-2.0,False,0.0,True,False,,11.0,Services,London,Medium,181,558553.15
SME_0040,2025-06-01,585.0,7,10.0,9.0,False,0.0,True,False,,12.0,Services,London,Medium,181,558553.15
SME_0040,2025-07-01,595.0,10,10.666666666666666,19.0,False,0.0,True,False,,13.0,Services,London,Medium,181,558553.15
SME_0040,2025-08-01,584.0,10,9.333333333333334,7.0,False,0.0,True,False,,14.0,Services,London,Medium,181,558553.15
SME_0040,2025-09-01,584.0,16,9.0,-1.0,False,0.0,True,False,,16.0,Services,London,Medium,181,558553.15
SME_0040,2025-10-01,579.0,15,12.0,-16.0,False,0.0,True,False,,16.0,Services,London,Medium,181,558553.15
SME_0040,2025-11-01,595.0,7,13.666666666666666,11.0,False,0.0,True,False,,18.0,Services,London,Medium,181,558553.15
SME_0040,2025-12-01,585.0,8,12.666666666666666,1.0,False,0.0,True,False,,18.0,Services,London,Medium,181,558553.15
SME_0040,2026-01-01,588.0,18,10.0,9.0,False,0.0,True,False,,20.0,Services,London,Medium,181,558553.15
SME_0041,2024-08-01,558.0,8,,,False,0.0,True,False,,33.0,Manufacturing,North West,High,66,478785.53
SME_0041,2024-09-01,557.0,6,8.0,,False,0.0,True,False,,34.0,Manufacturing,North West,High,66,478785.53
SME_0041,2024-10-01,536.0,9,7.0,,False,0.0,True,False,,35.0,Manufacturing,North West,High,66,478785.53
SME_0041,2024-11-01,548.0,3,7.666666666666667,-10.0,False,0.0,True,False,,36.0,Manufacturing,North West,High,66,478785.53
SME_0041,2024-12-01,537.0,8,6.0,-20.0,False,0.0,True,False,,37.0,Manufacturing,North West,High,66,478785.53
SME_0041,2025-01-01,542.0,9,6.666666666666667,6.0,False,0.0,True,False,,38.0,Manufacturing,North West,High,66,478785.53
SME_0041,2025-02-01,570.0,7,6.666666666666667,22.0,False,0.0,True,False,,39.0,Manufacturing,North West,High,66,478785.53
SME_0041,2025-03-01,578.0,4,8.0,41.0,False,0.0,True,False,,40.0,Manufacturing,North West,High,66,478785.53
SME_0041,2025-04-01,569.0,1,6.666666666666667,27.0,False,0.0,True,False,,41.0,Manufacturing,North West,High,66,478785.53
SME_0041,2025-05-01,561.0,6,4.0,-9.0,False,0.0,True,False,,42.0,Manufacturing,North West,High,66,478785.53
SME_0041,2025-06-01,565.0,2,3.6666666666666665,-13.0,False,0.0,True,False,,43.0,Manufacturing,North West,High,66,478785.53
SME_0041,2025-07-01,547.0,4,3.0,-22.0,False,0.0,True,False,,44.0,Manufacturing,North West,High,66,478785.53
SME_0041,2025-08-01,526.0,6,4.0,-35.0,False,0.0,True,False,,45.0,Manufacturing,North West,High,66,478785.53
SME_0041,2025-09-01,535.0,5,4.0,-30.0,False,0.0,True,False,,46.0,Manufacturing,North West,High,66,478785.53
SME_0041,2025-10-01,519.0,3,5.0,-28.0,True,0.0,True,False,,47.0,Manufacturing,North West,High,66,478785.53
SME_0041,2025-11-01,512.0,6,4.666666666666667,-14.0,False,0.0,True,False,,48.0,Manufacturing,North West,High,66,478785.53
SME_0041,2025-12-01,534.0,6,4.666666666666667,-1.0,False,0.0,True,False,,49.0,Manufacturing,North West,High,66,478785.53
SME_0041,2026-01-01,525.0,8,5.0,6.0,True,0.0,True,False,,50.0,Manufacturing,North West,High,66,478785.53
SME_0042,2024-08-01,737.0,15,,,False,0.0,True,False,,1.0,Technology,Midlands,Low,84,690229.35
SME_0042,2024-09-01,744.0,15,15.0,,True,47304.84,True,False,,2.0,Technology,Midlands,Low,84,690229.35
SME_0042,2024-10-01,744.0,16,15.0,,False,0.0,True,False,,3.0,Technology,Midlands,Low,84,690229.35
SME_0042,2024-11-01,748.0,11,15.333333333333334,11.0,False,0.0,True,False,,4.0,Technology,Midlands,Low,84,690229.35
SME_0042,2024-12-01,761.0,15,14.0,17.0,False,0.0,True,False,,5.0,Technology,Midlands,Low,84,690229.35
SME_0042,2025-01-01,741.0,13,14.0,-3.0,False,0.0,True,False,,6.0,Technology,Midlands,Low,84,690229.35
SME_0042,2025-02-01,732.0,27,13.0,-16.0,False,0.0,True,False,,7.0,Technology,Midlands,Low,84,690229.35
SME_0042,2025-03-01,739.0,21,18.333333333333332,-22.0,False,0.0,True,False,,8.0,Technology,Midlands,Low,84,690229.35
SME_0042,2025-04-01,735.0,11,20.333333333333332,-6.0,False,0.0,True,False,,9.0,Technology,Midlands,Low,84,690229.35
SME_0042,2025-05-01,739.0,21,19.666666666666668,7.0,False,0.0,True,False,,10.0,Technology,Midlands,Low,84,690229.35
SME_0042,2025-06-01,724.0,9,17.666666666666668,-15.0,False,0.0,True,False,,11.0,Technology,Midlands,Low,84,690229.35
SME_0042,2025-07-01,719.0,24,13.666666666666666,-16.0,False,0.0,True,False,,12.0,Technology,Midlands,Low,84,690229.35
SME_0042,2025-08-01,712.0,17,18.0,-27.0,False,0.0,True,False,,13.0,Technology,Midlands,Low,84,690229.35
SME_0042,2025-09-01,715.0,14,16.666666666666668,-9.0,False,0.0,True,False,,14.0,Technology,Midlands,Low,84,690229.35
SME_0042,2025-10-01,703.0,19,18.333333333333332,-16.0,True,23914.24,True,False,,15.0,Technology,Midlands,Low,84,690229.35
SME_0042,2025-11-01,721.0,13,16.666666666666668,9.0,True,68030.24,True,False,,16.0,Technology,Midlands,Low,84,690229.35
SME_0042,2025-12-01,720.0,18,15.333333333333334,5.0,False,0.0,True,False,,17.0,Technology,Midlands,Low,84,690229.35
SME_0042,2026-01-01,720.0,17,16.666666666666668,17.0,True,0.0,True,False,,18.0,Technology,Midlands,Low,84,690229.35
SME_0043,2024-08-01,618.0,7,,,False,0.0,True,False,,35.0,Technology,South East,Medium,38,1152044.73
SME_0043,2024-09-01,623.0,11,7.0,,False,0.0,True,False,,36.0,Technology,South East,Medium,38,1152044.73
SME_0043,2024-10-01,603.0,8,9.0,,False,0.0,True,False,,37.0,Technology,South East,Medium,38,1152044.73
SME_0043,2024-11-01,588.0,9,8.666666666666666,-30.0,False,0.0,True,False,,38.0,Technology,South East,Medium,38,1152044.73
SME_0043,2024-12-01,595.0,6,9.333333333333334,-28.0,False,0.0,True,False,,39.0,Technology,South East,Medium,38,1152044.73
SME_0043,2025-01-01,605.0,14,7.666666666666667,2.0,False,0.0,True,False,,40.0,Technology,South East,Medium,38,1152044.73
SME_0043,2025-02-01,602.0,8,9.666666666666666,14.0,False,0.0,True,False,,41.0,Technology,South East,Medium,38,1152044.73
SME_0043,2025-03-01,601.0,7,9.333333333333334,6.0,False,0.0,True,False,,42.0,Technology,South East,Medium,38,1152044.73
SME_0043,2025-04-01,615.0,11,9.666666666666666,10.0,False,0.0,True,False,,43.0,Technology,South East,Medium,38,1152044.73
SME_0043,2025-05-01,625.0,12,8.666666666666666,23.0,False,0.0,True,False,,44.0,Technology,South East,Medium,38,1152044.73
SME_0043,2025-06-01,625.0,13,10.0,24.0,False,0.0,True,False,,45.0,Technology,South East,Medium,38,1152044.73
SME_0043,2025-07-01,595.0,15,12.0,-20.0,False,0.0,True,False,,46.0,Technology,South East,Medium,38,1152044.73
SME_0043,2025-08-01,593.0,10,13.333333333333334,-32.0,False,0.0,True,False,,47.0,Technology,South East,Medium,38,1152044.73
SME_0043,2025-09-01,588.0,14,12.666666666666666,-37.0,False,0.0,True,False,,48.0,Technology,South East,Medium,38,1152044.73
SME_0043,2025-10-01,584.0,8,13.0,-11.0,False,0.0,True,False,,49.0,Technology,South East,Medium,38,1152044.73
SME_0043,2025-11-01,566.0,11,10.666666666666666,-27.0,False,0.0,True,False,,50.0,Technology,South East,Medium,38,1152044.73
SME_0043,2025-12-01,570.0,10,11.0,-18.0,False,0.0,True,False,,51.0,Technology,South East,Medium,38,1152044.73
SME_0043,2026-01-01,577.0,15,9.666666666666666,-7.0,True,0.0,True,False,,52.0,Technology,South East,Medium,38,1152044.73
SME_0044,2024-08-01,709.0,13,,,False,0.0,True,False,,27.0,Manufacturing,Midlands,Low,129,1280001.11
SME_0044,2024-09-01,699.0,16,13.0,,False,0.0,True,False,,28.0,Manufacturing,Midlands,Low,129,1280001.11
SME_0044,2024-10-01,693.0,10,14.5,,False,0.0,True,False,,29.0,Manufacturing,Midlands,Low,129,1280001.11
SME_0044,2024-11-01,695.0,7,13.0,-14.0,False,0.0,True,False,,30.0,Manufacturing,Midlands,Low,129,1280001.11
SME_0044,2024-12-01,703.0,10,11.0,4.0,False,0.0,True,False,,31.0,Manufacturing,Midlands,Low,129,1280001.11
SME_0044,2025-01-01,712.0,16,9.0,19.0,True,68717.24,True,False,,32.0,Manufacturing,Midlands,Low,129,1280001.11
SME_0044,2025-02-01,724.0,14,11.0,29.0,True,13703.73,True,False,,33.0,Manufacturing,Midlands,Low,129,1280001.11
SME_0044,2025-03-01,720.0,13,13.333333333333334,17.0,True,74511.65,True,False,,34.0,Manufacturing,Midlands,Low,129,1280001.11
SME_0044,2025-04-01,703.0,12,14.333333333333334,-9.0,False,0.0,True,False,,35.0,Manufacturing,Midlands,Low,129,1280001.11
SME_0044,2025-05-01,719.0,16,13.0,-5.0,False,0.0,True,False,,36.0,Manufacturing,Midlands,Low,129,1280001.11
SME_0044,2025-06-01,724.0,12,13.666666666666666,4.0,False,0.0,True,False,,37.0,Manufacturing,Midlands,Low,129,1280001.11
SME_0044,2025-07-01,707.0,13,13.333333333333334,4.0,False,0.0,True,False,,38.0,Manufacturing,Midlands,Low,129,1280001.11
SME_0044,2025-08-01,698.0,14,13.666666666666666,-21.0,False,0.0,True,False,,39.0,Manufacturing,Midlands,Low,129,1280001.11
SME_0044,2025-09-01,706.0,10,13.0,-18.0,False,0.0,True,False,,40.0,Manufacturing,Midlands,Low,129,1280001.11
SME_0044,2025-10-01,698.0,17,12.333333333333334,-9.0,True,59841.64,True,False,,41.0,Manufacturing,Midlands,Low,129,1280001.11
SME_0044,2025-11-01,682.0,9,13.666666666666666,-16.0,False,0.0,True,False,,42.0,Manufacturing,Midlands,Low,129,1280001.11
SME_0044,2025-12-01,697.0,14,12.0,-9.0,True,60927.51,True,False,,43.0,Manufacturing,Midlands,Low,129,1280001.11
SME_0044,2026-01-01,700.0,12,13.333333333333334,2.0,True,44162.56,True,False,,44.0,Manufacturing,Midlands,Low,129,1280001.11
SME_0045,2024-08-01,609.0,10,,,True,7124.68,True,False,,36.0,Technology,Scotland,Medium,81,247200.47
SME_0045,2024-09-01,590.0,13,10.0,,False,0.0,True,False,,37.0,Technology,Scotland,Medium,81,247200.47
SME_0045,2024-10-01,574.0,7,11.5,,False,0.0,True,False,,38.0,Technology,Scotland,Medium,81,247200.47
SME_0045,2024-11-01,570.0,14,10.0,-39.0,False,0.0,True,False,,39.0,Technology,Scotland,Medium,81,247200.47
SME_0045,2024-12-01,576.0,9,11.333333333333334,-14.0,False,0.0,True,False,,40.0,Technology,Scotland,Medium,81,247200.47
SME_0045,2025-01-01,575.0,9,10.0,1.0,False,0.0,True,False,,41.0,Technology,Scotland,Medium,81,247200.47
SME_0045,2025-02-01,587.0,9,10.666666666666666,17.0,False,0.0,True,False,,42.0,Technology,Scotland,Medium,81,247200.47
SME_0045,2025-03-01,582.0,7,9.0,6.0,False,0.0,True,False,,43.0,Technology,Scotland,Medium,81,247200.47
SME_0045,2025-04-01,594.0,14,8.333333333333334,19.0,False,0.0,True,False,,44.0,Technology,Scotland,Medium,81,247200.47
SME_0045,2025-05-01,586.0,6,10.0,-1.0,False,0.0,True,False,,45.0,Technology,Scotland,Medium,81,247200.47
SME_0045,2025-06-01,584.0,7,9.0,2.0,True,42647.89,True,False,,46.0,Technology,Scotland,Medium,81,247200.47
SME_0045,2025-07-01,581.0,11,9.0,-13.0,True,0.0,True,False,,47.0,Technology,Scotland,Medium,81,247200.47
SME_0045,2025-08-01,584.0,12,8.0,-2.0,False,0.0,True,False,,48.0,Technology,Scotland,Medium,81,247200.47
SME_0045,2025-09-01,562.0,8,10.0,-22.0,False,0.0,True,False,,49.0,Technology,Scotland,Medium,81,247200.47
SME_0045,2025-10-01,568.0,13,10.333333333333334,-13.0,False,0.0,True,False,,50.0,Technology,Scotland,Medium,81,247200.47
SME_0045,2025-11-01,561.0,14,11.0,-23.0,False,0.0,True,False,,51.0,Technology,Scotland,Medium,81,247200.47
SME_0045,2025-12-01,540.0,10,11.666666666666666,-22.0,True,0.0,True,False,,52.0,Technology,Scotland,Medium,81,247200.47
SME_0045,2026-01-01,547.0,6,12.333333333333334,-21.0,False,0.0,True,False,,53.0,Technology,Scotland,Medium,81,247200.47
SME_0046,2024-08-01,707.0,13,,,False,0.0,True,False,,34.0,Technology,Scotland,Low,69,582390.02
SME_0046,2024-09-01,705.0,22,13.0,,False,0.0,True,False,,35.0,Technology,Scotland,Low,69,582390.02
SME_0046,2024-10-01,708.0,21,17.5,,False,0.0,True,False,,36.0,Technology,Scotland,Low,69,582390.02
SME_0046,2024-11-01,710.0,24,18.666666666666668,3.0,False,0.0,True,False,,37.0,Technology,Scotland,Low,69,582390.02
SME_0046,2024-12-01,700.0,14,22.333333333333332,-5.0,False,0.0,True,False,,38.0,Technology,Scotland,Low,69,582390.02
SME_0046,2025-01-01,696.0,18,19.666666666666668,-12.0,True,51501.02,True,False,,39.0,Technology,Scotland,Low,69,582390.02
SME_0046,2025-02-01,693.0,20,18.666666666666668,-17.0,False,0.0,True,False,,40.0,Technology,Scotland,Low,69,582390.02
SME_0046,2025-03-01,706.0,11,17.333333333333332,6.0,False,0.0,True,False,,41.0,Technology,Scotland,Low,69,582390.02
SME_0046,2025-04-01,707.0,13,16.333333333333332,11.0,False,0.0,True,False,,42.0,Technology,Scotland,Low,69,582390.02
SME_0046,2025-05-01,698.0,17,14.666666666666666,5.0,False,0.0,True,False,,43.0,Technology,Scotland,Low,69,582390.02
SME_0046,2025-06-01,707.0,14,13.666666666666666,1.0,False,0.0,True,False,,44.0,Technology,Scotland,Low,69,582390.02
SME_0046,2025-07-01,710.0,19,14.666666666666666,3.0,False,0.0,True,False,,45.0,Technology,Scotland,Low,69,582390.02
SME_0046,2025-08-01,723.0,11,16.666666666666668,25.0,False,0.0,True,False,,46.0,Technology,Scotland,Low,69,582390.02
SME_0046,2025-09-01,724.0,11,14.666666666666666,17.0,False,0.0,True,False,,47.0,Technology,Scotland,Low,69,582390.02
SME_0046,2025-10-01,727.0,19,13.666666666666666,17.0,False,0.0,True,False,,48.0,Technology,Scotland,Low,69,582390.02
SME_0046,2025-11-01,731.0,10,13.666666666666666,8.0,False,0.0,True,False,,49.0,Technology,Scotland,Low,69,582390.02
SME_0046,2025-12-01,721.0,12,13.333333333333334,-3.0,False,0.0,True,False,,50.0,Technology,Scotland,Low,69,582390.02
SME_0046,2026-01-01,731.0,12,13.666666666666666,4.0,False,0.0,True,False,,51.0,Technology,Scotland,Low,69,582390.02
SME_0047,2024-08-01,590.0,10,,,False,0.0,True,True,9.0,12.0,Manufacturing,Midlands,Low,139,210851.98
SME_0047,2024-09-01,587.0,10,10.0,,False,0.0,True,True,8.0,13.0,Manufacturing,Midlands,Low,139,210851.98
SME_0047,2024-10-01,586.0,15,10.0,,False,0.0,True,True,7.0,14.0,Manufacturing,Midlands,Low,139,210851.98
SME_0047,2024-11-01,605.0,10,11.666666666666666,15.0,False,0.0,True,True,6.0,15.0,Manufacturing,Midlands,Low,139,210851.98
SME_0047,2024-12-01,608.0,10,11.666666666666666,21.0,False,0.0,True,True,5.0,16.0,Manufacturing,Midlands,Low,139,210851.98
SME_0047,2025-01-01,621.0,8,11.666666666666666,35.0,False,0.0,True,True,4.0,17.0,Manufacturing,Midlands,Low,139,210851.98
SME_0047,2025-02-01,620.0,14,9.333333333333334,15.0,True,0.0,True,True,3.0,18.0,Manufacturing,Midlands,Low,139,210851.98
SME_0047,2025-03-01,626.0,9,10.666666666666666,18.0,False,0.0,True,True,2.0,19.0,Manufacturing,Midlands,Low,139,210851.98
SME_0047,2025-04-01,616.0,10,10.333333333333334,-5.0,False,0.0,True,True,1.0,20.0,Manufacturing,Midlands,Low,139,210851.98
SME_0047,2025-05-01,616.0,0,11.0,-4.0,False,0.0,False,True,0.0,21.0,Manufacturing,Midlands,Low,139,210851.98
SME_0047,2025-06-01,616.0,0,6.333333333333333,-10.0,False,0.0,False,True,-1.0,22.0,Manufacturing,Midlands,Low,139,210851.98
SME_0047,2025-07-01,616.0,0,3.3333333333333335,0.0,False,0.0,False,True,-2.0,23.0,Manufacturing,Midlands,Low,139,210851.98
SME_0047,2025-08-01,616.0,0,0.0,0.0,False,0.0,False,True,-3.0,24.0,Manufacturing,Midlands,Low,139,210851.98
SME_0047,2025-09-01,616.0,0,0.0,0.0,False,0.0,False,True,-4.0,25.0,Manufacturing,Midlands,Low,139,210851.98
SME_0047,2025-10-01,616.0,0,0.0,0.0,False,0.0,False,True,-5.0,26.0,Manufacturing,Midlands,Low,139,210851.98
SME_0047,2025-11-01,616.0,0,0.0,0.0,False,0.0,False,True,-6.0,27.0,Manufacturing,Midlands,Low,139,210851.98
SME_0047,2025-12-01,616.0,0,0.0,0.0,False,0.0,False,True,-7.0,28.0,Manufacturing,Midlands,Low,139,210851.98
SME_0047,2026-01-01,616.0,0,0.0,0.0,False,0.0,False,True,-8.0,29.0,Manufacturing,Midlands,Low,139,210851.98
SME_0048,2024-08-01,599.0,8,,,False,0.0,True,False,,28.0,Manufacturing,Scotland,Medium,82,345762.48
SME_0048,2024-09-01,592.0,9,8.0,,False,0.0,True,False,,29.0,Manufacturing,Scotland,Medium,82,345762.48
SME_0048,2024-10-01,609.0,16,8.5,,False,0.0,True,False,,30.0,Manufacturing,Scotland,Medium,82,345762.48
SME_0048,2024-11-01,609.0,14,11.0,10.0,False,0.0,True,False,,31.0,Manufacturing,Scotland,Medium,82,345762.48
SME_0048,2024-12-01,614.0,16,13.0,22.0,False,0.0,True,False,,32.0,Manufacturing,Scotland,Medium,82,345762.48
SME_0048,2025-01-01,625.0,12,15.333333333333334,16.0,False,0.0,True,False,,33.0,Manufacturing,Scotland,Medium,82,345762.48
SME_0048,2025-02-01,629.0,22,14.0,20.0,False,0.0,True,False,,34.0,Manufacturing,Scotland,Medium,82,345762.48
SME_0048,2025-03-01,631.0,6,16.666666666666668,17.0,False,0.0,True,False,,35.0,Manufacturing,Scotland,Medium,82,345762.48
SME_0048,2025-04-01,647.0,8,13.333333333333334,22.0,True,45740.26,True,False,,36.0,Manufacturing,Scotland,Medium,82,345762.48
SME_0048,2025-05-01,655.0,13,12.0,26.0,False,0.0,True,False,,37.0,Manufacturing,Scotland,Medium,82,345762.48
SME_0048,2025-06-01,646.0,10,9.0,15.0,False,0.0,True,False,,38.0,Manufacturing,Scotland,Medium,82,345762.48
SME_0048,2025-07-01,662.0,16,10.333333333333334,15.0,False,0.0,True,False,,39.0,Manufacturing,Scotland,Medium,82,345762.48
SME_0048,2025-08-01,653.0,14,13.0,-2.0,True,57926.02,True,False,,40.0,Manufacturing,Scotland,Medium,82,345762.48
SME_0048,2025-09-01,645.0,10,13.333333333333334,-1.0,False,0.0,True,False,,41.0,Manufacturing,Scotland,Medium,82,345762.48
SME_0048,2025-10-01,618.0,3,13.333333333333334,-44.0,False,0.0,True,False,,42.0,Manufacturing,Scotland,Medium,82,345762.48
SME_0048,2025-11-01,633.0,9,9.0,-20.0,False,0.0,True,False,,43.0,Manufacturing,Scotland,Medium,82,345762.48
SME_0048,2025-12-01,611.0,10,7.333333333333333,-34.0,False,0.0,True,False,,44.0,Manufacturing,Scotland,Medium,82,345762.48
SME_0048,2026-01-01,620.0,10,7.333333333333333,2.0,False,0.0,True,False,,45.0,Manufacturing,Scotland,Medium,82,345762.48
SME_0049,2024-08-01,684.0,16,,,False,0.0,True,False,,8.0,Services,London,Low,93,255758.95
SME_0049,2024-09-01,706.0,13,16.0,,False,0.0,True,False,,9.0,Services,London,Low,93,255758.95
SME_0049,2024-10-01,732.0,17,14.5,,False,0.0,True,False,,10.0,Services,London,Low,93,255758.95
SME_0049,2024-11-01,746.0,13,15.333333333333334,62.0,False,0.0,True,False,,11.0,Services,London,Low,93,255758.95
SME_0049,2024-12-01,728.0,12,14.333333333333334,22.0,False,0.0,True,False,,12.0,Services,London,Low,93,255758.95
SME_0049,2025-01-01,719.0,15,14.0,-13.0,False,0.0,True,False,,13.0,Services,London,Low,93,255758.95
SME_0049,2025-02-01,724.0,14,13.333333333333334,-22.0,False,0.0,True,False,,14.0,Services,London,Low,93,255758.95
SME_0049,2025-03-01,715.0,15,13.666666666666666,-13.0,False,0.0,True,False,,15.0,Services,London,Low,93,255758.95
SME_0049,2025-04-01,721.0,11,14.666666666666666,2.0,False,0.0,True,False,,16.0,Services,London,Low,93,255758.95
SME_0049,2025-05-01,709.0,13,13.333333333333334,-15.0,False,0.0,True,False,,17.0,Services,London,Low,93,255758.95
SME_0049,2025-06-01,729.0,10,13.0,14.0,False,0.0,True,False,,18.0,Services,London,Low,93,255758.95
SME_0049,2025-07-01,703.0,13,11.333333333333334,-18.0,False,0.0,True,False,,19.0,Services,London,Low,93,255758.95
SME_0049,2025-08-01,711.0,12,12.0,2.0,True,36334.53,True,False,,20.0,Services,London,Low,93,255758.95
SME_0049,2025-09-01,715.0,17,11.666666666666666,-14.0,False,0.0,True,False,,21.0,Services,London,Low,93,255758.95
SME_0049,2025-10-01,710.0,14,14.0,7.0,False,0.0,True,False,,22.0,Services,London,Low,93,255758.95
SME_0049,2025-11-01,706.0,17,14.333333333333334,-5.0,False,0.0,True,False,,23.0,Services,London,Low,93,255758.95
SME_0049,2025-12-01,723.0,13,16.0,8.0,False,0.0,True,False,,24.0,Services,London,Low,93,255758.95
SME_0049,2026-01-01,740.0,21,14.666666666666666,30.0,True,35459.33,True,False,,25.0,Services,London,Low,93,255758.95
SME_0050,2024-08-01,537.0,7,,,False,0.0,True,False,,18.0,Retail,North West,Medium,88,1054089.84
SME_0050,2024-09-01,522.0,7,7.0,,False,0.0,True,False,,19.0,Retail,North West,Medium,88,1054089.84
SME_0050,2024-10-01,510.0,13,7.0,,False,0.0,True,False,,20.0,Retail,North West,Medium,88,1054089.84
SME_0050,2024-11-01,530.0,6,9.0,-7.0,False,0.0,True,False,,21.0,Retail,North West,Medium,88,1054089.84
SME_0050,2024-12-01,541.0,6,8.666666666666666,19.0,False,0.0,True,False,,22.0,Retail,North West,Medium,88,1054089.84
SME_0050,2025-01-01,573.0,6,8.333333333333334,63.0,False,0.0,True,False,,23.0,Retail,North West,Medium,88,1054089.84
SME_0050,2025-02-01,565.0,7,6.0,35.0,False,0.0,True,False,,24.0,Retail,North West,Medium,88,1054089.84
SME_0050,2025-03-01,567.0,4,6.333333333333333,26.0,False,0.0,True,False,,25.0,Retail,North West,Medium,88,1054089.84
SME_0050,2025-04-01,577.0,9,5.666666666666667,4.0,False,0.0,True,False,,26.0,Retail,North West,Medium,88,1054089.84
SME_0050,2025-05-01,581.0,10,6.666666666666667,16.0,False,0.0,True,False,,27.0,Retail,North West,Medium,88,1054089.84
SME_0050,2025-06-01,585.0,3,7.666666666666667,18.0,False,0.0,True,False,,28.0,Retail,North West,Medium,88,1054089.84
SME_0050,2025-07-01,596.0,7,7.333333333333333,19.0,True,0.0,True,False,,29.0,Retail,North West,Medium,88,1054089.84
SME_0050,2025-08-01,579.0,3,6.666666666666667,-2.0,False,0.0,True,False,,30.0,Retail,North West,Medium,88,1054089.84
SME_0050,2025-09-01,565.0,4,4.333333333333333,-20.0,False,0.0,True,False,,31.0,Retail,North West,Medium,88,1054089.84
SME_0050,2025-10-01,554.0,6,4.666666666666667,-42.0,False,0.0,True,False,,32.0,Retail,North West,Medium,88,1054089.84
SME_0050,2025-11-01,542.0,4,4.333333333333333,-37.0,False,0.0,True,False,,33.0,Retail,North West,Medium,88,1054089.84
SME_0050,2025-12-01,547.0,2,4.666666666666667,-18.0,False,0.0,True,False,,34.0,Retail,North West,Medium,88,1054089.84
SME_0050,2026-01-01,550.0,8,4.0,-4.0,True,0.0,True,False,,35.0,Retail,North West,Medium,88,1054089.84
SME_0051,2024-08-01,449.0,5,,,False,0.0,True,False,,9.0,Retail,North West,High,52,337607.55
SME_0051,2024-09-01,442.0,7,5.0,,False,0.0,True,False,,10.0,Retail,North West,High,52,337607.55
SME_0051,2024-10-01,450.0,8,6.0,,False,0.0,True,False,,11.0,Retail,North West,High,52,337607.55
SME_0051,2024-11-01,471.0,5,6.666666666666667,22.0,False,0.0,True,False,,12.0,Retail,North West,High,52,337607.55
SME_0051,2024-12-01,487.0,6,6.666666666666667,45.0,False,0.0,True,False,,13.0,Retail,North West,High,52,337607.55
SME_0051,2025-01-01,482.0,10,6.333333333333333,32.0,False,0.0,True,False,,14.0,Retail,North West,High,52,337607.55
SME_0051,2025-02-01,467.0,5,7.0,-4.0,False,0.0,True,False,,15.0,Retail,North West,High,52,337607.55
SME_0051,2025-03-01,457.0,5,7.0,-30.0,False,0.0,True,False,,16.0,Retail,North West,High,52,337607.55
SME_0051,2025-04-01,422.0,6,6.666666666666667,-60.0,False,0.0,True,False,,17.0,Retail,North West,High,52,337607.55
SME_0051,2025-05-01,434.0,5,5.333333333333333,-33.0,False,0.0,True,False,,18.0,Retail,North West,High,52,337607.55
SME_0051,2025-06-01,432.0,5,5.333333333333333,-25.0,False,0.0,True,False,,19.0,Retail,North West,High,52,337607.55
SME_0051,2025-07-01,450.0,4,5.333333333333333,28.0,False,0.0,True,False,,20.0,Retail,North West,High,52,337607.55
SME_0051,2025-08-01,455.0,1,4.666666666666667,21.0,False,0.0,True,False,,21.0,Retail,North West,High,52,337607.55
SME_0051,2025-09-01,498.0,4,3.3333333333333335,66.0,True,7159.14,True,False,,22.0,Retail,North West,High,52,337607.55
SME_0051,2025-10-01,488.0,9,3.0,38.0,False,0.0,True,False,,23.0,Retail,North West,High,52,337607.55
SME_0051,2025-11-01,477.0,5,4.666666666666667,22.0,False,0.0,True,False,,24.0,Retail,North West,High,52,337607.55
SME_0051,2025-12-01,463.0,5,6.0,-35.0,False,0.0,True,False,,25.0,Retail,North West,High,52,337607.55
SME_0051,2026-01-01,458.0,2,6.333333333333333,-30.0,False,0.0,True,False,,26.0,Retail,North West,High,52,337607.55
SME_0052,2024-08-01,547.0,9,,,False,0.0,True,False,,18.0,Retail,South East,Medium,26,226431.83
SME_0052,2024-09-01,537.0,8,9.0,,False,0.0,True,False,,19.0,Retail,South East,Medium,26,226431.83
SME_0052,2024-10-01,504.0,9,8.5,,False,0.0,True,False,,20.0,Retail,South East,Medium,26,226431.83
SME_0052,2024-11-01,495.0,5,8.666666666666666,-52.0,False,0.0,True,False,,21.0,Retail,South East,Medium,26,226431.83
SME_0052,2024-12-01,484.0,5,7.333333333333333,-53.0,False,0.0,True,False,,22.0,Retail,South East,Medium,26,226431.83
SME_0052,2025-01-01,480.0,4,6.333333333333333,-24.0,False,0.0,True,False,,23.0,Retail,South East,Medium,26,226431.83
SME_0052,2025-02-01,470.0,4,4.666666666666667,-25.0,True,0.0,True,False,,24.0,Retail,South East,Medium,26,226431.83
SME_0052,2025-03-01,485.0,8,4.333333333333333,1.0,False,0.0,True,False,,25.0,Retail,South East,Medium,26,226431.83
SME_0052,2025-04-01,513.0,6,5.333333333333333,33.0,False,0.0,True,False,,26.0,Retail,South East,Medium,26,226431.83
SME_0052,2025-05-01,504.0,9,6.0,34.0,False,0.0,True,False,,27.0,Retail,South East,Medium,26,226431.83
SME_0052,2025-06-01,524.0,9,7.666666666666667,39.0,False,0.0,True,False,,28.0,Retail,South East,Medium,26,226431.83
SME_0052,2025-07-01,515.0,4,8.0,2.0,False,0.0,True,False,,29.0,Retail,South East,Medium,26,226431.83
SME_0052,2025-08-01,523.0,4,7.333333333333333,19.0,False,0.0,True,False,,30.0,Retail,South East,Medium,26,226431.83
SME_0052,2025-09-01,512.0,5,5.666666666666667,-12.0,False,0.0,True,False,,31.0,Retail,South East,Medium,26,226431.83
SME_0052,2025-10-01,500.0,4,4.333333333333333,-15.0,False,0.0,True,False,,32.0,Retail,South East,Medium,26,226431.83
SME_0052,2025-11-01,484.0,9,4.333333333333333,-39.0,False,0.0,True,False,,33.0,Retail,South East,Medium,26,226431.83
SME_0052,2025-12-01,503.0,4,6.0,-9.0,False,0.0,True,False,,34.0,Retail,South East,Medium,26,226431.83
SME_0052,2026-01-01,507.0,0,5.666666666666667,7.0,False,0.0,True,False,,35.0,Retail,South East,Medium,26,226431.83
SME_0053,2024-08-01,694.0,8,,,False,0.0,True,False,,32.0,Technology,Midlands,Low,165,1042914.4
SME_0053,2024-09-01,685.0,17,8.0,,False,0.0,True,False,,33.0,Technology,Midlands,Low,165,1042914.4
SME_0053,2024-10-01,688.0,14,12.5,,True,10734.65,True,False,,34.0,Technology,Midlands,Low,165,1042914.4
SME_0053,2024-11-01,720.0,12,13.0,26.0,False,0.0,True,False,,35.0,Technology,Midlands,Low,165,1042914.4
SME_0053,2024-12-01,722.0,15,14.333333333333334,37.0,False,0.0,True,False,,36.0,Technology,Midlands,Low,165,1042914.4
SME_0053,2025-01-01,726.0,11,13.666666666666666,38.0,False,0.0,True,False,,37.0,Technology,Midlands,Low,165,1042914.4
SME_0053,2025-02-01,744.0,13,12.666666666666666,24.0,False,0.0,True,False,,38.0,Technology,Midlands,Low,165,1042914.4
SME_0053,2025-03-01,736.0,12,13.0,14.0,False,0.0,True,False,,39.0,Technology,Midlands,Low,165,1042914.4
SME_0053,2025-04-01,717.0,15,12.0,-9.0,True,51731.81,True,False,,40.0,Technology,Midlands,Low,165,1042914.4
SME_0053,2025-05-01,715.0,15,13.333333333333334,-29.0,False,0.0,True,False,,41.0,Technology,Midlands,Low,165,1042914.4
SME_0053,2025-06-01,719.0,20,14.0,-17.0,True,36490.19,True,False,,42.0,Technology,Midlands,Low,165,1042914.4
SME_0053,2025-07-01,713.0,7,16.666666666666668,-4.0,False,0.0,True,False,,43.0,Technology,Midlands,Low,165,1042914.4
SME_0053,2025-08-01,738.0,12,14.0,23.0,False,0.0,True,False,,44.0,Technology,Midlands,Low,165,1042914.4
SME_0053,2025-09-01,724.0,16,13.0,5.0,False,0.0,True,False,,45.0,Technology,Midlands,Low,165,1042914.4
SME_0053,2025-10-01,709.0,14,11.666666666666666,-4.0,True,51592.34,True,False,,46.0,Technology,Midlands,Low,165,1042914.4
SME_0053,2025-11-01,714.0,10,14.0,-24.0,False,0.0,True,False,,47.0,Technology,Midlands,Low,165,1042914.4
SME_0053,2025-12-01,712.0,16,13.333333333333334,-12.0,False,0.0,True,False,,48.0,Technology,Midlands,Low,165,1042914.4
SME_0053,2026-01-01,706.0,11,13.333333333333334,-3.0,True,19474.38,True,False,,49.0,Technology,Midlands,Low,165,1042914.4
SME_0054,2024-08-01,518.0,3,,,False,0.0,True,False,,16.0,Services,Midlands,High,19,46802.21
SME_0054,2024-09-01,512.0,7,3.0,,False,0.0,True,False,,17.0,Services,Midlands,High,19,46802.21
SME_0054,2024-10-01,511.0,3,5.0,,True,0.0,True,False,,18.0,Services,Midlands,High,19,46802.21
SME_0054,2024-11-01,509.0,7,4.333333333333333,-9.0,False,0.0,True,False,,19.0,Services,Midlands,High,19,46802.21
SME_0054,2024-12-01,520.0,4,5.666666666666667,8.0,False,0.0,True,False,,20.0,Services,Midlands,High,19,46802.21
SME_0054,2025-01-01,527.0,6,4.666666666666667,16.0,False,0.0,True,False,,21.0,Services,Midlands,High,19,46802.21
SME_0054,2025-02-01,524.0,3,5.666666666666667,15.0,False,0.0,True,False,,22.0,Services,Midlands,High,19,46802.21
SME_0054,2025-03-01,544.0,6,4.333333333333333,24.0,False,0.0,True,False,,23.0,Services,Midlands,High,19,46802.21
SME_0054,2025-04-01,544.0,0,5.0,17.0,False,0.0,True,False,,24.0,Services,Midlands,High,19,46802.21
SME_0054,2025-05-01,532.0,7,3.0,8.0,False,0.0,True,False,,25.0,Services,Midlands,High,19,46802.21
SME_0054,2025-06-01,536.0,4,4.333333333333333,-8.0,False,0.0,True,False,,26.0,Services,Midlands,High,19,46802.21
SME_0054,2025-07-01,531.0,2,3.6666666666666665,-13.0,False,0.0,True,False,,27.0,Services,Midlands,High,19,46802.21
SME_0054,2025-08-01,518.0,7,4.333333333333333,-14.0,False,0.0,True,False,,28.0,Services,Midlands,High,19,46802.21
SME_0054,2025-09-01,525.0,5,4.333333333333333,-11.0,False,0.0,True,False,,29.0,Services,Midlands,High,19,46802.21
SME_0054,2025-10-01,525.0,4,4.666666666666667,-6.0,True,46520.58,True,False,,30.0,Services,Midlands,High,19,46802.21
SME_0054,2025-11-01,517.0,5,5.333333333333333,-1.0,False,0.0,True,False,,31.0,Services,Midlands,High,19,46802.21
SME_0054,2025-12-01,518.0,7,4.666666666666667,-7.0,True,0.0,True,False,,32.0,Services,Midlands,High,19,46802.21
SME_0054,2026-01-01,515.0,1,5.333333333333333,-10.0,False,0.0,True,False,,33.0,Services,Midlands,High,19,46802.21
SME_0055,2024-08-01,670.0,15,,,False,0.0,True,False,,4.0,Technology,Scotland,Medium,65,77362.47
SME_0055,2024-09-01,669.0,13,15.0,,False,0.0,True,False,,5.0,Technology,Scotland,Medium,65,77362.47
SME_0055,2024-10-01,659.0,12,14.0,,True,54002.79,True,False,,6.0,Technology,Scotland,Medium,65,77362.47
SME_0055,2024-11-01,683.0,15,13.333333333333334,13.0,False,0.0,True,False,,7.0,Technology,Scotland,Medium,65,77362.47
SME_0055,2024-12-01,672.0,8,13.333333333333334,3.0,True,0.0,True,False,,8.0,Technology,Scotland,Medium,65,77362.47
SME_0055,2025-01-01,680.0,17,11.666666666666666,21.0,False,0.0,True,False,,9.0,Technology,Scotland,Medium,65,77362.47
SME_0055,2025-02-01,692.0,12,13.333333333333334,9.0,False,0.0,True,False,,10.0,Technology,Scotland,Medium,65,77362.47
SME_0055,2025-03-01,674.0,9,12.333333333333334,2.0,False,0.0,True,False,,11.0,Technology,Scotland,Medium,65,77362.47
SME_0055,2025-04-01,688.0,10,12.666666666666666,8.0,False,0.0,True,False,,12.0,Technology,Scotland,Medium,65,77362.47
SME_0055,2025-05-01,689.0,11,10.333333333333334,-3.0,False,0.0,True,False,,13.0,Technology,Scotland,Medium,65,77362.47
SME_0055,2025-06-01,690.0,20,10.0,16.0,False,0.0,True,False,,14.0,Technology,Scotland,Medium,65,77362.47
SME_0055,2025-07-01,690.0,16,13.666666666666666,2.0,False,0.0,True,False,,15.0,Technology,Scotland,Medium,65,77362.47
SME_0055,2025-08-01,666.0,10,15.666666666666666,-23.0,False,0.0,True,False,,16.0,Technology,Scotland,Medium,65,77362.47
SME_0055,2025-09-01,667.0,15,15.333333333333334,-23.0,False,0.0,True,False,,17.0,Technology,Scotland,Medium,65,77362.47
SME_0055,2025-10-01,673.0,19,13.666666666666666,-17.0,False,0.0,True,False,,18.0,Technology,Scotland,Medium,65,77362.47
SME_0055,2025-11-01,676.0,13,14.666666666666666,10.0,False,0.0,True,False,,19.0,Technology,Scotland,Medium,65,77362.47
SME_0055,2025-12-01,655.0,15,15.666666666666666,-12.0,False,0.0,True,False,,20.0,Technology,Scotland,Medium,65,77362.47
SME_0055,2026-01-01,658.0,12,15.666666666666666,-15.0,True,31789.94,True,False,,21.0,Technology,Scotland,Medium,65,77362.47
SME_0056,2024-08-01,606.0,15,,,False,0.0,True,False,,12.0,Technology,North West,Medium,133,644306.23
SME_0056,2024-09-01,602.0,8,15.0,,False,0.0,True,False,,13.0,Technology,North West,Medium,133,644306.23
SME_0056,2024-10-01,604.0,9,11.5,,False,0.0,True,False,,14.0,Technology,North West,Medium,133,644306.23
SME_0056,2024-11-01,584.0,11,10.666666666666666,-22.0,False,0.0,True,False,,15.0,Technology,North West,Medium,133,644306.23
SME_0056,2024-12-01,586.0,8,9.333333333333334,-16.0,False,0.0,True,False,,16.0,Technology,North West,Medium,133,644306.23
SME_0056,2025-01-01,582.0,7,9.333333333333334,-22.0,False,0.0,True,False,,17.0,Technology,North West,Medium,133,644306.23
SME_0056,2025-02-01,589.0,12,8.666666666666666,5.0,False,0.0,True,False,,18.0,Technology,North West,Medium,133,644306.23
SME_0056,2025-03-01,568.0,17,9.0,-18.0,False,0.0,True,False,,19.0,Technology,North West,Medium,133,644306.23
SME_0056,2025-04-01,569.0,9,12.0,-13.0,False,0.0,True,False,,20.0,Technology,North West,Medium,133,644306.23
SME_0056,2025-05-01,599.0,17,12.666666666666666,10.0,False,0.0,True,False,,21.0,Technology,North West,Medium,133,644306.23
SME_0056,2025-06-01,618.0,8,14.333333333333334,50.0,True,22679.23,True,False,,22.0,Technology,North West,Medium,133,644306.23
SME_0056,2025-07-01,624.0,6,11.333333333333334,55.0,False,0.0,True,False,,23.0,Technology,North West,Medium,133,644306.23
SME_0056,2025-08-01,615.0,15,10.333333333333334,16.0,False,0.0,True,False,,24.0,Technology,North West,Medium,133,644306.23
SME_0056,2025-09-01,613.0,3,9.666666666666666,-5.0,False,0.0,True,False,,25.0,Technology,North West,Medium,133,644306.23
SME_0056,2025-10-01,610.0,10,8.0,-14.0,False,0.0,True,False,,26.0,Technology,North West,Medium,133,644306.23
SME_0056,2025-11-01,603.0,9,9.333333333333334,-12.0,False,0.0,True,False,,27.0,Technology,North West,Medium,133,644306.23
SME_0056,2025-12-01,611.0,9,7.333333333333333,-2.0,True,0.0,True,False,,28.0,Technology,North West,Medium,133,644306.23
SME_0056,2026-01-01,612.0,16,9.333333333333334,2.0,False,0.0,True,False,,29.0,Technology,North West,Medium,133,644306.23
SME_0057,2024-08-01,637.0,8,,,False,0.0,True,False,,29.0,Manufacturing,South East,Low,27,384020.35
SME_0057,2024-09-01,622.0,15,8.0,,False,0.0,True,False,,30.0,Manufacturing,South East,Low,27,384020.35
SME_0057,2024-10-01,599.0,13,11.5,,True,11207.22,True,False,,31.0,Manufacturing,South East,Low,27,384020.35
SME_0057,2024-11-01,616.0,10,12.0,-21.0,False,0.0,True,False,,32.0,Manufacturing,South East,Low,27,384020.35
SME_0057,2024-12-01,649.0,10,12.666666666666666,27.0,True,0.0,True,False,,33.0,Manufacturing,South East,Low,27,384020.35
SME_0057,2025-01-01,662.0,13,11.0,63.0,False,0.0,True,False,,34.0,Manufacturing,South East,Low,27,384020.35
SME_0057,2025-02-01,655.0,12,11.0,39.0,False,0.0,True,False,,35.0,Manufacturing,South East,Low,27,384020.35
SME_0057,2025-03-01,628.0,9,11.666666666666666,-21.0,True,5841.64,True,False,,36.0,Manufacturing,South East,Low,27,384020.35
SME_0057,2025-04-01,615.0,13,11.333333333333334,-47.0,True,49224.42,True,False,,37.0,Manufacturing,South East,Low,27,384020.35
SME_0057,2025-05-01,623.0,14,11.333333333333334,-32.0,False,0.0,True,False,,38.0,Manufacturing,South East,Low,27,384020.35
SME_0057,2025-06-01,619.0,6,12.0,-9.0,False,0.0,True,False,,39.0,Manufacturing,South East,Low,27,384020.35
SME_0057,2025-07-01,624.0,10,11.0,9.0,False,0.0,True,False,,40.0,Manufacturing,South East,Low,27,384020.35
SME_0057,2025-08-01,615.0,8,10.0,-8.0,False,0.0,True,False,,41.0,Manufacturing,South East,Low,27,384020.35
SME_0057,2025-09-01,620.0,9,8.0,1.0,False,0.0,True,False,,42.0,Manufacturing,South East,Low,27,384020.35
SME_0057,2025-10-01,634.0,11,9.0,10.0,False,0.0,True,False,,43.0,Manufacturing,South East,Low,27,384020.35
SME_0057,2025-11-01,627.0,18,9.333333333333334,12.0,False,0.0,True,False,,44.0,Manufacturing,South East,Low,27,384020.35
SME_0057,2025-12-01,627.0,11,12.666666666666666,7.0,False,0.0,True,False,,45.0,Manufacturing,South East,Low,27,384020.35
SME_0057,2026-01-01,623.0,5,13.333333333333334,-11.0,False,0.0,True,False,,46.0,Manufacturing,South East,Low,27,384020.35
SME_0058,2024-08-01,494.0,7,,,False,0.0,True,False,,19.0,Services,London,Medium,131,315098.07
SME_0058,2024-09-01,509.0,7,7.0,,False,0.0,True,False,,20.0,Services,London,Medium,131,315098.07
SME_0058,2024-10-01,506.0,7,7.0,,False,0.0,True,False,,21.0,Services,London,Medium,131,315098.07
SME_0058,2024-11-01,508.0,9,7.0,14.0,False,0.0,True,False,,22.0,Services,London,Medium,131,315098.07
SME_0058,2024-12-01,510.0,11,7.666666666666667,1.0,False,0.0,True,False,,23.0,Services,London,Medium,131,315098.07
SME_0058,2025-01-01,507.0,6,9.0,1.0,True,0.0,True,False,,24.0,Services,London,Medium,131,315098.07
SME_0058,2025-02-01,541.0,5,8.666666666666666,33.0,False,0.0,True,False,,25.0,Services,London,Medium,131,315098.07
SME_0058,2025-03-01,518.0,8,7.333333333333333,8.0,False,0.0,True,False,,26.0,Services,London,Medium,131,315098.07
SME_0058,2025-04-01,519.0,6,6.333333333333333,12.0,False,0.0,True,False,,27.0,Services,London,Medium,131,315098.07
SME_0058,2025-05-01,524.0,3,6.333333333333333,-17.0,False,0.0,True,False,,28.0,Services,London,Medium,131,315098.07
SME_0058,2025-06-01,497.0,4,5.666666666666667,-21.0,False,0.0,True,False,,29.0,Services,London,Medium,131,315098.07
SME_0058,2025-07-01,499.0,6,4.333333333333333,-20.0,False,0.0,True,False,,30.0,Services,London,Medium,131,315098.07
SME_0058,2025-08-01,507.0,4,4.333333333333333,-17.0,False,0.0,True,False,,31.0,Services,London,Medium,131,315098.07
SME_0058,2025-09-01,494.0,4,4.666666666666667,-3.0,False,0.0,True,False,,32.0,Services,London,Medium,131,315098.07
SME_0058,2025-10-01,489.0,2,4.666666666666667,-10.0,False,0.0,True,False,,33.0,Services,London,Medium,131,315098.07
SME_0058,2025-11-01,484.0,3,3.3333333333333335,-23.0,False,0.0,True,False,,34.0,Services,London,Medium,131,315098.07
SME_0058,2025-12-01,468.0,4,3.0,-26.0,False,0.0,True,False,,35.0,Services,London,Medium,131,315098.07
SME_0058,2026-01-01,457.0,0,3.0,-32.0,False,0.0,True,False,,36.0,Services,London,Medium,131,315098.07
SME_0059,2024-08-01,514.0,11,,,True,0.0,True,False,,21.0,Retail,Midlands,Medium,146,97595.71
SME_0059,2024-09-01,537.0,6,11.0,,False,0.0,True,False,,22.0,Retail,Midlands,Medium,146,97595.71
SME_0059,2024-10-01,540.0,5,8.5,,False,0.0,True,False,,23.0,Retail,Midlands,Medium,146,97595.71
SME_0059,2024-11-01,538.0,8,7.333333333333333,24.0,False,0.0,True,False,,24.0,Retail,Midlands,Medium,146,97595.71
SME_0059,2024-12-01,549.0,7,6.333333333333333,12.0,False,0.0,True,False,,25.0,Retail,Midlands,Medium,146,97595.71
SME_0059,2025-01-01,559.0,12,6.666666666666667,19.0,True,33108.9,True,False,,26.0,Retail,Midlands,Medium,146,97595.71
SME_0059,2025-02-01,554.0,2,9.0,16.0,False,0.0,True,False,,27.0,Retail,Midlands,Medium,146,97595.71
SME_0059,2025-03-01,543.0,4,7.0,-6.0,False,0.0,True,False,,28.0,Retail,Midlands,Medium,146,97595.71
SME_0059,2025-04-01,562.0,7,6.0,3.0,True,0.0,True,False,,29.0,Retail,Midlands,Medium,146,97595.71
SME_0059,2025-05-01,563.0,9,4.333333333333333,9.0,False,0.0,True,False,,30.0,Retail,Midlands,Medium,146,97595.71
SME_0059,2025-06-01,565.0,8,6.666666666666667,22.0,False,0.0,True,False,,31.0,Retail,Midlands,Medium,146,97595.71
SME_0059,2025-07-01,556.0,6,8.0,-6.0,False,0.0,True,False,,32.0,Retail,Midlands,Medium,146,97595.71
SME_0059,2025-08-01,562.0,10,7.666666666666667,-1.0,False,0.0,True,False,,33.0,Retail,Midlands,Medium,146,97595.71
SME_0059,2025-09-01,548.0,7,8.0,-17.0,False,0.0,True,False,,34.0,Retail,Midlands,Medium,146,97595.71
SME_0059,2025-10-01,539.0,6,7.666666666666667,-17.0,False,0.0,True,False,,35.0,Retail,Midlands,Medium,146,97595.71
SME_0059,2025-11-01,536.0,8,7.666666666666667,-26.0,False,0.0,True,False,,36.0,Retail,Midlands,Medium,146,97595.71
SME_0059,2025-12-01,534.0,9,7.0,-14.0,False,0.0,True,False,,37.0,Retail,Midlands,Medium,146,97595.71
SME_0059,2026-01-01,514.0,3,7.666666666666667,-25.0,False,0.0,True,False,,38.0,Retail,Midlands,Medium,146,97595.71
SME_0060,2024-08-01,520.0,6,,,False,0.0,True,False,,16.0,Retail,Midlands,High,132,231645.11
SME_0060,2024-09-01,517.0,6,6.0,,False,0.0,True,False,,17.0,Retail,Midlands,High,132,231645.11
SME_0060,2024-10-01,505.0,5,6.0,,False,0.0,True,False,,18.0,Retail,Midlands,High,132,231645.11
SME_0060,2024-11-01,513.0,6,5.666666666666667,-7.0,True,0.0,True,False,,19.0,Retail,Midlands,High,132,231645.11
SME_0060,2024-12-01,492.0,7,5.666666666666667,-25.0,False,0.0,True,False,,20.0,Retail,Midlands,High,132,231645.11
SME_0060,2025-01-01,480.0,10,6.0,-25.0,False,0.0,True,False,,21.0,Retail,Midlands,High,132,231645.11
SME_0060,2025-02-01,468.0,6,7.666666666666667,-45.0,False,0.0,True,False,,22.0,Retail,Midlands,High,132,231645.11
SME_0060,2025-03-01,471.0,7,7.666666666666667,-21.0,False,0.0,True,False,,23.0,Retail,Midlands,High,132,231645.11
SME_0060,2025-04-01,468.0,2,7.666666666666667,-12.0,False,0.0,True,False,,24.0,Retail,Midlands,High,132,231645.11
SME_0060,2025-05-01,462.0,8,5.0,-6.0,False,0.0,True,False,,25.0,Retail,Midlands,High,132,231645.11
SME_0060,2025-06-01,464.0,6,5.666666666666667,-7.0,True,0.0,True,False,,26.0,Retail,Midlands,High,132,231645.11
SME_0060,2025-07-01,461.0,4,5.333333333333333,-7.0,False,0.0,True,False,,27.0,Retail,Midlands,High,132,231645.11
SME_0060,2025-08-01,470.0,6,6.0,8.0,False,0.0,True,False,,28.0,Retail,Midlands,High,132,231645.11
SME_0060,2025-09-01,445.0,3,5.333333333333333,-19.0,False,0.0,True,False,,29.0,Retail,Midlands,High,132,231645.11
SME_0060,2025-10-01,452.0,3,4.333333333333333,-9.0,False,0.0,True,False,,30.0,Retail,Midlands,High,132,231645.11
SME_0060,2025-11-01,442.0,4,4.0,-28.0,False,0.0,True,False,,31.0,Retail,Midlands,High,132,231645.11
SME_0060,2025-12-01,462.0,2,3.3333333333333335,17.0,False,0.0,True,False,,32.0,Retail,Midlands,High,132,231645.11
SME_0060,2026-01-01,447.0,4,3.0,-5.0,False,0.0,True,False,,33.0,Retail,Midlands,High,132,231645.11
SME_0061,2024-08-01,557.0,6,,,False,0.0,True,False,,11.0,Services,Midlands,Medium,61,1521791.02
SME_0061,2024-09-01,569.0,9,6.0,,False,0.0,True,False,,12.0,Services,Midlands,Medium,61,1521791.02
SME_0061,2024-10-01,554.0,8,7.5,,False,0.0,True,False,,13.0,Services,Midlands,Medium,61,1521791.02
SME_0061,2024-11-01,556.0,6,7.666666666666667,-1.0,False,0.0,True,False,,14.0,Services,Midlands,Medium,61,1521791.02
SME_0061,2024-12-01,558.0,9,7.666666666666667,-11.0,False,0.0,True,False,,15.0,Services,Midlands,Medium,61,1521791.02
SME_0061,2025-01-01,561.0,10,7.666666666666667,7.0,True,40333.79,True,False,,16.0,Services,Midlands,Medium,61,1521791.02
SME_0061,2025-02-01,579.0,9,8.333333333333334,23.0,False,0.0,True,False,,17.0,Services,Midlands,Medium,61,1521791.02
SME_0061,2025-03-01,589.0,7,9.333333333333334,31.0,False,0.0,True,False,,18.0,Services,Midlands,Medium,61,1521791.02
SME_0061,2025-04-01,588.0,4,8.666666666666666,27.0,False,0.0,True,False,,19.0,Services,Midlands,Medium,61,1521791.02
SME_0061,2025-05-01,585.0,4,6.666666666666667,6.0,False,0.0,True,False,,20.0,Services,Midlands,Medium,61,1521791.02
SME_0061,2025-06-01,588.0,8,5.0,-1.0,False,0.0,True,False,,21.0,Services,Midlands,Medium,61,1521791.02
SME_0061,2025-07-01,606.0,7,5.333333333333333,18.0,False,0.0,True,False,,22.0,Services,Midlands,Medium,61,1521791.02
SME_0061,2025-08-01,598.0,9,6.333333333333333,13.0,False,0.0,True,False,,23.0,Services,Midlands,Medium,61,1521791.02
SME_0061,2025-09-01,608.0,13,8.0,20.0,True,0.0,True,False,,24.0,Services,Midlands,Medium,61,1521791.02
SME_0061,2025-10-01,607.0,10,9.666666666666666,1.0,False,0.0,True,False,,25.0,Services,Midlands,Medium,61,1521791.02
SME_0061,2025-11-01,605.0,4,10.666666666666666,7.0,False,0.0,True,False,,26.0,Services,Midlands,Medium,61,1521791.02
SME_0061,2025-12-01,574.0,10,9.0,-34.0,False,0.0,True,False,,27.0,Services,Midlands,Medium,61,1521791.02
SME_0061,2026-01-01,580.0,5,8.0,-27.0,False,0.0,True,False,,28.0,Services,Midlands,Medium,61,1521791.02
SME_0062,2024-08-01,594.0,11,,,False,0.0,True,False,,22.0,Services,Scotland,Low,4,652470.12
SME_0062,2024-09-01,604.0,11,11.0,,True,0.0,True,False,,23.0,Services,Scotland,Low,4,652470.12
SME_0062,2024-10-01,588.0,13,11.0,,False,0.0,True,False,,24.0,Services,Scotland,Low,4,652470.12
SME_0062,2024-11-01,595.0,14,11.666666666666666,1.0,False,0.0,True,False,,25.0,Services,Scotland,Low,4,652470.12
SME_0062,2024-12-01,598.0,11,12.666666666666666,-6.0,False,0.0,True,False,,26.0,Services,Scotland,Low,4,652470.12
SME_0062,2025-01-01,579.0,9,12.666666666666666,-9.0,False,0.0,True,False,,27.0,Services,Scotland,Low,4,652470.12
SME_0062,2025-02-01,579.0,15,11.333333333333334,-16.0,False,0.0,True,False,,28.0,Services,Scotland,Low,4,652470.12
SME_0062,2025-03-01,584.0,9,11.666666666666666,-14.0,False,0.0,True,False,,29.0,Services,Scotland,Low,4,652470.12
SME_0062,2025-04-01,574.0,7,11.0,-5.0,False,0.0,True,False,,30.0,Services,Scotland,Low,4,652470.12
SME_0062,2025-05-01,572.0,11,10.333333333333334,-7.0,False,0.0,True,False,,31.0,Services,Scotland,Low,4,652470.12
SME_0062,2025-06-01,568.0,16,9.0,-16.0,False,0.0,True,False,,32.0,Services,Scotland,Low,4,652470.12
SME_0062,2025-07-01,599.0,9,11.333333333333334,25.0,False,0.0,True,False,,33.0,Services,Scotland,Low,4,652470.12
SME_0062,2025-08-01,600.0,12,12.0,28.0,False,0.0,True,False,,34.0,Services,Scotland,Low,4,652470.12
SME_0062,2025-09-01,590.0,11,12.333333333333334,22.0,False,0.0,True,False,,35.0,Services,Scotland,Low,4,652470.12
SME_0062,2025-10-01,563.0,12,10.666666666666666,-36.0,True,0.0,True,False,,36.0,Services,Scotland,Low,4,652470.12
SME_0062,2025-11-01,561.0,7,11.666666666666666,-39.0,False,0.0,True,False,,37.0,Services,Scotland,Low,4,652470.12
SME_0062,2025-12-01,559.0,7,10.0,-31.0,False,0.0,True,False,,38.0,Services,Scotland,Low,4,652470.12
SME_0062,2026-01-01,594.0,9,8.666666666666666,31.0,True,0.0,True,False,,39.0,Services,Scotland,Low,4,652470.12
SME_0063,2024-08-01,654.0,10,,,False,0.0,True,False,,23.0,Services,South East,Medium,177,413225.99
SME_0063,2024-09-01,653.0,12,10.0,,True,0.0,True,False,,24.0,Services,South East,Medium,177,413225.99
SME_0063,2024-10-01,659.0,10,11.0,,True,0.0,True,False,,25.0,Services,South East,Medium,177,413225.99
SME_0063,2024-11-01,640.0,9,10.666666666666666,-14.0,False,0.0,True,False,,26.0,Services,South East,Medium,177,413225.99
SME_0063,2024-12-01,634.0,12,10.333333333333334,-19.0,False,0.0,True,False,,27.0,Services,South East,Medium,177,413225.99
SME_0063,2025-01-01,623.0,14,10.333333333333334,-36.0,True,47995.07,True,False,,28.0,Services,South East,Medium,177,413225.99
SME_0063,2025-02-01,627.0,9,11.666666666666666,-13.0,False,0.0,True,False,,29.0,Services,South East,Medium,177,413225.99
SME_0063,2025-03-01,625.0,17,11.666666666666666,-9.0,False,0.0,True,False,,30.0,Services,South East,Medium,177,413225.99
SME_0063,2025-04-01,617.0,16,13.333333333333334,-6.0,True,0.0,True,False,,31.0,Services,South East,Medium,177,413225.99
SME_0063,2025-05-01,616.0,6,14.0,-11.0,False,0.0,True,False,,32.0,Services,South East,Medium,177,413225.99
SME_0063,2025-06-01,604.0,12,13.0,-21.0,False,0.0,True,False,,33.0,Services,South East,Medium,177,413225.99
SME_0063,2025-07-01,618.0,9,11.333333333333334,1.0,False,0.0,True,False,,34.0,Services,South East,Medium,177,413225.99
SME_0063,2025-08-01,628.0,11,9.0,12.0,False,0.0,True,False,,35.0,Services,South East,Medium,177,413225.99
SME_0063,2025-09-01,646.0,11,10.666666666666666,42.0,False,0.0,True,False,,36.0,Services,South East,Medium,177,413225.99
SME_0063,2025-10-01,646.0,13,10.333333333333334,28.0,True,11597.46,True,False,,37.0,Services,South East,Medium,177,413225.99
SME_0063,2025-11-01,672.0,14,11.666666666666666,44.0,True,36802.29,True,False,,38.0,Services,South East,Medium,177,413225.99
SME_0063,2025-12-01,643.0,7,12.666666666666666,-3.0,False,0.0,True,False,,39.0,Services,South East,Medium,177,413225.99
SME_0063,2026-01-01,656.0,8,11.333333333333334,10.0,False,0.0,True,False,,40.0,Services,South East,Medium,177,413225.99
SME_0064,2024-08-01,588.0,14,,,False,0.0,True,False,,33.0,Technology,London,Medium,65,239276.85
SME_0064,2024-09-01,575.0,10,14.0,,False,0.0,True,False,,34.0,Technology,London,Medium,65,239276.85
SME_0064,2024-10-01,577.0,13,12.0,,False,0.0,True,False,,35.0,Technology,London,Medium,65,239276.85
SME_0064,2024-11-01,573.0,14,12.333333333333334,-15.0,False,0.0,True,False,,36.0,Technology,London,Medium,65,239276.85
SME_0064,2024-12-01,579.0,13,12.333333333333334,4.0,False,0.0,True,False,,37.0,Technology,London,Medium,65,239276.85
SME_0064,2025-01-01,583.0,12,13.333333333333334,6.0,False,0.0,True,False,,38.0,Technology,London,Medium,65,239276.85
SME_0064,2025-02-01,609.0,8,13.0,36.0,False,0.0,True,False,,39.0,Technology,London,Medium,65,239276.85
SME_0064,2025-03-01,630.0,7,11.0,51.0,True,25588.43,True,False,,39.0,Technology,London,Medium,65,239276.85
SME_0064,2025-04-01,624.0,11,9.0,41.0,False,0.0,True,False,,41.0,Technology,London,Medium,65,239276.85
SME_0064,2025-05-01,630.0,6,8.666666666666666,21.0,False,0.0,True,False,,41.0,Technology,London,Medium,65,239276.85
SME_0064,2025-06-01,616.0,9,8.0,-14.0,False,0.0,True,False,,43.0,Technology,London,Medium,65,239276.85
SME_0064,2025-07-01,608.0,9,8.666666666666666,-16.0,True,22865.42,True,False,,43.0,Technology,London,Medium,65,239276.85
SME_0064,2025-08-01,621.0,11,8.0,-9.0,False,0.0,True,False,,45.0,Technology,London,Medium,65,239276.85
SME_0064,2025-09-01,614.0,17,9.666666666666666,-2.0,True,0.0,True,False,,46.0,Technology,London,Medium,65,239276.85
SME_0064,2025-10-01,620.0,11,12.333333333333334,12.0,False,0.0,True,False,,47.0,Technology,London,Medium,65,239276.85
SME_0064,2025-11-01,618.0,13,13.0,-3.0,False,0.0,True,False,,48.0,Technology,London,Medium,65,239276.85
SME_0064,2025-12-01,621.0,11,13.666666666666666,7.0,False,0.0,True,False,,49.0,Technology,London,Medium,65,239276.85
SME_0064,2026-01-01,632.0,10,11.666666666666666,12.0,False,0.0,True,False,,50.0,Technology,London,Medium,65,239276.85
SME_0065,2024-08-01,678.0,9,,,True,0.0,True,False,,23.0,Services,South East,Low,161,260948.15
SME_0065,2024-09-01,654.0,10,9.0,,False,0.0,True,False,,24.0,Services,South East,Low,161,260948.15
SME_0065,2024-10-01,687.0,7,9.5,,False,0.0,True,False,,25.0,Services,South East,Low,161,260948.15
SME_0065,2024-11-01,673.0,11,8.666666666666666,-5.0,True,20412.42,True,False,,26.0,Services,South East,Low,161,260948.15
SME_0065,2024-12-01,669.0,8,9.333333333333334,15.0,False,0.0,True,False,,27.0,Services,South East,Low,161,260948.15
SME_0065,2025-01-01,658.0,14,8.666666666666666,-29.0,False,0.0,True,False,,28.0,Services,South East,Low,161,260948.15
SME_0065,2025-02-01,646.0,21,11.0,-27.0,False,0.0,True,False,,29.0,Services,South East,Low,161,260948.15
SME_0065,2025-03-01,643.0,11,14.333333333333334,-26.0,False,0.0,True,False,,30.0,Services,South East,Low,161,260948.15
SME_0065,2025-04-01,655.0,7,15.333333333333334,-3.0,False,0.0,True,False,,31.0,Services,South East,Low,161,260948.15
SME_0065,2025-05-01,644.0,8,13.0,-2.0,False,0.0,True,False,,32.0,Services,South East,Low,161,260948.15
SME_0065,2025-06-01,,11,8.666666666666666,,False,0.0,True,False,,33.0,Services,South East,Low,161,260948.15
SME_0065,2025-07-01,646.0,17,8.666666666666666,-9.0,False,0.0,True,False,,34.0,Services,South East,Low,161,260948.15
SME_0065,2025-08-01,647.0,8,12.0,3.0,False,0.0,True,False,,35.0,Services,South East,Low,161,260948.15
SME_0065,2025-09-01,645.0,8,12.0,,False,0.0,True,False,,36.0,Services,South East,Low,161,260948.15
SME_0065,2025-10-01,625.0,11,11.0,-21.0,False,0.0,True,False,,37.0,Services,South East,Low,161,260948.15
SME_0065,2025-11-01,610.0,15,9.0,-37.0,True,42919.16,True,False,,38.0,Services,South East,Low,161,260948.15
SME_0065,2025-12-01,604.0,10,11.333333333333334,-41.0,False,0.0,True,False,,39.0,Services,South East,Low,161,260948.15
SME_0065,2026-01-01,597.0,15,12.0,-28.0,False,0.0,True,False,,40.0,Services,South East,Low,161,260948.15
SME_0066,2024-08-01,600.0,11,,,False,0.0,True,False,,36.0,Services,North West,Medium,40,62659.5
SME_0066,2024-09-01,629.0,6,11.0,,False,0.0,True,False,,37.0,Services,North West,Medium,40,62659.5
SME_0066,2024-10-01,616.0,7,8.5,,False,0.0,True,False,,38.0,Services,North West,Medium,40,62659.5
SME_0066,2024-11-01,616.0,15,8.0,16.0,False,0.0,True,False,,39.0,Services,North West,Medium,40,62659.5
SME_0066,2024-12-01,607.0,9,9.333333333333334,-22.0,False,0.0,True,False,,40.0,Services,North West,Medium,40,62659.5
SME_0066,2025-01-01,612.0,8,10.333333333333334,-4.0,False,0.0,True,False,,41.0,Services,North West,Medium,40,62659.5
SME_0066,2025-02-01,617.0,10,10.666666666666666,1.0,False,0.0,True,False,,42.0,Services,North West,Medium,40,62659.5
SME_0066,2025-03-01,631.0,10,9.0,24.0,False,0.0,True,False,,43.0,Services,North West,Medium,40,62659.5
SME_0066,2025-04-01,642.0,10,9.333333333333334,30.0,False,0.0,True,False,,44.0,Services,North West,Medium,40,62659.5
SME_0066,2025-05-01,641.0,9,10.0,24.0,True,6726.59,True,False,,45.0,Services,North West,Medium,40,62659.5
SME_0066,2025-06-01,663.0,12,9.666666666666666,32.0,True,0.0,True,False,,46.0,Services,North West,Medium,40,62659.5
SME_0066,2025-07-01,652.0,8,10.333333333333334,10.0,True,6945.84,True,False,,47.0,Services,North West,Medium,40,62659.5
SME_0066,2025-08-01,628.0,9,9.666666666666666,-13.0,False,0.0,True,False,,48.0,Services,North West,Medium,40,62659.5
SME_0066,2025-09-01,622.0,11,9.666666666666666,-41.0,False,0.0,True,False,,49.0,Services,North West,Medium,40,62659.5
SME_0066,2025-10-01,622.0,9,9.333333333333334,-30.0,True,0.0,True,False,,50.0,Services,North West,Medium,40,62659.5
SME_0066,2025-11-01,615.0,6,9.666666666666666,-13.0,False,0.0,True,False,,51.0,Services,North West,Medium,40,62659.5
SME_0066,2025-12-01,629.0,8,8.666666666666666,7.0,False,0.0,True,False,,52.0,Services,North West,Medium,40,62659.5
SME_0066,2026-01-01,605.0,14,7.666666666666667,-17.0,False,0.0,True,False,,53.0,Services,North West,Medium,40,62659.5
SME_0067,2024-08-01,566.0,4,,,False,0.0,True,True,12.0,30.0,Services,North West,High,33,359046.34
SME_0067,2024-09-01,572.0,10,4.0,,False,0.0,True,True,11.0,31.0,Services,North West,High,33,359046.34
SME_0067,2024-10-01,566.0,11,7.0,,False,0.0,True,True,10.0,32.0,Services,North West,High,33,359046.34
SME_0067,2024-11-01,559.0,11,8.333333333333334,-7.0,False,0.0,True,True,9.0,33.0,Services,North West,High,33,359046.34
SME_0067,2024-12-01,562.0,9,10.666666666666666,-10.0,False,0.0,True,True,8.0,34.0,Services,North West,High,33,359046.34
SME_0067,2025-01-01,562.0,8,10.333333333333334,-4.0,False,0.0,True,True,7.0,35.0,Services,North West,High,33,359046.34
SME_0067,2025-02-01,547.0,4,9.333333333333334,-12.0,True,0.0,True,True,6.0,36.0,Services,North West,High,33,359046.34
SME_0067,2025-03-01,550.0,5,7.0,-12.0,False,0.0,True,True,5.0,37.0,Services,North West,High,33,359046.34
SME_0067,2025-04-01,535.0,9,5.666666666666667,-27.0,True,0.0,True,True,4.0,38.0,Services,North West,High,33,359046.34
SME_0067,2025-05-01,530.0,8,6.0,-17.0,False,0.0,True,True,3.0,39.0,Services,North West,High,33,359046.34
SME_0067,2025-06-01,521.0,9,7.333333333333333,-29.0,False,0.0,True,True,2.0,40.0,Services,North West,High,33,359046.34
SME_0067,2025-07-01,514.0,10,8.666666666666666,-21.0,False,0.0,True,True,1.0,41.0,Services,North West,High,33,359046.34
SME_0067,2025-08-01,514.0,0,9.0,-16.0,False,0.0,False,True,0.0,42.0,Services,North West,High,33,359046.34
SME_0067,2025-09-01,514.0,0,6.333333333333333,-7.0,False,0.0,False,True,-1.0,43.0,Services,North West,High,33,359046.34
SME_0067,2025-10-01,514.0,0,3.3333333333333335,0.0,False,0.0,False,True,-2.0,44.0,Services,North West,High,33,359046.34
SME_0067,2025-11-01,514.0,0,0.0,0.0,False,0.0,False,True,-3.0,45.0,Services,North West,High,33,359046.34
SME_0067,2025-12-01,514.0,0,0.0,0.0,False,0.0,False,True,-4.0,46.0,Services,North West,High,33,359046.34
SME_0067,2026-01-01,514.0,0,0.0,0.0,False,0.0,False,True,-5.0,47.0,Services,North West,High,33,359046.34
SME_0068,2024-08-01,662.0,13,,,False,0.0,True,False,,4.0,Manufacturing,North West,Low,155,740754.84
SME_0068,2024-09-01,655.0,9,13.0,,False,0.0,True,False,,5.0,Manufacturing,North West,Low,155,740754.84
SME_0068,2024-10-01,662.0,9,11.0,,False,0.0,True,False,,6.0,Manufacturing,North West,Low,155,740754.84
SME_0068,2024-11-01,665.0,15,10.333333333333334,3.0,False,0.0,True,False,,7.0,Manufacturing,North West,Low,155,740754.84
SME_0068,2024-12-01,668.0,16,11.0,13.0,False,0.0,True,False,,8.0,Manufacturing,North West,Low,155,740754.84
SME_0068,2025-01-01,673.0,13,13.333333333333334,11.0,False,0.0,True,False,,9.0,Manufacturing,North West,Low,155,740754.84
SME_0068,2025-02-01,643.0,5,14.666666666666666,-22.0,False,0.0,True,False,,10.0,Manufacturing,North West,Low,155,740754.84
SME_0068,2025-03-01,654.0,11,11.333333333333334,-14.0,False,0.0,True,False,,11.0,Manufacturing,North West,Low,155,740754.84
SME_0068,2025-04-01,644.0,13,9.666666666666666,-29.0,False,0.0,True,False,,12.0,Manufacturing,North West,Low,155,740754.84
SME_0068,2025-05-01,639.0,12,9.666666666666666,-4.0,False,0.0,True,False,,13.0,Manufacturing,North West,Low,155,740754.84
SME_0068,2025-06-01,656.0,8,12.0,2.0,False,0.0,True,False,,14.0,Manufacturing,North West,Low,155,740754.84
SME_0068,2025-07-01,641.0,11,11.0,-3.0,False,0.0,True,False,,15.0,Manufacturing,North West,Low,155,740754.84
SME_0068,2025-08-01,664.0,10,10.333333333333334,25.0,False,0.0,True,False,,16.0,Manufacturing,North West,Low,155,740754.84
SME_0068,2025-09-01,668.0,11,9.666666666666666,12.0,False,0.0,True,False,,17.0,Manufacturing,North West,Low,155,740754.84
SME_0068,2025-10-01,654.0,13,10.666666666666666,13.0,False,0.0,True,False,,18.0,Manufacturing,North West,Low,155,740754.84
SME_0068,2025-11-01,641.0,10,11.333333333333334,-23.0,False,0.0,True,False,,19.0,Manufacturing,North West,Low,155,740754.84
SME_0068,2025-12-01,649.0,6,11.333333333333334,-19.0,False,0.0,True,False,,20.0,Manufacturing,North West,Low,155,740754.84
SME_0068,2026-01-01,669.0,11,9.666666666666666,15.0,False,0.0,True,False,,21.0,Manufacturing,North West,Low,155,740754.84
SME_0069,2024-08-01,635.0,10,,,False,0.0,True,False,,15.0,Retail,Unknown,Medium,188,102275.15
SME_0069,2024-09-01,644.0,12,10.0,,False,0.0,True,False,,16.0,Retail,Unknown,Medium,188,102275.15
SME_0069,2024-10-01,645.0,10,11.0,,False,0.0,True,False,,17.0,Retail,Unknown,Medium,188,102275.15
SME_0069,2024-11-01,659.0,13,10.666666666666666,24.0,True,0.0,True,False,,18.0,Retail,Unknown,Medium,188,102275.15
SME_0069,2024-12-01,669.0,10,11.666666666666666,25.0,False,0.0,True,False,,19.0,Retail,Unknown,Medium,188,102275.15
SME_0069,2025-01-01,669.0,14,11.0,24.0,False,0.0,True,False,,20.0,Retail,Unknown,Medium,188,102275.15
SME_0069,2025-02-01,686.0,12,12.333333333333334,27.0,False,0.0,True,False,,21.0,Retail,Unknown,Medium,188,102275.15
SME_0069,2025-03-01,701.0,12,12.0,32.0,False,0.0,True,False,,22.0,Retail,Unknown,Medium,188,102275.15
SME_0069,2025-04-01,700.0,11,12.666666666666666,31.0,False,0.0,True,False,,23.0,Retail,Unknown,Medium,188,102275.15
SME_0069,2025-05-01,687.0,14,11.666666666666666,1.0,False,0.0,True,False,,24.0,Retail,Unknown,Medium,188,102275.15
SME_0069,2025-06-01,674.0,7,12.333333333333334,-27.0,False,0.0,True,False,,25.0,Retail,Unknown,Medium,188,102275.15
SME_0069,2025-07-01,665.0,16,10.666666666666666,-35.0,False,0.0,True,False,,26.0,Retail,Unknown,Medium,188,102275.15
SME_0069,2025-08-01,662.0,13,12.333333333333334,-25.0,False,0.0,True,False,,27.0,Retail,Unknown,Medium,188,102275.15
SME_0069,2025-09-01,655.0,12,12.0,-19.0,True,21020.99,True,False,,28.0,Retail,Unknown,Medium,188,102275.15
SME_0069,2025-10-01,658.0,9,13.666666666666666,-7.0,False,0.0,True,False,,29.0,Retail,Unknown,Medium,188,102275.15
SME_0069,2025-11-01,634.0,15,11.333333333333334,-28.0,False,0.0,True,False,,30.0,Retail,Unknown,Medium,188,102275.15
SME_0069,2025-12-01,624.0,8,12.0,-31.0,True,0.0,True,False,,31.0,Retail,Unknown,Medium,188,102275.15
SME_0069,2026-01-01,625.0,12,10.666666666666666,-33.0,False,0.0,True,False,,32.0,Retail,Unknown,Medium,188,102275.15
SME_0070,2024-08-01,639.0,13,,,False,0.0,True,False,,14.0,Manufacturing,North West,Low,172,215825.49
SME_0070,2024-09-01,647.0,20,13.0,,False,0.0,True,False,,16.0,Manufacturing,North West,Low,172,215825.49
SME_0070,2024-10-01,669.0,7,16.5,,True,15256.52,True,False,,16.0,Manufacturing,North West,Low,172,215825.49
SME_0070,2024-11-01,660.0,8,13.333333333333334,21.0,False,0.0,True,False,,18.0,Manufacturing,North West,Low,172,215825.49
SME_0070,2024-12-01,642.0,7,11.666666666666666,-5.0,False,0.0,True,False,,18.0,Manufacturing,North West,Low,172,215825.49
SME_0070,2025-01-01,640.0,14,7.333333333333333,-29.0,False,0.0,True,False,,20.0,Manufacturing,North West,Low,172,215825.49
SME_0070,2025-02-01,623.0,18,9.666666666666666,-37.0,False,0.0,True,False,,21.0,Manufacturing,North West,Low,172,215825.49
SME_0070,2025-03-01,628.0,11,13.0,-14.0,False,0.0,True,False,,21.0,Manufacturing,North West,Low,172,215825.49
SME_0070,2025-04-01,631.0,8,14.333333333333334,-9.0,False,0.0,True,False,,22.0,Manufacturing,North West,Low,172,215825.49
SME_0070,2025-05-01,639.0,13,12.333333333333334,16.0,False,0.0,True,False,,23.0,Manufacturing,North West,Low,172,215825.49
SME_0070,2025-06-01,642.0,11,10.666666666666666,14.0,False,0.0,True,False,,24.0,Manufacturing,North West,Low,172,215825.49
SME_0070,2025-07-01,667.0,9,10.666666666666666,36.0,False,0.0,True,False,,25.0,Manufacturing,North West,Low,172,215825.49
SME_0070,2025-08-01,677.0,12,11.0,38.0,False,0.0,True,False,,26.0,Manufacturing,North West,Low,172,215825.49
SME_0070,2025-09-01,689.0,14,10.666666666666666,47.0,True,0.0,True,False,,27.0,Manufacturing,North West,Low,172,215825.49
SME_0070,2025-10-01,693.0,9,11.666666666666666,26.0,True,0.0,True,False,,28.0,Manufacturing,North West,Low,172,215825.49
SME_0070,2025-11-01,690.0,10,11.666666666666666,13.0,False,0.0,True,False,,30.0,Manufacturing,North West,Low,172,215825.49
SME_0070,2025-12-01,696.0,7,11.0,7.0,True,21304.44,True,False,,30.0,Manufacturing,North West,Low,172,215825.49
SME_0070,2026-01-01,686.0,9,8.666666666666666,-7.0,False,0.0,True,False,,32.0,Manufacturing,North West,Low,172,215825.49
SME_0071,2024-08-01,624.0,6,,,False,0.0,True,False,,1.0,Retail,Midlands,Medium,150,137340.12
SME_0071,2024-09-01,630.0,17,6.0,,False,0.0,True,False,,2.0,Retail,Midlands,Medium,150,137340.12
SME_0071,2024-10-01,656.0,7,11.5,,True,53516.61,True,False,,3.0,Retail,Midlands,Medium,150,137340.12
SME_0071,2024-11-01,627.0,11,10.0,3.0,True,0.0,True,False,,4.0,Retail,Midlands,Medium,150,137340.12
SME_0071,2024-12-01,626.0,14,11.666666666666666,-4.0,False,0.0,True,False,,5.0,Retail,Midlands,Medium,150,137340.12
SME_0071,2025-01-01,622.0,4,10.666666666666666,-34.0,True,0.0,True,False,,6.0,Retail,Midlands,Medium,150,137340.12
SME_0071,2025-02-01,634.0,8,9.666666666666666,7.0,False,0.0,True,False,,7.0,Retail,Midlands,Medium,150,137340.12
SME_0071,2025-03-01,633.0,13,8.666666666666666,7.0,False,0.0,True,False,,8.0,Retail,Midlands,Medium,150,137340.12
SME_0071,2025-04-01,611.0,11,8.333333333333334,-11.0,False,0.0,True,False,,9.0,Retail,Midlands,Medium,150,137340.12
SME_0071,2025-05-01,615.0,9,10.666666666666666,-19.0,False,0.0,True,False,,10.0,Retail,Midlands,Medium,150,137340.12
SME_0071,2025-06-01,601.0,12,11.0,-32.0,False,0.0,True,False,,11.0,Retail,Midlands,Medium,150,137340.12
SME_0071,2025-07-01,597.0,12,10.666666666666666,-14.0,False,0.0,True,False,,12.0,Retail,Midlands,Medium,150,137340.12
SME_0071,2025-08-01,599.0,7,11.0,-16.0,False,0.0,True,False,,13.0,Retail,Midlands,Medium,150,137340.12
SME_0071,2025-09-01,591.0,10,10.333333333333334,-10.0,False,0.0,True,False,,14.0,Retail,Midlands,Medium,150,137340.12
SME_0071,2025-10-01,610.0,14,9.666666666666666,13.0,False,0.0,True,False,,15.0,Retail,Midlands,Medium,150,137340.12
SME_0071,2025-11-01,591.0,13,10.333333333333334,-8.0,False,0.0,True,False,,16.0,Retail,Midlands,Medium,150,137340.12
SME_0071,2025-12-01,589.0,10,12.333333333333334,-2.0,False,0.0,True,False,,17.0,Retail,Midlands,Medium,150,137340.12
SME_0071,2026-01-01,585.0,12,12.333333333333334,-25.0,True,0.0,True,False,,18.0,Retail,Midlands,Medium,150,137340.12
SME_0072,2024-08-01,628.0,8,,,False,0.0,True,False,,7.0,Manufacturing,Scotland,Medium,50,154048.75
SME_0072,2024-09-01,626.0,9,8.0,,False,0.0,True,False,,8.0,Manufacturing,Scotland,Medium,50,154048.75
SME_0072,2024-10-01,608.0,6,8.5,,False,0.0,True,False,,9.0,Manufacturing,Scotland,Medium,50,154048.75
SME_0072,2024-11-01,589.0,11,7.666666666666667,-39.0,False,0.0,True,False,,10.0,Manufacturing,Scotland,Medium,50,154048.75
SME_0072,2024-12-01,585.0,10,8.666666666666666,-41.0,False,0.0,True,False,,11.0,Manufacturing,Scotland,Medium,50,154048.75
SME_0072,2025-01-01,583.0,9,9.0,-25.0,True,27172.59,True,False,,12.0,Manufacturing,Scotland,Medium,50,154048.75
SME_0072,2025-02-01,595.0,14,10.0,6.0,False,0.0,True,False,,13.0,Manufacturing,Scotland,Medium,50,154048.75
SME_0072,2025-03-01,578.0,10,11.0,-7.0,False,0.0,True,False,,14.0,Manufacturing,Scotland,Medium,50,154048.75
SME_0072,2025-04-01,570.0,11,11.0,-13.0,False,0.0,True,False,,15.0,Manufacturing,Scotland,Medium,50,154048.75
SME_0072,2025-05-01,576.0,9,11.666666666666666,-19.0,False,0.0,True,False,,16.0,Manufacturing,Scotland,Medium,50,154048.75
SME_0072,2025-06-01,581.0,4,10.0,3.0,False,0.0,True,False,,17.0,Manufacturing,Scotland,Medium,50,154048.75
SME_0072,2025-07-01,581.0,14,8.0,11.0,False,0.0,True,False,,18.0,Manufacturing,Scotland,Medium,50,154048.75
SME_0072,2025-08-01,594.0,13,9.0,18.0,False,0.0,True,False,,19.0,Manufacturing,Scotland,Medium,50,154048.75
SME_0072,2025-09-01,595.0,7,10.333333333333334,14.0,True,31396.87,True,False,,20.0,Manufacturing,Scotland,Medium,50,154048.75
SME_0072,2025-10-01,598.0,11,11.333333333333334,17.0,False,0.0,True,False,,21.0,Manufacturing,Scotland,Medium,50,154048.75
SME_0072,2025-11-01,593.0,17,10.333333333333334,-1.0,False,0.0,True,False,,22.0,Manufacturing,Scotland,Medium,50,154048.75
SME_0072,2025-12-01,588.0,9,11.666666666666666,-7.0,False,0.0,True,False,,23.0,Manufacturing,Scotland,Medium,50,154048.75
SME_0072,2026-01-01,591.0,12,12.333333333333334,-7.0,True,13430.28,True,False,,24.0,Manufacturing,Scotland,Medium,50,154048.75
SME_0073,2024-08-01,771.0,12,,,False,0.0,True,False,,28.0,Technology,North West,Low,182,489045.18
SME_0073,2024-09-01,749.0,12,12.0,,False,0.0,True,False,,29.0,Technology,North West,Low,182,489045.18
SME_0073,2024-10-01,750.0,21,12.0,,False,0.0,True,False,,30.0,Technology,North West,Low,182,489045.18
SME_0073,2024-11-01,758.0,19,15.0,-13.0,False,0.0,True,False,,31.0,Technology,North West,Low,182,489045.18
SME_0073,2024-12-01,759.0,22,17.333333333333332,10.0,False,0.0,True,False,,32.0,Technology,North West,Low,182,489045.18
SME_0073,2025-01-01,755.0,10,20.666666666666668,5.0,False,0.0,True,False,,33.0,Technology,North West,Low,182,489045.18
SME_0073,2025-02-01,754.0,21,17.0,-4.0,False,0.0,True,False,,34.0,Technology,North West,Low,182,489045.18
SME_0073,2025-03-01,766.0,14,17.666666666666668,7.0,False,0.0,True,False,,35.0,Technology,North West,Low,182,489045.18
SME_0073,2025-04-01,787.0,13,15.0,32.0,False,0.0,True,False,,36.0,Technology,North West,Low,182,489045.18
SME_0073,2025-05-01,785.0,21,16.0,31.0,True,74357.71,True,False,,37.0,Technology,North West,Low,182,489045.18
SME_0073,2025-06-01,801.0,18,16.0,35.0,False,0.0,True,False,,38.0,Technology,North West,Low,182,489045.18
SME_0073,2025-07-01,806.0,12,17.333333333333332,19.0,True,81037.99,True,False,,39.0,Technology,North West,Low,182,489045.18
SME_0073,2025-08-01,804.0,15,17.0,19.0,False,0.0,True,False,,40.0,Technology,North West,Low,182,489045.18
SME_0073,2025-09-01,780.0,13,15.0,-21.0,True,21234.4,True,False,,41.0,Technology,North West,Low,182,489045.18
SME_0073,2025-10-01,785.0,23,13.333333333333334,-21.0,True,67273.37,True,False,,42.0,Technology,North West,Low,182,489045.18
SME_0073,2025-11-01,780.0,20,17.0,-24.0,False,0.0,True,False,,43.0,Technology,North West,Low,182,489045.18
SME_0073,2025-12-01,770.0,28,18.666666666666668,-10.0,False,0.0,True,False,,44.0,Technology,North West,Low,182,489045.18
SME_0073,2026-01-01,756.0,16,23.666666666666668,-29.0,False,0.0,True,False,,45.0,Technology,North West,Low,182,489045.18
SME_0074,2024-08-01,560.0,6,,,False,0.0,True,False,,13.0,Retail,Unknown,Medium,133,58900.99
SME_0074,2024-09-01,561.0,12,6.0,,False,0.0,True,False,,14.0,Retail,Unknown,Medium,133,58900.99
SME_0074,2024-10-01,568.0,9,9.0,,False,0.0,True,False,,15.0,Retail,Unknown,Medium,133,58900.99
SME_0074,2024-11-01,555.0,7,9.0,-5.0,False,0.0,True,False,,16.0,Retail,Unknown,Medium,133,58900.99
SME_0074,2024-12-01,522.0,11,9.333333333333334,-39.0,False,0.0,True,False,,17.0,Retail,Unknown,Medium,133,58900.99
SME_0074,2025-01-01,555.0,11,9.0,-13.0,False,0.0,True,False,,18.0,Retail,Unknown,Medium,133,58900.99
SME_0074,2025-02-01,551.0,3,9.666666666666666,-4.0,False,0.0,True,False,,19.0,Retail,Unknown,Medium,133,58900.99
SME_0074,2025-03-01,555.0,13,8.333333333333334,33.0,True,0.0,True,False,,20.0,Retail,Unknown,Medium,133,58900.99
SME_0074,2025-04-01,582.0,18,9.0,27.0,False,0.0,True,False,,21.0,Retail,Unknown,Medium,133,58900.99
SME_0074,2025-05-01,575.0,4,11.333333333333334,24.0,False,0.0,True,False,,22.0,Retail,Unknown,Medium,133,58900.99
SME_0074,2025-06-01,550.0,8,11.666666666666666,-5.0,False,0.0,True,False,,23.0,Retail,Unknown,Medium,133,58900.99
SME_0074,2025-07-01,544.0,12,10.0,-38.0,False,0.0,True,False,,24.0,Retail,Unknown,Medium,133,58900.99
SME_0074,2025-08-01,550.0,8,8.0,-25.0,True,0.0,True,False,,25.0,Retail,Unknown,Medium,133,58900.99
SME_0074,2025-09-01,530.0,9,9.333333333333334,-20.0,False,0.0,True,False,,26.0,Retail,Unknown,Medium,133,58900.99
SME_0074,2025-10-01,546.0,6,9.666666666666666,2.0,False,0.0,True,False,,27.0,Retail,Unknown,Medium,133,58900.99
SME_0074,2025-11-01,528.0,8,7.666666666666667,-22.0,False,0.0,True,False,,28.0,Retail,Unknown,Medium,133,58900.99
SME_0074,2025-12-01,528.0,6,7.666666666666667,-2.0,False,0.0,True,False,,29.0,Retail,Unknown,Medium,133,58900.99
SME_0074,2026-01-01,510.0,9,6.666666666666667,-36.0,False,0.0,True,False,,30.0,Retail,Unknown,Medium,133,58900.99
SME_0075,2024-08-01,555.0,7,,,False,0.0,True,False,,6.0,Retail,Midlands,High,35,455128.27
SME_0075,2024-09-01,542.0,8,7.0,,True,0.0,True,False,,7.0,Retail,Midlands,High,35,455128.27
SME_0075,2024-10-01,546.0,7,7.5,,False,0.0,True,False,,8.0,Retail,Midlands,High,35,455128.27
SME_0075,2024-11-01,539.0,9,7.333333333333333,-16.0,False,0.0,True,False,,9.0,Retail,Midlands,High,35,455128.27
SME_0075,2024-12-01,558.0,7,8.0,16.0,False,0.0,True,False,,10.0,Retail,Midlands,High,35,455128.27
SME_0075,2025-01-01,554.0,8,7.666666666666667,8.0,False,0.0,True,False,,11.0,Retail,Midlands,High,35,455128.27
SME_0075,2025-02-01,534.0,9,8.0,-5.0,False,0.0,True,False,,12.0,Retail,Midlands,High,35,455128.27
SME_0075,2025-03-01,547.0,5,8.0,-11.0,False,0.0,True,False,,13.0,Retail,Midlands,High,35,455128.27
SME_0075,2025-04-01,546.0,11,7.333333333333333,-8.0,False,0.0,True,False,,14.0,Retail,Midlands,High,35,455128.27
SME_0075,2025-05-01,526.0,2,8.333333333333334,-8.0,False,0.0,True,False,,15.0,Retail,Midlands,High,35,455128.27
SME_0075,2025-06-01,509.0,6,6.0,-38.0,False,0.0,True,False,,16.0,Retail,Midlands,High,35,455128.27
SME_0075,2025-07-01,506.0,4,6.333333333333333,-40.0,False,0.0,True,False,,17.0,Retail,Midlands,High,35,455128.27
SME_0075,2025-08-01,505.0,7,4.0,-21.0,True,0.0,True,False,,18.0,Retail,Midlands,High,35,455128.27
SME_0075,2025-09-01,505.0,5,5.666666666666667,-4.0,True,0.0,True,False,,19.0,Retail,Midlands,High,35,455128.27
SME_0075,2025-10-01,499.0,3,5.333333333333333,-7.0,False,0.0,True,False,,20.0,Retail,Midlands,High,35,455128.27
SME_0075,2025-11-01,484.0,4,5.0,-21.0,False,0.0,True,False,,21.0,Retail,Midlands,High,35,455128.27
SME_0075,2025-12-01,491.0,11,4.0,-14.0,True,0.0,True,False,,22.0,Retail,Midlands,High,35,455128.27
SME_0075,2026-01-01,498.0,4,6.0,-1.0,False,0.0,True,False,,23.0,Retail,Midlands,High,35,455128.27
SME_0076,2024-08-01,527.0,3,,,False,0.0,True,False,,11.0,Manufacturing,Midlands,High,26,513724.06
SME_0076,2024-09-01,512.0,7,3.0,,False,0.0,True,False,,12.0,Manufacturing,Midlands,High,26,513724.06
SME_0076,2024-10-01,520.0,10,5.0,,False,0.0,True,False,,13.0,Manufacturing,Midlands,High,26,513724.06
SME_0076,2024-11-01,510.0,8,6.666666666666667,-17.0,False,0.0,True,False,,14.0,Manufacturing,Midlands,High,26,513724.06
SME_0076,2024-12-01,504.0,6,8.333333333333334,-8.0,False,0.0,True,False,,15.0,Manufacturing,Midlands,High,26,513724.06
SME_0076,2025-01-01,506.0,5,8.0,-14.0,False,0.0,True,False,,16.0,Manufacturing,Midlands,High,26,513724.06
SME_0076,2025-02-01,494.0,10,6.333333333333333,-16.0,False,0.0,True,False,,17.0,Manufacturing,Midlands,High,26,513724.06
SME_0076,2025-03-01,479.0,1,7.0,-25.0,False,0.0,True,False,,18.0,Manufacturing,Midlands,High,26,513724.06
SME_0076,2025-04-01,497.0,7,5.333333333333333,-9.0,False,0.0,True,False,,19.0,Manufacturing,Midlands,High,26,513724.06
SME_0076,2025-05-01,484.0,4,6.0,-10.0,False,0.0,True,False,,20.0,Manufacturing,Midlands,High,26,513724.06
SME_0076,2025-06-01,510.0,5,4.0,31.0,False,0.0,True,False,,21.0,Manufacturing,Midlands,High,26,513724.06
SME_0076,2025-07-01,525.0,5,5.333333333333333,28.0,True,0.0,True,False,,22.0,Manufacturing,Midlands,High,26,513724.06
SME_0076,2025-08-01,525.0,8,4.666666666666667,41.0,False,0.0,True,False,,23.0,Manufacturing,Midlands,High,26,513724.06
SME_0076,2025-09-01,517.0,4,6.0,7.0,False,0.0,True,False,,24.0,Manufacturing,Midlands,High,26,513724.06
SME_0076,2025-10-01,519.0,1,5.666666666666667,-6.0,False,0.0,True,False,,25.0,Manufacturing,Midlands,High,26,513724.06
SME_0076,2025-11-01,533.0,5,4.333333333333333,8.0,False,0.0,True,False,,26.0,Manufacturing,Midlands,High,26,513724.06
SME_0076,2025-12-01,537.0,2,3.3333333333333335,20.0,False,0.0,True,False,,27.0,Manufacturing,Midlands,High,26,513724.06
SME_0076,2026-01-01,532.0,4,2.6666666666666665,13.0,False,0.0,True,False,,28.0,Manufacturing,Midlands,High,26,513724.06
SME_0077,2024-08-01,569.0,12,,,False,0.0,True,False,,11.0,Manufacturing,Scotland,Medium,174,248497.12
SME_0077,2024-09-01,565.0,10,12.0,,False,0.0,True,False,,12.0,Manufacturing,Scotland,Medium,174,248497.12
SME_0077,2024-10-01,555.0,11,11.0,,False,0.0,True,False,,13.0,Manufacturing,Scotland,Medium,174,248497.12
SME_0077,2024-11-01,576.0,7,11.0,7.0,False,0.0,True,False,,14.0,Manufacturing,Scotland,Medium,174,248497.12
SME_0077,2024-12-01,568.0,11,9.333333333333334,3.0,False,0.0,True,False,,15.0,Manufacturing,Scotland,Medium,174,248497.12
SME_0077,2025-01-01,566.0,9,9.666666666666666,11.0,False,0.0,True,False,,16.0,Manufacturing,Scotland,Medium,174,248497.12
SME_0077,2025-02-01,583.0,5,9.0,7.0,False,0.0,True,False,,17.0,Manufacturing,Scotland,Medium,174,248497.12
SME_0077,2025-03-01,611.0,4,8.333333333333334,43.0,False,0.0,True,False,,18.0,Manufacturing,Scotland,Medium,174,248497.12
SME_0077,2025-04-01,583.0,7,6.0,17.0,False,0.0,True,False,,19.0,Manufacturing,Scotland,Medium,174,248497.12
SME_0077,2025-05-01,576.0,11,5.333333333333333,-7.0,False,0.0,True,False,,20.0,Manufacturing,Scotland,Medium,174,248497.12
SME_0077,2025-06-01,573.0,7,7.333333333333333,-38.0,False,0.0,True,False,,21.0,Manufacturing,Scotland,Medium,174,248497.12
SME_0077,2025-07-01,598.0,5,8.333333333333334,15.0,False,0.0,True,False,,22.0,Manufacturing,Scotland,Medium,174,248497.12
SME_0077,2025-08-01,613.0,2,7.666666666666667,37.0,False,0.0,True,False,,23.0,Manufacturing,Scotland,Medium,174,248497.12
SME_0077,2025-09-01,604.0,8,4.666666666666667,31.0,False,0.0,True,False,,24.0,Manufacturing,Scotland,Medium,174,248497.12
SME_0077,2025-10-01,578.0,5,5.0,-20.0,False,0.0,True,False,,25.0,Manufacturing,Scotland,Medium,174,248497.12
SME_0077,2025-11-01,553.0,4,5.0,-60.0,False,0.0,True,False,,26.0,Manufacturing,Scotland,Medium,174,248497.12
SME_0077,2025-12-01,540.0,1,5.666666666666667,-64.0,False,0.0,True,False,,27.0,Manufacturing,Scotland,Medium,174,248497.12
SME_0077,2026-01-01,539.0,5,3.3333333333333335,-39.0,False,0.0,True,False,,28.0,Manufacturing,Scotland,Medium,174,248497.12
SME_0078,2024-08-01,522.0,10,,,False,0.0,True,False,,7.0,Services,London,High,55,39527.07
SME_0078,2024-09-01,504.0,8,10.0,,True,0.0,True,False,,8.0,Services,London,High,55,39527.07
SME_0078,2024-10-01,504.0,8,9.0,,True,9360.23,True,False,,9.0,Services,London,High,55,39527.07
SME_0078,2024-11-01,497.0,11,8.666666666666666,-25.0,False,0.0,True,False,,10.0,Services,London,High,55,39527.07
SME_0078,2024-12-01,506.0,6,9.0,2.0,False,0.0,True,False,,11.0,Services,London,High,55,39527.07
SME_0078,2025-01-01,502.0,3,8.333333333333334,-2.0,True,0.0,True,False,,12.0,Services,London,High,55,39527.07
SME_0078,2025-02-01,509.0,10,6.666666666666667,12.0,True,0.0,True,False,,13.0,Services,London,High,55,39527.07
SME_0078,2025-03-01,508.0,5,6.333333333333333,2.0,False,0.0,True,False,,14.0,Services,London,High,55,39527.07
SME_0078,2025-04-01,535.0,4,6.0,33.0,False,0.0,True,False,,15.0,Services,London,High,55,39527.07
SME_0078,2025-05-01,521.0,5,6.333333333333333,12.0,True,40379.82,True,False,,16.0,Services,London,High,55,39527.07
SME_0078,2025-06-01,513.0,6,4.666666666666667,5.0,False,0.0,True,False,,17.0,Services,London,High,55,39527.07
SME_0078,2025-07-01,516.0,9,5.0,-19.0,False,0.0,True,False,,18.0,Services,London,High,55,39527.07
SME_0078,2025-08-01,526.0,8,6.666666666666667,5.0,False,0.0,True,False,,19.0,Services,London,High,55,39527.07
SME_0078,2025-09-01,525.0,8,7.666666666666667,12.0,True,0.0,True,False,,20.0,Services,London,High,55,39527.07
SME_0078,2025-10-01,519.0,4,8.333333333333334,3.0,False,0.0,True,False,,21.0,Services,London,High,55,39527.07
SME_0078,2025-11-01,503.0,3,6.666666666666667,-23.0,False,0.0,True,False,,22.0,Services,London,High,55,39527.07
SME_0078,2025-12-01,522.0,3,5.0,-3.0,False,0.0,True,False,,23.0,Services,London,High,55,39527.07
SME_0078,2026-01-01,530.0,4,3.3333333333333335,11.0,False,0.0,True,False,,24.0,Services,London,High,55,39527.07
SME_0079,2024-08-01,605.0,11,,,False,0.0,True,False,,5.0,Services,North West,Medium,153,146726.65
SME_0079,2024-09-01,584.0,11,11.0,,False,0.0,True,False,,6.0,Services,North West,Medium,153,146726.65
SME_0079,2024-10-01,580.0,14,11.0,,False,0.0,True,False,,7.0,Services,North West,Medium,153,146726.65
SME_0079,2024-11-01,575.0,6,12.0,-30.0,False,0.0,True,False,,8.0,Services,North West,Medium,153,146726.65
SME_0079,2024-12-01,582.0,9,10.333333333333334,-2.0,False,0.0,True,False,,9.0,Services,North West,Medium,153,146726.65
SME_0079,2025-01-01,609.0,4,9.666666666666666,29.0,True,51529.55,True,False,,10.0,Services,North West,Medium,153,146726.65
SME_0079,2025-02-01,609.0,12,6.333333333333333,34.0,True,58233.18,True,False,,11.0,Services,North West,Medium,153,146726.65
SME_0079,2025-03-01,593.0,6,8.333333333333334,11.0,False,0.0,True,False,,11.0,Services,North West,Medium,153,146726.65
SME_0079,2025-04-01,590.0,8,7.333333333333333,-19.0,False,0.0,True,False,,13.0,Services,North West,Medium,153,146726.65
SME_0079,2025-05-01,582.0,11,8.666666666666666,-27.0,False,0.0,True,False,,14.0,Services,North West,Medium,153,146726.65
SME_0079,2025-06-01,564.0,8,8.333333333333334,-29.0,False,0.0,True,False,,15.0,Services,North West,Medium,153,146726.65
SME_0079,2025-07-01,554.0,13,9.0,-36.0,False,0.0,True,False,,16.0,Services,North West,Medium,153,146726.65
SME_0079,2025-08-01,565.0,9,10.666666666666666,-17.0,False,0.0,True,False,,17.0,Services,North West,Medium,153,146726.65
SME_0079,2025-09-01,573.0,9,10.0,9.0,False,0.0,True,False,,18.0,Services,North West,Medium,153,146726.65
SME_0079,2025-10-01,582.0,8,10.333333333333334,28.0,False,0.0,True,False,,19.0,Services,North West,Medium,153,146726.65
SME_0079,2025-11-01,603.0,11,8.666666666666666,38.0,False,0.0,True,False,,20.0,Services,North West,Medium,153,146726.65
SME_0079,2025-12-01,602.0,12,9.333333333333334,29.0,True,0.0,True,False,,21.0,Services,North West,Medium,153,146726.65
SME_0079,2026-01-01,593.0,9,10.333333333333334,11.0,False,0.0,True,False,,22.0,Services,North West,Medium,153,146726.65
SME_0080,2024-08-01,615.0,15,,,True,38385.32,True,False,,28.0,Technology,London,Medium,28,914198.54
SME_0080,2024-09-01,596.0,15,15.0,,False,0.0,True,False,,29.0,Technology,London,Medium,28,914198.54
SME_0080,2024-10-01,596.0,6,15.0,,True,0.0,True,False,,30.0,Technology,London,Medium,28,914198.54
SME_0080,2024-11-01,588.0,14,12.0,-27.0,False,0.0,True,False,,31.0,Technology,London,Medium,28,914198.54
SME_0080,2024-12-01,610.0,10,11.666666666666666,14.0,False,0.0,True,False,,32.0,Technology,London,Medium,28,914198.54
SME_0080,2025-01-01,606.0,7,10.0,10.0,True,0.0,True,False,,33.0,Technology,London,Medium,28,914198.54
SME_0080,2025-02-01,619.0,9,10.333333333333334,31.0,False,0.0,True,False,,34.0,Technology,London,Medium,28,914198.54
SME_0080,2025-03-01,628.0,6,8.666666666666666,18.0,False,0.0,True,False,,35.0,Technology,London,Medium,28,914198.54
SME_0080,2025-04-01,608.0,14,7.333333333333333,2.0,False,0.0,True,False,,36.0,Technology,London,Medium,28,914198.54
SME_0080,2025-05-01,611.0,7,9.666666666666666,-8.0,False,0.0,True,False,,37.0,Technology,London,Medium,28,914198.54
SME_0080,2025-06-01,597.0,11,9.0,-31.0,False,0.0,True,False,,38.0,Technology,London,Medium,28,914198.54
SME_0080,2025-07-01,614.0,8,10.666666666666666,6.0,False,0.0,True,False,,39.0,Technology,London,Medium,28,914198.54
SME_0080,2025-08-01,616.0,10,8.666666666666666,5.0,False,0.0,True,False,,40.0,Technology,London,Medium,28,914198.54
SME_0080,2025-09-01,618.0,12,9.666666666666666,21.0,True,0.0,True,False,,41.0,Technology,London,Medium,28,914198.54
SME_0080,2025-10-01,631.0,14,10.0,17.0,False,0.0,True,False,,42.0,Technology,London,Medium,28,914198.54
SME_0080,2025-11-01,637.0,10,12.0,21.0,False,0.0,True,False,,43.0,Technology,London,Medium,28,914198.54
SME_0080,2025-12-01,632.0,20,12.0,14.0,False,0.0,True,False,,44.0,Technology,London,Medium,28,914198.54
SME_0080,2026-01-01,638.0,12,14.666666666666666,7.0,False,0.0,True,False,,45.0,Technology,London,Medium,28,914198.54
SME_0081,2024-08-01,652.0,14,,,False,0.0,True,False,,30.0,Services,Scotland,Medium,56,38288.41
SME_0081,2024-09-01,641.0,13,14.0,,False,0.0,True,False,,31.0,Services,Scotland,Medium,56,38288.41
SME_0081,2024-10-01,642.0,11,13.5,,False,0.0,True,False,,32.0,Services,Scotland,Medium,56,38288.41
SME_0081,2024-11-01,649.0,8,12.666666666666666,-3.0,False,0.0,True,False,,33.0,Services,Scotland,Medium,56,38288.41
SME_0081,2024-12-01,648.0,7,10.666666666666666,7.0,False,0.0,True,False,,34.0,Services,Scotland,Medium,56,38288.41
SME_0081,2025-01-01,668.0,15,8.666666666666666,26.0,False,0.0,True,False,,35.0,Services,Scotland,Medium,56,38288.41
SME_0081,2025-02-01,670.0,15,10.0,21.0,True,25473.47,True,False,,36.0,Services,Scotland,Medium,56,38288.41
SME_0081,2025-03-01,682.0,11,12.333333333333334,34.0,True,38798.46,True,False,,37.0,Services,Scotland,Medium,56,38288.41
SME_0081,2025-04-01,668.0,15,13.666666666666666,0.0,False,0.0,True,False,,38.0,Services,Scotland,Medium,56,38288.41
SME_0081,2025-05-01,662.0,17,13.666666666666666,-8.0,True,65226.81,True,False,,39.0,Services,Scotland,Medium,56,38288.41
SME_0081,2025-06-01,639.0,12,14.333333333333334,-43.0,True,7133.99,True,False,,40.0,Services,Scotland,Medium,56,38288.41
SME_0081,2025-07-01,617.0,8,14.666666666666666,-51.0,False,0.0,True,False,,41.0,Services,Scotland,Medium,56,38288.41
SME_0081,2025-08-01,628.0,6,12.333333333333334,-34.0,False,0.0,True,False,,42.0,Services,Scotland,Medium,56,38288.41
SME_0081,2025-09-01,634.0,10,8.666666666666666,-5.0,True,0.0,True,False,,43.0,Services,Scotland,Medium,56,38288.41
SME_0081,2025-10-01,664.0,12,8.0,47.0,False,0.0,True,False,,44.0,Services,Scotland,Medium,56,38288.41
SME_0081,2025-11-01,673.0,18,9.333333333333334,45.0,True,64286.48,True,False,,45.0,Services,Scotland,Medium,56,38288.41
SME_0081,2025-12-01,672.0,7,13.333333333333334,38.0,False,0.0,True,False,,46.0,Services,Scotland,Medium,56,38288.41
SME_0081,2026-01-01,638.0,12,12.333333333333334,-26.0,False,0.0,True,False,,47.0,Services,Scotland,Medium,56,38288.41
SME_0082,2024-08-01,562.0,14,,,False,0.0,True,False,,18.0,Manufacturing,North West,Medium,57,245525.4
SME_0082,2024-09-01,553.0,15,14.0,,True,0.0,True,False,,19.0,Manufacturing,North West,Medium,57,245525.4
SME_0082,2024-10-01,537.0,14,14.5,,False,0.0,True,False,,20.0,Manufacturing,North West,Medium,57,245525.4
SME_0082,2024-11-01,558.0,9,14.333333333333334,-4.0,True,0.0,True,False,,21.0,Manufacturing,North West,Medium,57,245525.4
SME_0082,2024-12-01,555.0,8,12.666666666666666,2.0,False,0.0,True,False,,22.0,Manufacturing,North West,Medium,57,245525.4
SME_0082,2025-01-01,550.0,6,10.333333333333334,13.0,False,0.0,True,False,,23.0,Manufacturing,North West,Medium,57,245525.4
SME_0082,2025-02-01,559.0,15,7.666666666666667,1.0,False,0.0,True,False,,24.0,Manufacturing,North West,Medium,57,245525.4
SME_0082,2025-03-01,559.0,14,9.666666666666666,4.0,False,0.0,True,False,,25.0,Manufacturing,North West,Medium,57,245525.4
SME_0082,2025-04-01,558.0,12,11.666666666666666,8.0,True,38373.48,True,False,,26.0,Manufacturing,North West,Medium,57,245525.4
SME_0082,2025-05-01,564.0,12,13.666666666666666,5.0,False,0.0,True,False,,27.0,Manufacturing,North West,Medium,57,245525.4
SME_0082,2025-06-01,568.0,15,12.666666666666666,9.0,False,0.0,True,False,,28.0,Manufacturing,North West,Medium,57,245525.4
SME_0082,2025-07-01,569.0,7,13.0,11.0,False,0.0,True,False,,29.0,Manufacturing,North West,Medium,57,245525.4
SME_0082,2025-08-01,564.0,18,11.333333333333334,0.0,False,0.0,True,False,,30.0,Manufacturing,North West,Medium,57,245525.4
SME_0082,2025-09-01,586.0,8,13.333333333333334,18.0,False,0.0,True,False,,31.0,Manufacturing,North West,Medium,57,245525.4
SME_0082,2025-10-01,579.0,17,11.0,10.0,False,0.0,True,False,,32.0,Manufacturing,North West,Medium,57,245525.4
SME_0082,2025-11-01,582.0,10,14.333333333333334,18.0,False,0.0,True,False,,33.0,Manufacturing,North West,Medium,57,245525.4
SME_0082,2025-12-01,583.0,5,11.666666666666666,-3.0,False,0.0,True,False,,34.0,Manufacturing,North West,Medium,57,245525.4
SME_0082,2026-01-01,584.0,9,10.666666666666666,5.0,False,0.0,True,False,,35.0,Manufacturing,North West,Medium,57,245525.4
SME_0083,2024-08-01,573.0,15,,,False,0.0,True,False,,23.0,Technology,London,High,56,120804.86
SME_0083,2024-09-01,552.0,14,15.0,,False,0.0,True,False,,24.0,Technology,London,High,56,120804.86
SME_0083,2024-10-01,566.0,12,14.5,,False,0.0,True,False,,25.0,Technology,London,High,56,120804.86
SME_0083,2024-11-01,566.0,5,13.666666666666666,-7.0,False,0.0,True,False,,26.0,Technology,London,High,56,120804.86
SME_0083,2024-12-01,581.0,13,10.333333333333334,29.0,True,0.0,True,False,,27.0,Technology,London,High,56,120804.86
SME_0083,2025-01-01,595.0,2,10.0,29.0,False,0.0,True,False,,28.0,Technology,London,High,56,120804.86
SME_0083,2025-02-01,545.0,7,6.666666666666667,-21.0,False,0.0,True,False,,29.0,Technology,London,High,56,120804.86
SME_0083,2025-03-01,554.0,10,7.333333333333333,-27.0,True,0.0,True,False,,30.0,Technology,London,High,56,120804.86
SME_0083,2025-04-01,546.0,10,6.333333333333333,-49.0,False,0.0,True,False,,31.0,Technology,London,High,56,120804.86
SME_0083,2025-05-01,568.0,12,9.0,23.0,False,0.0,True,False,,32.0,Technology,London,High,56,120804.86
SME_0083,2025-06-01,565.0,10,10.666666666666666,11.0,False,0.0,True,False,,33.0,Technology,London,High,56,120804.86
SME_0083,2025-07-01,590.0,9,10.666666666666666,44.0,False,0.0,True,False,,34.0,Technology,London,High,56,120804.86
SME_0083,2025-08-01,567.0,9,10.333333333333334,-1.0,False,0.0,True,False,,35.0,Technology,London,High,56,120804.86
SME_0083,2025-09-01,553.0,14,9.333333333333334,-12.0,False,0.0,True,False,,36.0,Technology,London,High,56,120804.86
SME_0083,2025-10-01,565.0,5,10.666666666666666,-25.0,False,0.0,True,False,,37.0,Technology,London,High,56,120804.86
SME_0083,2025-11-01,558.0,3,9.333333333333334,-9.0,False,0.0,True,False,,38.0,Technology,London,High,56,120804.86
SME_0083,2025-12-01,556.0,4,7.333333333333333,3.0,False,0.0,True,False,,39.0,Technology,London,High,56,120804.86
SME_0083,2026-01-01,554.0,6,4.0,-11.0,True,47426.06,True,False,,40.0,Technology,London,High,56,120804.86
SME_0084,2024-08-01,630.0,13,,,False,0.0,True,False,,33.0,Retail,South East,Medium,135,684163.7
SME_0084,2024-09-01,630.0,11,13.0,,False,0.0,True,False,,34.0,Retail,South East,Medium,135,684163.7
SME_0084,2024-10-01,654.0,19,12.0,,False,0.0,True,False,,35.0,Retail,South East,Medium,135,684163.7
SME_0084,2024-11-01,640.0,16,14.333333333333334,10.0,False,0.0,True,False,,36.0,Retail,South East,Medium,135,684163.7
SME_0084,2024-12-01,633.0,14,15.333333333333334,3.0,False,0.0,True,False,,37.0,Retail,South East,Medium,135,684163.7
SME_0084,2025-01-01,632.0,12,16.333333333333332,-22.0,False,0.0,True,False,,38.0,Retail,South East,Medium,135,684163.7
SME_0084,2025-02-01,618.0,11,14.0,-22.0,False,0.0,True,False,,39.0,Retail,South East,Medium,135,684163.7
SME_0084,2025-03-01,619.0,11,12.333333333333334,-14.0,False,0.0,True,False,,40.0,Retail,South East,Medium,135,684163.7
SME_0084,2025-04-01,620.0,8,11.333333333333334,-12.0,True,28333.41,True,False,,41.0,Retail,South East,Medium,135,684163.7
SME_0084,2025-05-01,618.0,11,10.0,0.0,True,11353.52,True,False,,42.0,Retail,South East,Medium,135,684163.7
SME_0084,2025-06-01,613.0,13,10.0,-6.0,False,0.0,True,False,,43.0,Retail,South East,Medium,135,684163.7
SME_0084,2025-07-01,610.0,11,10.666666666666666,-10.0,True,55050.14,True,False,,44.0,Retail,South East,Medium,135,684163.7
SME_0084,2025-08-01,607.0,6,11.666666666666666,-11.0,False,0.0,True,False,,45.0,Retail,South East,Medium,135,684163.7
SME_0084,2025-09-01,616.0,13,10.0,3.0,False,0.0,True,False,,46.0,Retail,South East,Medium,135,684163.7
SME_0084,2025-10-01,634.0,13,10.0,24.0,True,0.0,True,False,,47.0,Retail,South East,Medium,135,684163.7
SME_0084,2025-11-01,617.0,13,10.666666666666666,10.0,True,13098.8,True,False,,48.0,Retail,South East,Medium,135,684163.7
SME_0084,2025-12-01,627.0,10,13.0,11.0,False,0.0,True,False,,49.0,Retail,South East,Medium,135,684163.7
SME_0084,2026-01-01,635.0,11,12.0,1.0,False,0.0,True,False,,50.0,Retail,South East,Medium,135,684163.7
SME_0085,2024-08-01,632.0,13,,,False,0.0,True,False,,31.0,Retail,Unknown,Low,182,211494.92
SME_0085,2024-09-01,638.0,7,13.0,,False,0.0,True,False,,32.0,Retail,Unknown,Low,182,211494.92
SME_0085,2024-10-01,641.0,9,10.0,,False,0.0,True,False,,33.0,Retail,Unknown,Low,182,211494.92
SME_0085,2024-11-01,646.0,18,9.666666666666666,14.0,False,0.0,True,False,,34.0,Retail,Unknown,Low,182,211494.92
SME_0085,2024-12-01,637.0,7,11.333333333333334,-1.0,False,0.0,True,False,,35.0,Retail,Unknown,Low,182,211494.92
SME_0085,2025-01-01,646.0,17,11.333333333333334,5.0,False,0.0,True,False,,36.0,Retail,Unknown,Low,182,211494.92
SME_0085,2025-02-01,624.0,7,14.0,-22.0,False,0.0,True,False,,37.0,Retail,Unknown,Low,182,211494.92
SME_0085,2025-03-01,621.0,10,10.333333333333334,-16.0,False,0.0,True,False,,38.0,Retail,Unknown,Low,182,211494.92
SME_0085,2025-04-01,628.0,17,11.333333333333334,-18.0,True,0.0,True,False,,39.0,Retail,Unknown,Low,182,211494.92
SME_0085,2025-05-01,623.0,14,11.333333333333334,-1.0,False,0.0,True,False,,40.0,Retail,Unknown,Low,182,211494.92
SME_0085,2025-06-01,645.0,18,13.666666666666666,24.0,False,0.0,True,False,,41.0,Retail,Unknown,Low,182,211494.92
SME_0085,2025-07-01,645.0,14,16.333333333333332,17.0,True,53279.24,True,False,,42.0,Retail,Unknown,Low,182,211494.92
SME_0085,2025-08-01,624.0,16,15.333333333333334,1.0,False,0.0,True,False,,43.0,Retail,Unknown,Low,182,211494.92
SME_0085,2025-09-01,631.0,13,16.0,-14.0,False,0.0,True,False,,44.0,Retail,Unknown,Low,182,211494.92
SME_0085,2025-10-01,607.0,7,14.333333333333334,-38.0,False,0.0,True,False,,45.0,Retail,Unknown,Low,182,211494.92
SME_0085,2025-11-01,600.0,17,12.0,-24.0,False,0.0,True,False,,46.0,Retail,Unknown,Low,182,211494.92
SME_0085,2025-12-01,620.0,11,12.333333333333334,-11.0,False,0.0,True,False,,47.0,Retail,Unknown,Low,182,211494.92
SME_0085,2026-01-01,623.0,8,11.666666666666666,16.0,False,0.0,True,False,,48.0,Retail,Unknown,Low,182,211494.92
SME_0086,2024-08-01,595.0,11,,,False,0.0,True,False,,2.0,Retail,London,Medium,182,442491.42
SME_0086,2024-09-01,606.0,9,11.0,,True,26615.75,True,False,,3.0,Retail,London,Medium,182,442491.42
SME_0086,2024-10-01,594.0,10,10.0,,False,0.0,True,False,,4.0,Retail,London,Medium,182,442491.42
SME_0086,2024-11-01,584.0,13,10.0,-11.0,False,0.0,True,False,,5.0,Retail,London,Medium,182,442491.42
SME_0086,2024-12-01,581.0,12,10.666666666666666,-25.0,False,0.0,True,False,,6.0,Retail,London,Medium,182,442491.42
SME_0086,2025-01-01,587.0,9,11.666666666666666,-7.0,False,0.0,True,False,,7.0,Retail,London,Medium,182,442491.42
SME_0086,2025-02-01,578.0,12,11.333333333333334,-6.0,True,20749.53,True,False,,8.0,Retail,London,Medium,182,442491.42
SME_0086,2025-03-01,575.0,12,11.0,-6.0,False,0.0,True,False,,9.0,Retail,London,Medium,182,442491.42
SME_0086,2025-04-01,579.0,9,11.0,-8.0,False,0.0,True,False,,10.0,Retail,London,Medium,182,442491.42
SME_0086,2025-05-01,569.0,14,11.0,-9.0,False,0.0,True,False,,11.0,Retail,London,Medium,182,442491.42
SME_0086,2025-06-01,549.0,12,11.666666666666666,-26.0,False,0.0,True,False,,12.0,Retail,London,Medium,182,442491.42
SME_0086,2025-07-01,547.0,14,11.666666666666666,-32.0,True,0.0,True,False,,13.0,Retail,London,Medium,182,442491.42
SME_0086,2025-08-01,546.0,16,13.333333333333334,-23.0,False,0.0,True,False,,14.0,Retail,London,Medium,182,442491.42
SME_0086,2025-09-01,530.0,9,14.0,-19.0,False,0.0,True,False,,15.0,Retail,London,Medium,182,442491.42
SME_0086,2025-10-01,553.0,7,13.0,6.0,False,0.0,True,False,,16.0,Retail,London,Medium,182,442491.42
SME_0086,2025-11-01,558.0,16,10.666666666666666,12.0,True,0.0,True,False,,17.0,Retail,London,Medium,182,442491.42
SME_0086,2025-12-01,565.0,5,10.666666666666666,35.0,False,0.0,True,False,,18.0,Retail,London,Medium,182,442491.42
SME_0086,2026-01-01,572.0,9,9.333333333333334,19.0,False,0.0,True,False,,19.0,Retail,London,Medium,182,442491.42
SME_0087,2024-08-01,611.0,13,,,True,0.0,True,True,14.0,34.0,Technology,North West,Medium,148,531875.08
SME_0087,2024-09-01,615.0,11,13.0,,False,0.0,True,True,13.0,35.0,Technology,North West,Medium,148,531875.08
SME_0087,2024-10-01,611.0,13,12.0,,False,0.0,True,True,12.0,36.0,Technology,North West,Medium,148,531875.08
SME_0087,2024-11-01,586.0,11,12.333333333333334,-25.0,False,0.0,True,True,11.0,37.0,Technology,North West,Medium,148,531875.08
SME_0087,2024-12-01,587.0,14,11.666666666666666,-28.0,False,0.0,True,True,10.0,38.0,Technology,North West,Medium,148,531875.08
SME_0087,2025-01-01,597.0,15,12.666666666666666,-14.0,False,0.0,True,True,9.0,39.0,Technology,North West,Medium,148,531875.08
SME_0087,2025-02-01,598.0,9,13.333333333333334,12.0,False,0.0,True,True,8.0,41.0,Technology,North West,Medium,148,531875.08
SME_0087,2025-03-01,613.0,14,12.666666666666666,26.0,False,0.0,True,True,7.0,41.0,Technology,North West,Medium,148,531875.08
SME_0087,2025-04-01,626.0,8,12.666666666666666,29.0,False,0.0,True,True,6.0,42.0,Technology,North West,Medium,148,531875.08
SME_0087,2025-05-01,635.0,12,10.333333333333334,37.0,False,0.0,True,True,5.0,43.0,Technology,North West,Medium,148,531875.08
SME_0087,2025-06-01,634.0,11,11.333333333333334,21.0,False,0.0,True,True,4.0,44.0,Technology,North West,Medium,148,531875.08
SME_0087,2025-07-01,628.0,14,10.333333333333334,2.0,False,0.0,True,True,3.0,45.0,Technology,North West,Medium,148,531875.08
SME_0087,2025-08-01,614.0,14,12.333333333333334,-21.0,True,0.0,True,True,2.0,46.0,Technology,North West,Medium,148,531875.08
SME_0087,2025-09-01,603.0,12,13.0,-31.0,False,0.0,True,True,1.0,47.0,Technology,North West,Medium,148,531875.08
SME_0087,2025-10-01,603.0,0,13.333333333333334,-25.0,False,0.0,False,True,0.0,48.0,Technology,North West,Medium,148,531875.08
SME_0087,2025-11-01,603.0,0,8.666666666666666,-11.0,False,0.0,False,True,-1.0,49.0,Technology,North West,Medium,148,531875.08
SME_0087,2025-12-01,603.0,0,4.0,0.0,False,0.0,False,True,-2.0,50.0,Technology,North West,Medium,148,531875.08
SME_0087,2026-01-01,603.0,0,0.0,0.0,False,0.0,False,True,-3.0,51.0,Technology,North West,Medium,148,531875.08
SME_0088,2024-08-01,605.0,11,,,False,0.0,True,True,11.0,3.0,Services,Scotland,Medium,41,1558530.25
SME_0088,2024-09-01,612.0,10,11.0,,False,0.0,True,True,10.0,4.0,Services,Scotland,Medium,41,1558530.25
SME_0088,2024-10-01,616.0,17,10.5,,False,0.0,True,True,9.0,5.0,Services,Scotland,Medium,41,1558530.25
SME_0088,2024-11-01,642.0,6,12.666666666666666,37.0,False,0.0,True,True,8.0,6.0,Services,Scotland,Medium,41,1558530.25
SME_0088,2024-12-01,656.0,16,11.0,44.0,False,0.0,True,True,7.0,7.0,Services,Scotland,Medium,41,1558530.25
SME_0088,2025-01-01,666.0,10,13.0,50.0,True,30857.7,True,True,6.0,8.0,Services,Scotland,Medium,41,1558530.25
SME_0088,2025-02-01,671.0,3,10.666666666666666,29.0,False,0.0,True,True,5.0,9.0,Services,Scotland,Medium,41,1558530.25
SME_0088,2025-03-01,685.0,7,9.666666666666666,29.0,False,0.0,True,True,4.0,10.0,Services,Scotland,Medium,41,1558530.25
SME_0088,2025-04-01,672.0,16,6.666666666666667,6.0,False,0.0,True,True,3.0,11.0,Services,Scotland,Medium,41,1558530.25
SME_0088,2025-05-01,652.0,11,8.666666666666666,-19.0,False,0.0,True,True,2.0,12.0,Services,Scotland,Medium,41,1558530.25
SME_0088,2025-06-01,654.0,8,11.333333333333334,-31.0,False,0.0,True,True,1.0,13.0,Services,Scotland,Medium,41,1558530.25
SME_0088,2025-07-01,654.0,0,11.666666666666666,-18.0,False,0.0,False,True,0.0,14.0,Services,Scotland,Medium,41,1558530.25
SME_0088,2025-08-01,654.0,0,6.333333333333333,2.0,False,0.0,False,True,-1.0,15.0,Services,Scotland,Medium,41,1558530.25
SME_0088,2025-09-01,654.0,0,2.6666666666666665,0.0,False,0.0,False,True,-2.0,16.0,Services,Scotland,Medium,41,1558530.25
SME_0088,2025-10-01,654.0,0,0.0,0.0,False,0.0,False,True,-3.0,17.0,Services,Scotland,Medium,41,1558530.25
SME_0088,2025-11-01,654.0,0,0.0,0.0,False,0.0,False,True,-4.0,18.0,Services,Scotland,Medium,41,1558530.25
SME_0088,2025-12-01,654.0,0,0.0,0.0,False,0.0,False,True,-5.0,19.0,Services,Scotland,Medium,41,1558530.25
SME_0088,2026-01-01,654.0,0,0.0,0.0,False,0.0,False,True,-6.0,20.0,Services,Scotland,Medium,41,1558530.25
SME_0089,2024-08-01,579.0,9,,,False,0.0,True,False,,2.0,Retail,North West,Medium,192,288339.5
SME_0089,2024-09-01,596.0,11,9.0,,False,0.0,True,False,,3.0,Retail,North West,Medium,192,288339.5
SME_0089,2024-10-01,596.0,11,10.0,,False,0.0,True,False,,4.0,Retail,North West,Medium,192,288339.5
SME_0089,2024-11-01,598.0,13,10.333333333333334,19.0,True,0.0,True,False,,5.0,Retail,North West,Medium,192,288339.5
SME_0089,2024-12-01,607.0,9,11.666666666666666,11.0,False,0.0,True,False,,6.0,Retail,North West,Medium,192,288339.5
SME_0089,2025-01-01,630.0,6,11.0,34.0,False,0.0,True,False,,7.0,Retail,North West,Medium,192,288339.5
SME_0089,2025-02-01,624.0,5,9.333333333333334,26.0,False,0.0,True,False,,8.0,Retail,North West,Medium,192,288339.5
SME_0089,2025-03-01,623.0,6,6.666666666666667,16.0,False,0.0,True,False,,9.0,Retail,North West,Medium,192,288339.5
SME_0089,2025-04-01,623.0,12,5.666666666666667,-7.0,True,49768.26,True,False,,10.0,Retail,North West,Medium,192,288339.5
SME_0089,2025-05-01,612.0,10,7.666666666666667,-12.0,False,0.0,True,False,,11.0,Retail,North West,Medium,192,288339.5
SME_0089,2025-06-01,625.0,6,9.333333333333334,2.0,False,0.0,True,False,,12.0,Retail,North West,Medium,192,288339.5
SME_0089,2025-07-01,639.0,10,9.333333333333334,16.0,False,0.0,True,False,,13.0,Retail,North West,Medium,192,288339.5
SME_0089,2025-08-01,656.0,16,8.666666666666666,44.0,False,0.0,True,False,,14.0,Retail,North West,Medium,192,288339.5
SME_0089,2025-09-01,644.0,8,10.666666666666666,19.0,False,0.0,True,False,,15.0,Retail,North West,Medium,192,288339.5
SME_0089,2025-10-01,628.0,14,11.333333333333334,-11.0,True,51857.96,True,False,,16.0,Retail,North West,Medium,192,288339.5
SME_0089,2025-11-01,626.0,13,12.666666666666666,-30.0,False,0.0,True,False,,17.0,Retail,North West,Medium,192,288339.5
SME_0089,2025-12-01,604.0,7,11.666666666666666,-40.0,False,0.0,True,False,,18.0,Retail,North West,Medium,192,288339.5
SME_0089,2026-01-01,617.0,6,11.333333333333334,-11.0,False,0.0,True,False,,19.0,Retail,North West,Medium,192,288339.5
SME_0090,2024-08-01,555.0,14,,,False,0.0,True,False,,15.0,Services,North West,Medium,108,394101.1
SME_0090,2024-09-01,561.0,12,14.0,,False,0.0,True,False,,16.0,Services,North West,Medium,108,394101.1
SME_0090,2024-10-01,547.0,7,13.0,,False,0.0,True,False,,17.0,Services,North West,Medium,108,394101.1
SME_0090,2024-11-01,543.0,10,11.0,-12.0,False,0.0,True,False,,18.0,Services,North West,Medium,108,394101.1
SME_0090,2024-12-01,548.0,11,9.666666666666666,-13.0,False,0.0,True,False,,19.0,Services,North West,Medium,108,394101.1
SME_0090,2025-01-01,527.0,5,9.333333333333334,-20.0,False,0.0,True,False,,20.0,Services,North West,Medium,108,394101.1
SME_0090,2025-02-01,532.0,13,8.666666666666666,-11.0,False,0.0,True,False,,21.0,Services,North West,Medium,108,394101.1
SME_0090,2025-03-01,540.0,6,9.666666666666666,-8.0,True,0.0,True,False,,22.0,Services,North West,Medium,108,394101.1
SME_0090,2025-04-01,540.0,8,8.0,13.0,False,0.0,True,False,,23.0,Services,North West,Medium,108,394101.1
SME_0090,2025-05-01,537.0,9,9.0,5.0,False,0.0,True,False,,24.0,Services,North West,Medium,108,394101.1
SME_0090,2025-06-01,536.0,5,7.666666666666667,-4.0,False,0.0,True,False,,25.0,Services,North West,Medium,108,394101.1
SME_0090,2025-07-01,564.0,5,7.333333333333333,24.0,True,0.0,True,False,,26.0,Services,North West,Medium,108,394101.1
SME_0090,2025-08-01,556.0,7,6.333333333333333,19.0,False,0.0,True,False,,27.0,Services,North West,Medium,108,394101.1
SME_0090,2025-09-01,547.0,5,5.666666666666667,11.0,False,0.0,True,False,,28.0,Services,North West,Medium,108,394101.1
SME_0090,2025-10-01,541.0,5,5.666666666666667,-23.0,False,0.0,True,False,,29.0,Services,North West,Medium,108,394101.1
SME_0090,2025-11-01,532.0,6,5.666666666666667,-24.0,False,0.0,True,False,,30.0,Services,North West,Medium,108,394101.1
SME_0090,2025-12-01,533.0,3,5.333333333333333,-14.0,False,0.0,True,False,,31.0,Services,North West,Medium,108,394101.1
SME_0090,2026-01-01,526.0,4,4.666666666666667,-15.0,False,0.0,True,False,,32.0,Services,North West,Medium,108,394101.1
SME_0091,2024-08-01,585.0,5,,,False,0.0,True,True,14.0,27.0,Retail,Scotland,Medium,109,93679.5
SME_0091,2024-09-01,590.0,8,5.0,,False,0.0,True,True,13.0,28.0,Retail,Scotland,Medium,109,93679.5
SME_0091,2024-10-01,579.0,7,6.5,,False,0.0,True,True,12.0,29.0,Retail,Scotland,Medium,109,93679.5
SME_0091,2024-11-01,593.0,13,6.666666666666667,8.0,False,0.0,True,True,11.0,30.0,Retail,Scotland,Medium,109,93679.5
SME_0091,2024-12-01,591.0,10,9.333333333333334,1.0,False,0.0,True,True,10.0,31.0,Retail,Scotland,Medium,109,93679.5
SME_0091,2025-01-01,596.0,13,10.0,17.0,False,0.0,True,True,9.0,32.0,Retail,Scotland,Medium,109,93679.5
SME_0091,2025-02-01,601.0,4,12.0,8.0,False,0.0,True,True,8.0,33.0,Retail,Scotland,Medium,109,93679.5
SME_0091,2025-03-01,626.0,3,9.0,35.0,False,0.0,True,True,7.0,34.0,Retail,Scotland,Medium,109,93679.5
SME_0091,2025-04-01,604.0,11,6.666666666666667,8.0,False,0.0,True,True,6.0,35.0,Retail,Scotland,Medium,109,93679.5
SME_0091,2025-05-01,609.0,6,6.0,8.0,False,0.0,True,True,5.0,36.0,Retail,Scotland,Medium,109,93679.5
SME_0091,2025-06-01,606.0,3,6.666666666666667,-20.0,False,0.0,True,True,4.0,37.0,Retail,Scotland,Medium,109,93679.5
SME_0091,2025-07-01,608.0,10,6.666666666666667,4.0,False,0.0,True,True,3.0,38.0,Retail,Scotland,Medium,109,93679.5
SME_0091,2025-08-01,593.0,5,6.333333333333333,-16.0,False,0.0,True,True,2.0,39.0,Retail,Scotland,Medium,109,93679.5
SME_0091,2025-09-01,597.0,5,6.0,-9.0,False,0.0,True,True,1.0,40.0,Retail,Scotland,Medium,109,93679.5
SME_0091,2025-10-01,597.0,0,6.666666666666667,-11.0,False,0.0,False,True,0.0,41.0,Retail,Scotland,Medium,109,93679.5
SME_0091,2025-11-01,597.0,0,3.3333333333333335,4.0,False,0.0,False,True,-1.0,42.0,Retail,Scotland,Medium,109,93679.5
SME_0091,2025-12-01,597.0,0,1.6666666666666667,0.0,False,0.0,False,True,-2.0,43.0,Retail,Scotland,Medium,109,93679.5
SME_0091,2026-01-01,597.0,0,0.0,0.0,False,0.0,False,True,-3.0,44.0,Retail,Scotland,Medium,109,93679.5
SME_0092,2024-08-01,602.0,9,,,False,0.0,True,False,,4.0,Services,South East,Low,140,959744.0
SME_0092,2024-09-01,599.0,18,9.0,,True,0.0,True,False,,5.0,Services,South East,Low,140,959744.0
SME_0092,2024-10-01,601.0,8,13.5,,False,0.0,True,False,,6.0,Services,South East,Low,140,959744.0
SME_0092,2024-11-01,601.0,12,11.666666666666666,-1.0,False,0.0,True,False,,7.0,Services,South East,Low,140,959744.0
SME_0092,2024-12-01,599.0,7,12.666666666666666,0.0,True,48033.71,True,False,,8.0,Services,South East,Low,140,959744.0
SME_0092,2025-01-01,623.0,12,9.0,22.0,False,0.0,True,False,,9.0,Services,South East,Low,140,959744.0
SME_0092,2025-02-01,626.0,16,10.333333333333334,25.0,False,0.0,True,False,,10.0,Services,South East,Low,140,959744.0
SME_0092,2025-03-01,630.0,10,11.666666666666666,31.0,False,0.0,True,False,,11.0,Services,South East,Low,140,959744.0
SME_0092,2025-04-01,638.0,11,12.666666666666666,15.0,False,0.0,True,False,,12.0,Services,South East,Low,140,959744.0
SME_0092,2025-05-01,645.0,16,12.333333333333334,19.0,False,0.0,True,False,,13.0,Services,South East,Low,140,959744.0
SME_0092,2025-06-01,659.0,14,12.333333333333334,29.0,False,0.0,True,False,,14.0,Services,South East,Low,140,959744.0
SME_0092,2025-07-01,670.0,13,13.666666666666666,32.0,False,0.0,True,False,,15.0,Services,South East,Low,140,959744.0
SME_0092,2025-08-01,666.0,21,14.333333333333334,21.0,False,0.0,True,False,,16.0,Services,South East,Low,140,959744.0
SME_0092,2025-09-01,656.0,14,16.0,-3.0,False,0.0,True,False,,17.0,Services,South East,Low,140,959744.0
SME_0092,2025-10-01,646.0,11,16.0,-24.0,False,0.0,True,False,,18.0,Services,South East,Low,140,959744.0
SME_0092,2025-11-01,655.0,15,15.333333333333334,-11.0,True,58119.68,True,False,,19.0,Services,South East,Low,140,959744.0
SME_0092,2025-12-01,655.0,14,13.333333333333334,-1.0,False,0.0,True,False,,20.0,Services,South East,Low,140,959744.0
SME_0092,2026-01-01,656.0,11,13.333333333333334,10.0,False,0.0,True,False,,21.0,Services,South East,Low,140,959744.0
SME_0093,2024-08-01,567.0,15,,,False,0.0,True,False,,11.0,Manufacturing,Midlands,High,154,165950.88
SME_0093,2024-09-01,550.0,10,15.0,,False,0.0,True,False,,12.0,Manufacturing,Midlands,High,154,165950.88
SME_0093,2024-10-01,545.0,6,12.5,,False,0.0,True,False,,13.0,Manufacturing,Midlands,High,154,165950.88
SME_0093,2024-11-01,538.0,9,10.333333333333334,-29.0,True,0.0,True,False,,14.0,Manufacturing,Midlands,High,154,165950.88
SME_0093,2024-12-01,541.0,7,8.333333333333334,-9.0,False,0.0,True,False,,15.0,Manufacturing,Midlands,High,154,165950.88
SME_0093,2025-01-01,556.0,9,7.333333333333333,11.0,False,0.0,True,False,,16.0,Manufacturing,Midlands,High,154,165950.88
SME_0093,2025-02-01,564.0,6,8.333333333333334,26.0,False,0.0,True,False,,17.0,Manufacturing,Midlands,High,154,165950.88
SME_0093,2025-03-01,552.0,6,7.333333333333333,11.0,False,0.0,True,False,,18.0,Manufacturing,Midlands,High,154,165950.88
SME_0093,2025-04-01,557.0,8,7.0,1.0,True,0.0,True,False,,19.0,Manufacturing,Midlands,High,154,165950.88
SME_0093,2025-05-01,573.0,10,6.666666666666667,9.0,False,0.0,True,False,,20.0,Manufacturing,Midlands,High,154,165950.88
SME_0093,2025-06-01,564.0,5,8.0,12.0,False,0.0,True,False,,21.0,Manufacturing,Midlands,High,154,165950.88
SME_0093,2025-07-01,556.0,5,7.666666666666667,-1.0,False,0.0,True,False,,22.0,Manufacturing,Midlands,High,154,165950.88
SME_0093,2025-08-01,559.0,7,6.666666666666667,-14.0,False,0.0,True,False,,23.0,Manufacturing,Midlands,High,154,165950.88
SME_0093,2025-09-01,552.0,6,5.666666666666667,-12.0,True,0.0,True,False,,24.0,Manufacturing,Midlands,High,154,165950.88
SME_0093,2025-10-01,550.0,1,6.0,-6.0,False,0.0,True,False,,25.0,Manufacturing,Midlands,High,154,165950.88
SME_0093,2025-11-01,556.0,3,4.666666666666667,-3.0,False,0.0,True,False,,26.0,Manufacturing,Midlands,High,154,165950.88
SME_0093,2025-12-01,577.0,5,3.3333333333333335,25.0,True,0.0,True,False,,27.0,Manufacturing,Midlands,High,154,165950.88
SME_0093,2026-01-01,561.0,5,3.0,11.0,False,0.0,True,False,,28.0,Manufacturing,Midlands,High,154,165950.88
SME_0094,2024-08-01,620.0,11,,,False,0.0,True,True,11.0,10.0,Manufacturing,Scotland,Low,190,231107.45
SME_0094,2024-09-01,614.0,13,11.0,,True,0.0,True,True,10.0,11.0,Manufacturing,Scotland,Low,190,231107.45
SME_0094,2024-10-01,618.0,18,12.0,,False,0.0,True,True,9.0,12.0,Manufacturing,Scotland,Low,190,231107.45
SME_0094,2024-11-01,612.0,11,14.0,-8.0,False,0.0,True,True,8.0,13.0,Manufacturing,Scotland,Low,190,231107.45
SME_0094,2024-12-01,616.0,16,14.0,2.0,False,0.0,True,True,7.0,14.0,Manufacturing,Scotland,Low,190,231107.45
SME_0094,2025-01-01,637.0,8,15.0,19.0,False,0.0,True,True,6.0,15.0,Manufacturing,Scotland,Low,190,231107.45
SME_0094,2025-02-01,623.0,9,11.666666666666666,11.0,False,0.0,True,True,5.0,16.0,Manufacturing,Scotland,Low,190,231107.45
SME_0094,2025-03-01,617.0,13,11.0,1.0,False,0.0,True,True,4.0,17.0,Manufacturing,Scotland,Low,190,231107.45
SME_0094,2025-04-01,606.0,9,10.0,-31.0,False,0.0,True,True,3.0,18.0,Manufacturing,Scotland,Low,190,231107.45
SME_0094,2025-05-01,610.0,12,10.333333333333334,-13.0,True,0.0,True,True,2.0,19.0,Manufacturing,Scotland,Low,190,231107.45
SME_0094,2025-06-01,587.0,14,11.333333333333334,-30.0,False,0.0,True,True,1.0,20.0,Manufacturing,Scotland,Low,190,231107.45
SME_0094,2025-07-01,587.0,0,11.666666666666666,-19.0,False,0.0,False,True,0.0,21.0,Manufacturing,Scotland,Low,190,231107.45
SME_0094,2025-08-01,587.0,0,8.666666666666666,-23.0,False,0.0,False,True,-1.0,22.0,Manufacturing,Scotland,Low,190,231107.45
SME_0094,2025-09-01,587.0,0,4.666666666666667,0.0,False,0.0,False,True,-2.0,23.0,Manufacturing,Scotland,Low,190,231107.45
SME_0094,2025-10-01,587.0,0,0.0,0.0,False,0.0,False,True,-3.0,24.0,Manufacturing,Scotland,Low,190,231107.45
SME_0094,2025-11-01,587.0,0,0.0,0.0,False,0.0,False,True,-4.0,25.0,Manufacturing,Scotland,Low,190,231107.45
SME_0094,2025-12-01,587.0,0,0.0,0.0,False,0.0,False,True,-5.0,26.0,Manufacturing,Scotland,Low,190,231107.45
SME_0094,2026-01-01,587.0,0,0.0,0.0,False,0.0,False,True,-6.0,27.0,Manufacturing,Scotland,Low,190,231107.45
SME_0095,2024-08-01,505.0,6,,,False,0.0,True,True,12.0,15.0,Manufacturing,London,Medium,116,266440.9
SME_0095,2024-09-01,498.0,6,6.0,,False,0.0,True,True,11.0,16.0,Manufacturing,London,Medium,116,266440.9
SME_0095,2024-10-01,506.0,7,6.0,,False,0.0,True,True,10.0,17.0,Manufacturing,London,Medium,116,266440.9
SME_0095,2024-11-01,511.0,8,6.333333333333333,6.0,True,0.0,True,True,9.0,18.0,Manufacturing,London,Medium,116,266440.9
SME_0095,2024-12-01,500.0,8,7.0,2.0,False,0.0,True,True,8.0,19.0,Manufacturing,London,Medium,116,266440.9
SME_0095,2025-01-01,522.0,7,7.666666666666667,16.0,False,0.0,True,True,7.0,20.0,Manufacturing,London,Medium,116,266440.9
SME_0095,2025-02-01,527.0,5,7.666666666666667,16.0,False,0.0,True,True,6.0,21.0,Manufacturing,London,Medium,116,266440.9
SME_0095,2025-03-01,520.0,5,6.666666666666667,20.0,False,0.0,True,True,5.0,22.0,Manufacturing,London,Medium,116,266440.9
SME_0095,2025-04-01,523.0,2,5.666666666666667,1.0,False,0.0,True,True,4.0,23.0,Manufacturing,London,Medium,116,266440.9
SME_0095,2025-05-01,521.0,4,4.0,-6.0,False,0.0,True,True,3.0,24.0,Manufacturing,London,Medium,116,266440.9
SME_0095,2025-06-01,518.0,3,3.6666666666666665,-2.0,False,0.0,True,True,2.0,25.0,Manufacturing,London,Medium,116,266440.9
SME_0095,2025-07-01,500.0,8,3.0,-23.0,False,0.0,True,True,1.0,26.0,Manufacturing,London,Medium,116,266440.9
SME_0095,2025-08-01,500.0,0,5.0,-21.0,False,0.0,False,True,0.0,27.0,Manufacturing,London,Medium,116,266440.9
SME_0095,2025-09-01,500.0,0,3.6666666666666665,-18.0,False,0.0,False,True,-1.0,28.0,Manufacturing,London,Medium,116,266440.9
SME_0095,2025-10-01,500.0,0,2.6666666666666665,0.0,False,0.0,False,True,-2.0,29.0,Manufacturing,London,Medium,116,266440.9
SME_0095,2025-11-01,500.0,0,0.0,0.0,False,0.0,False,True,-3.0,30.0,Manufacturing,London,Medium,116,266440.9
SME_0095,2025-12-01,500.0,0,0.0,0.0,False,0.0,False,True,-4.0,31.0,Manufacturing,London,Medium,116,266440.9
SME_0095,2026-01-01,500.0,0,0.0,0.0,False,0.0,False,True,-5.0,32.0,Manufacturing,London,Medium,116,266440.9
SME_0096,2024-08-01,705.0,17,,,False,0.0,True,False,,36.0,Services,North West,Low,122,117612.61
SME_0096,2024-09-01,719.0,17,17.0,,False,0.0,True,False,,37.0,Services,North West,Low,122,117612.61
SME_0096,2024-10-01,722.0,6,17.0,,False,0.0,True,False,,38.0,Services,North West,Low,122,117612.61
SME_0096,2024-11-01,738.0,14,13.333333333333334,33.0,True,60941.87,True,False,,39.0,Services,North West,Low,122,117612.61
SME_0096,2024-12-01,731.0,16,12.333333333333334,12.0,False,0.0,True,False,,40.0,Services,North West,Low,122,117612.61
SME_0096,2025-01-01,726.0,17,12.0,4.0,False,0.0,True,False,,41.0,Services,North West,Low,122,117612.61
SME_0096,2025-02-01,712.0,16,15.666666666666666,-26.0,False,0.0,True,False,,42.0,Services,North West,Low,122,117612.61
SME_0096,2025-03-01,710.0,23,16.333333333333332,-21.0,False,0.0,True,False,,43.0,Services,North West,Low,122,117612.61
SME_0096,2025-04-01,715.0,12,18.666666666666668,-11.0,False,0.0,True,False,,44.0,Services,North West,Low,122,117612.61
SME_0096,2025-05-01,699.0,13,17.0,-13.0,False,0.0,True,False,,45.0,Services,North West,Low,122,117612.61
SME_0096,2025-06-01,722.0,20,16.0,12.0,True,76181.41,True,False,,46.0,Services,North West,Low,122,117612.61
SME_0096,2025-07-01,720.0,16,15.0,5.0,False,0.0,True,False,,47.0,Services,North West,Low,122,117612.61
SME_0096,2025-08-01,716.0,21,16.333333333333332,17.0,False,0.0,True,False,,48.0,Services,North West,Low,122,117612.61
SME_0096,2025-09-01,708.0,16,19.0,-14.0,True,26791.9,True,False,,49.0,Services,North West,Low,122,117612.61
SME_0096,2025-10-01,720.0,9,17.666666666666668,0.0,False,0.0,True,False,,50.0,Services,North West,Low,122,117612.61
SME_0096,2025-11-01,715.0,10,15.333333333333334,-1.0,True,16141.42,True,False,,51.0,Services,North West,Low,122,117612.61
SME_0096,2025-12-01,699.0,10,11.666666666666666,-9.0,False,0.0,True,False,,52.0,Services,North West,Low,122,117612.61
SME_0096,2026-01-01,702.0,12,9.666666666666666,-18.0,False,0.0,True,False,,53.0,Services,North West,Low,122,117612.61
SME_0097,2024-08-01,697.0,10,,,False,0.0,True,False,,13.0,Manufacturing,Midlands,Low,149,479473.94
SME_0097,2024-09-01,696.0,17,10.0,,False,0.0,True,False,,14.0,Manufacturing,Midlands,Low,149,479473.94
SME_0097,2024-10-01,686.0,16,13.5,,True,40300.27,True,False,,15.0,Manufacturing,Midlands,Low,149,479473.94
SME_0097,2024-11-01,667.0,23,14.333333333333334,-30.0,True,0.0,True,False,,16.0,Manufacturing,Midlands,Low,149,479473.94
SME_0097,2024-12-01,684.0,9,18.666666666666668,-12.0,False,0.0,True,False,,17.0,Manufacturing,Midlands,Low,149,479473.94
SME_0097,2025-01-01,669.0,11,16.0,-17.0,True,23146.3,True,False,,18.0,Manufacturing,Midlands,Low,149,479473.94
SME_0097,2025-02-01,662.0,10,14.333333333333334,-5.0,False,0.0,True,False,,19.0,Manufacturing,Midlands,Low,149,479473.94
SME_0097,2025-03-01,664.0,16,10.0,-20.0,False,0.0,True,False,,20.0,Manufacturing,Midlands,Low,149,479473.94
SME_0097,2025-04-01,668.0,15,12.333333333333334,-1.0,False,0.0,True,False,,21.0,Manufacturing,Midlands,Low,149,479473.94
SME_0097,2025-05-01,680.0,15,13.666666666666666,18.0,True,26634.18,True,False,,22.0,Manufacturing,Midlands,Low,149,479473.94
SME_0097,2025-06-01,671.0,13,15.333333333333334,7.0,False,0.0,True,False,,23.0,Manufacturing,Midlands,Low,149,479473.94
SME_0097,2025-07-01,674.0,16,14.333333333333334,6.0,False,0.0,True,False,,24.0,Manufacturing,Midlands,Low,149,479473.94
SME_0097,2025-08-01,686.0,15,14.666666666666666,6.0,False,0.0,True,False,,25.0,Manufacturing,Midlands,Low,149,479473.94
SME_0097,2025-09-01,678.0,8,14.666666666666666,7.0,False,0.0,True,False,,26.0,Manufacturing,Midlands,Low,149,479473.94
SME_0097,2025-10-01,668.0,12,13.0,-6.0,False,0.0,True,False,,27.0,Manufacturing,Midlands,Low,149,479473.94
SME_0097,2025-11-01,696.0,11,11.666666666666666,10.0,True,0.0,True,False,,28.0,Manufacturing,Midlands,Low,149,479473.94
SME_0097,2025-12-01,711.0,14,10.333333333333334,33.0,False,0.0,True,False,,29.0,Manufacturing,Midlands,Low,149,479473.94
SME_0097,2026-01-01,697.0,11,12.333333333333334,29.0,False,0.0,True,False,,30.0,Manufacturing,Midlands,Low,149,479473.94
SME_0098,2024-08-01,529.0,15,,,False,0.0,True,False,,8.0,Retail,North West,Medium,51,617580.51
SME_0098,2024-09-01,554.0,6,15.0,,False,0.0,True,False,,9.0,Retail,North West,Medium,51,617580.51
SME_0098,2024-10-01,562.0,16,10.5,,False,0.0,True,False,,10.0,Retail,North West,Medium,51,617580.51
SME_0098,2024-11-01,573.0,5,12.333333333333334,44.0,True,0.0,True,False,,11.0,Retail,North West,Medium,51,617580.51
SME_0098,2024-12-01,590.0,5,9.0,36.0,False,0.0,True,False,,12.0,Retail,North West,Medium,51,617580.51
SME_0098,2025-01-01,573.0,4,8.666666666666666,11.0,False,0.0,True,False,,13.0,Retail,North West,Medium,51,617580.51
SME_0098,2025-02-01,567.0,5,4.666666666666667,-6.0,True,0.0,True,False,,14.0,Retail,North West,Medium,51,617580.51
SME_0098,2025-03-01,540.0,6,4.666666666666667,-50.0,False,0.0,True,False,,15.0,Retail,North West,Medium,51,617580.51
SME_0098,2025-04-01,550.0,5,5.0,-23.0,False,0.0,True,False,,16.0,Retail,North West,Medium,51,617580.51
SME_0098,2025-05-01,544.0,3,5.333333333333333,-23.0,False,0.0,True,False,,17.0,Retail,North West,Medium,51,617580.51
SME_0098,2025-06-01,541.0,3,4.666666666666667,1.0,False,0.0,True,False,,18.0,Retail,North West,Medium,51,617580.51
SME_0098,2025-07-01,547.0,7,3.6666666666666665,-3.0,False,0.0,True,False,,19.0,Retail,North West,Medium,51,617580.51
SME_0098,2025-08-01,563.0,3,4.333333333333333,19.0,False,0.0,True,False,,20.0,Retail,North West,Medium,51,617580.51
SME_0098,2025-09-01,573.0,8,4.333333333333333,32.0,False,0.0,True,False,,21.0,Retail,North West,Medium,51,617580.51
SME_0098,2025-10-01,563.0,3,6.0,16.0,False,0.0,True,False,,22.0,Retail,North West,Medium,51,617580.51
SME_0098,2025-11-01,563.0,2,4.666666666666667,0.0,False,0.0,True,False,,23.0,Retail,North West,Medium,51,617580.51
SME_0098,2025-12-01,563.0,6,4.333333333333333,-10.0,True,32494.78,True,False,,24.0,Retail,North West,Medium,51,617580.51
SME_0098,2026-01-01,547.0,2,3.6666666666666665,-16.0,False,0.0,True,False,,25.0,Retail,North West,Medium,51,617580.51
SME_0099,2024-08-01,594.0,10,,,False,0.0,True,False,,5.0,Retail,South East,Medium,62,400273.45
SME_0099,2024-09-01,576.0,1,10.0,,False,0.0,True,False,,6.0,Retail,South East,Medium,62,400273.45
SME_0099,2024-10-01,576.0,5,5.5,,False,0.0,True,False,,7.0,Retail,South East,Medium,62,400273.45
SME_0099,2024-11-01,583.0,12,5.333333333333333,-11.0,False,0.0,True,False,,8.0,Retail,South East,Medium,62,400273.45
SME_0099,2024-12-01,608.0,8,6.0,32.0,False,0.0,True,False,,9.0,Retail,South East,Medium,62,400273.45
SME_0099,2025-01-01,611.0,7,8.333333333333334,35.0,False,0.0,True,False,,10.0,Retail,South East,Medium,62,400273.45
SME_0099,2025-02-01,621.0,8,9.0,38.0,False,0.0,True,False,,11.0,Retail,South East,Medium,62,400273.45
SME_0099,2025-03-01,588.0,8,7.666666666666667,-20.0,False,0.0,True,False,,12.0,Retail,South East,Medium,62,400273.45
SME_0099,2025-04-01,582.0,9,7.666666666666667,-29.0,False,0.0,True,False,,13.0,Retail,South East,Medium,62,400273.45
SME_0099,2025-05-01,589.0,11,8.333333333333334,-32.0,False,0.0,True,False,,14.0,Retail,South East,Medium,62,400273.45
SME_0099,2025-06-01,596.0,13,9.333333333333334,8.0,False,0.0,True,False,,15.0,Retail,South East,Medium,62,400273.45
SME_0099,2025-07-01,591.0,8,11.0,9.0,False,0.0,True,False,,16.0,Retail,South East,Medium,62,400273.45
SME_0099,2025-08-01,559.0,5,10.666666666666666,-30.0,False,0.0,True,False,,17.0,Retail,South East,Medium,62,400273.45
SME_0099,2025-09-01,548.0,8,8.666666666666666,-48.0,False,0.0,True,False,,18.0,Retail,South East,Medium,62,400273.45
SME_0099,2025-10-01,573.0,8,7.0,-18.0,False,0.0,True,False,,19.0,Retail,South East,Medium,62,400273.45
SME_0099,2025-11-01,573.0,10,7.0,14.0,False,0.0,True,False,,20.0,Retail,South East,Medium,62,400273.45
SME_0099,2025-12-01,587.0,12,8.666666666666666,39.0,False,0.0,True,False,,21.0,Retail,South East,Medium,62,400273.45
SME_0099,2026-01-01,589.0,13,10.0,16.0,False,0.0,True,False,,22.0,Retail,South East,Medium,62,400273.45
SME_0100,2024-08-01,533.0,8,,,True,0.0,True,False,,8.0,Healthcare,South East,Medium,125,82425.39
SME_0100,2024-09-01,524.0,12,8.0,,False,0.0,True,False,,9.0,Healthcare,South East,Medium,125,82425.39
SME_0100,2024-10-01,531.0,6,10.0,,True,0.0,True,False,,10.0,Healthcare,South East,Medium,125,82425.39
SME_0100,2024-11-01,543.0,7,8.666666666666666,10.0,False,0.0,True,False,,11.0,Healthcare,South East,Medium,125,82425.39
SME_0100,2024-12-01,558.0,11,8.333333333333334,34.0,False,0.0,True,False,,12.0,Healthcare,South East,Medium,125,82425.39
SME_0100,2025-01-01,565.0,8,8.0,34.0,False,0.0,True,False,,13.0,Healthcare,South East,Medium,125,82425.39
SME_0100,2025-02-01,571.0,7,8.666666666666666,28.0,False,0.0,True,False,,14.0,Healthcare,South East,Medium,125,82425.39
SME_0100,2025-03-01,577.0,5,8.666666666666666,19.0,False,0.0,True,False,,15.0,Healthcare,South East,Medium,125,82425.39
SME_0100,2025-04-01,553.0,8,6.666666666666667,-12.0,False,0.0,True,False,,16.0,Healthcare,South East,Medium,125,82425.39
SME_0100,2025-05-01,546.0,2,6.666666666666667,-25.0,False,0.0,True,False,,17.0,Healthcare,South East,Medium,125,82425.39
SME_0100,2025-06-01,558.0,6,5.0,-19.0,False,0.0,True,False,,18.0,Healthcare,South East,Medium,125,82425.39
SME_0100,2025-07-01,541.0,7,5.333333333333333,-12.0,False,0.0,True,False,,19.0,Healthcare,South East,Medium,125,82425.39
SME_0100,2025-08-01,523.0,5,5.0,-23.0,False,0.0,True,False,,20.0,Healthcare,South East,Medium,125,82425.39
SME_0100,2025-09-01,532.0,6,6.0,-26.0,False,0.0,True,False,,21.0,Healthcare,South East,Medium,125,82425.39
SME_0100,2025-10-01,538.0,3,6.0,-3.0,True,0.0,True,False,,22.0,Healthcare,South East,Medium,125,82425.39
SME_0100,2025-11-01,535.0,4,4.666666666666667,12.0,False,0.0,True,False,,23.0,Healthcare,South East,Medium,125,82425.39
SME_0100,2025-12-01,528.0,7,4.333333333333333,-4.0,False,0.0,True,False,,24.0,Healthcare,South East,Medium,125,82425.39
SME_0100,2026-01-01,545.0,3,4.666666666666667,7.0,False,0.0,True,False,,25.0,Healthcare,South East,Medium,125,82425.39
SME_0101,2024-08-01,548.0,5,,,False,0.0,True,False,,6.0,Healthcare,South East,Medium,13,282462.7
SME_0101,2024-09-01,540.0,11,5.0,,False,0.0,True,False,,7.0,Healthcare,South East,Medium,13,282462.7
SME_0101,2024-10-01,577.0,2,8.0,,True,34024.03,True,False,,8.0,Healthcare,South East,Medium,13,282462.7
SME_0101,2024-11-01,581.0,12,6.0,33.0,False,0.0,True,False,,9.0,Healthcare,South East,Medium,13,282462.7
SME_0101,2024-12-01,582.0,8,8.333333333333334,42.0,False,0.0,True,False,,10.0,Healthcare,South East,Medium,13,282462.7
SME_0101,2025-01-01,577.0,13,7.333333333333333,0.0,False,0.0,True,False,,11.0,Healthcare,South East,Medium,13,282462.7
SME_0101,2025-02-01,572.0,12,11.0,-9.0,False,0.0,True,False,,12.0,Healthcare,South East,Medium,13,282462.7
SME_0101,2025-03-01,565.0,8,11.0,-17.0,False,0.0,True,False,,13.0,Healthcare,South East,Medium,13,282462.7
SME_0101,2025-04-01,571.0,8,11.0,-6.0,False,0.0,True,False,,14.0,Healthcare,South East,Medium,13,282462.7
SME_0101,2025-05-01,585.0,11,9.333333333333334,13.0,False,0.0,True,False,,15.0,Healthcare,South East,Medium,13,282462.7
SME_0101,2025-06-01,570.0,14,9.0,5.0,False,0.0,True,False,,16.0,Healthcare,South East,Medium,13,282462.7
SME_0101,2025-07-01,560.0,12,11.0,-11.0,False,0.0,True,False,,17.0,Healthcare,South East,Medium,13,282462.7
SME_0101,2025-08-01,565.0,12,12.333333333333334,-20.0,True,0.0,True,False,,18.0,Healthcare,South East,Medium,13,282462.7
SME_0101,2025-09-01,547.0,10,12.666666666666666,-23.0,False,0.0,True,False,,19.0,Healthcare,South East,Medium,13,282462.7
SME_0101,2025-10-01,541.0,8,11.333333333333334,-19.0,False,0.0,True,False,,20.0,Healthcare,South East,Medium,13,282462.7
SME_0101,2025-11-01,572.0,11,10.0,7.0,False,0.0,True,False,,21.0,Healthcare,South East,Medium,13,282462.7
SME_0101,2025-12-01,575.0,12,9.666666666666666,28.0,False,0.0,True,False,,22.0,Healthcare,South East,Medium,13,282462.7
SME_0101,2026-01-01,571.0,7,10.333333333333334,30.0,True,0.0,True,False,,23.0,Healthcare,South East,Medium,13,282462.7
SME_0102,2024-08-01,607.0,5,,,False,0.0,True,False,,21.0,Services,London,Medium,64,596030.46
SME_0102,2024-09-01,586.0,9,5.0,,True,0.0,True,False,,22.0,Services,London,Medium,64,596030.46
SME_0102,2024-10-01,575.0,12,7.0,,False,0.0,True,False,,23.0,Services,London,Medium,64,596030.46
SME_0102,2024-11-01,590.0,4,8.666666666666666,-17.0,True,39255.1,True,False,,24.0,Services,London,Medium,64,596030.46
SME_0102,2024-12-01,601.0,11,8.333333333333334,15.0,False,0.0,True,False,,25.0,Services,London,Medium,64,596030.46
SME_0102,2025-01-01,589.0,15,9.0,14.0,False,0.0,True,False,,26.0,Services,London,Medium,64,596030.46
SME_0102,2025-02-01,601.0,9,10.0,11.0,True,0.0,True,False,,27.0,Services,London,Medium,64,596030.46
SME_0102,2025-03-01,580.0,16,11.666666666666666,-21.0,True,34579.22,True,False,,28.0,Services,London,Medium,64,596030.46
SME_0102,2025-04-01,581.0,7,13.333333333333334,-8.0,False,0.0,True,False,,29.0,Services,London,Medium,64,596030.46
SME_0102,2025-05-01,568.0,10,10.666666666666666,-33.0,False,0.0,True,False,,30.0,Services,London,Medium,64,596030.46
SME_0102,2025-06-01,571.0,9,11.0,-9.0,True,11342.58,True,False,,31.0,Services,London,Medium,64,596030.46
SME_0102,2025-07-01,568.0,18,8.666666666666666,-13.0,True,54806.38,True,False,,32.0,Services,London,Medium,64,596030.46
SME_0102,2025-08-01,547.0,10,12.333333333333334,-21.0,False,0.0,True,False,,33.0,Services,London,Medium,64,596030.46
SME_0102,2025-09-01,561.0,14,12.333333333333334,-10.0,False,0.0,True,False,,34.0,Services,London,Medium,64,596030.46
SME_0102,2025-10-01,547.0,9,14.0,-21.0,False,0.0,True,False,,35.0,Services,London,Medium,64,596030.46
SME_0102,2025-11-01,544.0,11,11.0,-3.0,True,0.0,True,False,,36.0,Services,London,Medium,64,596030.46
SME_0102,2025-12-01,558.0,15,11.333333333333334,-3.0,False,0.0,True,False,,37.0,Services,London,Medium,64,596030.46
SME_0102,2026-01-01,597.0,12,11.666666666666666,50.0,False,0.0,True,False,,38.0,Services,London,Medium,64,596030.46
SME_0103,2024-08-01,521.0,6,,,False,0.0,True,False,,16.0,Retail,London,Medium,143,59600.53
SME_0103,2024-09-01,514.0,5,6.0,,False,0.0,True,False,,17.0,Retail,London,Medium,143,59600.53
SME_0103,2024-10-01,504.0,8,5.5,,False,0.0,True,False,,18.0,Retail,London,Medium,143,59600.53
SME_0103,2024-11-01,504.0,5,6.333333333333333,-17.0,False,0.0,True,False,,19.0,Retail,London,Medium,143,59600.53
SME_0103,2024-12-01,512.0,4,6.0,-2.0,False,0.0,True,False,,20.0,Retail,London,Medium,143,59600.53
SME_0103,2025-01-01,522.0,4,5.666666666666667,18.0,False,0.0,True,False,,21.0,Retail,London,Medium,143,59600.53
SME_0103,2025-02-01,523.0,2,4.333333333333333,19.0,False,0.0,True,False,,22.0,Retail,London,Medium,143,59600.53
SME_0103,2025-03-01,537.0,6,3.3333333333333335,25.0,False,0.0,True,False,,23.0,Retail,London,Medium,143,59600.53
SME_0103,2025-04-01,536.0,4,4.0,14.0,False,0.0,True,False,,24.0,Retail,London,Medium,143,59600.53
SME_0103,2025-05-01,514.0,3,4.0,-9.0,False,0.0,True,False,,25.0,Retail,London,Medium,143,59600.53
SME_0103,2025-06-01,506.0,7,4.333333333333333,-31.0,False,0.0,True,False,,26.0,Retail,London,Medium,143,59600.53
SME_0103,2025-07-01,506.0,3,4.666666666666667,-30.0,False,0.0,True,False,,27.0,Retail,London,Medium,143,59600.53
SME_0103,2025-08-01,526.0,2,4.333333333333333,12.0,False,0.0,True,False,,28.0,Retail,London,Medium,143,59600.53
SME_0103,2025-09-01,528.0,8,4.0,22.0,False,0.0,True,False,,29.0,Retail,London,Medium,143,59600.53
SME_0103,2025-10-01,530.0,3,4.333333333333333,24.0,False,0.0,True,False,,30.0,Retail,London,Medium,143,59600.53
SME_0103,2025-11-01,546.0,7,4.333333333333333,20.0,False,0.0,True,False,,31.0,Retail,London,Medium,143,59600.53
SME_0103,2025-12-01,540.0,4,6.0,12.0,False,0.0,True,False,,32.0,Retail,London,Medium,143,59600.53
SME_0103,2026-01-01,541.0,4,4.666666666666667,11.0,False,0.0,True,False,,33.0,Retail,London,Medium,143,59600.53
SME_0104,2024-08-01,720.0,13,,,False,0.0,True,False,,18.0,Healthcare,South East,Low,195,178449.32
SME_0104,2024-09-01,729.0,14,13.0,,False,0.0,True,False,,19.0,Healthcare,South East,Low,195,178449.32
SME_0104,2024-10-01,723.0,23,13.5,,True,0.0,True,False,,20.0,Healthcare,South East,Low,195,178449.32
SME_0104,2024-11-01,726.0,11,16.666666666666668,6.0,False,0.0,True,False,,21.0,Healthcare,South East,Low,195,178449.32
SME_0104,2024-12-01,737.0,15,16.0,8.0,False,0.0,True,False,,22.0,Healthcare,South East,Low,195,178449.32
SME_0104,2025-01-01,748.0,14,16.333333333333332,25.0,True,12504.61,True,False,,23.0,Healthcare,South East,Low,195,178449.32
SME_0104,2025-02-01,729.0,19,13.333333333333334,3.0,False,0.0,True,False,,25.0,Healthcare,South East,Low,195,178449.32
SME_0104,2025-03-01,715.0,18,16.0,-22.0,True,17491.59,True,False,,25.0,Healthcare,South East,Low,195,178449.32
SME_0104,2025-04-01,738.0,13,17.0,-10.0,False,0.0,True,False,,26.0,Healthcare,South East,Low,195,178449.32
SME_0104,2025-05-01,743.0,13,16.666666666666668,14.0,True,46493.5,True,False,,27.0,Healthcare,South East,Low,195,178449.32
SME_0104,2025-06-01,744.0,9,14.666666666666666,29.0,False,0.0,True,False,,28.0,Healthcare,South East,Low,195,178449.32
SME_0104,2025-07-01,744.0,13,11.666666666666666,6.0,False,0.0,True,False,,29.0,Healthcare,South East,Low,195,178449.32
SME_0104,2025-08-01,715.0,14,11.666666666666666,-28.0,False,0.0,True,False,,30.0,Healthcare,South East,Low,195,178449.32
SME_0104,2025-09-01,720.0,10,12.0,-24.0,False,0.0,True,False,,31.0,Healthcare,South East,Low,195,178449.32
SME_0104,2025-10-01,728.0,20,12.333333333333334,-16.0,False,0.0,True,False,,32.0,Healthcare,South East,Low,195,178449.32
SME_0104,2025-11-01,729.0,23,14.666666666666666,14.0,False,0.0,True,False,,33.0,Healthcare,South East,Low,195,178449.32
SME_0104,2025-12-01,712.0,8,17.666666666666668,-8.0,False,0.0,True,False,,34.0,Healthcare,South East,Low,195,178449.32
SME_0104,2026-01-01,726.0,12,17.0,-2.0,False,0.0,True,False,,35.0,Healthcare,South East,Low,195,178449.32
SME_0105,2024-08-01,763.0,26,,,True,76164.07,True,False,,30.0,Technology,Unknown,Low,104,944734.99
SME_0105,2024-09-01,781.0,18,26.0,,False,0.0,True,False,,31.0,Technology,Unknown,Low,104,944734.99
SME_0105,2024-10-01,781.0,15,22.0,,False,0.0,True,False,,32.0,Technology,Unknown,Low,104,944734.99
SME_0105,2024-11-01,753.0,12,19.666666666666668,-10.0,False,0.0,True,False,,33.0,Technology,Unknown,Low,104,944734.99
SME_0105,2024-12-01,765.0,12,15.0,-16.0,False,0.0,True,False,,34.0,Technology,Unknown,Low,104,944734.99
SME_0105,2025-01-01,791.0,20,13.0,10.0,False,0.0,True,False,,35.0,Technology,Unknown,Low,104,944734.99
SME_0105,2025-02-01,810.0,20,14.666666666666666,57.0,False,0.0,True,False,,36.0,Technology,Unknown,Low,104,944734.99
SME_0105,2025-03-01,788.0,21,17.333333333333332,23.0,True,70776.36,True,False,,37.0,Technology,Unknown,Low,104,944734.99
SME_0105,2025-04-01,786.0,17,20.333333333333332,-5.0,False,0.0,True,False,,38.0,Technology,Unknown,Low,104,944734.99
SME_0105,2025-05-01,778.0,27,19.333333333333332,-32.0,False,0.0,True,False,,39.0,Technology,Unknown,Low,104,944734.99
SME_0105,2025-06-01,788.0,25,21.666666666666668,0.0,True,21560.35,True,False,,40.0,Technology,Unknown,Low,104,944734.99
SME_0105,2025-07-01,798.0,16,23.0,12.0,False,0.0,True,False,,41.0,Technology,Unknown,Low,104,944734.99
SME_0105,2025-08-01,801.0,17,22.666666666666668,23.0,False,0.0,True,False,,42.0,Technology,Unknown,Low,104,944734.99
SME_0105,2025-09-01,795.0,16,19.333333333333332,7.0,False,0.0,True,False,,43.0,Technology,Unknown,Low,104,944734.99
SME_0105,2025-10-01,799.0,20,16.333333333333332,1.0,True,48673.5,True,False,,44.0,Technology,Unknown,Low,104,944734.99
SME_0105,2025-11-01,806.0,14,17.666666666666668,5.0,False,0.0,True,False,,45.0,Technology,Unknown,Low,104,944734.99
SME_0105,2025-12-01,786.0,33,16.666666666666668,-9.0,True,76082.47,True,False,,46.0,Technology,Unknown,Low,104,944734.99
SME_0105,2026-01-01,797.0,12,22.333333333333332,-2.0,False,0.0,True,False,,47.0,Technology,Unknown,Low,104,944734.99
SME_0106,2024-08-01,532.0,8,,,False,0.0,True,True,7.0,21.0,Technology,London,Medium,80,365220.0
SME_0106,2024-09-01,534.0,4,8.0,,False,0.0,True,True,6.0,22.0,Technology,London,Medium,80,365220.0
SME_0106,2024-10-01,540.0,9,6.0,,False,0.0,True,True,5.0,23.0,Technology,London,Medium,80,365220.0
SME_0106,2024-11-01,532.0,4,7.0,0.0,False,0.0,True,True,4.0,24.0,Technology,London,Medium,80,365220.0
SME_0106,2024-12-01,540.0,13,5.666666666666667,6.0,False,0.0,True,True,3.0,25.0,Technology,London,Medium,80,365220.0
SME_0106,2025-01-01,524.0,7,8.666666666666666,-16.0,False,0.0,True,True,2.0,26.0,Technology,London,Medium,80,365220.0
SME_0106,2025-02-01,551.0,10,8.0,19.0,False,0.0,True,True,1.0,27.0,Technology,London,Medium,80,365220.0
SME_0106,2025-03-01,551.0,0,10.0,11.0,False,0.0,False,True,0.0,28.0,Technology,London,Medium,80,365220.0
SME_0106,2025-04-01,551.0,0,5.666666666666667,27.0,False,0.0,False,True,-1.0,29.0,Technology,London,Medium,80,365220.0
SME_0106,2025-05-01,551.0,0,3.3333333333333335,0.0,False,0.0,False,True,-2.0,30.0,Technology,London,Medium,80,365220.0
SME_0106,2025-06-01,551.0,0,0.0,0.0,False,0.0,False,True,-3.0,31.0,Technology,London,Medium,80,365220.0
SME_0106,2025-07-01,551.0,0,0.0,0.0,False,0.0,False,True,-4.0,32.0,Technology,London,Medium,80,365220.0
SME_0106,2025-08-01,551.0,0,0.0,0.0,False,0.0,False,True,-5.0,33.0,Technology,London,Medium,80,365220.0
SME_0106,2025-09-01,551.0,0,0.0,0.0,False,0.0,False,True,-6.0,34.0,Technology,London,Medium,80,365220.0
SME_0106,2025-10-01,551.0,0,0.0,0.0,False,0.0,False,True,-7.0,35.0,Technology,London,Medium,80,365220.0
SME_0106,2025-11-01,551.0,0,0.0,0.0,False,0.0,False,True,-8.0,36.0,Technology,London,Medium,80,365220.0
SME_0106,2025-12-01,551.0,0,0.0,0.0,False,0.0,False,True,-9.0,37.0,Technology,London,Medium,80,365220.0
SME_0106,2026-01-01,551.0,0,0.0,0.0,False,0.0,False,True,-10.0,38.0,Technology,London,Medium,80,365220.0
SME_0107,2024-08-01,568.0,7,,,False,0.0,True,False,,6.0,Manufacturing,Midlands,Medium,88,406053.72
SME_0107,2024-09-01,561.0,6,7.0,,False,0.0,True,False,,7.0,Manufacturing,Midlands,Medium,88,406053.72
SME_0107,2024-10-01,570.0,7,6.5,,False,0.0,True,False,,8.0,Manufacturing,Midlands,Medium,88,406053.72
SME_0107,2024-11-01,583.0,8,6.666666666666667,15.0,False,0.0,True,False,,9.0,Manufacturing,Midlands,Medium,88,406053.72
SME_0107,2024-12-01,575.0,10,7.0,14.0,True,0.0,True,False,,10.0,Manufacturing,Midlands,Medium,88,406053.72
SME_0107,2025-01-01,576.0,11,8.333333333333334,6.0,True,0.0,True,False,,11.0,Manufacturing,Midlands,Medium,88,406053.72
SME_0107,2025-02-01,576.0,9,9.666666666666666,-7.0,False,0.0,True,False,,12.0,Manufacturing,Midlands,Medium,88,406053.72
SME_0107,2025-03-01,593.0,8,10.0,18.0,False,0.0,True,False,,13.0,Manufacturing,Midlands,Medium,88,406053.72
SME_0107,2025-04-01,577.0,6,9.333333333333334,1.0,False,0.0,True,False,,14.0,Manufacturing,Midlands,Medium,88,406053.72
SME_0107,2025-05-01,567.0,11,7.666666666666667,-9.0,False,0.0,True,False,,15.0,Manufacturing,Midlands,Medium,88,406053.72
SME_0107,2025-06-01,562.0,7,8.333333333333334,-31.0,False,0.0,True,False,,16.0,Manufacturing,Midlands,Medium,88,406053.72
SME_0107,2025-07-01,550.0,5,8.0,-27.0,False,0.0,True,False,,17.0,Manufacturing,Midlands,Medium,88,406053.72
SME_0107,2025-08-01,557.0,2,7.666666666666667,-10.0,False,0.0,True,False,,18.0,Manufacturing,Midlands,Medium,88,406053.72
SME_0107,2025-09-01,549.0,6,4.666666666666667,-13.0,False,0.0,True,False,,19.0,Manufacturing,Midlands,Medium,88,406053.72
SME_0107,2025-10-01,532.0,5,4.333333333333333,-18.0,False,0.0,True,False,,20.0,Manufacturing,Midlands,Medium,88,406053.72
SME_0107,2025-11-01,547.0,6,4.333333333333333,-10.0,False,0.0,True,False,,21.0,Manufacturing,Midlands,Medium,88,406053.72
SME_0107,2025-12-01,561.0,5,5.666666666666667,12.0,False,0.0,True,False,,22.0,Manufacturing,Midlands,Medium,88,406053.72
SME_0107,2026-01-01,547.0,3,5.333333333333333,15.0,True,0.0,True,False,,23.0,Manufacturing,Midlands,Medium,88,406053.72
SME_0108,2024-08-01,569.0,12,,,True,0.0,True,False,,14.0,Retail,South East,Medium,137,1453514.45
SME_0108,2024-09-01,572.0,11,12.0,,False,0.0,True,False,,15.0,Retail,South East,Medium,137,1453514.45
SME_0108,2024-10-01,580.0,7,11.5,,False,0.0,True,False,,16.0,Retail,South East,Medium,137,1453514.45
SME_0108,2024-11-01,595.0,12,10.0,26.0,False,0.0,True,False,,17.0,Retail,South East,Medium,137,1453514.45
SME_0108,2024-12-01,588.0,11,10.0,16.0,False,0.0,True,False,,18.0,Retail,South East,Medium,137,1453514.45
SME_0108,2025-01-01,609.0,7,10.0,29.0,False,0.0,True,False,,19.0,Retail,South East,Medium,137,1453514.45
SME_0108,2025-02-01,632.0,17,10.0,37.0,False,0.0,True,False,,20.0,Retail,South East,Medium,137,1453514.45
SME_0108,2025-03-01,634.0,10,11.666666666666666,46.0,False,0.0,True,False,,21.0,Retail,South East,Medium,137,1453514.45
SME_0108,2025-04-01,633.0,12,11.333333333333334,24.0,False,0.0,True,False,,22.0,Retail,South East,Medium,137,1453514.45
SME_0108,2025-05-01,603.0,11,13.0,-29.0,False,0.0,True,False,,23.0,Retail,South East,Medium,137,1453514.45
SME_0108,2025-06-01,621.0,7,11.0,-13.0,False,0.0,True,False,,24.0,Retail,South East,Medium,137,1453514.45
SME_0108,2025-07-01,627.0,8,10.0,-6.0,False,0.0,True,False,,25.0,Retail,South East,Medium,137,1453514.45
SME_0108,2025-08-01,615.0,10,8.666666666666666,12.0,False,0.0,True,False,,26.0,Retail,South East,Medium,137,1453514.45
SME_0108,2025-09-01,594.0,14,8.333333333333334,-27.0,False,0.0,True,False,,27.0,Retail,South East,Medium,137,1453514.45
SME_0108,2025-10-01,604.0,9,10.666666666666666,-23.0,False,0.0,True,False,,28.0,Retail,South East,Medium,137,1453514.45
SME_0108,2025-11-01,610.0,8,11.0,-5.0,False,0.0,True,False,,29.0,Retail,South East,Medium,137,1453514.45
SME_0108,2025-12-01,606.0,11,10.333333333333334,12.0,False,0.0,True,False,,30.0,Retail,South East,Medium,137,1453514.45
SME_0108,2026-01-01,608.0,12,9.333333333333334,4.0,False,0.0,True,False,,31.0,Retail,South East,Medium,137,1453514.45
SME_0109,2024-08-01,684.0,12,,,False,0.0,True,False,,12.0,Retail,Midlands,Low,109,562996.59
SME_0109,2024-09-01,692.0,13,12.0,,False,0.0,True,False,,13.0,Retail,Midlands,Low,109,562996.59
SME_0109,2024-10-01,716.0,14,12.5,,False,0.0,True,False,,14.0,Retail,Midlands,Low,109,562996.59
SME_0109,2024-11-01,726.0,11,13.0,42.0,False,0.0,True,False,,15.0,Retail,Midlands,Low,109,562996.59
SME_0109,2024-12-01,708.0,12,12.666666666666666,16.0,False,0.0,True,False,,16.0,Retail,Midlands,Low,109,562996.59
SME_0109,2025-01-01,710.0,15,12.333333333333334,-6.0,False,0.0,True,False,,17.0,Retail,Midlands,Low,109,562996.59
SME_0109,2025-02-01,716.0,13,12.666666666666666,-10.0,False,0.0,True,False,,18.0,Retail,Midlands,Low,109,562996.59
SME_0109,2025-03-01,714.0,12,13.333333333333334,6.0,False,0.0,True,False,,19.0,Retail,Midlands,Low,109,562996.59
SME_0109,2025-04-01,708.0,12,13.333333333333334,-2.0,False,0.0,True,False,,20.0,Retail,Midlands,Low,109,562996.59
SME_0109,2025-05-01,681.0,12,12.333333333333334,-35.0,False,0.0,True,False,,21.0,Retail,Midlands,Low,109,562996.59
SME_0109,2025-06-01,672.0,11,12.0,-42.0,False,0.0,True,False,,22.0,Retail,Midlands,Low,109,562996.59
SME_0109,2025-07-01,668.0,10,11.666666666666666,-40.0,False,0.0,True,False,,23.0,Retail,Midlands,Low,109,562996.59
SME_0109,2025-08-01,661.0,6,11.0,-20.0,False,0.0,True,False,,24.0,Retail,Midlands,Low,109,562996.59
SME_0109,2025-09-01,661.0,10,9.0,-11.0,False,0.0,True,False,,25.0,Retail,Midlands,Low,109,562996.59
SME_0109,2025-10-01,678.0,18,8.666666666666666,10.0,False,0.0,True,False,,26.0,Retail,Midlands,Low,109,562996.59
SME_0109,2025-11-01,670.0,12,11.333333333333334,9.0,False,0.0,True,False,,27.0,Retail,Midlands,Low,109,562996.59
SME_0109,2025-12-01,674.0,12,13.333333333333334,13.0,True,0.0,True,False,,28.0,Retail,Midlands,Low,109,562996.59
SME_0109,2026-01-01,681.0,10,14.0,3.0,False,0.0,True,False,,29.0,Retail,Midlands,Low,109,562996.59
SME_0110,2024-08-01,580.0,11,,,False,0.0,True,False,,30.0,Healthcare,London,Medium,5,520708.74
SME_0110,2024-09-01,547.0,9,11.0,,False,0.0,True,False,,31.0,Healthcare,London,Medium,5,520708.74
SME_0110,2024-10-01,538.0,8,10.0,,True,0.0,True,False,,32.0,Healthcare,London,Medium,5,520708.74
SME_0110,2024-11-01,516.0,8,9.333333333333334,-64.0,False,0.0,True,False,,33.0,Healthcare,London,Medium,5,520708.74
SME_0110,2024-12-01,525.0,11,8.333333333333334,-22.0,True,52482.18,True,False,,34.0,Healthcare,London,Medium,5,520708.74
SME_0110,2025-01-01,557.0,3,9.0,19.0,False,0.0,True,False,,35.0,Healthcare,London,Medium,5,520708.74
SME_0110,2025-02-01,552.0,10,7.333333333333333,36.0,False,0.0,True,False,,36.0,Healthcare,London,Medium,5,520708.74
SME_0110,2025-03-01,569.0,4,8.0,44.0,False,0.0,True,False,,37.0,Healthcare,London,Medium,5,520708.74
SME_0110,2025-04-01,569.0,11,5.666666666666667,12.0,False,0.0,True,False,,38.0,Healthcare,London,Medium,5,520708.74
SME_0110,2025-05-01,549.0,10,8.333333333333334,-3.0,False,0.0,True,False,,39.0,Healthcare,London,Medium,5,520708.74
SME_0110,2025-06-01,547.0,4,8.333333333333334,-22.0,False,0.0,True,False,,40.0,Healthcare,London,Medium,5,520708.74
SME_0110,2025-07-01,569.0,9,8.333333333333334,0.0,False,0.0,True,False,,41.0,Healthcare,London,Medium,5,520708.74
SME_0110,2025-08-01,572.0,10,7.666666666666667,23.0,False,0.0,True,False,,42.0,Healthcare,London,Medium,5,520708.74
SME_0110,2025-09-01,570.0,13,7.666666666666667,23.0,False,0.0,True,False,,43.0,Healthcare,London,Medium,5,520708.74
SME_0110,2025-10-01,597.0,1,10.666666666666666,28.0,False,0.0,True,False,,44.0,Healthcare,London,Medium,5,520708.74
SME_0110,2025-11-01,593.0,5,8.0,21.0,False,0.0,True,False,,45.0,Healthcare,London,Medium,5,520708.74
SME_0110,2025-12-01,611.0,7,6.333333333333333,41.0,False,0.0,True,False,,46.0,Healthcare,London,Medium,5,520708.74
SME_0110,2026-01-01,597.0,12,4.333333333333333,0.0,False,0.0,True,False,,47.0,Healthcare,London,Medium,5,520708.74
SME_0111,2024-08-01,657.0,21,,,False,0.0,True,False,,12.0,Manufacturing,North West,Low,108,3018433.74
SME_0111,2024-09-01,660.0,12,21.0,,False,0.0,True,False,,13.0,Manufacturing,North West,Low,108,3018433.74
SME_0111,2024-10-01,665.0,17,16.5,,False,0.0,True,False,,14.0,Manufacturing,North West,Low,108,3018433.74
SME_0111,2024-11-01,656.0,6,16.666666666666668,-1.0,False,0.0,True,False,,15.0,Manufacturing,North West,Low,108,3018433.74
SME_0111,2024-12-01,646.0,17,11.666666666666666,-14.0,False,0.0,True,False,,16.0,Manufacturing,North West,Low,108,3018433.74
SME_0111,2025-01-01,619.0,7,13.333333333333334,-46.0,False,0.0,True,False,,17.0,Manufacturing,North West,Low,108,3018433.74
SME_0111,2025-02-01,630.0,14,10.0,-26.0,False,0.0,True,False,,18.0,Manufacturing,North West,Low,108,3018433.74
SME_0111,2025-03-01,647.0,13,12.666666666666666,1.0,False,0.0,True,False,,19.0,Manufacturing,North West,Low,108,3018433.74
SME_0111,2025-04-01,645.0,10,11.333333333333334,26.0,False,0.0,True,False,,20.0,Manufacturing,North West,Low,108,3018433.74
SME_0111,2025-05-01,632.0,11,12.333333333333334,2.0,False,0.0,True,False,,21.0,Manufacturing,North West,Low,108,3018433.74
SME_0111,2025-06-01,656.0,19,11.333333333333334,9.0,False,0.0,True,False,,22.0,Manufacturing,North West,Low,108,3018433.74
SME_0111,2025-07-01,665.0,16,13.333333333333334,20.0,False,0.0,True,False,,23.0,Manufacturing,North West,Low,108,3018433.74
SME_0111,2025-08-01,657.0,9,15.333333333333334,25.0,False,0.0,True,False,,24.0,Manufacturing,North West,Low,108,3018433.74
SME_0111,2025-09-01,634.0,11,14.666666666666666,-22.0,False,0.0,True,False,,25.0,Manufacturing,North West,Low,108,3018433.74
SME_0111,2025-10-01,626.0,7,12.0,-39.0,False,0.0,True,False,,26.0,Manufacturing,North West,Low,108,3018433.74
SME_0111,2025-11-01,641.0,10,9.0,-16.0,False,0.0,True,False,,27.0,Manufacturing,North West,Low,108,3018433.74
SME_0111,2025-12-01,624.0,13,9.333333333333334,-10.0,False,0.0,True,False,,28.0,Manufacturing,North West,Low,108,3018433.74
SME_0111,2026-01-01,630.0,7,10.0,4.0,False,0.0,True,False,,29.0,Manufacturing,North West,Low,108,3018433.74
SME_0112,2024-08-01,697.0,13,,,False,0.0,True,False,,6.0,Retail,London,Low,80,328766.52
SME_0112,2024-09-01,695.0,11,13.0,,False,0.0,True,False,,7.0,Retail,London,Low,80,328766.52
SME_0112,2024-10-01,697.0,14,12.0,,True,70649.91,True,False,,8.0,Retail,London,Low,80,328766.52
SME_0112,2024-11-01,698.0,13,12.666666666666666,1.0,False,0.0,True,False,,9.0,Retail,London,Low,80,328766.52
SME_0112,2024-12-01,700.0,11,12.666666666666666,5.0,False,0.0,True,False,,10.0,Retail,London,Low,80,328766.52
SME_0112,2025-01-01,685.0,16,12.666666666666666,-12.0,True,39170.93,True,False,,11.0,Retail,London,Low,80,328766.52
SME_0112,2025-02-01,677.0,12,13.333333333333334,-21.0,False,0.0,True,False,,12.0,Retail,London,Low,80,328766.52
SME_0112,2025-03-01,679.0,11,13.0,-21.0,False,0.0,True,False,,13.0,Retail,London,Low,80,328766.52
SME_0112,2025-04-01,669.0,19,13.0,-16.0,True,35933.43,True,False,,14.0,Retail,London,Low,80,328766.52
SME_0112,2025-05-01,661.0,12,14.0,-16.0,False,0.0,True,False,,15.0,Retail,London,Low,80,328766.52
SME_0112,2025-06-01,665.0,9,14.0,-14.0,False,0.0,True,False,,16.0,Retail,London,Low,80,328766.52
SME_0112,2025-07-01,675.0,20,13.333333333333334,6.0,True,25890.32,True,False,,17.0,Retail,London,Low,80,328766.52
SME_0112,2025-08-01,670.0,8,13.666666666666666,9.0,False,0.0,True,False,,18.0,Retail,London,Low,80,328766.52
SME_0112,2025-09-01,678.0,6,12.333333333333334,13.0,False,0.0,True,False,,19.0,Retail,London,Low,80,328766.52
SME_0112,2025-10-01,674.0,18,11.333333333333334,-1.0,True,21864.75,True,False,,20.0,Retail,London,Low,80,328766.52
SME_0112,2025-11-01,666.0,13,10.666666666666666,-4.0,True,7065.06,True,False,,21.0,Retail,London,Low,80,328766.52
SME_0112,2025-12-01,663.0,12,12.333333333333334,-15.0,False,0.0,True,False,,22.0,Retail,London,Low,80,328766.52
SME_0112,2026-01-01,639.0,15,14.333333333333334,-35.0,False,0.0,True,False,,23.0,Retail,London,Low,80,328766.52
SME_0113,2024-08-01,483.0,5,,,False,0.0,True,False,,27.0,Manufacturing,Midlands,High,140,141637.89
SME_0113,2024-09-01,493.0,6,5.0,,False,0.0,True,False,,28.0,Manufacturing,Midlands,High,140,141637.89
SME_0113,2024-10-01,489.0,10,5.5,,False,0.0,True,False,,29.0,Manufacturing,Midlands,High,140,141637.89
SME_0113,2024-11-01,482.0,5,7.0,-1.0,False,0.0,True,False,,30.0,Manufacturing,Midlands,High,140,141637.89
SME_0113,2024-12-01,488.0,7,7.0,-5.0,True,0.0,True,False,,31.0,Manufacturing,Midlands,High,140,141637.89
SME_0113,2025-01-01,470.0,9,7.333333333333333,-19.0,False,0.0,True,False,,32.0,Manufacturing,Midlands,High,140,141637.89
SME_0113,2025-02-01,492.0,6,7.0,10.0,False,0.0,True,False,,33.0,Manufacturing,Midlands,High,140,141637.89
SME_0113,2025-03-01,503.0,4,7.333333333333333,15.0,False,0.0,True,False,,34.0,Manufacturing,Midlands,High,140,141637.89
SME_0113,2025-04-01,519.0,6,6.333333333333333,49.0,True,0.0,True,False,,35.0,Manufacturing,Midlands,High,140,141637.89
SME_0113,2025-05-01,494.0,7,5.333333333333333,2.0,False,0.0,True,False,,36.0,Manufacturing,Midlands,High,140,141637.89
SME_0113,2025-06-01,490.0,5,5.666666666666667,-13.0,False,0.0,True,False,,37.0,Manufacturing,Midlands,High,140,141637.89
SME_0113,2025-07-01,483.0,1,6.0,-36.0,True,0.0,True,False,,38.0,Manufacturing,Midlands,High,140,141637.89
SME_0113,2025-08-01,469.0,4,4.333333333333333,-25.0,False,0.0,True,False,,39.0,Manufacturing,Midlands,High,140,141637.89
SME_0113,2025-09-01,482.0,3,3.3333333333333335,-8.0,False,0.0,True,False,,40.0,Manufacturing,Midlands,High,140,141637.89
SME_0113,2025-10-01,484.0,6,2.6666666666666665,1.0,False,0.0,True,False,,41.0,Manufacturing,Midlands,High,140,141637.89
SME_0113,2025-11-01,474.0,5,4.333333333333333,5.0,False,0.0,True,False,,42.0,Manufacturing,Midlands,High,140,141637.89
SME_0113,2025-12-01,491.0,7,4.666666666666667,9.0,True,0.0,True,False,,43.0,Manufacturing,Midlands,High,140,141637.89
SME_0113,2026-01-01,519.0,4,6.0,35.0,False,0.0,True,False,,44.0,Manufacturing,Midlands,High,140,141637.89
SME_0114,2024-08-01,628.0,7,,,False,0.0,True,False,,16.0,Services,London,Medium,175,442908.88
SME_0114,2024-09-01,618.0,14,7.0,,True,0.0,True,False,,17.0,Services,London,Medium,175,442908.88
SME_0114,2024-10-01,594.0,6,10.5,,False,0.0,True,False,,18.0,Services,London,Medium,175,442908.88
SME_0114,2024-11-01,590.0,15,9.0,-38.0,True,0.0,True,False,,19.0,Services,London,Medium,175,442908.88
SME_0114,2024-12-01,572.0,14,11.666666666666666,-46.0,False,0.0,True,False,,20.0,Services,London,Medium,175,442908.88
SME_0114,2025-01-01,581.0,7,11.666666666666666,-13.0,False,0.0,True,False,,21.0,Services,London,Medium,175,442908.88
SME_0114,2025-02-01,574.0,13,12.0,-16.0,False,0.0,True,False,,22.0,Services,London,Medium,175,442908.88
SME_0114,2025-03-01,581.0,9,11.333333333333334,9.0,False,0.0,True,False,,23.0,Services,London,Medium,175,442908.88
SME_0114,2025-04-01,584.0,9,9.666666666666666,3.0,False,0.0,True,False,,24.0,Services,London,Medium,175,442908.88
SME_0114,2025-05-01,604.0,13,10.333333333333334,30.0,False,0.0,True,False,,25.0,Services,London,Medium,175,442908.88
SME_0114,2025-06-01,599.0,7,10.333333333333334,18.0,False,0.0,True,False,,26.0,Services,London,Medium,175,442908.88
SME_0114,2025-07-01,596.0,11,9.666666666666666,12.0,False,0.0,True,False,,27.0,Services,London,Medium,175,442908.88
SME_0114,2025-08-01,604.0,3,10.333333333333334,0.0,False,0.0,True,False,,28.0,Services,London,Medium,175,442908.88
SME_0114,2025-09-01,595.0,4,7.0,-4.0,False,0.0,True,False,,29.0,Services,London,Medium,175,442908.88
SME_0114,2025-10-01,601.0,11,6.0,5.0,False,0.0,True,False,,30.0,Services,London,Medium,175,442908.88
SME_0114,2025-11-01,587.0,6,6.0,-17.0,False,0.0,True,False,,31.0,Services,London,Medium,175,442908.88
SME_0114,2025-12-01,602.0,7,7.0,7.0,False,0.0,True,False,,32.0,Services,London,Medium,175,442908.88
SME_0114,2026-01-01,601.0,11,8.0,0.0,False,0.0,True,False,,33.0,Services,London,Medium,175,442908.88
SME_0115,2024-08-01,556.0,9,,,False,0.0,True,True,12.0,4.0,Retail,North West,Medium,192,440645.91
SME_0115,2024-09-01,552.0,11,9.0,,False,0.0,True,True,11.0,5.0,Retail,North West,Medium,192,440645.91
SME_0115,2024-10-01,548.0,8,10.0,,False,0.0,True,True,10.0,6.0,Retail,North West,Medium,192,440645.91
SME_0115,2024-11-01,552.0,7,9.333333333333334,-4.0,False,0.0,True,True,9.0,7.0,Retail,North West,Medium,192,440645.91
SME_0115,2024-12-01,548.0,10,8.666666666666666,-4.0,False,0.0,True,True,8.0,8.0,Retail,North West,Medium,192,440645.91
SME_0115,2025-01-01,543.0,10,8.333333333333334,-5.0,False,0.0,True,True,7.0,9.0,Retail,North West,Medium,192,440645.91
SME_0115,2025-02-01,530.0,7,9.0,-22.0,False,0.0,True,True,6.0,10.0,Retail,North West,Medium,192,440645.91
SME_0115,2025-03-01,525.0,5,9.0,-23.0,False,0.0,True,True,5.0,11.0,Retail,North West,Medium,192,440645.91
SME_0115,2025-04-01,548.0,5,7.333333333333333,5.0,True,0.0,True,True,4.0,12.0,Retail,North West,Medium,192,440645.91
SME_0115,2025-05-01,554.0,3,5.666666666666667,24.0,False,0.0,True,True,3.0,13.0,Retail,North West,Medium,192,440645.91
SME_0115,2025-06-01,566.0,10,4.333333333333333,41.0,True,5470.35,True,True,2.0,14.0,Retail,North West,Medium,192,440645.91
SME_0115,2025-07-01,543.0,4,6.0,-5.0,False,0.0,True,True,1.0,15.0,Retail,North West,Medium,192,440645.91
SME_0115,2025-08-01,543.0,0,5.666666666666667,-11.0,False,0.0,False,True,0.0,16.0,Retail,North West,Medium,192,440645.91
SME_0115,2025-09-01,543.0,0,4.666666666666667,-23.0,False,0.0,False,True,-1.0,17.0,Retail,North West,Medium,192,440645.91
SME_0115,2025-10-01,543.0,0,1.3333333333333333,0.0,False,0.0,False,True,-2.0,18.0,Retail,North West,Medium,192,440645.91
SME_0115,2025-11-01,543.0,0,0.0,0.0,False,0.0,False,True,-3.0,19.0,Retail,North West,Medium,192,440645.91
SME_0115,2025-12-01,543.0,0,0.0,0.0,False,0.0,False,True,-4.0,20.0,Retail,North West,Medium,192,440645.91
SME_0115,2026-01-01,543.0,0,0.0,0.0,False,0.0,False,True,-5.0,21.0,Retail,North West,Medium,192,440645.91
SME_0116,2024-08-01,615.0,15,,,False,0.0,True,False,,25.0,Technology,Scotland,Medium,122,222585.37
SME_0116,2024-09-01,614.0,9,15.0,,True,25614.48,True,False,,26.0,Technology,Scotland,Medium,122,222585.37
SME_0116,2024-10-01,615.0,11,12.0,,True,0.0,True,False,,27.0,Technology,Scotland,Medium,122,222585.37
SME_0116,2024-11-01,604.0,13,11.666666666666666,-11.0,False,0.0,True,False,,28.0,Technology,Scotland,Medium,122,222585.37
SME_0116,2024-12-01,608.0,6,11.0,-6.0,False,0.0,True,False,,29.0,Technology,Scotland,Medium,122,222585.37
SME_0116,2025-01-01,609.0,14,10.0,-6.0,True,0.0,True,False,,30.0,Technology,Scotland,Medium,122,222585.37
SME_0116,2025-02-01,605.0,12,11.0,1.0,False,0.0,True,False,,31.0,Technology,Scotland,Medium,122,222585.37
SME_0116,2025-03-01,593.0,11,10.666666666666666,-15.0,False,0.0,True,False,,32.0,Technology,Scotland,Medium,122,222585.37
SME_0116,2025-04-01,592.0,4,12.333333333333334,-17.0,False,0.0,True,False,,33.0,Technology,Scotland,Medium,122,222585.37
SME_0116,2025-05-01,586.0,6,9.0,-19.0,False,0.0,True,False,,34.0,Technology,Scotland,Medium,122,222585.37
SME_0116,2025-06-01,594.0,18,7.0,1.0,False,0.0,True,False,,35.0,Technology,Scotland,Medium,122,222585.37
SME_0116,2025-07-01,593.0,11,9.333333333333334,1.0,False,0.0,True,False,,36.0,Technology,Scotland,Medium,122,222585.37
SME_0116,2025-08-01,605.0,13,11.666666666666666,19.0,False,0.0,True,False,,37.0,Technology,Scotland,Medium,122,222585.37
SME_0116,2025-09-01,608.0,6,14.0,14.0,False,0.0,True,False,,38.0,Technology,Scotland,Medium,122,222585.37
SME_0116,2025-10-01,613.0,10,10.0,20.0,False,0.0,True,False,,39.0,Technology,Scotland,Medium,122,222585.37
SME_0116,2025-11-01,597.0,11,9.666666666666666,-8.0,True,0.0,True,False,,40.0,Technology,Scotland,Medium,122,222585.37
SME_0116,2025-12-01,610.0,12,9.0,2.0,False,0.0,True,False,,41.0,Technology,Scotland,Medium,122,222585.37
SME_0116,2026-01-01,600.0,11,11.0,-13.0,False,0.0,True,False,,42.0,Technology,Scotland,Medium,122,222585.37
SME_0117,2024-08-01,701.0,15,,,True,0.0,True,False,,8.0,Technology,South East,Medium,73,174595.95
SME_0117,2024-09-01,695.0,16,15.0,,False,0.0,True,False,,9.0,Technology,South East,Medium,73,174595.95
SME_0117,2024-10-01,711.0,13,15.5,,True,17867.89,True,False,,10.0,Technology,South East,Medium,73,174595.95
SME_0117,2024-11-01,705.0,7,14.666666666666666,4.0,False,0.0,True,False,,11.0,Technology,South East,Medium,73,174595.95
SME_0117,2024-12-01,706.0,9,12.0,11.0,False,0.0,True,False,,12.0,Technology,South East,Medium,73,174595.95
SME_0117,2025-01-01,708.0,21,9.666666666666666,-3.0,False,0.0,True,False,,13.0,Technology,South East,Medium,73,174595.95
SME_0117,2025-02-01,719.0,15,12.333333333333334,14.0,False,0.0,True,False,,14.0,Technology,South East,Medium,73,174595.95
SME_0117,2025-03-01,728.0,15,15.0,22.0,False,0.0,True,False,,15.0,Technology,South East,Medium,73,174595.95
SME_0117,2025-04-01,702.0,19,17.0,-6.0,False,0.0,True,False,,16.0,Technology,South East,Medium,73,174595.95
SME_0117,2025-05-01,707.0,12,16.333333333333332,-12.0,False,0.0,True,False,,17.0,Technology,South East,Medium,73,174595.95
SME_0117,2025-06-01,691.0,10,15.333333333333334,-37.0,False,0.0,True,False,,18.0,Technology,South East,Medium,73,174595.95
SME_0117,2025-07-01,689.0,20,13.666666666666666,-13.0,False,0.0,True,False,,19.0,Technology,South East,Medium,73,174595.95
SME_0117,2025-08-01,678.0,12,14.0,-29.0,True,0.0,True,False,,20.0,Technology,South East,Medium,73,174595.95
SME_0117,2025-09-01,660.0,14,14.0,-31.0,True,16143.11,True,False,,21.0,Technology,South East,Medium,73,174595.95
SME_0117,2025-10-01,641.0,15,15.333333333333334,-48.0,True,0.0,True,False,,22.0,Technology,South East,Medium,73,174595.95
SME_0117,2025-11-01,638.0,13,13.666666666666666,-40.0,True,62171.11,True,False,,23.0,Technology,South East,Medium,73,174595.95
SME_0117,2025-12-01,654.0,12,14.0,-6.0,True,42420.98,True,False,,24.0,Technology,South East,Medium,73,174595.95
SME_0117,2026-01-01,666.0,13,13.333333333333334,25.0,False,0.0,True,False,,25.0,Technology,South East,Medium,73,174595.95
SME_0118,2024-08-01,635.0,14,,,False,0.0,True,True,11.0,32.0,Technology,Midlands,Medium,89,2361413.74
SME_0118,2024-09-01,654.0,10,14.0,,False,0.0,True,True,10.0,33.0,Technology,Midlands,Medium,89,2361413.74
SME_0118,2024-10-01,649.0,13,12.0,,False,0.0,True,True,9.0,34.0,Technology,Midlands,Medium,89,2361413.74
SME_0118,2024-11-01,658.0,14,12.333333333333334,23.0,False,0.0,True,True,8.0,35.0,Technology,Midlands,Medium,89,2361413.74
SME_0118,2024-12-01,639.0,14,12.333333333333334,-15.0,True,60264.85,True,True,7.0,36.0,Technology,Midlands,Medium,89,2361413.74
SME_0118,2025-01-01,632.0,13,13.666666666666666,-17.0,False,0.0,True,True,6.0,37.0,Technology,Midlands,Medium,89,2361413.74
SME_0118,2025-02-01,619.0,14,13.666666666666666,-39.0,False,0.0,True,True,5.0,38.0,Technology,Midlands,Medium,89,2361413.74
SME_0118,2025-03-01,610.0,14,13.666666666666666,-29.0,True,0.0,True,True,4.0,38.0,Technology,Midlands,Medium,89,2361413.74
SME_0118,2025-04-01,609.0,10,13.666666666666666,-23.0,False,0.0,True,True,3.0,39.0,Technology,Midlands,Medium,89,2361413.74
SME_0118,2025-05-01,605.0,13,12.666666666666666,-14.0,False,0.0,True,True,2.0,40.0,Technology,Midlands,Medium,89,2361413.74
SME_0118,2025-06-01,623.0,8,12.333333333333334,13.0,False,0.0,True,True,1.0,41.0,Technology,Midlands,Medium,89,2361413.74
SME_0118,2025-07-01,623.0,0,10.333333333333334,14.0,False,0.0,False,True,0.0,42.0,Technology,Midlands,Medium,89,2361413.74
SME_0118,2025-08-01,623.0,0,7.0,18.0,False,0.0,False,True,-1.0,43.0,Technology,Midlands,Medium,89,2361413.74
SME_0118,2025-09-01,623.0,0,2.6666666666666665,0.0,False,0.0,False,True,-2.0,45.0,Technology,Midlands,Medium,89,2361413.74
SME_0118,2025-10-01,623.0,0,0.0,0.0,False,0.0,False,True,-3.0,45.0,Technology,Midlands,Medium,89,2361413.74
SME_0118,2025-11-01,623.0,0,0.0,0.0,False,0.0,False,True,-4.0,47.0,Technology,Midlands,Medium,89,2361413.74
SME_0118,2025-12-01,623.0,0,0.0,0.0,False,0.0,False,True,-5.0,48.0,Technology,Midlands,Medium,89,2361413.74
SME_0118,2026-01-01,623.0,0,0.0,0.0,False,0.0,False,True,-6.0,49.0,Technology,Midlands,Medium,89,2361413.74
SME_0119,2024-08-01,478.0,6,,,False,0.0,True,False,,30.0,Manufacturing,Midlands,High,36,309131.1
SME_0119,2024-09-01,476.0,10,6.0,,False,0.0,True,False,,31.0,Manufacturing,Midlands,High,36,309131.1
SME_0119,2024-10-01,490.0,3,8.0,,False,0.0,True,False,,32.0,Manufacturing,Midlands,High,36,309131.1
SME_0119,2024-11-01,503.0,7,6.333333333333333,25.0,True,0.0,True,False,,33.0,Manufacturing,Midlands,High,36,309131.1
SME_0119,2024-12-01,488.0,2,6.666666666666667,12.0,False,0.0,True,False,,34.0,Manufacturing,Midlands,High,36,309131.1
SME_0119,2025-01-01,474.0,3,4.0,-16.0,False,0.0,True,False,,35.0,Manufacturing,Midlands,High,36,309131.1
SME_0119,2025-02-01,457.0,2,4.0,-46.0,False,0.0,True,False,,36.0,Manufacturing,Midlands,High,36,309131.1
SME_0119,2025-03-01,450.0,3,2.3333333333333335,-38.0,False,0.0,True,False,,37.0,Manufacturing,Midlands,High,36,309131.1
SME_0119,2025-04-01,462.0,2,2.6666666666666665,-12.0,False,0.0,True,False,,38.0,Manufacturing,Midlands,High,36,309131.1
SME_0119,2025-05-01,465.0,6,2.3333333333333335,8.0,False,0.0,True,False,,39.0,Manufacturing,Midlands,High,36,309131.1
SME_0119,2025-06-01,480.0,4,3.6666666666666665,30.0,False,0.0,True,False,,40.0,Manufacturing,Midlands,High,36,309131.1
SME_0119,2025-07-01,478.0,4,4.0,16.0,False,0.0,True,False,,41.0,Manufacturing,Midlands,High,36,309131.1
SME_0119,2025-08-01,474.0,6,4.666666666666667,9.0,False,0.0,True,False,,42.0,Manufacturing,Midlands,High,36,309131.1
SME_0119,2025-09-01,487.0,7,4.666666666666667,7.0,False,0.0,True,False,,43.0,Manufacturing,Midlands,High,36,309131.1
SME_0119,2025-10-01,500.0,3,5.666666666666667,22.0,False,0.0,True,False,,44.0,Manufacturing,Midlands,High,36,309131.1
SME_0119,2025-11-01,468.0,11,5.333333333333333,-6.0,True,0.0,True,False,,45.0,Manufacturing,Midlands,High,36,309131.1
SME_0119,2025-12-01,492.0,5,7.0,5.0,True,0.0,True,False,,46.0,Manufacturing,Midlands,High,36,309131.1
SME_0119,2026-01-01,512.0,7,6.333333333333333,12.0,False,0.0,True,False,,47.0,Manufacturing,Midlands,High,36,309131.1
SME_0120,2024-08-01,661.0,15,,,False,0.0,True,False,,14.0,Services,London,Medium,187,218192.71
SME_0120,2024-09-01,656.0,12,15.0,,True,0.0,True,False,,15.0,Services,London,Medium,187,218192.71
SME_0120,2024-10-01,658.0,14,13.5,,False,0.0,True,False,,16.0,Services,London,Medium,187,218192.71
SME_0120,2024-11-01,667.0,16,13.666666666666666,6.0,False,0.0,True,False,,17.0,Services,London,Medium,187,218192.71
SME_0120,2024-12-01,696.0,17,14.0,40.0,True,41709.89,True,False,,18.0,Services,London,Medium,187,218192.71
SME_0120,2025-01-01,677.0,13,15.666666666666666,19.0,False,0.0,True,False,,19.0,Services,London,Medium,187,218192.71
SME_0120,2025-02-01,689.0,10,15.333333333333334,22.0,False,0.0,True,False,,20.0,Services,London,Medium,187,218192.71
SME_0120,2025-03-01,694.0,22,13.333333333333334,-2.0,False,0.0,True,False,,21.0,Services,London,Medium,187,218192.71
SME_0120,2025-04-01,707.0,10,15.0,30.0,True,33350.38,True,False,,22.0,Services,London,Medium,187,218192.71
SME_0120,2025-05-01,698.0,13,14.0,9.0,False,0.0,True,False,,23.0,Services,London,Medium,187,218192.71
SME_0120,2025-06-01,678.0,18,15.0,-16.0,False,0.0,True,False,,24.0,Services,London,Medium,187,218192.71
SME_0120,2025-07-01,680.0,15,13.666666666666666,-27.0,True,23787.15,True,False,,25.0,Services,London,Medium,187,218192.71
SME_0120,2025-08-01,682.0,19,15.333333333333334,-16.0,False,0.0,True,False,,26.0,Services,London,Medium,187,218192.71
SME_0120,2025-09-01,698.0,10,17.333333333333332,20.0,False,0.0,True,False,,27.0,Services,London,Medium,187,218192.71
SME_0120,2025-10-01,714.0,17,14.666666666666666,34.0,False,0.0,True,False,,28.0,Services,London,Medium,187,218192.71
SME_0120,2025-11-01,719.0,14,15.333333333333334,37.0,False,0.0,True,False,,29.0,Services,London,Medium,187,218192.71
SME_0120,2025-12-01,702.0,13,13.666666666666666,4.0,False,0.0,True,False,,30.0,Services,London,Medium,187,218192.71
SME_0120,2026-01-01,698.0,20,14.666666666666666,-16.0,True,0.0,True,False,,31.0,Services,London,Medium,187,218192.71
SME_0121,2024-08-01,627.0,13,,,False,0.0,True,False,,20.0,Services,Midlands,Medium,169,712316.02
SME_0121,2024-09-01,626.0,12,13.0,,False,0.0,True,False,,22.0,Services,Midlands,Medium,169,712316.02
SME_0121,2024-10-01,605.0,12,12.5,,False,0.0,True,False,,23.0,Services,Midlands,Medium,169,712316.02
SME_0121,2024-11-01,617.0,8,12.333333333333334,-10.0,False,0.0,True,False,,24.0,Services,Midlands,Medium,169,712316.02
SME_0121,2024-12-01,593.0,19,10.666666666666666,-33.0,True,55502.95,True,False,,25.0,Services,Midlands,Medium,169,712316.02
SME_0121,2025-01-01,599.0,15,13.0,-6.0,False,0.0,True,False,,26.0,Services,Midlands,Medium,169,712316.02
SME_0121,2025-02-01,599.0,13,14.0,-18.0,False,0.0,True,False,,27.0,Services,Midlands,Medium,169,712316.02
SME_0121,2025-03-01,604.0,12,15.666666666666666,11.0,True,0.0,True,False,,27.0,Services,Midlands,Medium,169,712316.02
SME_0121,2025-04-01,590.0,12,13.333333333333334,-9.0,False,0.0,True,False,,28.0,Services,Midlands,Medium,169,712316.02
SME_0121,2025-05-01,597.0,6,12.333333333333334,-2.0,False,0.0,True,False,,29.0,Services,Midlands,Medium,169,712316.02
SME_0121,2025-06-01,587.0,10,10.0,-17.0,False,0.0,True,False,,30.0,Services,Midlands,Medium,169,712316.02
SME_0121,2025-07-01,595.0,11,9.333333333333334,5.0,False,0.0,True,False,,31.0,Services,Midlands,Medium,169,712316.02
SME_0121,2025-08-01,607.0,14,9.0,10.0,False,0.0,True,False,,32.0,Services,Midlands,Medium,169,712316.02
SME_0121,2025-09-01,608.0,13,11.666666666666666,21.0,False,0.0,True,False,,34.0,Services,Midlands,Medium,169,712316.02
SME_0121,2025-10-01,601.0,11,12.666666666666666,6.0,False,0.0,True,False,,34.0,Services,Midlands,Medium,169,712316.02
SME_0121,2025-11-01,601.0,16,12.666666666666666,-6.0,True,0.0,True,False,,36.0,Services,Midlands,Medium,169,712316.02
SME_0121,2025-12-01,599.0,12,13.333333333333334,-9.0,False,0.0,True,False,,36.0,Services,Midlands,Medium,169,712316.02
SME_0121,2026-01-01,598.0,9,13.0,-3.0,True,0.0,True,False,,38.0,Services,Midlands,Medium,169,712316.02
SME_0122,2024-08-01,723.0,19,,,False,0.0,True,False,,21.0,Services,Scotland,Low,170,384387.05
SME_0122,2024-09-01,711.0,14,19.0,,False,0.0,True,False,,22.0,Services,Scotland,Low,170,384387.05
SME_0122,2024-10-01,722.0,9,16.5,,False,0.0,True,False,,23.0,Services,Scotland,Low,170,384387.05
SME_0122,2024-11-01,733.0,17,14.0,10.0,False,0.0,True,False,,24.0,Services,Scotland,Low,170,384387.05
SME_0122,2024-12-01,722.0,8,13.333333333333334,11.0,False,0.0,True,False,,25.0,Services,Scotland,Low,170,384387.05
SME_0122,2025-01-01,722.0,12,11.333333333333334,0.0,False,0.0,True,False,,26.0,Services,Scotland,Low,170,384387.05
SME_0122,2025-02-01,703.0,20,12.333333333333334,-30.0,False,0.0,True,False,,27.0,Services,Scotland,Low,170,384387.05
SME_0122,2025-03-01,698.0,14,13.333333333333334,-24.0,False,0.0,True,False,,28.0,Services,Scotland,Low,170,384387.05
SME_0122,2025-04-01,691.0,15,15.333333333333334,-31.0,False,0.0,True,False,,29.0,Services,Scotland,Low,170,384387.05
SME_0122,2025-05-01,696.0,22,16.333333333333332,-7.0,False,0.0,True,False,,30.0,Services,Scotland,Low,170,384387.05
SME_0122,2025-06-01,684.0,15,17.0,-14.0,False,0.0,True,False,,31.0,Services,Scotland,Low,170,384387.05
SME_0122,2025-07-01,692.0,13,17.333333333333332,1.0,False,0.0,True,False,,32.0,Services,Scotland,Low,170,384387.05
SME_0122,2025-08-01,680.0,12,16.666666666666668,-16.0,True,0.0,True,False,,33.0,Services,Scotland,Low,170,384387.05
SME_0122,2025-09-01,676.0,26,13.333333333333334,-8.0,False,0.0,True,False,,34.0,Services,Scotland,Low,170,384387.05
SME_0122,2025-10-01,677.0,11,17.0,-15.0,False,0.0,True,False,,35.0,Services,Scotland,Low,170,384387.05
SME_0122,2025-11-01,682.0,19,16.333333333333332,2.0,False,0.0,True,False,,36.0,Services,Scotland,Low,170,384387.05
SME_0122,2025-12-01,672.0,19,18.666666666666668,-4.0,True,9067.02,True,False,,37.0,Services,Scotland,Low,170,384387.05
SME_0122,2026-01-01,693.0,16,16.333333333333332,16.0,False,0.0,True,False,,38.0,Services,Scotland,Low,170,384387.05
SME_0123,2024-08-01,533.0,5,,,False,0.0,True,False,,24.0,Retail,London,High,66,221018.72
SME_0123,2024-09-01,516.0,3,5.0,,True,0.0,True,False,,25.0,Retail,London,High,66,221018.72
SME_0123,2024-10-01,514.0,12,4.0,,False,0.0,True,False,,26.0,Retail,London,High,66,221018.72
SME_0123,2024-11-01,514.0,4,6.666666666666667,-19.0,False,0.0,True,False,,27.0,Retail,London,High,66,221018.72
SME_0123,2024-12-01,496.0,4,6.333333333333333,-20.0,False,0.0,True,False,,28.0,Retail,London,High,66,221018.72
SME_0123,2025-01-01,493.0,10,6.666666666666667,-21.0,False,0.0,True,False,,29.0,Retail,London,High,66,221018.72
SME_0123,2025-02-01,492.0,5,6.0,-22.0,False,0.0,True,False,,30.0,Retail,London,High,66,221018.72
SME_0123,2025-03-01,495.0,7,6.333333333333333,-1.0,True,0.0,True,False,,31.0,Retail,London,High,66,221018.72
SME_0123,2025-04-01,523.0,11,7.333333333333333,30.0,False,0.0,True,False,,32.0,Retail,London,High,66,221018.72
SME_0123,2025-05-01,518.0,4,7.666666666666667,26.0,True,0.0,True,False,,33.0,Retail,London,High,66,221018.72
SME_0123,2025-06-01,533.0,6,7.333333333333333,38.0,False,0.0,True,False,,34.0,Retail,London,High,66,221018.72
SME_0123,2025-07-01,554.0,6,7.0,31.0,False,0.0,True,False,,35.0,Retail,London,High,66,221018.72
SME_0123,2025-08-01,551.0,6,5.333333333333333,33.0,False,0.0,True,False,,36.0,Retail,London,High,66,221018.72
SME_0123,2025-09-01,532.0,3,6.0,-1.0,False,0.0,True,False,,37.0,Retail,London,High,66,221018.72
SME_0123,2025-10-01,524.0,7,5.0,-30.0,True,0.0,True,False,,38.0,Retail,London,High,66,221018.72
SME_0123,2025-11-01,504.0,4,5.333333333333333,-47.0,False,0.0,True,False,,39.0,Retail,London,High,66,221018.72
SME_0123,2025-12-01,498.0,1,4.666666666666667,-34.0,False,0.0,True,False,,40.0,Retail,London,High,66,221018.72
SME_0123,2026-01-01,519.0,7,4.0,-5.0,False,0.0,True,False,,41.0,Retail,London,High,66,221018.72
SME_0124,2024-08-01,575.0,6,,,False,0.0,True,False,,3.0,Manufacturing,Scotland,Medium,65,463387.95
SME_0124,2024-09-01,571.0,8,6.0,,False,0.0,True,False,,4.0,Manufacturing,Scotland,Medium,65,463387.95
SME_0124,2024-10-01,567.0,6,7.0,,False,0.0,True,False,,5.0,Manufacturing,Scotland,Medium,65,463387.95
SME_0124,2024-11-01,555.0,11,6.666666666666667,-20.0,False,0.0,True,False,,6.0,Manufacturing,Scotland,Medium,65,463387.95
SME_0124,2024-12-01,556.0,4,8.333333333333334,-15.0,False,0.0,True,False,,7.0,Manufacturing,Scotland,Medium,65,463387.95
SME_0124,2025-01-01,561.0,6,7.0,-6.0,False,0.0,True,False,,8.0,Manufacturing,Scotland,Medium,65,463387.95
SME_0124,2025-02-01,564.0,7,7.0,9.0,False,0.0,True,False,,9.0,Manufacturing,Scotland,Medium,65,463387.95
SME_0124,2025-03-01,548.0,7,5.666666666666667,-8.0,False,0.0,True,False,,10.0,Manufacturing,Scotland,Medium,65,463387.95
SME_0124,2025-04-01,560.0,6,6.666666666666667,-1.0,False,0.0,True,False,,11.0,Manufacturing,Scotland,Medium,65,463387.95
SME_0124,2025-05-01,541.0,7,6.666666666666667,-23.0,False,0.0,True,False,,12.0,Manufacturing,Scotland,Medium,65,463387.95
SME_0124,2025-06-01,543.0,12,6.666666666666667,-5.0,False,0.0,True,False,,13.0,Manufacturing,Scotland,Medium,65,463387.95
SME_0124,2025-07-01,549.0,10,8.333333333333334,-11.0,False,0.0,True,False,,14.0,Manufacturing,Scotland,Medium,65,463387.95
SME_0124,2025-08-01,537.0,12,9.666666666666666,-4.0,True,0.0,True,False,,15.0,Manufacturing,Scotland,Medium,65,463387.95
SME_0124,2025-09-01,540.0,4,11.333333333333334,-3.0,False,0.0,True,False,,16.0,Manufacturing,Scotland,Medium,65,463387.95
SME_0124,2025-10-01,526.0,7,8.666666666666666,-23.0,False,0.0,True,False,,17.0,Manufacturing,Scotland,Medium,65,463387.95
SME_0124,2025-11-01,536.0,4,7.666666666666667,-1.0,False,0.0,True,False,,18.0,Manufacturing,Scotland,Medium,65,463387.95
SME_0124,2025-12-01,539.0,5,5.0,-1.0,False,0.0,True,False,,19.0,Manufacturing,Scotland,Medium,65,463387.95
SME_0124,2026-01-01,535.0,4,5.333333333333333,9.0,False,0.0,True,False,,20.0,Manufacturing,Scotland,Medium,65,463387.95
SME_0125,2024-08-01,603.0,15,,,True,0.0,True,True,9.0,12.0,Retail,Unknown,Medium,171,124850.19
SME_0125,2024-09-01,590.0,12,15.0,,False,0.0,True,True,8.0,13.0,Retail,Unknown,Medium,171,124850.19
SME_0125,2024-10-01,566.0,11,13.5,,True,0.0,True,True,7.0,14.0,Retail,Unknown,Medium,171,124850.19
SME_0125,2024-11-01,590.0,11,12.666666666666666,-13.0,False,0.0,True,True,6.0,15.0,Retail,Unknown,Medium,171,124850.19
SME_0125,2024-12-01,602.0,13,11.333333333333334,12.0,False,0.0,True,True,5.0,16.0,Retail,Unknown,Medium,171,124850.19
SME_0125,2025-01-01,614.0,13,11.666666666666666,48.0,False,0.0,True,True,4.0,17.0,Retail,Unknown,Medium,171,124850.19
SME_0125,2025-02-01,598.0,12,12.333333333333334,8.0,False,0.0,True,True,3.0,18.0,Retail,Unknown,Medium,171,124850.19
SME_0125,2025-03-01,613.0,5,12.666666666666666,11.0,True,0.0,True,True,2.0,19.0,Retail,Unknown,Medium,171,124850.19
SME_0125,2025-04-01,625.0,8,10.0,11.0,False,0.0,True,True,1.0,20.0,Retail,Unknown,Medium,171,124850.19
SME_0125,2025-05-01,625.0,0,8.333333333333334,27.0,False,0.0,False,True,0.0,21.0,Retail,Unknown,Medium,171,124850.19
SME_0125,2025-06-01,625.0,0,4.333333333333333,12.0,False,0.0,False,True,-1.0,22.0,Retail,Unknown,Medium,171,124850.19
SME_0125,2025-07-01,625.0,0,2.6666666666666665,0.0,False,0.0,False,True,-2.0,23.0,Retail,Unknown,Medium,171,124850.19
SME_0125,2025-08-01,625.0,0,0.0,0.0,False,0.0,False,True,-3.0,24.0,Retail,Unknown,Medium,171,124850.19
SME_0125,2025-09-01,625.0,0,0.0,0.0,False,0.0,False,True,-4.0,25.0,Retail,Unknown,Medium,171,124850.19
SME_0125,2025-10-01,625.0,0,0.0,0.0,False,0.0,False,True,-5.0,26.0,Retail,Unknown,Medium,171,124850.19
SME_0125,2025-11-01,625.0,0,0.0,0.0,False,0.0,False,True,-6.0,27.0,Retail,Unknown,Medium,171,124850.19
SME_0125,2025-12-01,625.0,0,0.0,0.0,False,0.0,False,True,-7.0,28.0,Retail,Unknown,Medium,171,124850.19
SME_0125,2026-01-01,625.0,0,0.0,0.0,False,0.0,False,True,-8.0,29.0,Retail,Unknown,Medium,171,124850.19
SME_0126,2024-08-01,697.0,10,,,False,0.0,True,False,,7.0,Services,North West,Low,109,508818.91
SME_0126,2024-09-01,696.0,16,10.0,,False,0.0,True,False,,8.0,Services,North West,Low,109,508818.91
SME_0126,2024-10-01,679.0,11,13.0,,False,0.0,True,False,,9.0,Services,North West,Low,109,508818.91
SME_0126,2024-11-01,668.0,13,12.333333333333334,-29.0,False,0.0,True,False,,10.0,Services,North West,Low,109,508818.91
SME_0126,2024-12-01,675.0,16,13.333333333333334,-21.0,False,0.0,True,False,,11.0,Services,North West,Low,109,508818.91
SME_0126,2025-01-01,681.0,17,13.333333333333334,2.0,False,0.0,True,False,,12.0,Services,North West,Low,109,508818.91
SME_0126,2025-02-01,681.0,14,15.333333333333334,13.0,False,0.0,True,False,,13.0,Services,North West,Low,109,508818.91
SME_0126,2025-03-01,687.0,6,15.666666666666666,12.0,False,0.0,True,False,,14.0,Services,North West,Low,109,508818.91
SME_0126,2025-04-01,683.0,13,12.333333333333334,2.0,False,0.0,True,False,,15.0,Services,North West,Low,109,508818.91
SME_0126,2025-05-01,680.0,18,11.0,-1.0,True,0.0,True,False,,16.0,Services,North West,Low,109,508818.91
SME_0126,2025-06-01,661.0,9,12.333333333333334,-26.0,False,0.0,True,False,,17.0,Services,North West,Low,109,508818.91
SME_0126,2025-07-01,662.0,16,13.333333333333334,-21.0,False,0.0,True,False,,18.0,Services,North West,Low,109,508818.91
SME_0126,2025-08-01,658.0,11,14.333333333333334,-22.0,False,0.0,True,False,,19.0,Services,North West,Low,109,508818.91
SME_0126,2025-09-01,644.0,22,12.0,-17.0,False,0.0,True,False,,20.0,Services,North West,Low,109,508818.91
SME_0126,2025-10-01,629.0,8,16.333333333333332,-33.0,False,0.0,True,False,,21.0,Services,North West,Low,109,508818.91
SME_0126,2025-11-01,630.0,17,13.666666666666666,-28.0,False,0.0,True,False,,22.0,Services,North West,Low,109,508818.91
SME_0126,2025-12-01,633.0,5,15.666666666666666,-11.0,True,46907.54,True,False,,23.0,Services,North West,Low,109,508818.91
SME_0126,2026-01-01,628.0,12,10.0,-1.0,False,0.0,True,False,,24.0,Services,North West,Low,109,508818.91
SME_0127,2024-08-01,675.0,10,,,False,0.0,True,False,,25.0,Manufacturing,North West,Low,141,1671491.54
SME_0127,2024-09-01,649.0,13,10.0,,True,0.0,True,False,,27.0,Manufacturing,North West,Low,141,1671491.54
SME_0127,2024-10-01,648.0,14,11.5,,False,0.0,True,False,,27.0,Manufacturing,North West,Low,141,1671491.54
SME_0127,2024-11-01,655.0,22,12.333333333333334,-20.0,False,0.0,True,False,,29.0,Manufacturing,North West,Low,141,1671491.54
SME_0127,2024-12-01,653.0,15,16.333333333333332,4.0,True,8696.37,True,False,,30.0,Manufacturing,North West,Low,141,1671491.54
SME_0127,2025-01-01,647.0,7,17.0,-1.0,True,0.0,True,False,,31.0,Manufacturing,North West,Low,141,1671491.54
SME_0127,2025-02-01,656.0,14,14.666666666666666,1.0,False,0.0,True,False,,32.0,Manufacturing,North West,Low,141,1671491.54
SME_0127,2025-03-01,651.0,10,12.0,-2.0,False,0.0,True,False,,32.0,Manufacturing,North West,Low,141,1671491.54
SME_0127,2025-04-01,649.0,11,10.333333333333334,2.0,False,0.0,True,False,,33.0,Manufacturing,North West,Low,141,1671491.54
SME_0127,2025-05-01,663.0,14,11.666666666666666,7.0,False,0.0,True,False,,34.0,Manufacturing,North West,Low,141,1671491.54
SME_0127,2025-06-01,649.0,3,11.666666666666666,-2.0,False,0.0,True,False,,35.0,Manufacturing,North West,Low,141,1671491.54
SME_0127,2025-07-01,664.0,9,9.333333333333334,15.0,False,0.0,True,False,,36.0,Manufacturing,North West,Low,141,1671491.54
SME_0127,2025-08-01,648.0,13,8.666666666666666,-15.0,False,0.0,True,False,,37.0,Manufacturing,North West,Low,141,1671491.54
SME_0127,2025-09-01,649.0,16,8.333333333333334,0.0,False,0.0,True,False,,39.0,Manufacturing,North West,Low,141,1671491.54
SME_0127,2025-10-01,638.0,12,12.666666666666666,-26.0,False,0.0,True,False,,39.0,Manufacturing,North West,Low,141,1671491.54
SME_0127,2025-11-01,645.0,16,13.666666666666666,-3.0,False,0.0,True,False,,41.0,Manufacturing,North West,Low,141,1671491.54
SME_0127,2025-12-01,665.0,10,14.666666666666666,16.0,False,0.0,True,False,,41.0,Manufacturing,North West,Low,141,1671491.54
SME_0127,2026-01-01,661.0,15,12.666666666666666,23.0,True,29335.33,True,False,,43.0,Manufacturing,North West,Low,141,1671491.54
SME_0128,2024-08-01,462.0,8,,,False,0.0,True,False,,3.0,Retail,South East,High,98,331006.53
SME_0128,2024-09-01,458.0,3,8.0,,False,0.0,True,False,,4.0,Retail,South East,High,98,331006.53
SME_0128,2024-10-01,453.0,7,5.5,,True,0.0,True,False,,5.0,Retail,South East,High,98,331006.53
SME_0128,2024-11-01,442.0,7,6.0,-20.0,False,0.0,True,False,,6.0,Retail,South East,High,98,331006.53
SME_0128,2024-12-01,454.0,3,5.666666666666667,-4.0,False,0.0,True,False,,7.0,Retail,South East,High,98,331006.53
SME_0128,2025-01-01,439.0,4,5.666666666666667,-14.0,False,0.0,True,False,,8.0,Retail,South East,High,98,331006.53
SME_0128,2025-02-01,437.0,4,4.666666666666667,-5.0,False,0.0,True,False,,9.0,Retail,South East,High,98,331006.53
SME_0128,2025-03-01,451.0,7,3.6666666666666665,-3.0,True,0.0,True,False,,10.0,Retail,South East,High,98,331006.53
SME_0128,2025-04-01,441.0,2,5.0,2.0,False,0.0,True,False,,11.0,Retail,South East,High,98,331006.53
SME_0128,2025-05-01,459.0,2,4.333333333333333,22.0,False,0.0,True,False,,12.0,Retail,South East,High,98,331006.53
SME_0128,2025-06-01,469.0,3,3.6666666666666665,18.0,False,0.0,True,False,,13.0,Retail,South East,High,98,331006.53
SME_0128,2025-07-01,472.0,3,2.3333333333333335,31.0,False,0.0,True,False,,14.0,Retail,South East,High,98,331006.53
SME_0128,2025-08-01,451.0,0,2.6666666666666665,-8.0,False,0.0,True,False,,15.0,Retail,South East,High,98,331006.53
SME_0128,2025-09-01,446.0,2,2.0,-23.0,False,0.0,True,False,,16.0,Retail,South East,High,98,331006.53
SME_0128,2025-10-01,435.0,2,1.6666666666666667,-37.0,False,0.0,True,False,,17.0,Retail,South East,High,98,331006.53
SME_0128,2025-11-01,460.0,6,1.3333333333333333,9.0,True,0.0,True,False,,18.0,Retail,South East,High,98,331006.53
SME_0128,2025-12-01,470.0,6,3.3333333333333335,24.0,False,0.0,True,False,,19.0,Retail,South East,High,98,331006.53
SME_0128,2026-01-01,481.0,2,4.666666666666667,46.0,False,0.0,True,False,,20.0,Retail,South East,High,98,331006.53
SME_0129,2024-08-01,582.0,16,,,False,0.0,True,False,,19.0,Retail,North West,Medium,89,245225.24
SME_0129,2024-09-01,608.0,10,16.0,,False,0.0,True,False,,20.0,Retail,North West,Medium,89,245225.24
SME_0129,2024-10-01,586.0,13,13.0,,False,0.0,True,False,,21.0,Retail,North West,Medium,89,245225.24
SME_0129,2024-11-01,584.0,6,13.0,2.0,False,0.0,True,False,,22.0,Retail,North West,Medium,89,245225.24
SME_0129,2024-12-01,583.0,7,9.666666666666666,-25.0,False,0.0,True,False,,23.0,Retail,North West,Medium,89,245225.24
SME_0129,2025-01-01,585.0,10,8.666666666666666,-1.0,False,0.0,True,False,,24.0,Retail,North West,Medium,89,245225.24
SME_0129,2025-02-01,586.0,8,7.666666666666667,2.0,False,0.0,True,False,,25.0,Retail,North West,Medium,89,245225.24
SME_0129,2025-03-01,577.0,8,8.333333333333334,-6.0,False,0.0,True,False,,26.0,Retail,North West,Medium,89,245225.24
SME_0129,2025-04-01,559.0,4,8.666666666666666,-26.0,True,59381.89,True,False,,27.0,Retail,North West,Medium,89,245225.24
SME_0129,2025-05-01,553.0,15,6.666666666666667,-33.0,False,0.0,True,False,,28.0,Retail,North West,Medium,89,245225.24
SME_0129,2025-06-01,550.0,9,9.0,-27.0,True,30823.11,True,False,,29.0,Retail,North West,Medium,89,245225.24
SME_0129,2025-07-01,562.0,11,9.333333333333334,3.0,False,0.0,True,False,,30.0,Retail,North West,Medium,89,245225.24
SME_0129,2025-08-01,569.0,14,11.666666666666666,16.0,False,0.0,True,False,,31.0,Retail,North West,Medium,89,245225.24
SME_0129,2025-09-01,577.0,9,11.333333333333334,27.0,False,0.0,True,False,,32.0,Retail,North West,Medium,89,245225.24
SME_0129,2025-10-01,583.0,20,11.333333333333334,21.0,False,0.0,True,False,,33.0,Retail,North West,Medium,89,245225.24
SME_0129,2025-11-01,574.0,11,14.333333333333334,5.0,False,0.0,True,False,,34.0,Retail,North West,Medium,89,245225.24
SME_0129,2025-12-01,578.0,5,13.333333333333334,1.0,False,0.0,True,False,,35.0,Retail,North West,Medium,89,245225.24
SME_0129,2026-01-01,594.0,11,12.0,11.0,False,0.0,True,False,,36.0,Retail,North West,Medium,89,245225.24
SME_0130,2024-08-01,540.0,13,,,True,0.0,True,False,,27.0,Services,North West,Medium,126,208730.87
SME_0130,2024-09-01,541.0,9,13.0,,True,0.0,True,False,,28.0,Services,North West,Medium,126,208730.87
SME_0130,2024-10-01,550.0,14,11.0,,False,0.0,True,False,,29.0,Services,North West,Medium,126,208730.87
SME_0130,2024-11-01,537.0,15,12.0,-3.0,False,0.0,True,False,,30.0,Services,North West,Medium,126,208730.87
SME_0130,2024-12-01,548.0,11,12.666666666666666,7.0,False,0.0,True,False,,31.0,Services,North West,Medium,126,208730.87
SME_0130,2025-01-01,584.0,5,13.333333333333334,34.0,False,0.0,True,False,,32.0,Services,North West,Medium,126,208730.87
SME_0130,2025-02-01,624.0,12,10.333333333333334,87.0,False,0.0,True,False,,33.0,Services,North West,Medium,126,208730.87
SME_0130,2025-03-01,602.0,8,9.333333333333334,54.0,True,51310.23,True,False,,34.0,Services,North West,Medium,126,208730.87
SME_0130,2025-04-01,614.0,11,8.333333333333334,30.0,False,0.0,True,False,,35.0,Services,North West,Medium,126,208730.87
SME_0130,2025-05-01,621.0,14,10.333333333333334,-3.0,True,40647.44,True,False,,36.0,Services,North West,Medium,126,208730.87
SME_0130,2025-06-01,613.0,6,11.0,11.0,False,0.0,True,False,,37.0,Services,North West,Medium,126,208730.87
SME_0130,2025-07-01,597.0,12,10.333333333333334,-17.0,False,0.0,True,False,,38.0,Services,North West,Medium,126,208730.87
SME_0130,2025-08-01,579.0,9,10.666666666666666,-42.0,False,0.0,True,False,,39.0,Services,North West,Medium,126,208730.87
SME_0130,2025-09-01,578.0,7,9.0,-35.0,False,0.0,True,False,,40.0,Services,North West,Medium,126,208730.87
SME_0130,2025-10-01,589.0,8,9.333333333333334,-8.0,False,0.0,True,False,,41.0,Services,North West,Medium,126,208730.87
SME_0130,2025-11-01,571.0,8,8.0,-8.0,False,0.0,True,False,,42.0,Services,North West,Medium,126,208730.87
SME_0130,2025-12-01,569.0,9,7.666666666666667,-9.0,False,0.0,True,False,,43.0,Services,North West,Medium,126,208730.87
SME_0130,2026-01-01,601.0,6,8.333333333333334,12.0,False,0.0,True,False,,44.0,Services,North West,Medium,126,208730.87
SME_0131,2024-08-01,590.0,12,,,False,0.0,True,False,,34.0,Retail,South East,Medium,162,240747.49
SME_0131,2024-09-01,577.0,13,12.0,,False,0.0,True,False,,35.0,Retail,South East,Medium,162,240747.49
SME_0131,2024-10-01,571.0,9,12.5,,False,0.0,True,False,,36.0,Retail,South East,Medium,162,240747.49
SME_0131,2024-11-01,559.0,7,11.333333333333334,-31.0,False,0.0,True,False,,37.0,Retail,South East,Medium,162,240747.49
SME_0131,2024-12-01,580.0,9,9.666666666666666,3.0,False,0.0,True,False,,38.0,Retail,South East,Medium,162,240747.49
SME_0131,2025-01-01,577.0,11,8.333333333333334,6.0,False,0.0,True,False,,39.0,Retail,South East,Medium,162,240747.49
SME_0131,2025-02-01,562.0,17,9.0,3.0,False,0.0,True,False,,40.0,Retail,South East,Medium,162,240747.49
SME_0131,2025-03-01,555.0,12,12.333333333333334,-25.0,True,0.0,True,False,,41.0,Retail,South East,Medium,162,240747.49
SME_0131,2025-04-01,591.0,10,13.333333333333334,14.0,True,0.0,True,False,,42.0,Retail,South East,Medium,162,240747.49
SME_0131,2025-05-01,598.0,10,13.0,36.0,False,0.0,True,False,,43.0,Retail,South East,Medium,162,240747.49
SME_0131,2025-06-01,586.0,8,10.666666666666666,31.0,False,0.0,True,False,,44.0,Retail,South East,Medium,162,240747.49
SME_0131,2025-07-01,583.0,8,9.333333333333334,-8.0,False,0.0,True,False,,45.0,Retail,South East,Medium,162,240747.49
SME_0131,2025-08-01,588.0,7,8.666666666666666,-10.0,False,0.0,True,False,,46.0,Retail,South East,Medium,162,240747.49
SME_0131,2025-09-01,597.0,24,7.666666666666667,11.0,False,0.0,True,False,,47.0,Retail,South East,Medium,162,240747.49
SME_0131,2025-10-01,604.0,15,13.0,21.0,False,0.0,True,False,,48.0,Retail,South East,Medium,162,240747.49
SME_0131,2025-11-01,574.0,15,15.333333333333334,-14.0,False,0.0,True,False,,49.0,Retail,South East,Medium,162,240747.49
SME_0131,2025-12-01,600.0,14,18.0,3.0,True,0.0,True,False,,50.0,Retail,South East,Medium,162,240747.49
SME_0131,2026-01-01,601.0,11,14.666666666666666,-3.0,False,0.0,True,False,,51.0,Retail,South East,Medium,162,240747.49
SME_0132,2024-08-01,549.0,13,,,False,0.0,True,True,10.0,11.0,Healthcare,London,High,67,257221.15
SME_0132,2024-09-01,538.0,11,13.0,,False,0.0,True,True,9.0,12.0,Healthcare,London,High,67,257221.15
SME_0132,2024-10-01,536.0,14,12.0,,False,0.0,True,True,8.0,13.0,Healthcare,London,High,67,257221.15
SME_0132,2024-11-01,522.0,7,12.666666666666666,-27.0,False,0.0,True,True,7.0,14.0,Healthcare,London,High,67,257221.15
SME_0132,2024-12-01,531.0,10,10.666666666666666,-7.0,False,0.0,True,True,6.0,15.0,Healthcare,London,High,67,257221.15
SME_0132,2025-01-01,543.0,6,10.333333333333334,7.0,False,0.0,True,True,5.0,16.0,Healthcare,London,High,67,257221.15
SME_0132,2025-02-01,567.0,4,7.666666666666667,45.0,False,0.0,True,True,4.0,17.0,Healthcare,London,High,67,257221.15
SME_0132,2025-03-01,552.0,11,6.666666666666667,21.0,True,0.0,True,True,3.0,18.0,Healthcare,London,High,67,257221.15
SME_0132,2025-04-01,580.0,9,7.0,37.0,False,0.0,True,True,2.0,19.0,Healthcare,London,High,67,257221.15
SME_0132,2025-05-01,583.0,8,8.0,16.0,False,0.0,True,True,1.0,20.0,Healthcare,London,High,67,257221.15
SME_0132,2025-06-01,583.0,0,9.333333333333334,31.0,False,0.0,False,True,0.0,21.0,Healthcare,London,High,67,257221.15
SME_0132,2025-07-01,583.0,0,5.666666666666667,3.0,False,0.0,False,True,-1.0,22.0,Healthcare,London,High,67,257221.15
SME_0132,2025-08-01,583.0,0,2.6666666666666665,0.0,False,0.0,False,True,-2.0,23.0,Healthcare,London,High,67,257221.15
SME_0132,2025-09-01,583.0,0,0.0,0.0,False,0.0,False,True,-3.0,24.0,Healthcare,London,High,67,257221.15
SME_0132,2025-10-01,583.0,0,0.0,0.0,False,0.0,False,True,-4.0,25.0,Healthcare,London,High,67,257221.15
SME_0132,2025-11-01,583.0,0,0.0,0.0,False,0.0,False,True,-5.0,26.0,Healthcare,London,High,67,257221.15
SME_0132,2025-12-01,583.0,0,0.0,0.0,False,0.0,False,True,-6.0,27.0,Healthcare,London,High,67,257221.15
SME_0132,2026-01-01,583.0,0,0.0,0.0,False,0.0,False,True,-7.0,28.0,Healthcare,London,High,67,257221.15
SME_0133,2024-08-01,675.0,13,,,False,0.0,True,False,,1.0,Services,South East,Low,162,283229.29
SME_0133,2024-09-01,665.0,17,13.0,,True,45059.71,True,False,,2.0,Services,South East,Low,162,283229.29
SME_0133,2024-10-01,665.0,14,15.0,,False,0.0,True,False,,3.0,Services,South East,Low,162,283229.29
SME_0133,2024-11-01,662.0,12,14.666666666666666,-13.0,False,0.0,True,False,,4.0,Services,South East,Low,162,283229.29
SME_0133,2024-12-01,668.0,21,14.333333333333334,3.0,False,0.0,True,False,,5.0,Services,South East,Low,162,283229.29
SME_0133,2025-01-01,698.0,14,15.666666666666666,33.0,False,0.0,True,False,,6.0,Services,South East,Low,162,283229.29
SME_0133,2025-02-01,677.0,14,15.666666666666666,15.0,False,0.0,True,False,,7.0,Services,South East,Low,162,283229.29
SME_0133,2025-03-01,688.0,22,16.333333333333332,20.0,True,0.0,True,False,,8.0,Services,South East,Low,162,283229.29
SME_0133,2025-04-01,699.0,11,16.666666666666668,1.0,False,0.0,True,False,,9.0,Services,South East,Low,162,283229.29
SME_0133,2025-05-01,702.0,8,15.666666666666666,25.0,False,0.0,True,False,,10.0,Services,South East,Low,162,283229.29
SME_0133,2025-06-01,687.0,11,13.666666666666666,-1.0,False,0.0,True,False,,11.0,Services,South East,Low,162,283229.29
SME_0133,2025-07-01,703.0,17,10.0,4.0,False,0.0,True,False,,12.0,Services,South East,Low,162,283229.29
SME_0133,2025-08-01,702.0,18,12.0,0.0,False,0.0,True,False,,13.0,Services,South East,Low,162,283229.29
SME_0133,2025-09-01,717.0,10,15.333333333333334,30.0,True,63780.02,True,False,,14.0,Services,South East,Low,162,283229.29
SME_0133,2025-10-01,712.0,12,15.0,9.0,False,0.0,True,False,,15.0,Services,South East,Low,162,283229.29
SME_0133,2025-11-01,709.0,10,13.333333333333334,7.0,False,0.0,True,False,,16.0,Services,South East,Low,162,283229.29
SME_0133,2025-12-01,696.0,16,10.666666666666666,-21.0,False,0.0,True,False,,17.0,Services,South East,Low,162,283229.29
SME_0133,2026-01-01,678.0,16,12.666666666666666,-34.0,False,0.0,True,False,,18.0,Services,South East,Low,162,283229.29
SME_0134,2024-08-01,552.0,10,,,False,0.0,True,False,,26.0,Manufacturing,Midlands,High,49,591466.9
SME_0134,2024-09-01,553.0,9,10.0,,False,0.0,True,False,,27.0,Manufacturing,Midlands,High,49,591466.9
SME_0134,2024-10-01,547.0,8,9.5,,False,0.0,True,False,,28.0,Manufacturing,Midlands,High,49,591466.9
SME_0134,2024-11-01,560.0,7,9.0,8.0,False,0.0,True,False,,29.0,Manufacturing,Midlands,High,49,591466.9
SME_0134,2024-12-01,572.0,4,8.0,19.0,False,0.0,True,False,,30.0,Manufacturing,Midlands,High,49,591466.9
SME_0134,2025-01-01,566.0,4,6.333333333333333,19.0,False,0.0,True,False,,31.0,Manufacturing,Midlands,High,49,591466.9
SME_0134,2025-02-01,558.0,10,5.0,-2.0,False,0.0,True,False,,32.0,Manufacturing,Midlands,High,49,591466.9
SME_0134,2025-03-01,555.0,7,6.0,-17.0,False,0.0,True,False,,33.0,Manufacturing,Midlands,High,49,591466.9
SME_0134,2025-04-01,560.0,5,7.0,-6.0,True,0.0,True,False,,34.0,Manufacturing,Midlands,High,49,591466.9
SME_0134,2025-05-01,566.0,4,7.333333333333333,8.0,False,0.0,True,False,,35.0,Manufacturing,Midlands,High,49,591466.9
SME_0134,2025-06-01,555.0,7,5.333333333333333,0.0,False,0.0,True,False,,36.0,Manufacturing,Midlands,High,49,591466.9
SME_0134,2025-07-01,552.0,8,5.333333333333333,-8.0,False,0.0,True,False,,37.0,Manufacturing,Midlands,High,49,591466.9
SME_0134,2025-08-01,529.0,2,6.333333333333333,-37.0,False,0.0,True,False,,38.0,Manufacturing,Midlands,High,49,591466.9
SME_0134,2025-09-01,538.0,6,5.666666666666667,-17.0,False,0.0,True,False,,39.0,Manufacturing,Midlands,High,49,591466.9
SME_0134,2025-10-01,547.0,3,5.333333333333333,-5.0,False,0.0,True,False,,40.0,Manufacturing,Midlands,High,49,591466.9
SME_0134,2025-11-01,540.0,4,3.6666666666666665,11.0,False,0.0,True,False,,41.0,Manufacturing,Midlands,High,49,591466.9
SME_0134,2025-12-01,527.0,3,4.333333333333333,-11.0,False,0.0,True,False,,42.0,Manufacturing,Midlands,High,49,591466.9
SME_0134,2026-01-01,524.0,9,3.3333333333333335,-23.0,False,0.0,True,False,,43.0,Manufacturing,Midlands,High,49,591466.9
SME_0135,2024-08-01,518.0,3,,,False,0.0,True,False,,1.0,Services,North West,Medium,81,73024.75
SME_0135,2024-09-01,527.0,8,3.0,,True,0.0,True,False,,2.0,Services,North West,Medium,81,73024.75
SME_0135,2024-10-01,503.0,6,5.5,,False,0.0,True,False,,3.0,Services,North West,Medium,81,73024.75
SME_0135,2024-11-01,518.0,3,5.666666666666667,0.0,False,0.0,True,False,,4.0,Services,North West,Medium,81,73024.75
SME_0135,2024-12-01,535.0,8,5.666666666666667,8.0,False,0.0,True,False,,5.0,Services,North West,Medium,81,73024.75
SME_0135,2025-01-01,536.0,11,5.666666666666667,33.0,True,0.0,True,False,,6.0,Services,North West,Medium,81,73024.75
SME_0135,2025-02-01,530.0,6,7.333333333333333,12.0,False,0.0,True,False,,7.0,Services,North West,Medium,81,73024.75
SME_0135,2025-03-01,540.0,7,8.333333333333334,5.0,False,0.0,True,False,,8.0,Services,North West,Medium,81,73024.75
SME_0135,2025-04-01,552.0,7,8.0,16.0,False,0.0,True,False,,9.0,Services,North West,Medium,81,73024.75
SME_0135,2025-05-01,532.0,1,6.666666666666667,2.0,False,0.0,True,False,,10.0,Services,North West,Medium,81,73024.75
SME_0135,2025-06-01,529.0,5,5.0,-11.0,False,0.0,True,False,,11.0,Services,North West,Medium,81,73024.75
SME_0135,2025-07-01,521.0,9,4.333333333333333,-31.0,False,0.0,True,False,,12.0,Services,North West,Medium,81,73024.75
SME_0135,2025-08-01,522.0,10,5.0,-10.0,False,0.0,True,False,,13.0,Services,North West,Medium,81,73024.75
SME_0135,2025-09-01,533.0,12,8.0,4.0,False,0.0,True,False,,14.0,Services,North West,Medium,81,73024.75
SME_0135,2025-10-01,543.0,5,10.333333333333334,22.0,True,0.0,True,False,,15.0,Services,North West,Medium,81,73024.75
SME_0135,2025-11-01,531.0,5,9.0,9.0,False,0.0,True,False,,16.0,Services,North West,Medium,81,73024.75
SME_0135,2025-12-01,521.0,9,7.333333333333333,-12.0,False,0.0,True,False,,17.0,Services,North West,Medium,81,73024.75
SME_0135,2026-01-01,537.0,4,6.333333333333333,-6.0,False,0.0,True,False,,18.0,Services,North West,Medium,81,73024.75
SME_0136,2024-08-01,663.0,8,,,False,0.0,True,False,,3.0,Retail,South East,Low,182,720929.15
SME_0136,2024-09-01,669.0,8,8.0,,False,0.0,True,False,,4.0,Retail,South East,Low,182,720929.15
SME_0136,2024-10-01,678.0,10,8.0,,True,40273.85,True,False,,5.0,Retail,South East,Low,182,720929.15
SME_0136,2024-11-01,669.0,12,8.666666666666666,6.0,True,65236.2,True,False,,6.0,Retail,South East,Low,182,720929.15
SME_0136,2024-12-01,653.0,15,10.0,-16.0,False,0.0,True,False,,7.0,Retail,South East,Low,182,720929.15
SME_0136,2025-01-01,646.0,15,12.333333333333334,-32.0,False,0.0,True,False,,8.0,Retail,South East,Low,182,720929.15
SME_0136,2025-02-01,657.0,9,14.0,-12.0,False,0.0,True,False,,9.0,Retail,South East,Low,182,720929.15
SME_0136,2025-03-01,641.0,16,13.0,-12.0,False,0.0,True,False,,10.0,Retail,South East,Low,182,720929.15
SME_0136,2025-04-01,628.0,12,13.333333333333334,-18.0,False,0.0,True,False,,11.0,Retail,South East,Low,182,720929.15
SME_0136,2025-05-01,621.0,13,12.333333333333334,-36.0,False,0.0,True,False,,12.0,Retail,South East,Low,182,720929.15
SME_0136,2025-06-01,649.0,8,13.666666666666666,8.0,False,0.0,True,False,,13.0,Retail,South East,Low,182,720929.15
SME_0136,2025-07-01,647.0,7,11.0,19.0,False,0.0,True,False,,14.0,Retail,South East,Low,182,720929.15
SME_0136,2025-08-01,664.0,14,9.333333333333334,43.0,True,0.0,True,False,,15.0,Retail,South East,Low,182,720929.15
SME_0136,2025-09-01,652.0,7,9.666666666666666,3.0,False,0.0,True,False,,16.0,Retail,South East,Low,182,720929.15
SME_0136,2025-10-01,633.0,7,9.333333333333334,-14.0,False,0.0,True,False,,17.0,Retail,South East,Low,182,720929.15
SME_0136,2025-11-01,610.0,13,9.333333333333334,-54.0,False,0.0,True,False,,18.0,Retail,South East,Low,182,720929.15
SME_0136,2025-12-01,621.0,15,9.0,-31.0,False,0.0,True,False,,19.0,Retail,South East,Low,182,720929.15
SME_0136,2026-01-01,625.0,14,11.666666666666666,-8.0,True,0.0,True,False,,20.0,Retail,South East,Low,182,720929.15
SME_0137,2024-08-01,731.0,10,,,False,0.0,True,False,,36.0,Healthcare,Scotland,Low,190,297886.72
SME_0137,2024-09-01,746.0,17,10.0,,False,0.0,True,False,,37.0,Healthcare,Scotland,Low,190,297886.72
SME_0137,2024-10-01,743.0,16,13.5,,False,0.0,True,False,,38.0,Healthcare,Scotland,Low,190,297886.72
SME_0137,2024-11-01,715.0,12,14.333333333333334,-16.0,False,0.0,True,False,,39.0,Healthcare,Scotland,Low,190,297886.72
SME_0137,2024-12-01,702.0,14,15.0,-44.0,False,0.0,True,False,,40.0,Healthcare,Scotland,Low,190,297886.72
SME_0137,2025-01-01,707.0,17,14.0,-36.0,False,0.0,True,False,,41.0,Healthcare,Scotland,Low,190,297886.72
SME_0137,2025-02-01,704.0,22,14.333333333333334,-11.0,False,0.0,True,False,,42.0,Healthcare,Scotland,Low,190,297886.72
SME_0137,2025-03-01,695.0,13,17.666666666666668,-7.0,False,0.0,True,False,,43.0,Healthcare,Scotland,Low,190,297886.72
SME_0137,2025-04-01,718.0,11,17.333333333333332,11.0,False,0.0,True,False,,44.0,Healthcare,Scotland,Low,190,297886.72
SME_0137,2025-05-01,707.0,12,15.333333333333334,3.0,True,56581.98,True,False,,45.0,Healthcare,Scotland,Low,190,297886.72
SME_0137,2025-06-01,703.0,8,12.0,8.0,True,0.0,True,False,,46.0,Healthcare,Scotland,Low,190,297886.72
SME_0137,2025-07-01,698.0,14,10.333333333333334,-20.0,False,0.0,True,False,,47.0,Healthcare,Scotland,Low,190,297886.72
SME_0137,2025-08-01,699.0,10,11.333333333333334,-8.0,True,52806.41,True,False,,48.0,Healthcare,Scotland,Low,190,297886.72
SME_0137,2025-09-01,713.0,18,10.666666666666666,10.0,False,0.0,True,False,,49.0,Healthcare,Scotland,Low,190,297886.72
SME_0137,2025-10-01,702.0,15,14.0,4.0,False,0.0,True,False,,50.0,Healthcare,Scotland,Low,190,297886.72
SME_0137,2025-11-01,688.0,13,14.333333333333334,-11.0,False,0.0,True,False,,51.0,Healthcare,Scotland,Low,190,297886.72
SME_0137,2025-12-01,694.0,14,15.333333333333334,-19.0,False,0.0,True,False,,52.0,Healthcare,Scotland,Low,190,297886.72
SME_0137,2026-01-01,712.0,14,14.0,10.0,False,0.0,True,False,,53.0,Healthcare,Scotland,Low,190,297886.72
SME_0138,2024-08-01,607.0,15,,,False,0.0,True,False,,31.0,Services,London,Medium,184,465584.75
SME_0138,2024-09-01,604.0,11,15.0,,False,0.0,True,False,,32.0,Services,London,Medium,184,465584.75
SME_0138,2024-10-01,602.0,10,13.0,,False,0.0,True,False,,33.0,Services,London,Medium,184,465584.75
SME_0138,2024-11-01,582.0,10,12.0,-25.0,False,0.0,True,False,,34.0,Services,London,Medium,184,465584.75
SME_0138,2024-12-01,597.0,11,10.333333333333334,-7.0,False,0.0,True,False,,35.0,Services,London,Medium,184,465584.75
SME_0138,2025-01-01,590.0,10,10.333333333333334,-12.0,True,0.0,True,False,,36.0,Services,London,Medium,184,465584.75
SME_0138,2025-02-01,581.0,14,10.333333333333334,-1.0,True,0.0,True,False,,37.0,Services,London,Medium,184,465584.75
SME_0138,2025-03-01,591.0,10,11.666666666666666,-6.0,False,0.0,True,False,,38.0,Services,London,Medium,184,465584.75
SME_0138,2025-04-01,583.0,7,11.333333333333334,-7.0,False,0.0,True,False,,39.0,Services,London,Medium,184,465584.75
SME_0138,2025-05-01,583.0,16,10.333333333333334,2.0,False,0.0,True,False,,40.0,Services,London,Medium,184,465584.75
SME_0138,2025-06-01,571.0,10,11.0,-20.0,False,0.0,True,False,,41.0,Services,London,Medium,184,465584.75
SME_0138,2025-07-01,591.0,11,11.0,8.0,False,0.0,True,False,,42.0,Services,London,Medium,184,465584.75
SME_0138,2025-08-01,591.0,15,12.333333333333334,8.0,False,0.0,True,False,,43.0,Services,London,Medium,184,465584.75
SME_0138,2025-09-01,599.0,12,12.0,28.0,False,0.0,True,False,,44.0,Services,London,Medium,184,465584.75
SME_0138,2025-10-01,594.0,12,12.666666666666666,3.0,False,0.0,True,False,,45.0,Services,London,Medium,184,465584.75
SME_0138,2025-11-01,610.0,8,13.0,19.0,False,0.0,True,False,,46.0,Services,London,Medium,184,465584.75
SME_0138,2025-12-01,586.0,7,10.666666666666666,-13.0,False,0.0,True,False,,47.0,Services,London,Medium,184,465584.75
SME_0138,2026-01-01,603.0,5,9.0,9.0,False,0.0,True,False,,48.0,Services,London,Medium,184,465584.75
SME_0139,2024-08-01,702.0,20,,,False,0.0,True,False,,26.0,Technology,Midlands,Low,63,174745.25
SME_0139,2024-09-01,703.0,15,20.0,,False,0.0,True,False,,27.0,Technology,Midlands,Low,63,174745.25
SME_0139,2024-10-01,716.0,21,17.5,,False,0.0,True,False,,28.0,Technology,Midlands,Low,63,174745.25
SME_0139,2024-11-01,689.0,12,18.666666666666668,-13.0,False,0.0,True,False,,29.0,Technology,Midlands,Low,63,174745.25
SME_0139,2024-12-01,695.0,16,16.0,-8.0,True,58252.52,True,False,,30.0,Technology,Midlands,Low,63,174745.25
SME_0139,2025-01-01,696.0,20,16.333333333333332,-20.0,False,0.0,True,False,,31.0,Technology,Midlands,Low,63,174745.25
SME_0139,2025-02-01,709.0,12,16.0,20.0,False,0.0,True,False,,32.0,Technology,Midlands,Low,63,174745.25
SME_0139,2025-03-01,709.0,14,16.0,14.0,False,0.0,True,False,,33.0,Technology,Midlands,Low,63,174745.25
SME_0139,2025-04-01,710.0,18,15.333333333333334,14.0,False,0.0,True,False,,34.0,Technology,Midlands,Low,63,174745.25
SME_0139,2025-05-01,712.0,10,14.666666666666666,3.0,False,0.0,True,False,,35.0,Technology,Midlands,Low,63,174745.25
SME_0139,2025-06-01,737.0,15,14.0,28.0,True,42591.55,True,False,,36.0,Technology,Midlands,Low,63,174745.25
SME_0139,2025-07-01,739.0,19,14.333333333333334,29.0,False,0.0,True,False,,37.0,Technology,Midlands,Low,63,174745.25
SME_0139,2025-08-01,728.0,21,14.666666666666666,16.0,False,0.0,True,False,,38.0,Technology,Midlands,Low,63,174745.25
SME_0139,2025-09-01,726.0,15,18.333333333333332,-11.0,False,0.0,True,False,,39.0,Technology,Midlands,Low,63,174745.25
SME_0139,2025-10-01,718.0,12,18.333333333333332,-21.0,False,0.0,True,False,,40.0,Technology,Midlands,Low,63,174745.25
SME_0139,2025-11-01,716.0,14,16.0,-12.0,False,0.0,True,False,,41.0,Technology,Midlands,Low,63,174745.25
SME_0139,2025-12-01,737.0,19,13.666666666666666,11.0,False,0.0,True,False,,42.0,Technology,Midlands,Low,63,174745.25
SME_0139,2026-01-01,734.0,20,15.0,16.0,False,0.0,True,False,,43.0,Technology,Midlands,Low,63,174745.25
SME_0140,2024-08-01,596.0,12,,,True,42431.71,True,False,,30.0,Retail,Scotland,Medium,168,878981.77
SME_0140,2024-09-01,614.0,10,12.0,,False,0.0,True,False,,31.0,Retail,Scotland,Medium,168,878981.77
SME_0140,2024-10-01,576.0,4,11.0,,False,0.0,True,False,,32.0,Retail,Scotland,Medium,168,878981.77
SME_0140,2024-11-01,578.0,3,8.666666666666666,-18.0,False,0.0,True,False,,33.0,Retail,Scotland,Medium,168,878981.77
SME_0140,2024-12-01,577.0,12,5.666666666666667,-37.0,True,18415.36,True,False,,34.0,Retail,Scotland,Medium,168,878981.77
SME_0140,2025-01-01,562.0,10,6.333333333333333,-14.0,False,0.0,True,False,,35.0,Retail,Scotland,Medium,168,878981.77
SME_0140,2025-02-01,558.0,11,8.333333333333334,-20.0,False,0.0,True,False,,36.0,Retail,Scotland,Medium,168,878981.77
SME_0140,2025-03-01,539.0,9,11.0,-38.0,False,0.0,True,False,,37.0,Retail,Scotland,Medium,168,878981.77
SME_0140,2025-04-01,536.0,10,10.0,-26.0,False,0.0,True,False,,38.0,Retail,Scotland,Medium,168,878981.77
SME_0140,2025-05-01,515.0,6,10.0,-43.0,True,0.0,True,False,,39.0,Retail,Scotland,Medium,168,878981.77
SME_0140,2025-06-01,524.0,6,8.333333333333334,-15.0,False,0.0,True,False,,40.0,Retail,Scotland,Medium,168,878981.77
SME_0140,2025-07-01,528.0,7,7.333333333333333,-8.0,False,0.0,True,False,,41.0,Retail,Scotland,Medium,168,878981.77
SME_0140,2025-08-01,526.0,10,6.333333333333333,11.0,False,0.0,True,False,,42.0,Retail,Scotland,Medium,168,878981.77
SME_0140,2025-09-01,520.0,6,7.666666666666667,-4.0,False,0.0,True,False,,43.0,Retail,Scotland,Medium,168,878981.77
SME_0140,2025-10-01,523.0,5,7.666666666666667,-5.0,False,0.0,True,False,,44.0,Retail,Scotland,Medium,168,878981.77
SME_0140,2025-11-01,517.0,4,7.0,-9.0,True,0.0,True,False,,45.0,Retail,Scotland,Medium,168,878981.77
SME_0140,2025-12-01,528.0,4,5.0,8.0,False,0.0,True,False,,46.0,Retail,Scotland,Medium,168,878981.77
SME_0140,2026-01-01,515.0,3,4.333333333333333,-8.0,False,0.0,True,False,,47.0,Retail,Scotland,Medium,168,878981.77
SME_0141,2024-08-01,670.0,12,,,False,0.0,True,False,,4.0,Services,South East,Medium,187,1007439.2
SME_0141,2024-09-01,655.0,11,12.0,,True,0.0,True,False,,5.0,Services,South East,Medium,187,1007439.2
SME_0141,2024-10-01,668.0,12,11.5,,False,0.0,True,False,,6.0,Services,South East,Medium,187,1007439.2
SME_0141,2024-11-01,653.0,14,11.666666666666666,-17.0,False,0.0,True,False,,7.0,Services,South East,Medium,187,1007439.2
SME_0141,2024-12-01,672.0,12,12.333333333333334,17.0,True,0.0,True,False,,8.0,Services,South East,Medium,187,1007439.2
SME_0141,2025-01-01,666.0,9,12.666666666666666,-2.0,False,0.0,True,False,,9.0,Services,South East,Medium,187,1007439.2
SME_0141,2025-02-01,655.0,16,11.666666666666666,2.0,False,0.0,True,False,,10.0,Services,South East,Medium,187,1007439.2
SME_0141,2025-03-01,652.0,12,12.333333333333334,-20.0,False,0.0,True,False,,11.0,Services,South East,Medium,187,1007439.2
SME_0141,2025-04-01,645.0,11,12.333333333333334,-21.0,False,0.0,True,False,,12.0,Services,South East,Medium,187,1007439.2
SME_0141,2025-05-01,626.0,6,13.0,-29.0,False,0.0,True,False,,13.0,Services,South East,Medium,187,1007439.2
SME_0141,2025-06-01,627.0,16,9.666666666666666,-25.0,False,0.0,True,False,,14.0,Services,South East,Medium,187,1007439.2
SME_0141,2025-07-01,621.0,16,11.0,-24.0,False,0.0,True,False,,15.0,Services,South East,Medium,187,1007439.2
SME_0141,2025-08-01,632.0,11,12.666666666666666,6.0,False,0.0,True,False,,16.0,Services,South East,Medium,187,1007439.2
SME_0141,2025-09-01,634.0,17,14.333333333333334,7.0,True,13312.31,True,False,,17.0,Services,South East,Medium,187,1007439.2
SME_0141,2025-10-01,653.0,15,14.666666666666666,32.0,False,0.0,True,False,,18.0,Services,South East,Medium,187,1007439.2
SME_0141,2025-11-01,642.0,16,14.333333333333334,10.0,True,0.0,True,False,,19.0,Services,South East,Medium,187,1007439.2
SME_0141,2025-12-01,650.0,12,16.0,16.0,True,56770.93,True,False,,20.0,Services,South East,Medium,187,1007439.2
SME_0141,2026-01-01,641.0,16,14.333333333333334,-12.0,False,0.0,True,False,,21.0,Services,South East,Medium,187,1007439.2
SME_0142,2024-08-01,667.0,8,,,True,0.0,True,False,,4.0,Services,South East,Low,195,826651.48
SME_0142,2024-09-01,691.0,9,8.0,,False,0.0,True,False,,5.0,Services,South East,Low,195,826651.48
SME_0142,2024-10-01,692.0,13,8.5,,True,50163.7,True,False,,6.0,Services,South East,Low,195,826651.48
SME_0142,2024-11-01,700.0,17,10.0,33.0,False,0.0,True,False,,7.0,Services,South East,Low,195,826651.48
SME_0142,2024-12-01,719.0,7,13.0,28.0,False,0.0,True,False,,8.0,Services,South East,Low,195,826651.48
SME_0142,2025-01-01,719.0,14,12.333333333333334,27.0,False,0.0,True,False,,9.0,Services,South East,Low,195,826651.48
SME_0142,2025-02-01,708.0,9,12.666666666666666,8.0,True,0.0,True,False,,10.0,Services,South East,Low,195,826651.48
SME_0142,2025-03-01,703.0,11,10.0,-16.0,False,0.0,True,False,,11.0,Services,South East,Low,195,826651.48
SME_0142,2025-04-01,714.0,19,11.333333333333334,-5.0,False,0.0,True,False,,12.0,Services,South East,Low,195,826651.48
SME_0142,2025-05-01,711.0,17,13.0,3.0,False,0.0,True,False,,13.0,Services,South East,Low,195,826651.48
SME_0142,2025-06-01,723.0,8,15.666666666666666,20.0,False,0.0,True,False,,14.0,Services,South East,Low,195,826651.48
SME_0142,2025-07-01,715.0,15,14.666666666666666,1.0,False,0.0,True,False,,15.0,Services,South East,Low,195,826651.48
SME_0142,2025-08-01,701.0,21,13.333333333333334,-10.0,False,0.0,True,False,,16.0,Services,South East,Low,195,826651.48
SME_0142,2025-09-01,691.0,7,14.666666666666666,-32.0,False,0.0,True,False,,17.0,Services,South East,Low,195,826651.48
SME_0142,2025-10-01,717.0,22,14.333333333333334,2.0,False,0.0,True,False,,18.0,Services,South East,Low,195,826651.48
SME_0142,2025-11-01,705.0,6,16.666666666666668,4.0,False,0.0,True,False,,19.0,Services,South East,Low,195,826651.48
SME_0142,2025-12-01,692.0,15,11.666666666666666,1.0,True,5996.09,True,False,,20.0,Services,South East,Low,195,826651.48
SME_0142,2026-01-01,706.0,8,14.333333333333334,-11.0,False,0.0,True,False,,21.0,Services,South East,Low,195,826651.48
SME_0143,2024-08-01,595.0,6,,,False,0.0,True,False,,12.0,Healthcare,Scotland,Medium,5,97951.91
SME_0143,2024-09-01,598.0,9,6.0,,True,0.0,True,False,,13.0,Healthcare,Scotland,Medium,5,97951.91
SME_0143,2024-10-01,587.0,14,7.5,,False,0.0,True,False,,14.0,Healthcare,Scotland,Medium,5,97951.91
SME_0143,2024-11-01,587.0,9,9.666666666666666,-8.0,False,0.0,True,False,,15.0,Healthcare,Scotland,Medium,5,97951.91
SME_0143,2024-12-01,589.0,3,10.666666666666666,-9.0,False,0.0,True,False,,16.0,Healthcare,Scotland,Medium,5,97951.91
SME_0143,2025-01-01,599.0,12,8.666666666666666,12.0,False,0.0,True,False,,17.0,Healthcare,Scotland,Medium,5,97951.91
SME_0143,2025-02-01,601.0,14,8.0,14.0,False,0.0,True,False,,18.0,Healthcare,Scotland,Medium,5,97951.91
SME_0143,2025-03-01,601.0,6,9.666666666666666,12.0,True,0.0,True,False,,18.0,Healthcare,Scotland,Medium,5,97951.91
SME_0143,2025-04-01,596.0,8,10.666666666666666,-3.0,False,0.0,True,False,,20.0,Healthcare,Scotland,Medium,5,97951.91
SME_0143,2025-05-01,607.0,11,9.333333333333334,6.0,False,0.0,True,False,,20.0,Healthcare,Scotland,Medium,5,97951.91
SME_0143,2025-06-01,600.0,14,8.333333333333334,-1.0,False,0.0,True,False,,22.0,Healthcare,Scotland,Medium,5,97951.91
SME_0143,2025-07-01,622.0,12,11.0,26.0,False,0.0,True,False,,23.0,Healthcare,Scotland,Medium,5,97951.91
SME_0143,2025-08-01,626.0,7,12.333333333333334,19.0,False,0.0,True,False,,24.0,Healthcare,Scotland,Medium,5,97951.91
SME_0143,2025-09-01,617.0,9,11.0,17.0,True,0.0,True,False,,25.0,Healthcare,Scotland,Medium,5,97951.91
SME_0143,2025-10-01,610.0,10,9.333333333333334,-12.0,False,0.0,True,False,,26.0,Healthcare,Scotland,Medium,5,97951.91
SME_0143,2025-11-01,608.0,3,8.666666666666666,-18.0,False,0.0,True,False,,27.0,Healthcare,Scotland,Medium,5,97951.91
SME_0143,2025-12-01,616.0,7,7.333333333333333,-1.0,False,0.0,True,False,,28.0,Healthcare,Scotland,Medium,5,97951.91
SME_0143,2026-01-01,632.0,14,6.666666666666667,22.0,False,0.0,True,False,,29.0,Healthcare,Scotland,Medium,5,97951.91
SME_0144,2024-08-01,636.0,8,,,False,0.0,True,False,,2.0,Services,South East,Low,149,739832.71
SME_0144,2024-09-01,634.0,20,8.0,,False,0.0,True,False,,3.0,Services,South East,Low,149,739832.71
SME_0144,2024-10-01,646.0,14,14.0,,False,0.0,True,False,,4.0,Services,South East,Low,149,739832.71
SME_0144,2024-11-01,660.0,17,14.0,24.0,False,0.0,True,False,,5.0,Services,South East,Low,149,739832.71
SME_0144,2024-12-01,646.0,10,17.0,12.0,True,0.0,True,False,,6.0,Services,South East,Low,149,739832.71
SME_0144,2025-01-01,619.0,12,13.666666666666666,-27.0,False,0.0,True,False,,7.0,Services,South East,Low,149,739832.71
SME_0144,2025-02-01,628.0,13,13.0,-32.0,False,0.0,True,False,,8.0,Services,South East,Low,149,739832.71
SME_0144,2025-03-01,616.0,12,11.666666666666666,-30.0,False,0.0,True,False,,9.0,Services,South East,Low,149,739832.71
SME_0144,2025-04-01,607.0,10,12.333333333333334,-12.0,False,0.0,True,False,,10.0,Services,South East,Low,149,739832.71
SME_0144,2025-05-01,626.0,15,11.666666666666666,-2.0,False,0.0,True,False,,11.0,Services,South East,Low,149,739832.71
SME_0144,2025-06-01,634.0,18,12.333333333333334,18.0,False,0.0,True,False,,12.0,Services,South East,Low,149,739832.71
SME_0144,2025-07-01,652.0,14,14.333333333333334,45.0,False,0.0,True,False,,13.0,Services,South East,Low,149,739832.71
SME_0144,2025-08-01,644.0,15,15.666666666666666,18.0,False,0.0,True,False,,14.0,Services,South East,Low,149,739832.71
SME_0144,2025-09-01,662.0,18,15.666666666666666,28.0,True,24258.27,True,False,,15.0,Services,South East,Low,149,739832.71
SME_0144,2025-10-01,661.0,12,15.666666666666666,9.0,False,0.0,True,False,,16.0,Services,South East,Low,149,739832.71
SME_0144,2025-11-01,665.0,10,15.0,21.0,False,0.0,True,False,,17.0,Services,South East,Low,149,739832.71
SME_0144,2025-12-01,674.0,13,13.333333333333334,12.0,True,0.0,True,False,,18.0,Services,South East,Low,149,739832.71
SME_0144,2026-01-01,676.0,16,11.666666666666666,15.0,False,0.0,True,False,,19.0,Services,South East,Low,149,739832.71
SME_0145,2024-08-01,576.0,9,,,False,0.0,True,True,11.0,32.0,Services,Scotland,Medium,199,485638.06
SME_0145,2024-09-01,578.0,13,9.0,,False,0.0,True,True,10.0,33.0,Services,Scotland,Medium,199,485638.06
SME_0145,2024-10-01,587.0,13,11.0,,False,0.0,True,True,9.0,34.0,Services,Scotland,Medium,199,485638.06
SME_0145,2024-11-01,599.0,16,11.666666666666666,23.0,False,0.0,True,True,8.0,35.0,Services,Scotland,Medium,199,485638.06
SME_0145,2024-12-01,607.0,3,14.0,29.0,False,0.0,True,True,7.0,36.0,Services,Scotland,Medium,199,485638.06
SME_0145,2025-01-01,604.0,12,10.666666666666666,17.0,False,0.0,True,True,6.0,37.0,Services,Scotland,Medium,199,485638.06
SME_0145,2025-02-01,606.0,12,10.333333333333334,7.0,False,0.0,True,True,5.0,38.0,Services,Scotland,Medium,199,485638.06
SME_0145,2025-03-01,612.0,13,9.0,5.0,False,0.0,True,True,4.0,39.0,Services,Scotland,Medium,199,485638.06
SME_0145,2025-04-01,615.0,4,12.333333333333334,11.0,True,0.0,True,True,3.0,40.0,Services,Scotland,Medium,199,485638.06
SME_0145,2025-05-01,606.0,11,9.666666666666666,0.0,False,0.0,True,True,2.0,41.0,Services,Scotland,Medium,199,485638.06
SME_0145,2025-06-01,597.0,13,9.333333333333334,-15.0,False,0.0,True,True,1.0,42.0,Services,Scotland,Medium,199,485638.06
SME_0145,2025-07-01,597.0,0,9.333333333333334,-18.0,False,0.0,False,True,0.0,43.0,Services,Scotland,Medium,199,485638.06
SME_0145,2025-08-01,597.0,0,8.0,-9.0,False,0.0,False,True,-1.0,44.0,Services,Scotland,Medium,199,485638.06
SME_0145,2025-09-01,597.0,0,4.333333333333333,0.0,False,0.0,False,True,-2.0,45.0,Services,Scotland,Medium,199,485638.06
SME_0145,2025-10-01,597.0,0,0.0,0.0,False,0.0,False,True,-3.0,46.0,Services,Scotland,Medium,199,485638.06
SME_0145,2025-11-01,597.0,0,0.0,0.0,False,0.0,False,True,-4.0,47.0,Services,Scotland,Medium,199,485638.06
SME_0145,2025-12-01,597.0,0,0.0,0.0,False,0.0,False,True,-5.0,48.0,Services,Scotland,Medium,199,485638.06
SME_0145,2026-01-01,597.0,0,0.0,0.0,False,0.0,False,True,-6.0,49.0,Services,Scotland,Medium,199,485638.06
SME_0146,2024-08-01,590.0,4,,,False,0.0,True,True,16.0,3.0,Retail,Scotland,High,153,83465.25
SME_0146,2024-09-01,581.0,7,4.0,,False,0.0,True,True,15.0,4.0,Retail,Scotland,High,153,83465.25
SME_0146,2024-10-01,588.0,10,5.5,,False,0.0,True,True,14.0,5.0,Retail,Scotland,High,153,83465.25
SME_0146,2024-11-01,580.0,7,7.0,-10.0,False,0.0,True,True,13.0,6.0,Retail,Scotland,High,153,83465.25
SME_0146,2024-12-01,569.0,8,8.0,-12.0,False,0.0,True,True,12.0,7.0,Retail,Scotland,High,153,83465.25
SME_0146,2025-01-01,573.0,12,8.333333333333334,-15.0,True,0.0,True,True,11.0,8.0,Retail,Scotland,High,153,83465.25
SME_0146,2025-02-01,581.0,9,9.0,1.0,False,0.0,True,True,10.0,9.0,Retail,Scotland,High,153,83465.25
SME_0146,2025-03-01,572.0,9,9.666666666666666,3.0,True,0.0,True,True,9.0,10.0,Retail,Scotland,High,153,83465.25
SME_0146,2025-04-01,569.0,7,10.0,-4.0,False,0.0,True,True,8.0,11.0,Retail,Scotland,High,153,83465.25
SME_0146,2025-05-01,556.0,4,8.333333333333334,-25.0,False,0.0,True,True,7.0,12.0,Retail,Scotland,High,153,83465.25
SME_0146,2025-06-01,542.0,8,6.666666666666667,-30.0,False,0.0,True,True,6.0,13.0,Retail,Scotland,High,153,83465.25
SME_0146,2025-07-01,531.0,7,6.333333333333333,-38.0,True,0.0,True,True,5.0,14.0,Retail,Scotland,High,153,83465.25
SME_0146,2025-08-01,531.0,2,6.333333333333333,-25.0,False,0.0,True,True,4.0,15.0,Retail,Scotland,High,153,83465.25
SME_0146,2025-09-01,532.0,9,5.666666666666667,-10.0,False,0.0,True,True,3.0,16.0,Retail,Scotland,High,153,83465.25
SME_0146,2025-10-01,524.0,5,6.0,-7.0,False,0.0,True,True,2.0,17.0,Retail,Scotland,High,153,83465.25
SME_0146,2025-11-01,529.0,1,5.333333333333333,-2.0,False,0.0,True,True,1.0,18.0,Retail,Scotland,High,153,83465.25
SME_0146,2025-12-01,529.0,0,5.0,-3.0,False,0.0,False,True,0.0,19.0,Retail,Scotland,High,153,83465.25
SME_0146,2026-01-01,529.0,0,2.0,5.0,False,0.0,False,True,-1.0,20.0,Retail,Scotland,High,153,83465.25
SME_0147,2024-08-01,652.0,13,,,False,0.0,True,False,,20.0,Manufacturing,South East,Medium,47,372868.33
SME_0147,2024-09-01,649.0,17,13.0,,False,0.0,True,False,,21.0,Manufacturing,South East,Medium,47,372868.33
SME_0147,2024-10-01,649.0,10,15.0,,False,0.0,True,False,,22.0,Manufacturing,South East,Medium,47,372868.33
SME_0147,2024-11-01,652.0,12,13.333333333333334,0.0,False,0.0,True,False,,23.0,Manufacturing,South East,Medium,47,372868.33
SME_0147,2024-12-01,636.0,16,13.0,-13.0,False,0.0,True,False,,24.0,Manufacturing,South East,Medium,47,372868.33
SME_0147,2025-01-01,646.0,11,12.666666666666666,-3.0,False,0.0,True,False,,25.0,Manufacturing,South East,Medium,47,372868.33
SME_0147,2025-02-01,649.0,6,13.0,-3.0,False,0.0,True,False,,26.0,Manufacturing,South East,Medium,47,372868.33
SME_0147,2025-03-01,641.0,13,11.0,5.0,False,0.0,True,False,,27.0,Manufacturing,South East,Medium,47,372868.33
SME_0147,2025-04-01,615.0,13,10.0,-31.0,False,0.0,True,False,,28.0,Manufacturing,South East,Medium,47,372868.33
SME_0147,2025-05-01,609.0,12,10.666666666666666,-40.0,False,0.0,True,False,,29.0,Manufacturing,South East,Medium,47,372868.33
SME_0147,2025-06-01,612.0,11,12.666666666666666,-29.0,False,0.0,True,False,,30.0,Manufacturing,South East,Medium,47,372868.33
SME_0147,2025-07-01,632.0,12,12.0,17.0,True,0.0,True,False,,31.0,Manufacturing,South East,Medium,47,372868.33
SME_0147,2025-08-01,624.0,20,11.666666666666666,15.0,False,0.0,True,False,,32.0,Manufacturing,South East,Medium,47,372868.33
SME_0147,2025-09-01,637.0,15,14.333333333333334,25.0,False,0.0,True,False,,33.0,Manufacturing,South East,Medium,47,372868.33
SME_0147,2025-10-01,637.0,5,15.666666666666666,5.0,False,0.0,True,False,,34.0,Manufacturing,South East,Medium,47,372868.33
SME_0147,2025-11-01,638.0,9,13.333333333333334,14.0,False,0.0,True,False,,35.0,Manufacturing,South East,Medium,47,372868.33
SME_0147,2025-12-01,644.0,10,9.666666666666666,7.0,False,0.0,True,False,,36.0,Manufacturing,South East,Medium,47,372868.33
SME_0147,2026-01-01,642.0,7,8.0,5.0,False,0.0,True,False,,37.0,Manufacturing,South East,Medium,47,372868.33
SME_0148,2024-08-01,648.0,11,,,False,0.0,True,False,,31.0,Services,North West,High,152,427112.1
SME_0148,2024-09-01,614.0,6,11.0,,True,33158.17,True,False,,32.0,Services,North West,High,152,427112.1
SME_0148,2024-10-01,611.0,12,8.5,,False,0.0,True,False,,33.0,Services,North West,High,152,427112.1
SME_0148,2024-11-01,612.0,13,9.666666666666666,-36.0,True,0.0,True,False,,34.0,Services,North West,High,152,427112.1
SME_0148,2024-12-01,612.0,6,10.333333333333334,-2.0,False,0.0,True,False,,35.0,Services,North West,High,152,427112.1
SME_0148,2025-01-01,630.0,8,10.333333333333334,19.0,False,0.0,True,False,,36.0,Services,North West,High,152,427112.1
SME_0148,2025-02-01,634.0,13,9.0,22.0,False,0.0,True,False,,37.0,Services,North West,High,152,427112.1
SME_0148,2025-03-01,625.0,11,9.0,13.0,False,0.0,True,False,,38.0,Services,North West,High,152,427112.1
SME_0148,2025-04-01,622.0,7,10.666666666666666,-8.0,False,0.0,True,False,,39.0,Services,North West,High,152,427112.1
SME_0148,2025-05-01,615.0,14,10.333333333333334,-19.0,False,0.0,True,False,,40.0,Services,North West,High,152,427112.1
SME_0148,2025-06-01,600.0,16,10.666666666666666,-25.0,True,0.0,True,False,,41.0,Services,North West,High,152,427112.1
SME_0148,2025-07-01,613.0,6,12.333333333333334,-9.0,False,0.0,True,False,,42.0,Services,North West,High,152,427112.1
SME_0148,2025-08-01,627.0,7,12.0,12.0,False,0.0,True,False,,43.0,Services,North West,High,152,427112.1
SME_0148,2025-09-01,640.0,10,9.666666666666666,40.0,False,0.0,True,False,,44.0,Services,North West,High,152,427112.1
SME_0148,2025-10-01,642.0,9,7.666666666666667,29.0,True,0.0,True,False,,45.0,Services,North West,High,152,427112.1
SME_0148,2025-11-01,638.0,7,8.666666666666666,11.0,False,0.0,True,False,,46.0,Services,North West,High,152,427112.1
SME_0148,2025-12-01,629.0,12,8.666666666666666,-11.0,False,0.0,True,False,,47.0,Services,North West,High,152,427112.1
SME_0148,2026-01-01,602.0,7,9.333333333333334,-40.0,False,0.0,True,False,,48.0,Services,North West,High,152,427112.1
SME_0149,2024-08-01,391.0,0,,,False,0.0,True,False,,27.0,Manufacturing,Scotland,High,21,321530.72
SME_0149,2024-09-01,386.0,0,0.0,,False,0.0,True,False,,28.0,Manufacturing,Scotland,High,21,321530.72
SME_0149,2024-10-01,386.0,4,0.0,,False,0.0,True,False,,29.0,Manufacturing,Scotland,High,21,321530.72
SME_0149,2024-11-01,381.0,0,1.3333333333333333,-10.0,False,0.0,True,False,,30.0,Manufacturing,Scotland,High,21,321530.72
SME_0149,2024-12-01,389.0,4,1.3333333333333333,3.0,False,0.0,True,False,,31.0,Manufacturing,Scotland,High,21,321530.72
SME_0149,2025-01-01,376.0,3,2.6666666666666665,-10.0,False,0.0,True,False,,32.0,Manufacturing,Scotland,High,21,321530.72
SME_0149,2025-02-01,382.0,4,2.3333333333333335,1.0,False,0.0,True,False,,33.0,Manufacturing,Scotland,High,21,321530.72
SME_0149,2025-03-01,375.0,5,3.6666666666666665,-14.0,True,0.0,True,False,,34.0,Manufacturing,Scotland,High,21,321530.72
SME_0149,2025-04-01,389.0,2,4.0,13.0,False,0.0,True,False,,35.0,Manufacturing,Scotland,High,21,321530.72
SME_0149,2025-05-01,391.0,4,3.6666666666666665,9.0,False,0.0,True,False,,36.0,Manufacturing,Scotland,High,21,321530.72
SME_0149,2025-06-01,398.0,3,3.6666666666666665,23.0,False,0.0,True,False,,37.0,Manufacturing,Scotland,High,21,321530.72
SME_0149,2025-07-01,392.0,2,3.0,3.0,False,0.0,True,False,,38.0,Manufacturing,Scotland,High,21,321530.72
SME_0149,2025-08-01,386.0,4,3.0,-5.0,False,0.0,True,False,,39.0,Manufacturing,Scotland,High,21,321530.72
SME_0149,2025-09-01,358.0,5,3.0,-40.0,False,0.0,True,False,,40.0,Manufacturing,Scotland,High,21,321530.72
SME_0149,2025-10-01,382.0,4,3.6666666666666665,-10.0,False,0.0,True,False,,41.0,Manufacturing,Scotland,High,21,321530.72
SME_0149,2025-11-01,385.0,0,4.333333333333333,-1.0,False,0.0,True,False,,42.0,Manufacturing,Scotland,High,21,321530.72
SME_0149,2025-12-01,398.0,3,3.0,40.0,False,0.0,True,False,,43.0,Manufacturing,Scotland,High,21,321530.72
SME_0149,2026-01-01,407.0,2,2.3333333333333335,25.0,False,0.0,True,False,,44.0,Manufacturing,Scotland,High,21,321530.72
SME_0150,2024-08-01,651.0,6,,,False,0.0,True,False,,9.0,Retail,Scotland,Low,96,442401.08
SME_0150,2024-09-01,670.0,16,6.0,,False,0.0,True,False,,10.0,Retail,Scotland,Low,96,442401.08
SME_0150,2024-10-01,665.0,6,11.0,,False,0.0,True,False,,11.0,Retail,Scotland,Low,96,442401.08
SME_0150,2024-11-01,671.0,17,9.333333333333334,20.0,False,0.0,True,False,,12.0,Retail,Scotland,Low,96,442401.08
SME_0150,2024-12-01,674.0,15,13.0,4.0,False,0.0,True,False,,13.0,Retail,Scotland,Low,96,442401.08
SME_0150,2025-01-01,677.0,7,12.666666666666666,12.0,False,0.0,True,False,,14.0,Retail,Scotland,Low,96,442401.08
SME_0150,2025-02-01,689.0,11,13.0,18.0,False,0.0,True,False,,15.0,Retail,Scotland,Low,96,442401.08
SME_0150,2025-03-01,657.0,11,11.0,-17.0,False,0.0,True,False,,16.0,Retail,Scotland,Low,96,442401.08
SME_0150,2025-04-01,645.0,11,9.666666666666666,-32.0,False,0.0,True,False,,17.0,Retail,Scotland,Low,96,442401.08
SME_0150,2025-05-01,665.0,16,11.0,-24.0,False,0.0,True,False,,18.0,Retail,Scotland,Low,96,442401.08
SME_0150,2025-06-01,679.0,16,12.666666666666666,22.0,True,54110.24,True,False,,19.0,Retail,Scotland,Low,96,442401.08
SME_0150,2025-07-01,686.0,13,14.333333333333334,41.0,True,55913.52,True,False,,20.0,Retail,Scotland,Low,96,442401.08
SME_0150,2025-08-01,673.0,12,15.0,8.0,False,0.0,True,False,,21.0,Retail,Scotland,Low,96,442401.08
SME_0150,2025-09-01,675.0,13,13.666666666666666,-4.0,False,0.0,True,False,,22.0,Retail,Scotland,Low,96,442401.08
SME_0150,2025-10-01,670.0,12,12.666666666666666,-16.0,False,0.0,True,False,,23.0,Retail,Scotland,Low,96,442401.08
SME_0150,2025-11-01,652.0,15,12.333333333333334,-21.0,False,0.0,True,False,,24.0,Retail,Scotland,Low,96,442401.08
SME_0150,2025-12-01,642.0,16,13.333333333333334,-33.0,False,0.0,True,False,,25.0,Retail,Scotland,Low,96,442401.08
SME_0150,2026-01-01,642.0,17,14.333333333333334,-28.0,True,62338.09,True,False,,26.0,Retail,Scotland,Low,96,442401.08
SME_0151,2024-08-01,803.0,12,,,False,0.0,True,False,,18.0,Technology,North West,Low,125,591495.87
SME_0151,2024-09-01,793.0,16,12.0,,False,0.0,True,False,,19.0,Technology,North West,Low,125,591495.87
SME_0151,2024-10-01,825.0,15,14.0,,False,0.0,True,False,,20.0,Technology,North West,Low,125,591495.87
SME_0151,2024-11-01,830.0,22,14.333333333333334,27.0,False,0.0,True,False,,21.0,Technology,North West,Low,125,591495.87
SME_0151,2024-12-01,822.0,18,17.666666666666668,29.0,False,0.0,True,False,,22.0,Technology,North West,Low,125,591495.87
SME_0151,2025-01-01,809.0,16,18.333333333333332,-16.0,False,0.0,True,False,,23.0,Technology,North West,Low,125,591495.87
SME_0151,2025-02-01,814.0,22,18.666666666666668,-16.0,False,0.0,True,False,,24.0,Technology,North West,Low,125,591495.87
SME_0151,2025-03-01,809.0,13,18.666666666666668,-13.0,True,28576.64,True,False,,24.0,Technology,North West,Low,125,591495.87
SME_0151,2025-04-01,810.0,13,17.0,1.0,False,0.0,True,False,,25.0,Technology,North West,Low,125,591495.87
SME_0151,2025-05-01,805.0,21,16.0,-9.0,False,0.0,True,False,,26.0,Technology,North West,Low,125,591495.87
SME_0151,2025-06-01,803.0,16,15.666666666666666,-6.0,False,0.0,True,False,,27.0,Technology,North West,Low,125,591495.87
SME_0151,2025-07-01,809.0,16,16.666666666666668,-1.0,False,0.0,True,False,,28.0,Technology,North West,Low,125,591495.87
SME_0151,2025-08-01,809.0,19,17.666666666666668,4.0,False,0.0,True,False,,30.0,Technology,North West,Low,125,591495.87
SME_0151,2025-09-01,831.0,23,17.0,28.0,False,0.0,True,False,,31.0,Technology,North West,Low,125,591495.87
SME_0151,2025-10-01,829.0,16,19.333333333333332,20.0,True,51359.3,True,False,,32.0,Technology,North West,Low,125,591495.87
SME_0151,2025-11-01,815.0,18,19.333333333333332,6.0,False,0.0,True,False,,33.0,Technology,North West,Low,125,591495.87
SME_0151,2025-12-01,788.0,14,19.0,-43.0,False,0.0,True,False,,34.0,Technology,North West,Low,125,591495.87
SME_0151,2026-01-01,787.0,13,16.0,-42.0,True,26950.1,True,False,,35.0,Technology,North West,Low,125,591495.87
SME_0152,2024-08-01,649.0,13,,,False,0.0,True,False,,20.0,Healthcare,North West,Medium,91,1160867.03
SME_0152,2024-09-01,658.0,14,13.0,,False,0.0,True,False,,21.0,Healthcare,North West,Medium,91,1160867.03
SME_0152,2024-10-01,671.0,20,13.5,,True,52513.54,True,False,,22.0,Healthcare,North West,Medium,91,1160867.03
SME_0152,2024-11-01,658.0,12,15.666666666666666,9.0,False,0.0,True,False,,23.0,Healthcare,North West,Medium,91,1160867.03
SME_0152,2024-12-01,663.0,16,15.333333333333334,5.0,False,0.0,True,False,,24.0,Healthcare,North West,Medium,91,1160867.03
SME_0152,2025-01-01,659.0,10,16.0,-12.0,False,0.0,True,False,,25.0,Healthcare,North West,Medium,91,1160867.03
SME_0152,2025-02-01,635.0,11,12.666666666666666,-23.0,False,0.0,True,False,,26.0,Healthcare,North West,Medium,91,1160867.03
SME_0152,2025-03-01,630.0,16,12.333333333333334,-33.0,False,0.0,True,False,,27.0,Healthcare,North West,Medium,91,1160867.03
SME_0152,2025-04-01,626.0,9,12.333333333333334,-33.0,False,0.0,True,False,,28.0,Healthcare,North West,Medium,91,1160867.03
SME_0152,2025-05-01,625.0,15,12.0,-10.0,True,0.0,True,False,,29.0,Healthcare,North West,Medium,91,1160867.03
SME_0152,2025-06-01,628.0,17,13.333333333333334,-2.0,False,0.0,True,False,,30.0,Healthcare,North West,Medium,91,1160867.03
SME_0152,2025-07-01,647.0,14,13.666666666666666,21.0,True,55713.96,True,False,,31.0,Healthcare,North West,Medium,91,1160867.03
SME_0152,2025-08-01,644.0,12,15.333333333333334,19.0,False,0.0,True,False,,32.0,Healthcare,North West,Medium,91,1160867.03
SME_0152,2025-09-01,634.0,21,14.333333333333334,6.0,False,0.0,True,False,,33.0,Healthcare,North West,Medium,91,1160867.03
SME_0152,2025-10-01,652.0,11,15.666666666666666,5.0,False,0.0,True,False,,34.0,Healthcare,North West,Medium,91,1160867.03
SME_0152,2025-11-01,646.0,16,14.666666666666666,2.0,False,0.0,True,False,,35.0,Healthcare,North West,Medium,91,1160867.03
SME_0152,2025-12-01,640.0,15,16.0,6.0,True,0.0,True,False,,36.0,Healthcare,North West,Medium,91,1160867.03
SME_0152,2026-01-01,645.0,10,14.0,-7.0,False,0.0,True,False,,37.0,Healthcare,North West,Medium,91,1160867.03
SME_0153,2024-08-01,453.0,2,,,False,0.0,True,True,16.0,28.0,Retail,Scotland,High,140,602689.48
SME_0153,2024-09-01,446.0,5,2.0,,False,0.0,True,True,15.0,29.0,Retail,Scotland,High,140,602689.48
SME_0153,2024-10-01,464.0,8,3.5,,False,0.0,True,True,14.0,30.0,Retail,Scotland,High,140,602689.48
SME_0153,2024-11-01,470.0,2,5.0,17.0,False,0.0,True,True,13.0,31.0,Retail,Scotland,High,140,602689.48
SME_0153,2024-12-01,469.0,4,5.0,23.0,True,0.0,True,True,12.0,32.0,Retail,Scotland,High,140,602689.48
SME_0153,2025-01-01,471.0,4,4.666666666666667,7.0,True,0.0,True,True,11.0,33.0,Retail,Scotland,High,140,602689.48
SME_0153,2025-02-01,454.0,4,3.3333333333333335,-16.0,False,0.0,True,True,10.0,34.0,Retail,Scotland,High,140,602689.48
SME_0153,2025-03-01,460.0,4,4.0,-9.0,False,0.0,True,True,9.0,35.0,Retail,Scotland,High,140,602689.48
SME_0153,2025-04-01,452.0,4,4.0,-19.0,False,0.0,True,True,8.0,36.0,Retail,Scotland,High,140,602689.48
SME_0153,2025-05-01,434.0,6,4.0,-20.0,False,0.0,True,True,7.0,37.0,Retail,Scotland,High,140,602689.48
SME_0153,2025-06-01,431.0,2,4.666666666666667,-29.0,False,0.0,True,True,6.0,38.0,Retail,Scotland,High,140,602689.48
SME_0153,2025-07-01,420.0,3,4.0,-32.0,False,0.0,True,True,5.0,39.0,Retail,Scotland,High,140,602689.48
SME_0153,2025-08-01,430.0,4,3.6666666666666665,-4.0,False,0.0,True,True,4.0,40.0,Retail,Scotland,High,140,602689.48
SME_0153,2025-09-01,420.0,1,3.0,-11.0,False,0.0,True,True,3.0,41.0,Retail,Scotland,High,140,602689.48
SME_0153,2025-10-01,406.0,2,2.6666666666666665,-14.0,False,0.0,True,True,2.0,42.0,Retail,Scotland,High,140,602689.48
SME_0153,2025-11-01,416.0,6,2.3333333333333335,-14.0,True,0.0,True,True,1.0,43.0,Retail,Scotland,High,140,602689.48
SME_0153,2025-12-01,416.0,0,3.0,-4.0,False,0.0,False,True,0.0,44.0,Retail,Scotland,High,140,602689.48
SME_0153,2026-01-01,416.0,0,2.6666666666666665,10.0,False,0.0,False,True,-1.0,45.0,Retail,Scotland,High,140,602689.48
SME_0154,2024-08-01,616.0,10,,,False,0.0,True,False,,16.0,Services,London,Low,48,32762.78
SME_0154,2024-09-01,595.0,7,10.0,,False,0.0,True,False,,17.0,Services,London,Low,48,32762.78
SME_0154,2024-10-01,578.0,13,8.5,,False,0.0,True,False,,18.0,Services,London,Low,48,32762.78
SME_0154,2024-11-01,599.0,7,10.0,-17.0,False,0.0,True,False,,19.0,Services,London,Low,48,32762.78
SME_0154,2024-12-01,597.0,9,9.0,2.0,True,32441.94,True,False,,20.0,Services,London,Low,48,32762.78
SME_0154,2025-01-01,595.0,4,9.666666666666666,17.0,False,0.0,True,False,,21.0,Services,London,Low,48,32762.78
SME_0154,2025-02-01,600.0,12,6.666666666666667,1.0,False,0.0,True,False,,22.0,Services,London,Low,48,32762.78
SME_0154,2025-03-01,597.0,15,8.333333333333334,0.0,False,0.0,True,False,,23.0,Services,London,Low,48,32762.78
SME_0154,2025-04-01,603.0,5,10.333333333333334,8.0,False,0.0,True,False,,24.0,Services,London,Low,48,32762.78
SME_0154,2025-05-01,606.0,9,10.666666666666666,6.0,False,0.0,True,False,,25.0,Services,London,Low,48,32762.78
SME_0154,2025-06-01,604.0,8,9.666666666666666,7.0,False,0.0,True,False,,26.0,Services,London,Low,48,32762.78
SME_0154,2025-07-01,580.0,11,7.333333333333333,-23.0,True,0.0,True,False,,27.0,Services,London,Low,48,32762.78
SME_0154,2025-08-01,576.0,6,9.333333333333334,-30.0,False,0.0,True,False,,28.0,Services,London,Low,48,32762.78
SME_0154,2025-09-01,582.0,14,8.333333333333334,-22.0,False,0.0,True,False,,29.0,Services,London,Low,48,32762.78
SME_0154,2025-10-01,589.0,11,10.333333333333334,9.0,True,54083.41,True,False,,30.0,Services,London,Low,48,32762.78
SME_0154,2025-11-01,597.0,9,10.333333333333334,21.0,False,0.0,True,False,,31.0,Services,London,Low,48,32762.78
SME_0154,2025-12-01,604.0,10,11.333333333333334,22.0,False,0.0,True,False,,32.0,Services,London,Low,48,32762.78
SME_0154,2026-01-01,594.0,10,10.0,5.0,False,0.0,True,False,,33.0,Services,London,Low,48,32762.78
SME_0155,2024-08-01,518.0,9,,,False,0.0,True,True,4.0,11.0,Retail,London,Medium,121,232580.89
SME_0155,2024-09-01,497.0,2,9.0,,False,0.0,True,True,3.0,12.0,Retail,London,Medium,121,232580.89
SME_0155,2024-10-01,508.0,6,5.5,,False,0.0,True,True,2.0,13.0,Retail,London,Medium,121,232580.89
SME_0155,2024-11-01,511.0,4,5.666666666666667,-7.0,False,0.0,True,True,1.0,14.0,Retail,London,Medium,121,232580.89
SME_0155,2024-12-01,511.0,0,4.0,14.0,False,0.0,False,True,0.0,15.0,Retail,London,Medium,121,232580.89
SME_0155,2025-01-01,511.0,0,3.3333333333333335,3.0,False,0.0,False,True,-1.0,16.0,Retail,London,Medium,121,232580.89
SME_0155,2025-02-01,511.0,0,1.3333333333333333,0.0,False,0.0,False,True,-2.0,17.0,Retail,London,Medium,121,232580.89
SME_0155,2025-03-01,511.0,0,0.0,0.0,False,0.0,False,True,-3.0,18.0,Retail,London,Medium,121,232580.89
SME_0155,2025-04-01,511.0,0,0.0,0.0,False,0.0,False,True,-4.0,19.0,Retail,London,Medium,121,232580.89
SME_0155,2025-05-01,511.0,0,0.0,0.0,False,0.0,False,True,-5.0,20.0,Retail,London,Medium,121,232580.89
SME_0155,2025-06-01,511.0,0,0.0,0.0,False,0.0,False,True,-6.0,21.0,Retail,London,Medium,121,232580.89
SME_0155,2025-07-01,511.0,0,0.0,0.0,False,0.0,False,True,-7.0,22.0,Retail,London,Medium,121,232580.89
SME_0155,2025-08-01,511.0,0,0.0,0.0,False,0.0,False,True,-8.0,23.0,Retail,London,Medium,121,232580.89
SME_0155,2025-09-01,511.0,0,0.0,0.0,False,0.0,False,True,-9.0,24.0,Retail,London,Medium,121,232580.89
SME_0155,2025-10-01,511.0,0,0.0,0.0,False,0.0,False,True,-10.0,25.0,Retail,London,Medium,121,232580.89
SME_0155,2025-11-01,511.0,0,0.0,0.0,False,0.0,False,True,-11.0,26.0,Retail,London,Medium,121,232580.89
SME_0155,2025-12-01,511.0,0,0.0,0.0,False,0.0,False,True,-12.0,27.0,Retail,London,Medium,121,232580.89
SME_0155,2026-01-01,511.0,0,0.0,0.0,False,0.0,False,True,-13.0,28.0,Retail,London,Medium,121,232580.89
SME_0156,2024-08-01,599.0,13,,,False,0.0,True,False,,29.0,Services,Unknown,Medium,129,305870.52
SME_0156,2024-09-01,609.0,9,13.0,,True,0.0,True,False,,30.0,Services,Unknown,Medium,129,305870.52
SME_0156,2024-10-01,608.0,10,11.0,,False,0.0,True,False,,31.0,Services,Unknown,Medium,129,305870.52
SME_0156,2024-11-01,610.0,7,10.666666666666666,11.0,True,35888.39,True,False,,32.0,Services,Unknown,Medium,129,305870.52
SME_0156,2024-12-01,592.0,9,8.666666666666666,-17.0,False,0.0,True,False,,33.0,Services,Unknown,Medium,129,305870.52
SME_0156,2025-01-01,610.0,9,8.666666666666666,2.0,False,0.0,True,False,,34.0,Services,Unknown,Medium,129,305870.52
SME_0156,2025-02-01,613.0,11,8.333333333333334,3.0,True,30581.0,True,False,,35.0,Services,Unknown,Medium,129,305870.52
SME_0156,2025-03-01,622.0,12,9.666666666666666,30.0,False,0.0,True,False,,36.0,Services,Unknown,Medium,129,305870.52
SME_0156,2025-04-01,614.0,11,10.666666666666666,4.0,False,0.0,True,False,,37.0,Services,Unknown,Medium,129,305870.52
SME_0156,2025-05-01,617.0,9,11.333333333333334,4.0,False,0.0,True,False,,38.0,Services,Unknown,Medium,129,305870.52
SME_0156,2025-06-01,607.0,11,10.666666666666666,-15.0,False,0.0,True,False,,39.0,Services,Unknown,Medium,129,305870.52
SME_0156,2025-07-01,613.0,10,10.333333333333334,-1.0,False,0.0,True,False,,40.0,Services,Unknown,Medium,129,305870.52
SME_0156,2025-08-01,599.0,14,10.0,-18.0,False,0.0,True,False,,41.0,Services,Unknown,Medium,129,305870.52
SME_0156,2025-09-01,598.0,8,11.666666666666666,-9.0,False,0.0,True,False,,42.0,Services,Unknown,Medium,129,305870.52
SME_0156,2025-10-01,607.0,10,10.666666666666666,-6.0,True,0.0,True,False,,43.0,Services,Unknown,Medium,129,305870.52
SME_0156,2025-11-01,620.0,12,10.666666666666666,21.0,False,0.0,True,False,,44.0,Services,Unknown,Medium,129,305870.52
SME_0156,2025-12-01,619.0,8,10.0,21.0,False,0.0,True,False,,45.0,Services,Unknown,Medium,129,305870.52
SME_0156,2026-01-01,618.0,9,10.0,11.0,True,18534.65,True,False,,46.0,Services,Unknown,Medium,129,305870.52
SME_0157,2024-08-01,508.0,13,,,False,0.0,True,False,,32.0,Manufacturing,Scotland,High,127,71152.77
SME_0157,2024-09-01,527.0,14,13.0,,False,0.0,True,False,,33.0,Manufacturing,Scotland,High,127,71152.77
SME_0157,2024-10-01,523.0,6,13.5,,True,0.0,True,False,,34.0,Manufacturing,Scotland,High,127,71152.77
SME_0157,2024-11-01,540.0,2,11.0,32.0,False,0.0,True,False,,35.0,Manufacturing,Scotland,High,127,71152.77
SME_0157,2024-12-01,553.0,8,7.333333333333333,26.0,False,0.0,True,False,,36.0,Manufacturing,Scotland,High,127,71152.77
SME_0157,2025-01-01,566.0,9,5.333333333333333,43.0,False,0.0,True,False,,37.0,Manufacturing,Scotland,High,127,71152.77
SME_0157,2025-02-01,565.0,12,6.333333333333333,25.0,False,0.0,True,False,,38.0,Manufacturing,Scotland,High,127,71152.77
SME_0157,2025-03-01,569.0,7,9.666666666666666,16.0,False,0.0,True,False,,39.0,Manufacturing,Scotland,High,127,71152.77
SME_0157,2025-04-01,571.0,8,9.333333333333334,5.0,False,0.0,True,False,,40.0,Manufacturing,Scotland,High,127,71152.77
SME_0157,2025-05-01,588.0,6,9.0,23.0,False,0.0,True,False,,41.0,Manufacturing,Scotland,High,127,71152.77
SME_0157,2025-06-01,600.0,7,7.0,31.0,True,0.0,True,False,,42.0,Manufacturing,Scotland,High,127,71152.77
SME_0157,2025-07-01,598.0,5,7.0,27.0,False,0.0,True,False,,43.0,Manufacturing,Scotland,High,127,71152.77
SME_0157,2025-08-01,600.0,6,6.0,12.0,True,26655.79,True,False,,44.0,Manufacturing,Scotland,High,127,71152.77
SME_0157,2025-09-01,589.0,6,6.0,-11.0,True,0.0,True,False,,45.0,Manufacturing,Scotland,High,127,71152.77
SME_0157,2025-10-01,587.0,5,5.666666666666667,-11.0,False,0.0,True,False,,46.0,Manufacturing,Scotland,High,127,71152.77
SME_0157,2025-11-01,552.0,5,5.666666666666667,-48.0,False,0.0,True,False,,47.0,Manufacturing,Scotland,High,127,71152.77
SME_0157,2025-12-01,548.0,10,5.333333333333333,-41.0,False,0.0,True,False,,48.0,Manufacturing,Scotland,High,127,71152.77
SME_0157,2026-01-01,541.0,5,6.666666666666667,-46.0,False,0.0,True,False,,49.0,Manufacturing,Scotland,High,127,71152.77
SME_0158,2024-08-01,589.0,7,,,False,0.0,True,False,,18.0,Services,North West,Low,58,392525.76
SME_0158,2024-09-01,614.0,14,7.0,,False,0.0,True,False,,19.0,Services,North West,Low,58,392525.76
SME_0158,2024-10-01,613.0,6,10.5,,False,0.0,True,False,,20.0,Services,North West,Low,58,392525.76
SME_0158,2024-11-01,638.0,10,9.0,49.0,True,18352.79,True,False,,21.0,Services,North West,Low,58,392525.76
SME_0158,2024-12-01,636.0,17,10.0,22.0,False,0.0,True,False,,22.0,Services,North West,Low,58,392525.76
SME_0158,2025-01-01,631.0,15,11.0,18.0,False,0.0,True,False,,23.0,Services,North West,Low,58,392525.76
SME_0158,2025-02-01,653.0,16,14.0,15.0,False,0.0,True,False,,24.0,Services,North West,Low,58,392525.76
SME_0158,2025-03-01,647.0,12,16.0,11.0,False,0.0,True,False,,25.0,Services,North West,Low,58,392525.76
SME_0158,2025-04-01,637.0,10,14.333333333333334,6.0,False,0.0,True,False,,26.0,Services,North West,Low,58,392525.76
SME_0158,2025-05-01,616.0,15,12.666666666666666,-37.0,False,0.0,True,False,,27.0,Services,North West,Low,58,392525.76
SME_0158,2025-06-01,634.0,13,12.333333333333334,-13.0,False,0.0,True,False,,28.0,Services,North West,Low,58,392525.76
SME_0158,2025-07-01,645.0,12,12.666666666666666,8.0,False,0.0,True,False,,29.0,Services,North West,Low,58,392525.76
SME_0158,2025-08-01,669.0,9,13.333333333333334,53.0,False,0.0,True,False,,30.0,Services,North West,Low,58,392525.76
SME_0158,2025-09-01,639.0,13,11.333333333333334,5.0,False,0.0,True,False,,31.0,Services,North West,Low,58,392525.76
SME_0158,2025-10-01,613.0,19,11.333333333333334,-32.0,False,0.0,True,False,,32.0,Services,North West,Low,58,392525.76
SME_0158,2025-11-01,613.0,9,13.666666666666666,-56.0,False,0.0,True,False,,33.0,Services,North West,Low,58,392525.76
SME_0158,2025-12-01,622.0,18,13.666666666666666,-17.0,False,0.0,True,False,,34.0,Services,North West,Low,58,392525.76
SME_0158,2026-01-01,628.0,20,15.333333333333334,15.0,False,0.0,True,False,,35.0,Services,North West,Low,58,392525.76
SME_0159,2024-08-01,659.0,10,,,False,0.0,True,False,,2.0,Technology,South East,Medium,61,1033407.35
SME_0159,2024-09-01,664.0,12,10.0,,True,0.0,True,False,,3.0,Technology,South East,Medium,61,1033407.35
SME_0159,2024-10-01,673.0,15,11.0,,False,0.0,True,False,,4.0,Technology,South East,Medium,61,1033407.35
SME_0159,2024-11-01,665.0,14,12.333333333333334,6.0,False,0.0,True,False,,5.0,Technology,South East,Medium,61,1033407.35
SME_0159,2024-12-01,655.0,13,13.666666666666666,-9.0,False,0.0,True,False,,6.0,Technology,South East,Medium,61,1033407.35
SME_0159,2025-01-01,638.0,19,14.0,-35.0,False,0.0,True,False,,7.0,Technology,South East,Medium,61,1033407.35
SME_0159,2025-02-01,653.0,10,15.333333333333334,-12.0,False,0.0,True,False,,8.0,Technology,South East,Medium,61,1033407.35
SME_0159,2025-03-01,649.0,17,14.0,-6.0,False,0.0,True,False,,9.0,Technology,South East,Medium,61,1033407.35
SME_0159,2025-04-01,672.0,13,15.333333333333334,34.0,False,0.0,True,False,,10.0,Technology,South East,Medium,61,1033407.35
SME_0159,2025-05-01,662.0,17,13.333333333333334,9.0,True,0.0,True,False,,11.0,Technology,South East,Medium,61,1033407.35
SME_0159,2025-06-01,659.0,11,15.666666666666666,10.0,False,0.0,True,False,,12.0,Technology,South East,Medium,61,1033407.35
SME_0159,2025-07-01,645.0,23,13.666666666666666,-27.0,True,38714.21,True,False,,13.0,Technology,South East,Medium,61,1033407.35
SME_0159,2025-08-01,663.0,10,17.0,1.0,False,0.0,True,False,,14.0,Technology,South East,Medium,61,1033407.35
SME_0159,2025-09-01,674.0,9,14.666666666666666,15.0,False,0.0,True,False,,15.0,Technology,South East,Medium,61,1033407.35
SME_0159,2025-10-01,676.0,8,14.0,31.0,True,26031.09,True,False,,16.0,Technology,South East,Medium,61,1033407.35
SME_0159,2025-11-01,681.0,14,9.0,18.0,True,0.0,True,False,,17.0,Technology,South East,Medium,61,1033407.35
SME_0159,2025-12-01,672.0,11,10.333333333333334,-2.0,True,21737.03,True,False,,18.0,Technology,South East,Medium,61,1033407.35
SME_0159,2026-01-01,668.0,14,11.0,-8.0,False,0.0,True,False,,19.0,Technology,South East,Medium,61,1033407.35
SME_0160,2024-08-01,465.0,7,,,False,0.0,True,False,,19.0,Technology,Midlands,High,52,113470.23
SME_0160,2024-09-01,467.0,6,7.0,,False,0.0,True,False,,20.0,Technology,Midlands,High,52,113470.23
SME_0160,2024-10-01,476.0,8,6.5,,False,0.0,True,False,,21.0,Technology,Midlands,High,52,113470.23
SME_0160,2024-11-01,473.0,7,7.0,8.0,False,0.0,True,False,,22.0,Technology,Midlands,High,52,113470.23
SME_0160,2024-12-01,493.0,8,7.0,26.0,False,0.0,True,False,,23.0,Technology,Midlands,High,52,113470.23
SME_0160,2025-01-01,492.0,6,7.666666666666667,16.0,False,0.0,True,False,,24.0,Technology,Midlands,High,52,113470.23
SME_0160,2025-02-01,494.0,4,7.0,21.0,False,0.0,True,False,,25.0,Technology,Midlands,High,52,113470.23
SME_0160,2025-03-01,508.0,3,6.0,15.0,False,0.0,True,False,,26.0,Technology,Midlands,High,52,113470.23
SME_0160,2025-04-01,548.0,4,4.333333333333333,56.0,True,0.0,True,False,,27.0,Technology,Midlands,High,52,113470.23
SME_0160,2025-05-01,532.0,1,3.6666666666666665,38.0,False,0.0,True,False,,28.0,Technology,Midlands,High,52,113470.23
SME_0160,2025-06-01,542.0,6,2.6666666666666665,34.0,False,0.0,True,False,,29.0,Technology,Midlands,High,52,113470.23
SME_0160,2025-07-01,536.0,10,3.6666666666666665,-12.0,False,0.0,True,False,,30.0,Technology,Midlands,High,52,113470.23
SME_0160,2025-08-01,539.0,3,5.666666666666667,7.0,True,0.0,True,False,,31.0,Technology,Midlands,High,52,113470.23
SME_0160,2025-09-01,524.0,3,6.333333333333333,-18.0,False,0.0,True,False,,32.0,Technology,Midlands,High,52,113470.23
SME_0160,2025-10-01,510.0,11,5.333333333333333,-26.0,False,0.0,True,False,,33.0,Technology,Midlands,High,52,113470.23
SME_0160,2025-11-01,525.0,3,5.666666666666667,-14.0,False,0.0,True,False,,34.0,Technology,Midlands,High,52,113470.23
SME_0160,2025-12-01,514.0,7,5.666666666666667,-10.0,False,0.0,True,False,,35.0,Technology,Midlands,High,52,113470.23
SME_0160,2026-01-01,529.0,5,7.0,19.0,False,0.0,True,False,,36.0,Technology,Midlands,High,52,113470.23
SME_0161,2024-08-01,566.0,5,,,True,0.0,True,False,,32.0,Retail,North West,Medium,92,444603.02
SME_0161,2024-09-01,573.0,8,5.0,,False,0.0,True,False,,33.0,Retail,North West,Medium,92,444603.02
SME_0161,2024-10-01,612.0,12,6.5,,False,0.0,True,False,,34.0,Retail,North West,Medium,92,444603.02
SME_0161,2024-11-01,586.0,14,8.333333333333334,20.0,False,0.0,True,False,,35.0,Retail,North West,Medium,92,444603.02
SME_0161,2024-12-01,606.0,12,11.333333333333334,33.0,False,0.0,True,False,,36.0,Retail,North West,Medium,92,444603.02
SME_0161,2025-01-01,615.0,13,12.666666666666666,3.0,False,0.0,True,False,,37.0,Retail,North West,Medium,92,444603.02
SME_0161,2025-02-01,609.0,15,13.0,23.0,False,0.0,True,False,,38.0,Retail,North West,Medium,92,444603.02
SME_0161,2025-03-01,615.0,12,13.333333333333334,9.0,False,0.0,True,False,,39.0,Retail,North West,Medium,92,444603.02
SME_0161,2025-04-01,603.0,13,13.333333333333334,-12.0,False,0.0,True,False,,40.0,Retail,North West,Medium,92,444603.02
SME_0161,2025-05-01,584.0,11,13.333333333333334,-25.0,True,49667.55,True,False,,41.0,Retail,North West,Medium,92,444603.02
SME_0161,2025-06-01,591.0,14,12.0,-24.0,True,0.0,True,False,,42.0,Retail,North West,Medium,92,444603.02
SME_0161,2025-07-01,589.0,8,12.666666666666666,-14.0,False,0.0,True,False,,43.0,Retail,North West,Medium,92,444603.02
SME_0161,2025-08-01,587.0,12,11.0,3.0,False,0.0,True,False,,44.0,Retail,North West,Medium,92,444603.02
SME_0161,2025-09-01,590.0,10,11.333333333333334,-1.0,True,0.0,True,False,,45.0,Retail,North West,Medium,92,444603.02
SME_0161,2025-10-01,584.0,14,10.0,-5.0,True,0.0,True,False,,46.0,Retail,North West,Medium,92,444603.02
SME_0161,2025-11-01,588.0,4,12.0,1.0,False,0.0,True,False,,47.0,Retail,North West,Medium,92,444603.02
SME_0161,2025-12-01,604.0,11,9.333333333333334,14.0,False,0.0,True,False,,48.0,Retail,North West,Medium,92,444603.02
SME_0161,2026-01-01,608.0,13,9.666666666666666,24.0,False,0.0,True,False,,49.0,Retail,North West,Medium,92,444603.02
SME_0162,2024-08-01,730.0,17,,,True,68575.72,True,False,,36.0,Healthcare,North West,Low,117,216641.75
SME_0162,2024-09-01,735.0,16,17.0,,True,12306.39,True,False,,37.0,Healthcare,North West,Low,117,216641.75
SME_0162,2024-10-01,744.0,18,16.5,,True,38392.48,True,False,,38.0,Healthcare,North West,Low,117,216641.75
SME_0162,2024-11-01,753.0,13,17.0,23.0,True,51871.24,True,False,,39.0,Healthcare,North West,Low,117,216641.75
SME_0162,2024-12-01,741.0,22,15.666666666666666,6.0,False,0.0,True,False,,40.0,Healthcare,North West,Low,117,216641.75
SME_0162,2025-01-01,752.0,15,17.666666666666668,8.0,False,0.0,True,False,,41.0,Healthcare,North West,Low,117,216641.75
SME_0162,2025-02-01,758.0,23,16.666666666666668,5.0,False,0.0,True,False,,42.0,Healthcare,North West,Low,117,216641.75
SME_0162,2025-03-01,775.0,12,20.0,34.0,False,0.0,True,False,,43.0,Healthcare,North West,Low,117,216641.75
SME_0162,2025-04-01,783.0,21,16.666666666666668,31.0,False,0.0,True,False,,44.0,Healthcare,North West,Low,117,216641.75
SME_0162,2025-05-01,781.0,22,18.666666666666668,23.0,False,0.0,True,False,,45.0,Healthcare,North West,Low,117,216641.75
SME_0162,2025-06-01,760.0,19,18.333333333333332,-15.0,True,10590.08,True,False,,46.0,Healthcare,North West,Low,117,216641.75
SME_0162,2025-07-01,773.0,17,20.666666666666668,-10.0,False,0.0,True,False,,47.0,Healthcare,North West,Low,117,216641.75
SME_0162,2025-08-01,788.0,26,19.333333333333332,7.0,True,63446.22,True,False,,48.0,Healthcare,North West,Low,117,216641.75
SME_0162,2025-09-01,772.0,18,20.666666666666668,12.0,False,0.0,True,False,,49.0,Healthcare,North West,Low,117,216641.75
SME_0162,2025-10-01,775.0,17,20.333333333333332,2.0,False,0.0,True,False,,50.0,Healthcare,North West,Low,117,216641.75
SME_0162,2025-11-01,754.0,20,20.333333333333332,-34.0,True,57627.93,True,False,,51.0,Healthcare,North West,Low,117,216641.75
SME_0162,2025-12-01,742.0,27,18.333333333333332,-30.0,False,0.0,True,False,,52.0,Healthcare,North West,Low,117,216641.75
SME_0162,2026-01-01,761.0,13,21.333333333333332,-14.0,False,0.0,True,False,,53.0,Healthcare,North West,Low,117,216641.75
SME_0163,2024-08-01,552.0,13,,,True,0.0,True,False,,15.0,Retail,London,Medium,73,181200.82
SME_0163,2024-09-01,589.0,10,13.0,,False,0.0,True,False,,16.0,Retail,London,Medium,73,181200.82
SME_0163,2024-10-01,569.0,4,11.5,,False,0.0,True,False,,17.0,Retail,London,Medium,73,181200.82
SME_0163,2024-11-01,564.0,5,9.0,12.0,False,0.0,True,False,,18.0,Retail,London,Medium,73,181200.82
SME_0163,2024-12-01,551.0,7,6.333333333333333,-38.0,False,0.0,True,False,,19.0,Retail,London,Medium,73,181200.82
SME_0163,2025-01-01,527.0,7,5.333333333333333,-42.0,True,47719.16,True,False,,20.0,Retail,London,Medium,73,181200.82
SME_0163,2025-02-01,527.0,10,6.333333333333333,-37.0,False,0.0,True,False,,21.0,Retail,London,Medium,73,181200.82
SME_0163,2025-03-01,535.0,9,8.0,-16.0,False,0.0,True,False,,22.0,Retail,London,Medium,73,181200.82
SME_0163,2025-04-01,567.0,3,8.666666666666666,40.0,False,0.0,True,False,,23.0,Retail,London,Medium,73,181200.82
SME_0163,2025-05-01,574.0,4,7.333333333333333,47.0,False,0.0,True,False,,24.0,Retail,London,Medium,73,181200.82
SME_0163,2025-06-01,565.0,8,5.333333333333333,30.0,False,0.0,True,False,,25.0,Retail,London,Medium,73,181200.82
SME_0163,2025-07-01,556.0,5,5.0,-11.0,False,0.0,True,False,,26.0,Retail,London,Medium,73,181200.82
SME_0163,2025-08-01,541.0,7,5.666666666666667,-33.0,False,0.0,True,False,,27.0,Retail,London,Medium,73,181200.82
SME_0163,2025-09-01,559.0,8,6.666666666666667,-6.0,False,0.0,True,False,,28.0,Retail,London,Medium,73,181200.82
SME_0163,2025-10-01,571.0,6,6.666666666666667,15.0,False,0.0,True,False,,29.0,Retail,London,Medium,73,181200.82
SME_0163,2025-11-01,560.0,7,7.0,19.0,False,0.0,True,False,,30.0,Retail,London,Medium,73,181200.82
SME_0163,2025-12-01,551.0,5,7.0,-8.0,False,0.0,True,False,,31.0,Retail,London,Medium,73,181200.82
SME_0163,2026-01-01,546.0,6,6.0,-25.0,False,0.0,True,False,,32.0,Retail,London,Medium,73,181200.82
SME_0164,2024-08-01,553.0,6,,,False,0.0,True,True,4.0,6.0,Retail,Midlands,High,82,939527.73
SME_0164,2024-09-01,560.0,7,6.0,,True,32747.59,True,True,3.0,7.0,Retail,Midlands,High,82,939527.73
SME_0164,2024-10-01,547.0,4,6.5,,False,0.0,True,True,2.0,8.0,Retail,Midlands,High,82,939527.73
SME_0164,2024-11-01,522.0,10,5.666666666666667,-31.0,False,0.0,True,True,1.0,9.0,Retail,Midlands,High,82,939527.73
SME_0164,2024-12-01,522.0,0,7.0,-38.0,False,0.0,False,True,0.0,10.0,Retail,Midlands,High,82,939527.73
SME_0164,2025-01-01,522.0,0,4.666666666666667,-25.0,False,0.0,False,True,-1.0,11.0,Retail,Midlands,High,82,939527.73
SME_0164,2025-02-01,522.0,0,3.3333333333333335,0.0,False,0.0,False,True,-2.0,12.0,Retail,Midlands,High,82,939527.73
SME_0164,2025-03-01,522.0,0,0.0,0.0,False,0.0,False,True,-3.0,13.0,Retail,Midlands,High,82,939527.73
SME_0164,2025-04-01,522.0,0,0.0,0.0,False,0.0,False,True,-4.0,14.0,Retail,Midlands,High,82,939527.73
SME_0164,2025-05-01,522.0,0,0.0,0.0,False,0.0,False,True,-5.0,15.0,Retail,Midlands,High,82,939527.73
SME_0164,2025-06-01,522.0,0,0.0,0.0,False,0.0,False,True,-6.0,16.0,Retail,Midlands,High,82,939527.73
SME_0164,2025-07-01,522.0,0,0.0,0.0,False,0.0,False,True,-7.0,17.0,Retail,Midlands,High,82,939527.73
SME_0164,2025-08-01,522.0,0,0.0,0.0,False,0.0,False,True,-8.0,18.0,Retail,Midlands,High,82,939527.73
SME_0164,2025-09-01,522.0,0,0.0,0.0,False,0.0,False,True,-9.0,19.0,Retail,Midlands,High,82,939527.73
SME_0164,2025-10-01,522.0,0,0.0,0.0,False,0.0,False,True,-10.0,20.0,Retail,Midlands,High,82,939527.73
SME_0164,2025-11-01,522.0,0,0.0,0.0,False,0.0,False,True,-11.0,21.0,Retail,Midlands,High,82,939527.73
SME_0164,2025-12-01,522.0,0,0.0,0.0,False,0.0,False,True,-12.0,22.0,Retail,Midlands,High,82,939527.73
SME_0164,2026-01-01,522.0,0,0.0,0.0,False,0.0,False,True,-13.0,23.0,Retail,Midlands,High,82,939527.73
SME_0165,2024-08-01,593.0,5,,,False,0.0,True,False,,21.0,Services,Midlands,Medium,57,216290.17
SME_0165,2024-09-01,576.0,6,5.0,,False,0.0,True,False,,22.0,Services,Midlands,Medium,57,216290.17
SME_0165,2024-10-01,573.0,13,5.5,,False,0.0,True,False,,23.0,Services,Midlands,Medium,57,216290.17
SME_0165,2024-11-01,579.0,9,8.0,-14.0,True,26932.01,True,False,,24.0,Services,Midlands,Medium,57,216290.17
SME_0165,2024-12-01,580.0,14,9.333333333333334,4.0,False,0.0,True,False,,25.0,Services,Midlands,Medium,57,216290.17
SME_0165,2025-01-01,580.0,9,12.0,7.0,False,0.0,True,False,,26.0,Services,Midlands,Medium,57,216290.17
SME_0165,2025-02-01,582.0,9,10.666666666666666,3.0,False,0.0,True,False,,27.0,Services,Midlands,Medium,57,216290.17
SME_0165,2025-03-01,604.0,10,10.666666666666666,24.0,False,0.0,True,False,,28.0,Services,Midlands,Medium,57,216290.17
SME_0165,2025-04-01,610.0,9,9.333333333333334,30.0,False,0.0,True,False,,29.0,Services,Midlands,Medium,57,216290.17
SME_0165,2025-05-01,611.0,11,9.333333333333334,29.0,False,0.0,True,False,,30.0,Services,Midlands,Medium,57,216290.17
SME_0165,2025-06-01,602.0,11,10.0,-2.0,True,0.0,True,False,,31.0,Services,Midlands,Medium,57,216290.17
SME_0165,2025-07-01,600.0,7,10.333333333333334,-10.0,False,0.0,True,False,,32.0,Services,Midlands,Medium,57,216290.17
SME_0165,2025-08-01,591.0,12,9.666666666666666,-20.0,True,49625.43,True,False,,33.0,Services,Midlands,Medium,57,216290.17
SME_0165,2025-09-01,601.0,13,10.0,-1.0,False,0.0,True,False,,34.0,Services,Midlands,Medium,57,216290.17
SME_0165,2025-10-01,636.0,13,10.666666666666666,36.0,True,0.0,True,False,,35.0,Services,Midlands,Medium,57,216290.17
SME_0165,2025-11-01,636.0,10,12.666666666666666,45.0,False,0.0,True,False,,36.0,Services,Midlands,Medium,57,216290.17
SME_0165,2025-12-01,654.0,7,12.0,53.0,False,0.0,True,False,,37.0,Services,Midlands,Medium,57,216290.17
SME_0165,2026-01-01,644.0,9,10.0,8.0,False,0.0,True,False,,38.0,Services,Midlands,Medium,57,216290.17
SME_0166,2024-08-01,646.0,11,,,True,0.0,True,True,8.0,30.0,Manufacturing,South East,Medium,44,501132.02
SME_0166,2024-09-01,647.0,15,11.0,,True,0.0,True,True,7.0,31.0,Manufacturing,South East,Medium,44,501132.02
SME_0166,2024-10-01,632.0,4,13.0,,False,0.0,True,True,6.0,32.0,Manufacturing,South East,Medium,44,501132.02
SME_0166,2024-11-01,634.0,10,10.0,-12.0,False,0.0,True,True,5.0,33.0,Manufacturing,South East,Medium,44,501132.02
SME_0166,2024-12-01,628.0,9,9.666666666666666,-19.0,False,0.0,True,True,4.0,34.0,Manufacturing,South East,Medium,44,501132.02
SME_0166,2025-01-01,603.0,10,7.666666666666667,-29.0,False,0.0,True,True,3.0,35.0,Manufacturing,South East,Medium,44,501132.02
SME_0166,2025-02-01,616.0,14,9.666666666666666,-18.0,False,0.0,True,True,2.0,36.0,Manufacturing,South East,Medium,44,501132.02
SME_0166,2025-03-01,636.0,8,11.0,8.0,False,0.0,True,True,1.0,37.0,Manufacturing,South East,Medium,44,501132.02
SME_0166,2025-04-01,636.0,0,10.666666666666666,33.0,False,0.0,False,True,0.0,38.0,Manufacturing,South East,Medium,44,501132.02
SME_0166,2025-05-01,636.0,0,7.333333333333333,20.0,False,0.0,False,True,-1.0,39.0,Manufacturing,South East,Medium,44,501132.02
SME_0166,2025-06-01,636.0,0,2.6666666666666665,0.0,False,0.0,False,True,-2.0,40.0,Manufacturing,South East,Medium,44,501132.02
SME_0166,2025-07-01,636.0,0,0.0,0.0,False,0.0,False,True,-3.0,41.0,Manufacturing,South East,Medium,44,501132.02
SME_0166,2025-08-01,636.0,0,0.0,0.0,False,0.0,False,True,-4.0,42.0,Manufacturing,South East,Medium,44,501132.02
SME_0166,2025-09-01,636.0,0,0.0,0.0,False,0.0,False,True,-5.0,43.0,Manufacturing,South East,Medium,44,501132.02
SME_0166,2025-10-01,636.0,0,0.0,0.0,False,0.0,False,True,-6.0,44.0,Manufacturing,South East,Medium,44,501132.02
SME_0166,2025-11-01,636.0,0,0.0,0.0,False,0.0,False,True,-7.0,45.0,Manufacturing,South East,Medium,44,501132.02
SME_0166,2025-12-01,636.0,0,0.0,0.0,False,0.0,False,True,-8.0,46.0,Manufacturing,South East,Medium,44,501132.02
SME_0166,2026-01-01,636.0,0,0.0,0.0,False,0.0,False,True,-9.0,47.0,Manufacturing,South East,Medium,44,501132.02
SME_0167,2024-08-01,531.0,9,,,False,0.0,True,False,,34.0,Technology,South East,High,131,61943.29
SME_0167,2024-09-01,534.0,10,9.0,,False,0.0,True,False,,35.0,Technology,South East,High,131,61943.29
SME_0167,2024-10-01,508.0,7,9.5,,True,0.0,True,False,,36.0,Technology,South East,High,131,61943.29
SME_0167,2024-11-01,515.0,12,8.666666666666666,-16.0,False,0.0,True,False,,37.0,Technology,South East,High,131,61943.29
SME_0167,2024-12-01,505.0,6,9.666666666666666,-29.0,False,0.0,True,False,,38.0,Technology,South East,High,131,61943.29
SME_0167,2025-01-01,504.0,3,8.333333333333334,-4.0,False,0.0,True,False,,39.0,Technology,South East,High,131,61943.29
SME_0167,2025-02-01,508.0,7,7.0,-7.0,True,0.0,True,False,,40.0,Technology,South East,High,131,61943.29
SME_0167,2025-03-01,497.0,3,5.333333333333333,-8.0,False,0.0,True,False,,41.0,Technology,South East,High,131,61943.29
SME_0167,2025-04-01,510.0,3,4.333333333333333,6.0,False,0.0,True,False,,42.0,Technology,South East,High,131,61943.29
SME_0167,2025-05-01,508.0,3,4.333333333333333,0.0,False,0.0,True,False,,43.0,Technology,South East,High,131,61943.29
SME_0167,2025-06-01,516.0,5,3.0,19.0,False,0.0,True,False,,44.0,Technology,South East,High,131,61943.29
SME_0167,2025-07-01,536.0,5,3.6666666666666665,26.0,False,0.0,True,False,,45.0,Technology,South East,High,131,61943.29
SME_0167,2025-08-01,527.0,1,4.333333333333333,19.0,False,0.0,True,False,,46.0,Technology,South East,High,131,61943.29
SME_0167,2025-09-01,515.0,4,3.6666666666666665,-1.0,False,0.0,True,False,,47.0,Technology,South East,High,131,61943.29
SME_0167,2025-10-01,534.0,5,3.3333333333333335,-2.0,False,0.0,True,False,,48.0,Technology,South East,High,131,61943.29
SME_0167,2025-11-01,530.0,6,3.3333333333333335,3.0,False,0.0,True,False,,49.0,Technology,South East,High,131,61943.29
SME_0167,2025-12-01,541.0,8,5.0,26.0,False,0.0,True,False,,50.0,Technology,South East,High,131,61943.29
SME_0167,2026-01-01,539.0,3,6.333333333333333,5.0,False,0.0,True,False,,51.0,Technology,South East,High,131,61943.29
SME_0168,2024-08-01,703.0,11,,,False,0.0,True,False,,3.0,Technology,South East,Low,163,1710353.91
SME_0168,2024-09-01,701.0,16,11.0,,False,0.0,True,False,,4.0,Technology,South East,Low,163,1710353.91
SME_0168,2024-10-01,709.0,7,13.5,,False,0.0,True,False,,5.0,Technology,South East,Low,163,1710353.91
SME_0168,2024-11-01,707.0,17,11.333333333333334,4.0,False,0.0,True,False,,6.0,Technology,South East,Low,163,1710353.91
SME_0168,2024-12-01,695.0,11,13.333333333333334,-6.0,False,0.0,True,False,,7.0,Technology,South East,Low,163,1710353.91
SME_0168,2025-01-01,700.0,5,11.666666666666666,-9.0,False,0.0,True,False,,8.0,Technology,South East,Low,163,1710353.91
SME_0168,2025-02-01,684.0,16,11.0,-23.0,True,0.0,True,False,,9.0,Technology,South East,Low,163,1710353.91
SME_0168,2025-03-01,699.0,21,10.666666666666666,4.0,False,0.0,True,False,,10.0,Technology,South East,Low,163,1710353.91
SME_0168,2025-04-01,696.0,12,14.0,-4.0,False,0.0,True,False,,11.0,Technology,South East,Low,163,1710353.91
SME_0168,2025-05-01,679.0,15,16.333333333333332,-5.0,False,0.0,True,False,,12.0,Technology,South East,Low,163,1710353.91
SME_0168,2025-06-01,673.0,15,16.0,-26.0,False,0.0,True,False,,13.0,Technology,South East,Low,163,1710353.91
SME_0168,2025-07-01,678.0,21,14.0,-18.0,False,0.0,True,False,,14.0,Technology,South East,Low,163,1710353.91
SME_0168,2025-08-01,691.0,11,17.0,12.0,False,0.0,True,False,,15.0,Technology,South East,Low,163,1710353.91
SME_0168,2025-09-01,666.0,13,15.666666666666666,-7.0,True,0.0,True,False,,16.0,Technology,South East,Low,163,1710353.91
SME_0168,2025-10-01,677.0,10,15.0,-1.0,False,0.0,True,False,,17.0,Technology,South East,Low,163,1710353.91
SME_0168,2025-11-01,666.0,13,11.333333333333334,-25.0,True,0.0,True,False,,18.0,Technology,South East,Low,163,1710353.91
SME_0168,2025-12-01,677.0,12,12.0,11.0,False,0.0,True,False,,19.0,Technology,South East,Low,163,1710353.91
SME_0168,2026-01-01,678.0,17,11.666666666666666,1.0,True,11511.24,True,False,,20.0,Technology,South East,Low,163,1710353.91
SME_0169,2024-08-01,547.0,8,,,False,0.0,True,False,,11.0,Manufacturing,Scotland,High,58,493645.11
SME_0169,2024-09-01,529.0,12,8.0,,False,0.0,True,False,,12.0,Manufacturing,Scotland,High,58,493645.11
SME_0169,2024-10-01,545.0,19,10.0,,False,0.0,True,False,,13.0,Manufacturing,Scotland,High,58,493645.11
SME_0169,2024-11-01,545.0,5,13.0,-2.0,False,0.0,True,False,,14.0,Manufacturing,Scotland,High,58,493645.11
SME_0169,2024-12-01,562.0,6,12.0,33.0,False,0.0,True,False,,15.0,Manufacturing,Scotland,High,58,493645.11
SME_0169,2025-01-01,527.0,7,10.0,-18.0,False,0.0,True,False,,16.0,Manufacturing,Scotland,High,58,493645.11
SME_0169,2025-02-01,532.0,9,6.0,-13.0,False,0.0,True,False,,17.0,Manufacturing,Scotland,High,58,493645.11
SME_0169,2025-03-01,545.0,7,7.333333333333333,-17.0,False,0.0,True,False,,18.0,Manufacturing,Scotland,High,58,493645.11
SME_0169,2025-04-01,520.0,4,7.666666666666667,-7.0,True,0.0,True,False,,19.0,Manufacturing,Scotland,High,58,493645.11
SME_0169,2025-05-01,524.0,6,6.666666666666667,-8.0,True,54404.4,True,False,,20.0,Manufacturing,Scotland,High,58,493645.11
SME_0169,2025-06-01,537.0,12,5.666666666666667,-8.0,False,0.0,True,False,,21.0,Manufacturing,Scotland,High,58,493645.11
SME_0169,2025-07-01,548.0,7,7.333333333333333,28.0,True,51311.3,True,False,,22.0,Manufacturing,Scotland,High,58,493645.11
SME_0169,2025-08-01,556.0,3,8.333333333333334,32.0,False,0.0,True,False,,23.0,Manufacturing,Scotland,High,58,493645.11
SME_0169,2025-09-01,554.0,7,7.333333333333333,17.0,True,0.0,True,False,,24.0,Manufacturing,Scotland,High,58,493645.11
SME_0169,2025-10-01,557.0,2,5.666666666666667,9.0,False,0.0,True,False,,25.0,Manufacturing,Scotland,High,58,493645.11
SME_0169,2025-11-01,544.0,5,4.0,-12.0,False,0.0,True,False,,26.0,Manufacturing,Scotland,High,58,493645.11
SME_0169,2025-12-01,552.0,3,4.666666666666667,-2.0,False,0.0,True,False,,27.0,Manufacturing,Scotland,High,58,493645.11
SME_0169,2026-01-01,567.0,5,3.3333333333333335,10.0,False,0.0,True,False,,28.0,Manufacturing,Scotland,High,58,493645.11
SME_0170,2024-08-01,794.0,12,,,True,79770.46,True,False,,18.0,Healthcare,Scotland,Low,172,394491.64
SME_0170,2024-09-01,790.0,23,12.0,,True,49698.02,True,False,,19.0,Healthcare,Scotland,Low,172,394491.64
SME_0170,2024-10-01,773.0,17,17.5,,True,76891.22,True,False,,20.0,Healthcare,Scotland,Low,172,394491.64
SME_0170,2024-11-01,783.0,21,17.333333333333332,-11.0,False,0.0,True,False,,21.0,Healthcare,Scotland,Low,172,394491.64
SME_0170,2024-12-01,774.0,21,20.333333333333332,-16.0,False,0.0,True,False,,22.0,Healthcare,Scotland,Low,172,394491.64
SME_0170,2025-01-01,788.0,13,19.666666666666668,15.0,False,0.0,True,False,,23.0,Healthcare,Scotland,Low,172,394491.64
SME_0170,2025-02-01,774.0,18,18.333333333333332,-9.0,False,0.0,True,False,,24.0,Healthcare,Scotland,Low,172,394491.64
SME_0170,2025-03-01,775.0,19,17.333333333333332,1.0,False,0.0,True,False,,25.0,Healthcare,Scotland,Low,172,394491.64
SME_0170,2025-04-01,765.0,17,16.666666666666668,-23.0,True,48516.93,True,False,,26.0,Healthcare,Scotland,Low,172,394491.64
SME_0170,2025-05-01,765.0,17,18.0,-9.0,False,0.0,True,False,,27.0,Healthcare,Scotland,Low,172,394491.64
SME_0170,2025-06-01,753.0,17,17.666666666666668,-22.0,False,0.0,True,False,,28.0,Healthcare,Scotland,Low,172,394491.64
SME_0170,2025-07-01,748.0,14,17.0,-17.0,False,0.0,True,False,,29.0,Healthcare,Scotland,Low,172,394491.64
SME_0170,2025-08-01,737.0,14,16.0,-28.0,True,59554.44,True,False,,30.0,Healthcare,Scotland,Low,172,394491.64
SME_0170,2025-09-01,748.0,17,15.0,-5.0,False,0.0,True,False,,31.0,Healthcare,Scotland,Low,172,394491.64
SME_0170,2025-10-01,754.0,14,15.0,6.0,False,0.0,True,False,,32.0,Healthcare,Scotland,Low,172,394491.64
SME_0170,2025-11-01,771.0,15,15.0,34.0,True,41243.96,True,False,,33.0,Healthcare,Scotland,Low,172,394491.64
SME_0170,2025-12-01,769.0,25,15.333333333333334,21.0,False,0.0,True,False,,34.0,Healthcare,Scotland,Low,172,394491.64
SME_0170,2026-01-01,755.0,15,18.0,1.0,False,0.0,True,False,,35.0,Healthcare,Scotland,Low,172,394491.64
SME_0171,2024-08-01,612.0,12,,,False,0.0,True,False,,4.0,Manufacturing,Midlands,Medium,114,519358.46
SME_0171,2024-09-01,620.0,24,12.0,,True,51693.41,True,False,,5.0,Manufacturing,Midlands,Medium,114,519358.46
SME_0171,2024-10-01,628.0,6,18.0,,False,0.0,True,False,,6.0,Manufacturing,Midlands,Medium,114,519358.46
SME_0171,2024-11-01,624.0,7,14.0,12.0,False,0.0,True,False,,7.0,Manufacturing,Midlands,Medium,114,519358.46
SME_0171,2024-12-01,618.0,8,12.333333333333334,-2.0,False,0.0,True,False,,8.0,Manufacturing,Midlands,Medium,114,519358.46
SME_0171,2025-01-01,610.0,4,7.0,-18.0,False,0.0,True,False,,9.0,Manufacturing,Midlands,Medium,114,519358.46
SME_0171,2025-02-01,629.0,9,6.333333333333333,5.0,False,0.0,True,False,,10.0,Manufacturing,Midlands,Medium,114,519358.46
SME_0171,2025-03-01,637.0,15,7.0,19.0,False,0.0,True,False,,11.0,Manufacturing,Midlands,Medium,114,519358.46
SME_0171,2025-04-01,631.0,6,9.333333333333334,21.0,False,0.0,True,False,,12.0,Manufacturing,Midlands,Medium,114,519358.46
SME_0171,2025-05-01,621.0,16,10.0,-8.0,False,0.0,True,False,,13.0,Manufacturing,Midlands,Medium,114,519358.46
SME_0171,2025-06-01,648.0,11,12.333333333333334,11.0,False,0.0,True,False,,14.0,Manufacturing,Midlands,Medium,114,519358.46
SME_0171,2025-07-01,626.0,16,11.0,-5.0,False,0.0,True,False,,15.0,Manufacturing,Midlands,Medium,114,519358.46
SME_0171,2025-08-01,613.0,9,14.333333333333334,-8.0,False,0.0,True,False,,16.0,Manufacturing,Midlands,Medium,114,519358.46
SME_0171,2025-09-01,598.0,8,12.0,-50.0,False,0.0,True,False,,17.0,Manufacturing,Midlands,Medium,114,519358.46
SME_0171,2025-10-01,580.0,11,11.0,-46.0,False,0.0,True,False,,18.0,Manufacturing,Midlands,Medium,114,519358.46
SME_0171,2025-11-01,598.0,15,9.333333333333334,-15.0,True,60180.92,True,False,,19.0,Manufacturing,Midlands,Medium,114,519358.46
SME_0171,2025-12-01,598.0,15,11.333333333333334,0.0,False,0.0,True,False,,20.0,Manufacturing,Midlands,Medium,114,519358.46
SME_0171,2026-01-01,605.0,13,13.666666666666666,25.0,True,0.0,True,False,,21.0,Manufacturing,Midlands,Medium,114,519358.46
SME_0172,2024-08-01,714.0,20,,,False,0.0,True,False,,32.0,Services,North West,Low,34,130632.96
SME_0172,2024-09-01,707.0,14,20.0,,False,0.0,True,False,,33.0,Services,North West,Low,34,130632.96
SME_0172,2024-10-01,708.0,18,17.0,,True,59577.9,True,False,,34.0,Services,North West,Low,34,130632.96
SME_0172,2024-11-01,683.0,15,17.333333333333332,-31.0,False,0.0,True,False,,35.0,Services,North West,Low,34,130632.96
SME_0172,2024-12-01,685.0,11,15.666666666666666,-22.0,True,0.0,True,False,,36.0,Services,North West,Low,34,130632.96
SME_0172,2025-01-01,670.0,12,14.666666666666666,-38.0,False,0.0,True,False,,37.0,Services,North West,Low,34,130632.96
SME_0172,2025-02-01,676.0,14,12.666666666666666,-7.0,False,0.0,True,False,,38.0,Services,North West,Low,34,130632.96
SME_0172,2025-03-01,692.0,18,12.333333333333334,7.0,False,0.0,True,False,,39.0,Services,North West,Low,34,130632.96
SME_0172,2025-04-01,680.0,21,14.666666666666666,10.0,False,0.0,True,False,,40.0,Services,North West,Low,34,130632.96
SME_0172,2025-05-01,671.0,14,17.666666666666668,-5.0,False,0.0,True,False,,41.0,Services,North West,Low,34,130632.96
SME_0172,2025-06-01,669.0,16,17.666666666666668,-23.0,False,0.0,True,False,,42.0,Services,North West,Low,34,130632.96
SME_0172,2025-07-01,666.0,13,17.0,-14.0,False,0.0,True,False,,43.0,Services,North West,Low,34,130632.96
SME_0172,2025-08-01,662.0,9,14.333333333333334,-9.0,False,0.0,True,False,,44.0,Services,North West,Low,34,130632.96
SME_0172,2025-09-01,662.0,15,12.666666666666666,-7.0,False,0.0,True,False,,45.0,Services,North West,Low,34,130632.96
SME_0172,2025-10-01,662.0,11,12.333333333333334,-4.0,False,0.0,True,False,,46.0,Services,North West,Low,34,130632.96
SME_0172,2025-11-01,674.0,21,11.666666666666666,12.0,False,0.0,True,False,,47.0,Services,North West,Low,34,130632.96
SME_0172,2025-12-01,653.0,25,15.666666666666666,-9.0,False,0.0,True,False,,48.0,Services,North West,Low,34,130632.96
SME_0172,2026-01-01,666.0,15,19.0,4.0,False,0.0,True,False,,49.0,Services,North West,Low,34,130632.96
SME_0173,2024-08-01,456.0,4,,,False,0.0,True,False,,5.0,Retail,London,High,73,642944.41
SME_0173,2024-09-01,462.0,5,4.0,,False,0.0,True,False,,6.0,Retail,London,High,73,642944.41
SME_0173,2024-10-01,473.0,5,4.5,,False,0.0,True,False,,7.0,Retail,London,High,73,642944.41
SME_0173,2024-11-01,476.0,3,4.666666666666667,20.0,False,0.0,True,False,,8.0,Retail,London,High,73,642944.41
SME_0173,2024-12-01,482.0,7,4.333333333333333,20.0,True,0.0,True,False,,9.0,Retail,London,High,73,642944.41
SME_0173,2025-01-01,492.0,6,5.0,19.0,False,0.0,True,False,,10.0,Retail,London,High,73,642944.41
SME_0173,2025-02-01,495.0,2,5.333333333333333,19.0,False,0.0,True,False,,11.0,Retail,London,High,73,642944.41
SME_0173,2025-03-01,485.0,7,5.0,3.0,False,0.0,True,False,,12.0,Retail,London,High,73,642944.41
SME_0173,2025-04-01,480.0,9,5.0,-12.0,False,0.0,True,False,,13.0,Retail,London,High,73,642944.41
SME_0173,2025-05-01,480.0,8,6.0,-15.0,False,0.0,True,False,,14.0,Retail,London,High,73,642944.41
SME_0173,2025-06-01,457.0,3,8.0,-28.0,False,0.0,True,False,,15.0,Retail,London,High,73,642944.41
SME_0173,2025-07-01,470.0,8,6.666666666666667,-10.0,False,0.0,True,False,,16.0,Retail,London,High,73,642944.41
SME_0173,2025-08-01,456.0,3,6.333333333333333,-24.0,True,0.0,True,False,,17.0,Retail,London,High,73,642944.41
SME_0173,2025-09-01,470.0,3,4.666666666666667,13.0,False,0.0,True,False,,18.0,Retail,London,High,73,642944.41
SME_0173,2025-10-01,482.0,2,4.666666666666667,12.0,False,0.0,True,False,,19.0,Retail,London,High,73,642944.41
SME_0173,2025-11-01,493.0,5,2.6666666666666665,37.0,False,0.0,True,False,,20.0,Retail,London,High,73,642944.41
SME_0173,2025-12-01,483.0,5,3.3333333333333335,13.0,False,0.0,True,False,,21.0,Retail,London,High,73,642944.41
SME_0173,2026-01-01,479.0,4,4.0,-3.0,False,0.0,True,False,,22.0,Retail,London,High,73,642944.41
SME_0174,2024-08-01,662.0,9,,,False,0.0,True,False,,24.0,Healthcare,Midlands,Low,2,286533.64
SME_0174,2024-09-01,695.0,14,9.0,,False,0.0,True,False,,25.0,Healthcare,Midlands,Low,2,286533.64
SME_0174,2024-10-01,682.0,11,11.5,,False,0.0,True,False,,26.0,Healthcare,Midlands,Low,2,286533.64
SME_0174,2024-11-01,673.0,6,11.333333333333334,11.0,False,0.0,True,False,,27.0,Healthcare,Midlands,Low,2,286533.64
SME_0174,2024-12-01,685.0,19,10.333333333333334,-10.0,True,24553.74,True,False,,28.0,Healthcare,Midlands,Low,2,286533.64
SME_0174,2025-01-01,700.0,10,12.0,18.0,False,0.0,True,False,,29.0,Healthcare,Midlands,Low,2,286533.64
SME_0174,2025-02-01,699.0,14,11.666666666666666,26.0,True,0.0,True,False,,30.0,Healthcare,Midlands,Low,2,286533.64
SME_0174,2025-03-01,715.0,11,14.333333333333334,30.0,False,0.0,True,False,,31.0,Healthcare,Midlands,Low,2,286533.64
SME_0174,2025-04-01,706.0,15,11.666666666666666,6.0,False,0.0,True,False,,32.0,Healthcare,Midlands,Low,2,286533.64
SME_0174,2025-05-01,702.0,15,13.333333333333334,3.0,False,0.0,True,False,,33.0,Healthcare,Midlands,Low,2,286533.64
SME_0174,2025-06-01,679.0,11,13.666666666666666,-36.0,False,0.0,True,False,,34.0,Healthcare,Midlands,Low,2,286533.64
SME_0174,2025-07-01,683.0,12,13.666666666666666,-23.0,False,0.0,True,False,,35.0,Healthcare,Midlands,Low,2,286533.64
SME_0174,2025-08-01,685.0,16,12.666666666666666,-17.0,True,34967.7,True,False,,36.0,Healthcare,Midlands,Low,2,286533.64
SME_0174,2025-09-01,676.0,7,13.0,-3.0,False,0.0,True,False,,37.0,Healthcare,Midlands,Low,2,286533.64
SME_0174,2025-10-01,659.0,9,11.666666666666666,-24.0,False,0.0,True,False,,38.0,Healthcare,Midlands,Low,2,286533.64
SME_0174,2025-11-01,665.0,3,10.666666666666666,-20.0,False,0.0,True,False,,39.0,Healthcare,Midlands,Low,2,286533.64
SME_0174,2025-12-01,669.0,12,6.333333333333333,-7.0,False,0.0,True,False,,40.0,Healthcare,Midlands,Low,2,286533.64
SME_0174,2026-01-01,672.0,20,8.0,13.0,False,0.0,True,False,,41.0,Healthcare,Midlands,Low,2,286533.64
SME_0175,2024-08-01,521.0,8,,,False,0.0,True,True,16.0,33.0,Retail,London,Medium,8,256298.23
SME_0175,2024-09-01,543.0,13,8.0,,False,0.0,True,True,15.0,34.0,Retail,London,Medium,8,256298.23
SME_0175,2024-10-01,561.0,11,10.5,,False,0.0,True,True,14.0,35.0,Retail,London,Medium,8,256298.23
SME_0175,2024-11-01,574.0,9,10.666666666666666,53.0,True,0.0,True,True,13.0,36.0,Retail,London,Medium,8,256298.23
SME_0175,2024-12-01,572.0,11,11.0,29.0,False,0.0,True,True,12.0,37.0,Retail,London,Medium,8,256298.23
SME_0175,2025-01-01,562.0,5,10.333333333333334,1.0,False,0.0,True,True,11.0,38.0,Retail,London,Medium,8,256298.23
SME_0175,2025-02-01,550.0,7,8.333333333333334,-24.0,False,0.0,True,True,10.0,39.0,Retail,London,Medium,8,256298.23
SME_0175,2025-03-01,573.0,12,7.666666666666667,1.0,False,0.0,True,True,9.0,40.0,Retail,London,Medium,8,256298.23
SME_0175,2025-04-01,560.0,6,8.0,-2.0,False,0.0,True,True,8.0,41.0,Retail,London,Medium,8,256298.23
SME_0175,2025-05-01,559.0,6,8.333333333333334,9.0,False,0.0,True,True,7.0,42.0,Retail,London,Medium,8,256298.23
SME_0175,2025-06-01,559.0,8,8.0,-14.0,False,0.0,True,True,6.0,43.0,Retail,London,Medium,8,256298.23
SME_0175,2025-07-01,591.0,6,6.666666666666667,31.0,False,0.0,True,True,5.0,44.0,Retail,London,Medium,8,256298.23
SME_0175,2025-08-01,581.0,10,6.666666666666667,22.0,False,0.0,True,True,4.0,45.0,Retail,London,Medium,8,256298.23
SME_0175,2025-09-01,582.0,9,8.0,23.0,True,19787.79,True,True,3.0,46.0,Retail,London,Medium,8,256298.23
SME_0175,2025-10-01,561.0,8,8.333333333333334,-30.0,False,0.0,True,True,2.0,47.0,Retail,London,Medium,8,256298.23
SME_0175,2025-11-01,548.0,3,9.0,-33.0,False,0.0,True,True,1.0,48.0,Retail,London,Medium,8,256298.23
SME_0175,2025-12-01,548.0,0,6.666666666666667,-34.0,False,0.0,False,True,0.0,49.0,Retail,London,Medium,8,256298.23
SME_0175,2026-01-01,548.0,0,3.6666666666666665,-13.0,False,0.0,False,True,-1.0,50.0,Retail,London,Medium,8,256298.23
SME_0176,2024-08-01,494.0,11,,,False,0.0,True,False,,25.0,Retail,Scotland,High,67,175015.97
SME_0176,2024-09-01,510.0,18,11.0,,False,0.0,True,False,,26.0,Retail,Scotland,High,67,175015.97
SME_0176,2024-10-01,529.0,9,14.5,,False,0.0,True,False,,27.0,Retail,Scotland,High,67,175015.97
SME_0176,2024-11-01,517.0,7,12.666666666666666,23.0,False,0.0,True,False,,28.0,Retail,Scotland,High,67,175015.97
SME_0176,2024-12-01,514.0,6,11.333333333333334,4.0,False,0.0,True,False,,29.0,Retail,Scotland,High,67,175015.97
SME_0176,2025-01-01,527.0,6,7.333333333333333,-2.0,False,0.0,True,False,,30.0,Retail,Scotland,High,67,175015.97
SME_0176,2025-02-01,513.0,3,6.333333333333333,-4.0,False,0.0,True,False,,31.0,Retail,Scotland,High,67,175015.97
SME_0176,2025-03-01,505.0,9,5.0,-9.0,True,0.0,True,False,,32.0,Retail,Scotland,High,67,175015.97
SME_0176,2025-04-01,524.0,8,6.0,-3.0,False,0.0,True,False,,33.0,Retail,Scotland,High,67,175015.97
SME_0176,2025-05-01,513.0,1,6.666666666666667,0.0,False,0.0,True,False,,34.0,Retail,Scotland,High,67,175015.97
SME_0176,2025-06-01,504.0,1,6.0,-1.0,False,0.0,True,False,,35.0,Retail,Scotland,High,67,175015.97
SME_0176,2025-07-01,507.0,9,3.3333333333333335,-17.0,False,0.0,True,False,,36.0,Retail,Scotland,High,67,175015.97
SME_0176,2025-08-01,500.0,8,3.6666666666666665,-13.0,False,0.0,True,False,,37.0,Retail,Scotland,High,67,175015.97
SME_0176,2025-09-01,482.0,5,6.0,-22.0,False,0.0,True,False,,38.0,Retail,Scotland,High,67,175015.97
SME_0176,2025-10-01,489.0,5,7.333333333333333,-18.0,False,0.0,True,False,,39.0,Retail,Scotland,High,67,175015.97
SME_0176,2025-11-01,487.0,6,6.0,-13.0,False,0.0,True,False,,40.0,Retail,Scotland,High,67,175015.97
SME_0176,2025-12-01,501.0,7,5.333333333333333,19.0,False,0.0,True,False,,41.0,Retail,Scotland,High,67,175015.97
SME_0176,2026-01-01,509.0,5,6.0,20.0,False,0.0,True,False,,42.0,Retail,Scotland,High,67,175015.97
SME_0177,2024-08-01,591.0,8,,,False,0.0,True,False,,28.0,Manufacturing,Midlands,Medium,91,212349.54
SME_0177,2024-09-01,597.0,9,8.0,,False,0.0,True,False,,29.0,Manufacturing,Midlands,Medium,91,212349.54
SME_0177,2024-10-01,605.0,13,8.5,,False,0.0,True,False,,30.0,Manufacturing,Midlands,Medium,91,212349.54
SME_0177,2024-11-01,610.0,11,10.0,19.0,True,52600.54,True,False,,31.0,Manufacturing,Midlands,Medium,91,212349.54
SME_0177,2024-12-01,607.0,11,11.0,10.0,False,0.0,True,False,,32.0,Manufacturing,Midlands,Medium,91,212349.54
SME_0177,2025-01-01,593.0,10,11.666666666666666,-12.0,False,0.0,True,False,,33.0,Manufacturing,Midlands,Medium,91,212349.54
SME_0177,2025-02-01,590.0,12,10.666666666666666,-20.0,False,0.0,True,False,,34.0,Manufacturing,Midlands,Medium,91,212349.54
SME_0177,2025-03-01,599.0,14,11.0,-8.0,False,0.0,True,False,,35.0,Manufacturing,Midlands,Medium,91,212349.54
SME_0177,2025-04-01,609.0,8,12.0,16.0,False,0.0,True,False,,36.0,Manufacturing,Midlands,Medium,91,212349.54
SME_0177,2025-05-01,601.0,6,11.333333333333334,11.0,False,0.0,True,False,,37.0,Manufacturing,Midlands,Medium,91,212349.54
SME_0177,2025-06-01,588.0,8,9.333333333333334,-11.0,False,0.0,True,False,,38.0,Manufacturing,Midlands,Medium,91,212349.54
SME_0177,2025-07-01,571.0,15,7.333333333333333,-38.0,False,0.0,True,False,,39.0,Manufacturing,Midlands,Medium,91,212349.54
SME_0177,2025-08-01,562.0,8,9.666666666666666,-39.0,False,0.0,True,False,,40.0,Manufacturing,Midlands,Medium,91,212349.54
SME_0177,2025-09-01,573.0,10,10.333333333333334,-15.0,False,0.0,True,False,,41.0,Manufacturing,Midlands,Medium,91,212349.54
SME_0177,2025-10-01,596.0,7,11.0,25.0,False,0.0,True,False,,42.0,Manufacturing,Midlands,Medium,91,212349.54
SME_0177,2025-11-01,589.0,11,8.333333333333334,27.0,False,0.0,True,False,,43.0,Manufacturing,Midlands,Medium,91,212349.54
SME_0177,2025-12-01,603.0,10,9.333333333333334,30.0,False,0.0,True,False,,44.0,Manufacturing,Midlands,Medium,91,212349.54
SME_0177,2026-01-01,589.0,10,9.333333333333334,-7.0,False,0.0,True,False,,45.0,Manufacturing,Midlands,Medium,91,212349.54
SME_0178,2024-08-01,727.0,17,,,False,0.0,True,False,,10.0,Healthcare,London,Low,159,751000.76
SME_0178,2024-09-01,737.0,19,17.0,,True,18189.55,True,False,,11.0,Healthcare,London,Low,159,751000.76
SME_0178,2024-10-01,726.0,24,18.0,,False,0.0,True,False,,12.0,Healthcare,London,Low,159,751000.76
SME_0178,2024-11-01,720.0,13,20.0,-7.0,False,0.0,True,False,,13.0,Healthcare,London,Low,159,751000.76
SME_0178,2024-12-01,735.0,18,18.666666666666668,-2.0,False,0.0,True,False,,14.0,Healthcare,London,Low,159,751000.76
SME_0178,2025-01-01,733.0,10,18.333333333333332,7.0,False,0.0,True,False,,15.0,Healthcare,London,Low,159,751000.76
SME_0178,2025-02-01,717.0,11,13.666666666666666,-3.0,False,0.0,True,False,,16.0,Healthcare,London,Low,159,751000.76
SME_0178,2025-03-01,739.0,15,13.0,4.0,False,0.0,True,False,,17.0,Healthcare,London,Low,159,751000.76
SME_0178,2025-04-01,717.0,20,12.0,-16.0,False,0.0,True,False,,18.0,Healthcare,London,Low,159,751000.76
SME_0178,2025-05-01,735.0,20,15.333333333333334,18.0,False,0.0,True,False,,19.0,Healthcare,London,Low,159,751000.76
SME_0178,2025-06-01,725.0,11,18.333333333333332,-14.0,False,0.0,True,False,,20.0,Healthcare,London,Low,159,751000.76
SME_0178,2025-07-01,736.0,26,17.0,19.0,False,0.0,True,False,,21.0,Healthcare,London,Low,159,751000.76
SME_0178,2025-08-01,737.0,18,19.0,2.0,False,0.0,True,False,,22.0,Healthcare,London,Low,159,751000.76
SME_0178,2025-09-01,723.0,16,18.333333333333332,-2.0,True,55851.5,True,False,,23.0,Healthcare,London,Low,159,751000.76
SME_0178,2025-10-01,729.0,19,20.0,-7.0,True,66967.18,True,False,,24.0,Healthcare,London,Low,159,751000.76
SME_0178,2025-11-01,724.0,10,17.666666666666668,-13.0,False,0.0,True,False,,25.0,Healthcare,London,Low,159,751000.76
SME_0178,2025-12-01,723.0,9,15.0,0.0,False,0.0,True,False,,26.0,Healthcare,London,Low,159,751000.76
SME_0178,2026-01-01,688.0,11,12.666666666666666,-41.0,False,0.0,True,False,,27.0,Healthcare,London,Low,159,751000.76
SME_0179,2024-08-01,597.0,16,,,False,0.0,True,False,,30.0,Healthcare,Midlands,Medium,27,423161.45
SME_0179,2024-09-01,601.0,9,16.0,,False,0.0,True,False,,31.0,Healthcare,Midlands,Medium,27,423161.45
SME_0179,2024-10-01,609.0,8,12.5,,True,29041.82,True,False,,32.0,Healthcare,Midlands,Medium,27,423161.45
SME_0179,2024-11-01,616.0,13,11.0,19.0,False,0.0,True,False,,33.0,Healthcare,Midlands,Medium,27,423161.45
SME_0179,2024-12-01,601.0,6,10.0,0.0,False,0.0,True,False,,34.0,Healthcare,Midlands,Medium,27,423161.45
SME_0179,2025-01-01,612.0,10,9.0,3.0,False,0.0,True,False,,35.0,Healthcare,Midlands,Medium,27,423161.45
SME_0179,2025-02-01,618.0,16,9.666666666666666,2.0,True,0.0,True,False,,36.0,Healthcare,Midlands,Medium,27,423161.45
SME_0179,2025-03-01,620.0,10,10.666666666666666,19.0,False,0.0,True,False,,37.0,Healthcare,Midlands,Medium,27,423161.45
SME_0179,2025-04-01,627.0,12,12.0,15.0,True,0.0,True,False,,38.0,Healthcare,Midlands,Medium,27,423161.45
SME_0179,2025-05-01,630.0,6,12.666666666666666,12.0,False,0.0,True,False,,39.0,Healthcare,Midlands,Medium,27,423161.45
SME_0179,2025-06-01,633.0,10,9.333333333333334,13.0,False,0.0,True,False,,40.0,Healthcare,Midlands,Medium,27,423161.45
SME_0179,2025-07-01,642.0,17,9.333333333333334,15.0,False,0.0,True,False,,41.0,Healthcare,Midlands,Medium,27,423161.45
SME_0179,2025-08-01,632.0,9,11.0,2.0,False,0.0,True,False,,42.0,Healthcare,Midlands,Medium,27,423161.45
SME_0179,2025-09-01,646.0,10,12.0,13.0,False,0.0,True,False,,43.0,Healthcare,Midlands,Medium,27,423161.45
SME_0179,2025-10-01,652.0,10,12.0,10.0,False,0.0,True,False,,44.0,Healthcare,Midlands,Medium,27,423161.45
SME_0179,2025-11-01,642.0,9,9.666666666666666,10.0,True,59704.78,True,False,,45.0,Healthcare,Midlands,Medium,27,423161.45
SME_0179,2025-12-01,626.0,8,9.666666666666666,-20.0,False,0.0,True,False,,46.0,Healthcare,Midlands,Medium,27,423161.45
SME_0179,2026-01-01,632.0,15,9.0,-20.0,False,0.0,True,False,,47.0,Healthcare,Midlands,Medium,27,423161.45
SME_0180,2024-08-01,515.0,11,,,False,0.0,True,True,9.0,16.0,Technology,South East,Medium,167,484056.09
SME_0180,2024-09-01,516.0,9,11.0,,False,0.0,True,True,8.0,17.0,Technology,South East,Medium,167,484056.09
SME_0180,2024-10-01,512.0,8,10.0,,False,0.0,True,True,7.0,18.0,Technology,South East,Medium,167,484056.09
SME_0180,2024-11-01,507.0,5,9.333333333333334,-8.0,False,0.0,True,True,6.0,19.0,Technology,South East,Medium,167,484056.09
SME_0180,2024-12-01,499.0,9,7.333333333333333,-17.0,False,0.0,True,True,5.0,20.0,Technology,South East,Medium,167,484056.09
SME_0180,2025-01-01,514.0,2,7.333333333333333,2.0,False,0.0,True,True,4.0,21.0,Technology,South East,Medium,167,484056.09
SME_0180,2025-02-01,530.0,7,5.333333333333333,23.0,False,0.0,True,True,3.0,22.0,Technology,South East,Medium,167,484056.09
SME_0180,2025-03-01,522.0,9,6.0,23.0,False,0.0,True,True,2.0,23.0,Technology,South East,Medium,167,484056.09
SME_0180,2025-04-01,527.0,11,6.0,13.0,False,0.0,True,True,1.0,24.0,Technology,South East,Medium,167,484056.09
SME_0180,2025-05-01,527.0,0,9.0,-3.0,False,0.0,False,True,0.0,25.0,Technology,South East,Medium,167,484056.09
SME_0180,2025-06-01,527.0,0,6.666666666666667,5.0,False,0.0,False,True,-1.0,26.0,Technology,South East,Medium,167,484056.09
SME_0180,2025-07-01,527.0,0,3.6666666666666665,0.0,False,0.0,False,True,-2.0,27.0,Technology,South East,Medium,167,484056.09
SME_0180,2025-08-01,527.0,0,0.0,0.0,False,0.0,False,True,-3.0,28.0,Technology,South East,Medium,167,484056.09
SME_0180,2025-09-01,527.0,0,0.0,0.0,False,0.0,False,True,-4.0,29.0,Technology,South East,Medium,167,484056.09
SME_0180,2025-10-01,527.0,0,0.0,0.0,False,0.0,False,True,-5.0,30.0,Technology,South East,Medium,167,484056.09
SME_0180,2025-11-01,527.0,0,0.0,0.0,False,0.0,False,True,-6.0,31.0,Technology,South East,Medium,167,484056.09
SME_0180,2025-12-01,527.0,0,0.0,0.0,False,0.0,False,True,-7.0,32.0,Technology,South East,Medium,167,484056.09
SME_0180,2026-01-01,527.0,0,0.0,0.0,False,0.0,False,True,-8.0,33.0,Technology,South East,Medium,167,484056.09
SME_0181,2024-08-01,648.0,9,,,False,0.0,True,False,,3.0,Healthcare,Scotland,Medium,47,357937.46
SME_0181,2024-09-01,648.0,12,9.0,,True,15255.08,True,False,,4.0,Healthcare,Scotland,Medium,47,357937.46
SME_0181,2024-10-01,653.0,17,10.5,,True,0.0,True,False,,5.0,Healthcare,Scotland,Medium,47,357937.46
SME_0181,2024-11-01,663.0,12,12.666666666666666,15.0,False,0.0,True,False,,6.0,Healthcare,Scotland,Medium,47,357937.46
SME_0181,2024-12-01,685.0,13,13.666666666666666,37.0,True,0.0,True,False,,7.0,Healthcare,Scotland,Medium,47,357937.46
SME_0181,2025-01-01,690.0,11,14.0,37.0,True,21799.6,True,False,,8.0,Healthcare,Scotland,Medium,47,357937.46
SME_0181,2025-02-01,692.0,14,12.0,29.0,True,46524.5,True,False,,9.0,Healthcare,Scotland,Medium,47,357937.46
SME_0181,2025-03-01,673.0,18,12.666666666666666,-12.0,False,0.0,True,False,,10.0,Healthcare,Scotland,Medium,47,357937.46
SME_0181,2025-04-01,673.0,18,14.333333333333334,-17.0,False,0.0,True,False,,11.0,Healthcare,Scotland,Medium,47,357937.46
SME_0181,2025-05-01,662.0,15,16.666666666666668,-30.0,False,0.0,True,False,,12.0,Healthcare,Scotland,Medium,47,357937.46
SME_0181,2025-06-01,663.0,12,17.0,-10.0,False,0.0,True,False,,13.0,Healthcare,Scotland,Medium,47,357937.46
SME_0181,2025-07-01,658.0,14,15.0,-15.0,False,0.0,True,False,,14.0,Healthcare,Scotland,Medium,47,357937.46
SME_0181,2025-08-01,645.0,10,13.666666666666666,-17.0,False,0.0,True,False,,15.0,Healthcare,Scotland,Medium,47,357937.46
SME_0181,2025-09-01,643.0,10,12.0,-20.0,False,0.0,True,False,,16.0,Healthcare,Scotland,Medium,47,357937.46
SME_0181,2025-10-01,650.0,10,11.333333333333334,-8.0,True,54514.85,True,False,,17.0,Healthcare,Scotland,Medium,47,357937.46
SME_0181,2025-11-01,642.0,15,10.0,-3.0,False,0.0,True,False,,18.0,Healthcare,Scotland,Medium,47,357937.46
SME_0181,2025-12-01,655.0,12,11.666666666666666,12.0,False,0.0,True,False,,19.0,Healthcare,Scotland,Medium,47,357937.46
SME_0181,2026-01-01,670.0,12,12.333333333333334,20.0,False,0.0,True,False,,20.0,Healthcare,Scotland,Medium,47,357937.46
SME_0182,2024-08-01,598.0,6,,,False,0.0,True,False,,14.0,Healthcare,South East,Medium,28,489187.14
SME_0182,2024-09-01,607.0,13,6.0,,False,0.0,True,False,,15.0,Healthcare,South East,Medium,28,489187.14
SME_0182,2024-10-01,590.0,14,9.5,,False,0.0,True,False,,16.0,Healthcare,South East,Medium,28,489187.14
SME_0182,2024-11-01,581.0,12,11.0,-17.0,True,33381.91,True,False,,17.0,Healthcare,South East,Medium,28,489187.14
SME_0182,2024-12-01,587.0,17,13.0,-20.0,True,8588.03,True,False,,18.0,Healthcare,South East,Medium,28,489187.14
SME_0182,2025-01-01,586.0,9,14.333333333333334,-4.0,False,0.0,True,False,,19.0,Healthcare,South East,Medium,28,489187.14
SME_0182,2025-02-01,583.0,9,12.666666666666666,2.0,False,0.0,True,False,,20.0,Healthcare,South East,Medium,28,489187.14
SME_0182,2025-03-01,575.0,13,11.666666666666666,-12.0,True,27439.68,True,False,,21.0,Healthcare,South East,Medium,28,489187.14
SME_0182,2025-04-01,567.0,10,10.333333333333334,-19.0,False,0.0,True,False,,22.0,Healthcare,South East,Medium,28,489187.14
SME_0182,2025-05-01,555.0,5,10.666666666666666,-28.0,True,0.0,True,False,,23.0,Healthcare,South East,Medium,28,489187.14
SME_0182,2025-06-01,561.0,8,9.333333333333334,-14.0,False,0.0,True,False,,24.0,Healthcare,South East,Medium,28,489187.14
SME_0182,2025-07-01,554.0,11,7.666666666666667,-13.0,False,0.0,True,False,,25.0,Healthcare,South East,Medium,28,489187.14
SME_0182,2025-08-01,559.0,6,8.0,4.0,False,0.0,True,False,,26.0,Healthcare,South East,Medium,28,489187.14
SME_0182,2025-09-01,574.0,7,8.333333333333334,13.0,False,0.0,True,False,,27.0,Healthcare,South East,Medium,28,489187.14
SME_0182,2025-10-01,585.0,8,8.0,31.0,False,0.0,True,False,,28.0,Healthcare,South East,Medium,28,489187.14
SME_0182,2025-11-01,592.0,10,7.0,33.0,False,0.0,True,False,,29.0,Healthcare,South East,Medium,28,489187.14
SME_0182,2025-12-01,590.0,7,8.333333333333334,16.0,False,0.0,True,False,,30.0,Healthcare,South East,Medium,28,489187.14
SME_0182,2026-01-01,578.0,17,8.333333333333334,-7.0,False,0.0,True,False,,31.0,Healthcare,South East,Medium,28,489187.14
SME_0183,2024-08-01,614.0,13,,,False,0.0,True,False,,13.0,Services,South East,Medium,140,246926.36
SME_0183,2024-09-01,617.0,17,13.0,,False,0.0,True,False,,14.0,Services,South East,Medium,140,246926.36
SME_0183,2024-10-01,610.0,12,15.0,,True,0.0,True,False,,15.0,Services,South East,Medium,140,246926.36
SME_0183,2024-11-01,596.0,11,14.0,-18.0,False,0.0,True,False,,16.0,Services,South East,Medium,140,246926.36
SME_0183,2024-12-01,598.0,13,13.333333333333334,-19.0,False,0.0,True,False,,17.0,Services,South East,Medium,140,246926.36
SME_0183,2025-01-01,592.0,12,12.0,-18.0,False,0.0,True,False,,18.0,Services,South East,Medium,140,246926.36
SME_0183,2025-02-01,583.0,11,12.0,-13.0,False,0.0,True,False,,19.0,Services,South East,Medium,140,246926.36
SME_0183,2025-03-01,561.0,6,12.0,-37.0,False,0.0,True,False,,20.0,Services,South East,Medium,140,246926.36
SME_0183,2025-04-01,562.0,15,9.666666666666666,-30.0,False,0.0,True,False,,21.0,Services,South East,Medium,140,246926.36
SME_0183,2025-05-01,553.0,9,10.666666666666666,-30.0,False,0.0,True,False,,22.0,Services,South East,Medium,140,246926.36
SME_0183,2025-06-01,558.0,15,10.0,-3.0,False,0.0,True,False,,23.0,Services,South East,Medium,140,246926.36
SME_0183,2025-07-01,592.0,5,13.0,30.0,False,0.0,True,False,,24.0,Services,South East,Medium,140,246926.36
SME_0183,2025-08-01,602.0,10,9.666666666666666,49.0,False,0.0,True,False,,25.0,Services,South East,Medium,140,246926.36
SME_0183,2025-09-01,613.0,10,10.0,55.0,False,0.0,True,False,,26.0,Services,South East,Medium,140,246926.36
SME_0183,2025-10-01,611.0,7,8.333333333333334,19.0,False,0.0,True,False,,27.0,Services,South East,Medium,140,246926.36
SME_0183,2025-11-01,574.0,9,9.0,-28.0,True,51147.15,True,False,,28.0,Services,South East,Medium,140,246926.36
SME_0183,2025-12-01,575.0,12,8.666666666666666,-38.0,False,0.0,True,False,,29.0,Services,South East,Medium,140,246926.36
SME_0183,2026-01-01,571.0,8,9.333333333333334,-40.0,False,0.0,True,False,,30.0,Services,South East,Medium,140,246926.36
SME_0184,2024-08-01,639.0,12,,,False,0.0,True,False,,19.0,Manufacturing,South East,Medium,155,2033112.19
SME_0184,2024-09-01,623.0,16,12.0,,False,0.0,True,False,,20.0,Manufacturing,South East,Medium,155,2033112.19
SME_0184,2024-10-01,631.0,13,14.0,,False,0.0,True,False,,21.0,Manufacturing,South East,Medium,155,2033112.19
SME_0184,2024-11-01,633.0,15,13.666666666666666,-6.0,False,0.0,True,False,,22.0,Manufacturing,South East,Medium,155,2033112.19
SME_0184,2024-12-01,627.0,12,14.666666666666666,4.0,True,0.0,True,False,,23.0,Manufacturing,South East,Medium,155,2033112.19
SME_0184,2025-01-01,624.0,4,13.333333333333334,-7.0,False,0.0,True,False,,24.0,Manufacturing,South East,Medium,155,2033112.19
SME_0184,2025-02-01,619.0,7,10.333333333333334,-14.0,False,0.0,True,False,,25.0,Manufacturing,South East,Medium,155,2033112.19
SME_0184,2025-03-01,623.0,6,7.666666666666667,-4.0,False,0.0,True,False,,26.0,Manufacturing,South East,Medium,155,2033112.19
SME_0184,2025-04-01,624.0,6,5.666666666666667,0.0,False,0.0,True,False,,27.0,Manufacturing,South East,Medium,155,2033112.19
SME_0184,2025-05-01,649.0,14,6.333333333333333,30.0,False,0.0,True,False,,28.0,Manufacturing,South East,Medium,155,2033112.19
SME_0184,2025-06-01,652.0,9,8.666666666666666,29.0,False,0.0,True,False,,29.0,Manufacturing,South East,Medium,155,2033112.19
SME_0184,2025-07-01,668.0,11,9.666666666666666,44.0,False,0.0,True,False,,30.0,Manufacturing,South East,Medium,155,2033112.19
SME_0184,2025-08-01,678.0,16,11.333333333333334,29.0,False,0.0,True,False,,31.0,Manufacturing,South East,Medium,155,2033112.19
SME_0184,2025-09-01,665.0,16,12.0,13.0,False,0.0,True,False,,32.0,Manufacturing,South East,Medium,155,2033112.19
SME_0184,2025-10-01,662.0,6,14.333333333333334,-6.0,False,0.0,True,False,,33.0,Manufacturing,South East,Medium,155,2033112.19
SME_0184,2025-11-01,634.0,11,12.666666666666666,-44.0,True,62027.25,True,False,,34.0,Manufacturing,South East,Medium,155,2033112.19
SME_0184,2025-12-01,628.0,15,11.0,-37.0,False,0.0,True,False,,35.0,Manufacturing,South East,Medium,155,2033112.19
SME_0184,2026-01-01,627.0,13,10.666666666666666,-35.0,False,0.0,True,False,,36.0,Manufacturing,South East,Medium,155,2033112.19
SME_0185,2024-08-01,512.0,7,,,False,0.0,True,False,,10.0,Technology,Midlands,Medium,121,78656.94
SME_0185,2024-09-01,500.0,3,7.0,,False,0.0,True,False,,11.0,Technology,Midlands,Medium,121,78656.94
SME_0185,2024-10-01,506.0,7,5.0,,False,0.0,True,False,,12.0,Technology,Midlands,Medium,121,78656.94
SME_0185,2024-11-01,516.0,4,5.666666666666667,4.0,False,0.0,True,False,,13.0,Technology,Midlands,Medium,121,78656.94
SME_0185,2024-12-01,530.0,10,4.666666666666667,30.0,False,0.0,True,False,,14.0,Technology,Midlands,Medium,121,78656.94
SME_0185,2025-01-01,535.0,9,7.0,29.0,False,0.0,True,False,,15.0,Technology,Midlands,Medium,121,78656.94
SME_0185,2025-02-01,559.0,5,7.666666666666667,43.0,False,0.0,True,False,,16.0,Technology,Midlands,Medium,121,78656.94
SME_0185,2025-03-01,535.0,3,8.0,5.0,False,0.0,True,False,,17.0,Technology,Midlands,Medium,121,78656.94
SME_0185,2025-04-01,544.0,2,5.666666666666667,9.0,False,0.0,True,False,,18.0,Technology,Midlands,Medium,121,78656.94
SME_0185,2025-05-01,530.0,7,3.3333333333333335,-29.0,False,0.0,True,False,,19.0,Technology,Midlands,Medium,121,78656.94
SME_0185,2025-06-01,541.0,7,4.0,6.0,False,0.0,True,False,,20.0,Technology,Midlands,Medium,121,78656.94
SME_0185,2025-07-01,528.0,11,5.333333333333333,-16.0,False,0.0,True,False,,21.0,Technology,Midlands,Medium,121,78656.94
SME_0185,2025-08-01,536.0,10,8.333333333333334,6.0,False,0.0,True,False,,22.0,Technology,Midlands,Medium,121,78656.94
SME_0185,2025-09-01,555.0,6,9.333333333333334,14.0,True,42288.05,True,False,,23.0,Technology,Midlands,Medium,121,78656.94
SME_0185,2025-10-01,557.0,7,9.0,29.0,False,0.0,True,False,,24.0,Technology,Midlands,Medium,121,78656.94
SME_0185,2025-11-01,542.0,7,7.666666666666667,6.0,False,0.0,True,False,,25.0,Technology,Midlands,Medium,121,78656.94
SME_0185,2025-12-01,554.0,7,6.666666666666667,-1.0,False,0.0,True,False,,26.0,Technology,Midlands,Medium,121,78656.94
SME_0185,2026-01-01,520.0,4,7.0,-37.0,False,0.0,True,False,,27.0,Technology,Midlands,Medium,121,78656.94
SME_0186,2024-08-01,462.0,7,,,False,0.0,True,False,,17.0,Services,South East,High,24,726206.68
SME_0186,2024-09-01,473.0,9,7.0,,False,0.0,True,False,,18.0,Services,South East,High,24,726206.68
SME_0186,2024-10-01,477.0,5,8.0,,False,0.0,True,False,,19.0,Services,South East,High,24,726206.68
SME_0186,2024-11-01,486.0,9,7.0,24.0,False,0.0,True,False,,20.0,Services,South East,High,24,726206.68
SME_0186,2024-12-01,497.0,2,7.666666666666667,24.0,False,0.0,True,False,,21.0,Services,South East,High,24,726206.68
SME_0186,2025-01-01,481.0,7,5.333333333333333,4.0,False,0.0,True,False,,22.0,Services,South East,High,24,726206.68
SME_0186,2025-02-01,471.0,5,6.0,-15.0,False,0.0,True,False,,23.0,Services,South East,High,24,726206.68
SME_0186,2025-03-01,476.0,7,4.666666666666667,-21.0,False,0.0,True,False,,24.0,Services,South East,High,24,726206.68
SME_0186,2025-04-01,494.0,7,6.333333333333333,13.0,True,0.0,True,False,,25.0,Services,South East,High,24,726206.68
SME_0186,2025-05-01,495.0,7,6.333333333333333,24.0,False,0.0,True,False,,26.0,Services,South East,High,24,726206.68
SME_0186,2025-06-01,482.0,9,7.0,6.0,False,0.0,True,False,,27.0,Services,South East,High,24,726206.68
SME_0186,2025-07-01,493.0,10,7.666666666666667,-1.0,False,0.0,True,False,,28.0,Services,South East,High,24,726206.68
SME_0186,2025-08-01,505.0,2,8.666666666666666,10.0,False,0.0,True,False,,29.0,Services,South East,High,24,726206.68
SME_0186,2025-09-01,504.0,6,7.0,22.0,True,0.0,True,False,,30.0,Services,South East,High,24,726206.68
SME_0186,2025-10-01,524.0,7,6.0,31.0,True,0.0,True,False,,31.0,Services,South East,High,24,726206.68
SME_0186,2025-11-01,529.0,2,5.0,24.0,False,0.0,True,False,,32.0,Services,South East,High,24,726206.68
SME_0186,2025-12-01,525.0,6,5.0,21.0,False,0.0,True,False,,33.0,Services,South East,High,24,726206.68
SME_0186,2026-01-01,529.0,5,5.0,5.0,False,0.0,True,False,,34.0,Services,South East,High,24,726206.68
SME_0187,2024-08-01,615.0,11,,,False,0.0,True,False,,16.0,Manufacturing,South East,Low,23,1001662.56
SME_0187,2024-09-01,614.0,4,11.0,,True,48373.73,True,False,,17.0,Manufacturing,South East,Low,23,1001662.56
SME_0187,2024-10-01,602.0,15,7.5,,True,19003.04,True,False,,18.0,Manufacturing,South East,Low,23,1001662.56
SME_0187,2024-11-01,634.0,11,10.0,19.0,True,14960.03,True,False,,19.0,Manufacturing,South East,Low,23,1001662.56
SME_0187,2024-12-01,634.0,7,10.0,20.0,False,0.0,True,False,,20.0,Manufacturing,South East,Low,23,1001662.56
SME_0187,2025-01-01,640.0,9,11.0,38.0,False,0.0,True,False,,21.0,Manufacturing,South East,Low,23,1001662.56
SME_0187,2025-02-01,631.0,12,9.0,-3.0,False,0.0,True,False,,22.0,Manufacturing,South East,Low,23,1001662.56
SME_0187,2025-03-01,627.0,8,9.333333333333334,-7.0,True,11183.98,True,False,,23.0,Manufacturing,South East,Low,23,1001662.56
SME_0187,2025-04-01,633.0,15,9.666666666666666,-7.0,False,0.0,True,False,,24.0,Manufacturing,South East,Low,23,1001662.56
SME_0187,2025-05-01,613.0,7,11.666666666666666,-18.0,False,0.0,True,False,,25.0,Manufacturing,South East,Low,23,1001662.56
SME_0187,2025-06-01,618.0,12,10.0,-9.0,False,0.0,True,False,,26.0,Manufacturing,South East,Low,23,1001662.56
SME_0187,2025-07-01,606.0,7,11.333333333333334,-27.0,False,0.0,True,False,,27.0,Manufacturing,South East,Low,23,1001662.56
SME_0187,2025-08-01,589.0,12,8.666666666666666,-24.0,False,0.0,True,False,,28.0,Manufacturing,South East,Low,23,1001662.56
SME_0187,2025-09-01,588.0,14,10.333333333333334,-30.0,True,19531.3,True,False,,29.0,Manufacturing,South East,Low,23,1001662.56
SME_0187,2025-10-01,603.0,9,11.0,-3.0,False,0.0,True,False,,30.0,Manufacturing,South East,Low,23,1001662.56
SME_0187,2025-11-01,631.0,12,11.666666666666666,42.0,False,0.0,True,False,,31.0,Manufacturing,South East,Low,23,1001662.56
SME_0187,2025-12-01,634.0,4,11.666666666666666,46.0,False,0.0,True,False,,32.0,Manufacturing,South East,Low,23,1001662.56
SME_0187,2026-01-01,630.0,7,8.333333333333334,27.0,False,0.0,True,False,,33.0,Manufacturing,South East,Low,23,1001662.56
SME_0188,2024-08-01,511.0,6,,,False,0.0,True,False,,12.0,Retail,South East,High,78,140798.19
SME_0188,2024-09-01,523.0,9,6.0,,False,0.0,True,False,,13.0,Retail,South East,High,78,140798.19
SME_0188,2024-10-01,515.0,4,7.5,,False,0.0,True,False,,14.0,Retail,South East,High,78,140798.19
SME_0188,2024-11-01,504.0,5,6.333333333333333,-7.0,False,0.0,True,False,,15.0,Retail,South East,High,78,140798.19
SME_0188,2024-12-01,507.0,10,6.0,-16.0,True,0.0,True,False,,16.0,Retail,South East,High,78,140798.19
SME_0188,2025-01-01,499.0,10,6.333333333333333,-16.0,False,0.0,True,False,,17.0,Retail,South East,High,78,140798.19
SME_0188,2025-02-01,486.0,9,8.333333333333334,-18.0,True,0.0,True,False,,18.0,Retail,South East,High,78,140798.19
SME_0188,2025-03-01,504.0,3,9.666666666666666,-3.0,False,0.0,True,False,,19.0,Retail,South East,High,78,140798.19
SME_0188,2025-04-01,524.0,6,7.333333333333333,25.0,False,0.0,True,False,,20.0,Retail,South East,High,78,140798.19
SME_0188,2025-05-01,528.0,7,6.0,42.0,False,0.0,True,False,,21.0,Retail,South East,High,78,140798.19
SME_0188,2025-06-01,530.0,5,5.333333333333333,26.0,True,39356.0,True,False,,22.0,Retail,South East,High,78,140798.19
SME_0188,2025-07-01,526.0,5,6.0,2.0,False,0.0,True,False,,23.0,Retail,South East,High,78,140798.19
SME_0188,2025-08-01,521.0,4,5.666666666666667,-7.0,False,0.0,True,False,,24.0,Retail,South East,High,78,140798.19
SME_0188,2025-09-01,509.0,4,4.666666666666667,-21.0,False,0.0,True,False,,25.0,Retail,South East,High,78,140798.19
SME_0188,2025-10-01,541.0,2,4.333333333333333,15.0,False,0.0,True,False,,26.0,Retail,South East,High,78,140798.19
SME_0188,2025-11-01,541.0,6,3.3333333333333335,20.0,False,0.0,True,False,,27.0,Retail,South East,High,78,140798.19
SME_0188,2025-12-01,528.0,7,4.0,19.0,False,0.0,True,False,,28.0,Retail,South East,High,78,140798.19
SME_0188,2026-01-01,526.0,3,5.0,-15.0,False,0.0,True,False,,29.0,Retail,South East,High,78,140798.19
SME_0189,2024-08-01,439.0,4,,,False,0.0,True,False,,25.0,Technology,Midlands,High,90,1324039.79
SME_0189,2024-09-01,428.0,7,4.0,,False,0.0,True,False,,26.0,Technology,Midlands,High,90,1324039.79
SME_0189,2024-10-01,422.0,3,5.5,,False,0.0,True,False,,27.0,Technology,Midlands,High,90,1324039.79
SME_0189,2024-11-01,430.0,9,4.666666666666667,-9.0,False,0.0,True,False,,28.0,Technology,Midlands,High,90,1324039.79
SME_0189,2024-12-01,430.0,6,6.333333333333333,2.0,False,0.0,True,False,,29.0,Technology,Midlands,High,90,1324039.79
SME_0189,2025-01-01,426.0,5,6.0,4.0,False,0.0,True,False,,30.0,Technology,Midlands,High,90,1324039.79
SME_0189,2025-02-01,418.0,2,6.666666666666667,-12.0,False,0.0,True,False,,31.0,Technology,Midlands,High,90,1324039.79
SME_0189,2025-03-01,433.0,5,4.333333333333333,3.0,False,0.0,True,False,,32.0,Technology,Midlands,High,90,1324039.79
SME_0189,2025-04-01,443.0,4,4.0,17.0,False,0.0,True,False,,33.0,Technology,Midlands,High,90,1324039.79
SME_0189,2025-05-01,451.0,5,3.6666666666666665,33.0,True,0.0,True,False,,34.0,Technology,Midlands,High,90,1324039.79
SME_0189,2025-06-01,433.0,5,4.666666666666667,0.0,True,0.0,True,False,,35.0,Technology,Midlands,High,90,1324039.79
SME_0189,2025-07-01,422.0,3,4.666666666666667,-21.0,False,0.0,True,False,,36.0,Technology,Midlands,High,90,1324039.79
SME_0189,2025-08-01,415.0,3,4.333333333333333,-36.0,False,0.0,True,False,,37.0,Technology,Midlands,High,90,1324039.79
SME_0189,2025-09-01,412.0,3,3.6666666666666665,-21.0,False,0.0,True,False,,38.0,Technology,Midlands,High,90,1324039.79
SME_0189,2025-10-01,417.0,5,3.0,-5.0,False,0.0,True,False,,39.0,Technology,Midlands,High,90,1324039.79
SME_0189,2025-11-01,440.0,3,3.6666666666666665,25.0,False,0.0,True,False,,40.0,Technology,Midlands,High,90,1324039.79
SME_0189,2025-12-01,441.0,2,3.6666666666666665,29.0,False,0.0,True,False,,41.0,Technology,Midlands,High,90,1324039.79
SME_0189,2026-01-01,452.0,3,3.3333333333333335,35.0,False,0.0,True,False,,42.0,Technology,Midlands,High,90,1324039.79
SME_0190,2024-08-01,646.0,11,,,True,0.0,True,False,,12.0,Retail,Midlands,Low,199,818596.9
SME_0190,2024-09-01,646.0,10,11.0,,False,0.0,True,False,,13.0,Retail,Midlands,Low,199,818596.9
SME_0190,2024-10-01,650.0,17,10.5,,False,0.0,True,False,,14.0,Retail,Midlands,Low,199,818596.9
SME_0190,2024-11-01,649.0,13,12.666666666666666,3.0,False,0.0,True,False,,15.0,Retail,Midlands,Low,199,818596.9
SME_0190,2024-12-01,654.0,14,13.333333333333334,8.0,False,0.0,True,False,,16.0,Retail,Midlands,Low,199,818596.9
SME_0190,2025-01-01,630.0,10,14.666666666666666,-20.0,False,0.0,True,False,,17.0,Retail,Midlands,Low,199,818596.9
SME_0190,2025-02-01,647.0,15,12.333333333333334,-2.0,False,0.0,True,False,,18.0,Retail,Midlands,Low,199,818596.9
SME_0190,2025-03-01,636.0,14,13.0,-18.0,False,0.0,True,False,,19.0,Retail,Midlands,Low,199,818596.9
SME_0190,2025-04-01,643.0,12,13.0,13.0,False,0.0,True,False,,20.0,Retail,Midlands,Low,199,818596.9
SME_0190,2025-05-01,634.0,14,13.666666666666666,-13.0,False,0.0,True,False,,21.0,Retail,Midlands,Low,199,818596.9
SME_0190,2025-06-01,640.0,11,13.333333333333334,4.0,False,0.0,True,False,,22.0,Retail,Midlands,Low,199,818596.9
SME_0190,2025-07-01,646.0,15,12.333333333333334,3.0,True,0.0,True,False,,23.0,Retail,Midlands,Low,199,818596.9
SME_0190,2025-08-01,652.0,14,13.333333333333334,18.0,False,0.0,True,False,,24.0,Retail,Midlands,Low,199,818596.9
SME_0190,2025-09-01,651.0,9,13.333333333333334,11.0,False,0.0,True,False,,25.0,Retail,Midlands,Low,199,818596.9
SME_0190,2025-10-01,644.0,13,12.666666666666666,-2.0,False,0.0,True,False,,26.0,Retail,Midlands,Low,199,818596.9
SME_0190,2025-11-01,629.0,13,12.0,-23.0,False,0.0,True,False,,27.0,Retail,Midlands,Low,199,818596.9
SME_0190,2025-12-01,629.0,15,11.666666666666666,-22.0,False,0.0,True,False,,28.0,Retail,Midlands,Low,199,818596.9
SME_0190,2026-01-01,626.0,15,13.666666666666666,-18.0,False,0.0,True,False,,29.0,Retail,Midlands,Low,199,818596.9
SME_0191,2024-08-01,663.0,11,,,False,0.0,True,False,,28.0,Healthcare,Scotland,Low,58,812032.77
SME_0191,2024-09-01,646.0,8,11.0,,False,0.0,True,False,,29.0,Healthcare,Scotland,Low,58,812032.77
SME_0191,2024-10-01,642.0,18,9.5,,False,0.0,True,False,,30.0,Healthcare,Scotland,Low,58,812032.77
SME_0191,2024-11-01,649.0,11,12.333333333333334,-14.0,False,0.0,True,False,,31.0,Healthcare,Scotland,Low,58,812032.77
SME_0191,2024-12-01,652.0,7,12.333333333333334,6.0,False,0.0,True,False,,32.0,Healthcare,Scotland,Low,58,812032.77
SME_0191,2025-01-01,653.0,11,12.0,11.0,False,0.0,True,False,,33.0,Healthcare,Scotland,Low,58,812032.77
SME_0191,2025-02-01,663.0,15,9.666666666666666,14.0,False,0.0,True,False,,34.0,Healthcare,Scotland,Low,58,812032.77
SME_0191,2025-03-01,654.0,10,11.0,2.0,False,0.0,True,False,,35.0,Healthcare,Scotland,Low,58,812032.77
SME_0191,2025-04-01,656.0,16,12.0,3.0,False,0.0,True,False,,36.0,Healthcare,Scotland,Low,58,812032.77
SME_0191,2025-05-01,651.0,6,13.666666666666666,-12.0,False,0.0,True,False,,37.0,Healthcare,Scotland,Low,58,812032.77
SME_0191,2025-06-01,636.0,14,10.666666666666666,-18.0,False,0.0,True,False,,38.0,Healthcare,Scotland,Low,58,812032.77
SME_0191,2025-07-01,607.0,6,12.0,-49.0,False,0.0,True,False,,39.0,Healthcare,Scotland,Low,58,812032.77
SME_0191,2025-08-01,597.0,7,8.666666666666666,-54.0,False,0.0,True,False,,40.0,Healthcare,Scotland,Low,58,812032.77
SME_0191,2025-09-01,610.0,12,9.0,-26.0,False,0.0,True,False,,41.0,Healthcare,Scotland,Low,58,812032.77
SME_0191,2025-10-01,622.0,10,8.333333333333334,15.0,False,0.0,True,False,,42.0,Healthcare,Scotland,Low,58,812032.77
SME_0191,2025-11-01,629.0,7,9.666666666666666,32.0,False,0.0,True,False,,43.0,Healthcare,Scotland,Low,58,812032.77
SME_0191,2025-12-01,633.0,13,9.666666666666666,23.0,False,0.0,True,False,,44.0,Healthcare,Scotland,Low,58,812032.77
SME_0191,2026-01-01,622.0,11,10.0,0.0,True,65914.94,True,False,,45.0,Healthcare,Scotland,Low,58,812032.77
SME_0192,2024-08-01,495.0,9,,,False,0.0,True,False,,10.0,Retail,South East,High,39,265972.1
SME_0192,2024-09-01,487.0,8,9.0,,False,0.0,True,False,,11.0,Retail,South East,High,39,265972.1
SME_0192,2024-10-01,487.0,3,8.5,,False,0.0,True,False,,12.0,Retail,South East,High,39,265972.1
SME_0192,2024-11-01,487.0,8,6.666666666666667,-8.0,False,0.0,True,False,,13.0,Retail,South East,High,39,265972.1
SME_0192,2024-12-01,475.0,10,6.333333333333333,-12.0,False,0.0,True,False,,14.0,Retail,South East,High,39,265972.1
SME_0192,2025-01-01,480.0,3,7.0,-7.0,False,0.0,True,False,,15.0,Retail,South East,High,39,265972.1
SME_0192,2025-02-01,481.0,6,7.0,-6.0,False,0.0,True,False,,16.0,Retail,South East,High,39,265972.1
SME_0192,2025-03-01,476.0,4,6.333333333333333,1.0,False,0.0,True,False,,17.0,Retail,South East,High,39,265972.1
SME_0192,2025-04-01,473.0,5,4.333333333333333,-7.0,False,0.0,True,False,,18.0,Retail,South East,High,39,265972.1
SME_0192,2025-05-01,494.0,5,5.0,13.0,False,0.0,True,False,,19.0,Retail,South East,High,39,265972.1
SME_0192,2025-06-01,502.0,5,4.666666666666667,26.0,False,0.0,True,False,,20.0,Retail,South East,High,39,265972.1
SME_0192,2025-07-01,492.0,1,5.0,19.0,False,0.0,True,False,,21.0,Retail,South East,High,39,265972.1
SME_0192,2025-08-01,494.0,9,3.6666666666666665,0.0,False,0.0,True,False,,22.0,Retail,South East,High,39,265972.1
SME_0192,2025-09-01,486.0,7,5.0,-16.0,False,0.0,True,False,,23.0,Retail,South East,High,39,265972.1
SME_0192,2025-10-01,467.0,2,5.666666666666667,-25.0,False,0.0,True,False,,24.0,Retail,South East,High,39,265972.1
SME_0192,2025-11-01,471.0,4,6.0,-23.0,False,0.0,True,False,,25.0,Retail,South East,High,39,265972.1
SME_0192,2025-12-01,448.0,4,4.333333333333333,-38.0,False,0.0,True,False,,26.0,Retail,South East,High,39,265972.1
SME_0192,2026-01-01,451.0,5,3.3333333333333335,-16.0,False,0.0,True,False,,27.0,Retail,South East,High,39,265972.1
SME_0193,2024-08-01,478.0,9,,,False,0.0,True,False,,31.0,Retail,South East,High,189,224453.07
SME_0193,2024-09-01,500.0,2,9.0,,False,0.0,True,False,,32.0,Retail,South East,High,189,224453.07
SME_0193,2024-10-01,500.0,4,5.5,,False,0.0,True,False,,33.0,Retail,South East,High,189,224453.07
SME_0193,2024-11-01,500.0,5,5.0,22.0,True,0.0,True,False,,34.0,Retail,South East,High,189,224453.07
SME_0193,2024-12-01,499.0,9,3.6666666666666665,-1.0,False,0.0,True,False,,35.0,Retail,South East,High,189,224453.07
SME_0193,2025-01-01,485.0,7,6.0,-15.0,False,0.0,True,False,,36.0,Retail,South East,High,189,224453.07
SME_0193,2025-02-01,483.0,8,7.0,-17.0,False,0.0,True,False,,37.0,Retail,South East,High,189,224453.07
SME_0193,2025-03-01,509.0,4,8.0,10.0,False,0.0,True,False,,38.0,Retail,South East,High,189,224453.07
SME_0193,2025-04-01,499.0,8,6.333333333333333,14.0,False,0.0,True,False,,39.0,Retail,South East,High,189,224453.07
SME_0193,2025-05-01,486.0,2,6.666666666666667,3.0,False,0.0,True,False,,40.0,Retail,South East,High,189,224453.07
SME_0193,2025-06-01,489.0,3,4.666666666666667,-20.0,True,0.0,True,False,,41.0,Retail,South East,High,189,224453.07
SME_0193,2025-07-01,484.0,12,4.333333333333333,-15.0,False,0.0,True,False,,42.0,Retail,South East,High,189,224453.07
SME_0193,2025-08-01,478.0,2,5.666666666666667,-8.0,False,0.0,True,False,,43.0,Retail,South East,High,189,224453.07
SME_0193,2025-09-01,512.0,4,5.666666666666667,23.0,False,0.0,True,False,,44.0,Retail,South East,High,189,224453.07
SME_0193,2025-10-01,517.0,4,6.0,33.0,False,0.0,True,False,,45.0,Retail,South East,High,189,224453.07
SME_0193,2025-11-01,526.0,5,3.3333333333333335,48.0,False,0.0,True,False,,46.0,Retail,South East,High,189,224453.07
SME_0193,2025-12-01,527.0,6,4.333333333333333,15.0,False,0.0,True,False,,47.0,Retail,South East,High,189,224453.07
SME_0193,2026-01-01,508.0,1,5.0,-9.0,False,0.0,True,False,,48.0,Retail,South East,High,189,224453.07
SME_0194,2024-08-01,674.0,12,,,False,0.0,True,True,4.0,14.0,Technology,Scotland,Low,31,329883.95
SME_0194,2024-09-01,661.0,11,12.0,,False,0.0,True,True,3.0,15.0,Technology,Scotland,Low,31,329883.95
SME_0194,2024-10-01,685.0,15,11.5,,False,0.0,True,True,2.0,16.0,Technology,Scotland,Low,31,329883.95
SME_0194,2024-11-01,688.0,16,12.666666666666666,14.0,False,0.0,True,True,1.0,17.0,Technology,Scotland,Low,31,329883.95
SME_0194,2024-12-01,688.0,0,14.0,27.0,False,0.0,False,True,0.0,18.0,Technology,Scotland,Low,31,329883.95
SME_0194,2025-01-01,688.0,0,10.333333333333334,3.0,False,0.0,False,True,-1.0,19.0,Technology,Scotland,Low,31,329883.95
SME_0194,2025-02-01,688.0,0,5.333333333333333,0.0,False,0.0,False,True,-2.0,20.0,Technology,Scotland,Low,31,329883.95
SME_0194,2025-03-01,688.0,0,0.0,0.0,False,0.0,False,True,-3.0,21.0,Technology,Scotland,Low,31,329883.95
SME_0194,2025-04-01,688.0,0,0.0,0.0,False,0.0,False,True,-4.0,22.0,Technology,Scotland,Low,31,329883.95
SME_0194,2025-05-01,688.0,0,0.0,0.0,False,0.0,False,True,-5.0,23.0,Technology,Scotland,Low,31,329883.95
SME_0194,2025-06-01,688.0,0,0.0,0.0,False,0.0,False,True,-6.0,24.0,Technology,Scotland,Low,31,329883.95
SME_0194,2025-07-01,688.0,0,0.0,0.0,False,0.0,False,True,-7.0,25.0,Technology,Scotland,Low,31,329883.95
SME_0194,2025-08-01,688.0,0,0.0,0.0,False,0.0,False,True,-8.0,26.0,Technology,Scotland,Low,31,329883.95
SME_0194,2025-09-01,688.0,0,0.0,0.0,False,0.0,False,True,-9.0,27.0,Technology,Scotland,Low,31,329883.95
SME_0194,2025-10-01,688.0,0,0.0,0.0,False,0.0,False,True,-10.0,28.0,Technology,Scotland,Low,31,329883.95
SME_0194,2025-11-01,688.0,0,0.0,0.0,False,0.0,False,True,-11.0,29.0,Technology,Scotland,Low,31,329883.95
SME_0194,2025-12-01,688.0,0,0.0,0.0,False,0.0,False,True,-12.0,30.0,Technology,Scotland,Low,31,329883.95
SME_0194,2026-01-01,688.0,0,0.0,0.0,False,0.0,False,True,-13.0,31.0,Technology,Scotland,Low,31,329883.95
SME_0195,2024-08-01,538.0,10,,,True,18791.07,True,False,,2.0,Retail,Unknown,High,6,413705.37
SME_0195,2024-09-01,541.0,3,10.0,,False,0.0,True,False,,3.0,Retail,Unknown,High,6,413705.37
SME_0195,2024-10-01,541.0,5,6.5,,False,0.0,True,False,,4.0,Retail,Unknown,High,6,413705.37
SME_0195,2024-11-01,555.0,8,6.0,17.0,False,0.0,True,False,,5.0,Retail,Unknown,High,6,413705.37
SME_0195,2024-12-01,565.0,3,5.333333333333333,24.0,False,0.0,True,False,,6.0,Retail,Unknown,High,6,413705.37
SME_0195,2025-01-01,548.0,8,5.333333333333333,7.0,False,0.0,True,False,,7.0,Retail,Unknown,High,6,413705.37
SME_0195,2025-02-01,549.0,13,6.333333333333333,-6.0,True,0.0,True,False,,8.0,Retail,Unknown,High,6,413705.37
SME_0195,2025-03-01,524.0,5,8.0,-41.0,False,0.0,True,False,,9.0,Retail,Unknown,High,6,413705.37
SME_0195,2025-04-01,532.0,5,8.666666666666666,-16.0,False,0.0,True,False,,10.0,Retail,Unknown,High,6,413705.37
SME_0195,2025-05-01,549.0,14,7.666666666666667,0.0,False,0.0,True,False,,11.0,Retail,Unknown,High,6,413705.37
SME_0195,2025-06-01,541.0,9,8.0,17.0,False,0.0,True,False,,12.0,Retail,Unknown,High,6,413705.37
SME_0195,2025-07-01,519.0,9,9.333333333333334,-13.0,True,0.0,True,False,,13.0,Retail,Unknown,High,6,413705.37
SME_0195,2025-08-01,530.0,9,10.666666666666666,-19.0,True,0.0,True,False,,14.0,Retail,Unknown,High,6,413705.37
SME_0195,2025-09-01,529.0,3,9.0,-12.0,False,0.0,True,False,,15.0,Retail,Unknown,High,6,413705.37
SME_0195,2025-10-01,546.0,8,7.0,27.0,False,0.0,True,False,,16.0,Retail,Unknown,High,6,413705.37
SME_0195,2025-11-01,538.0,5,6.666666666666667,8.0,False,0.0,True,False,,17.0,Retail,Unknown,High,6,413705.37
SME_0195,2025-12-01,541.0,7,5.333333333333333,12.0,False,0.0,True,False,,18.0,Retail,Unknown,High,6,413705.37
SME_0195,2026-01-01,542.0,4,6.666666666666667,-4.0,False,0.0,True,False,,19.0,Retail,Unknown,High,6,413705.37
SME_0196,2024-08-01,741.0,18,,,False,0.0,True,True,9.0,6.0,Retail,Scotland,Low,85,1282065.24
SME_0196,2024-09-01,738.0,14,18.0,,True,0.0,True,True,8.0,7.0,Retail,Scotland,Low,85,1282065.24
SME_0196,2024-10-01,732.0,17,16.0,,False,0.0,True,True,7.0,8.0,Retail,Scotland,Low,85,1282065.24
SME_0196,2024-11-01,732.0,20,16.333333333333332,-9.0,False,0.0,True,True,6.0,9.0,Retail,Scotland,Low,85,1282065.24
SME_0196,2024-12-01,751.0,20,17.0,13.0,True,44999.67,True,True,5.0,10.0,Retail,Scotland,Low,85,1282065.24
SME_0196,2025-01-01,738.0,17,19.0,6.0,False,0.0,True,True,4.0,11.0,Retail,Scotland,Low,85,1282065.24
SME_0196,2025-02-01,719.0,13,19.0,-13.0,False,0.0,True,True,3.0,12.0,Retail,Scotland,Low,85,1282065.24
SME_0196,2025-03-01,724.0,13,16.666666666666668,-27.0,False,0.0,True,True,2.0,13.0,Retail,Scotland,Low,85,1282065.24
SME_0196,2025-04-01,742.0,12,14.333333333333334,4.0,False,0.0,True,True,1.0,14.0,Retail,Scotland,Low,85,1282065.24
SME_0196,2025-05-01,742.0,0,12.666666666666666,23.0,False,0.0,False,True,0.0,15.0,Retail,Scotland,Low,85,1282065.24
SME_0196,2025-06-01,742.0,0,8.333333333333334,18.0,False,0.0,False,True,-1.0,16.0,Retail,Scotland,Low,85,1282065.24
SME_0196,2025-07-01,742.0,0,4.0,0.0,False,0.0,False,True,-2.0,17.0,Retail,Scotland,Low,85,1282065.24
SME_0196,2025-08-01,742.0,0,0.0,0.0,False,0.0,False,True,-3.0,18.0,Retail,Scotland,Low,85,1282065.24
SME_0196,2025-09-01,742.0,0,0.0,0.0,False,0.0,False,True,-4.0,19.0,Retail,Scotland,Low,85,1282065.24
SME_0196,2025-10-01,742.0,0,0.0,0.0,False,0.0,False,True,-5.0,20.0,Retail,Scotland,Low,85,1282065.24
SME_0196,2025-11-01,742.0,0,0.0,0.0,False,0.0,False,True,-6.0,21.0,Retail,Scotland,Low,85,1282065.24
SME_0196,2025-12-01,742.0,0,0.0,0.0,False,0.0,False,True,-7.0,22.0,Retail,Scotland,Low,85,1282065.24
SME_0196,2026-01-01,742.0,0,0.0,0.0,False,0.0,False,True,-8.0,23.0,Retail,Scotland,Low,85,1282065.24
SME_0197,2024-08-01,644.0,11,,,False,0.0,True,False,,29.0,Services,North West,Medium,80,419247.32
SME_0197,2024-09-01,641.0,6,11.0,,False,0.0,True,False,,30.0,Services,North West,Medium,80,419247.32
SME_0197,2024-10-01,644.0,13,8.5,,False,0.0,True,False,,31.0,Services,North West,Medium,80,419247.32
SME_0197,2024-11-01,628.0,17,10.0,-16.0,True,0.0,True,False,,32.0,Services,North West,Medium,80,419247.32
SME_0197,2024-12-01,629.0,13,12.0,-12.0,False,0.0,True,False,,33.0,Services,North West,Medium,80,419247.32
SME_0197,2025-01-01,626.0,13,14.333333333333334,-18.0,True,0.0,True,False,,34.0,Services,North West,Medium,80,419247.32
SME_0197,2025-02-01,643.0,17,14.333333333333334,15.0,False,0.0,True,False,,35.0,Services,North West,Medium,80,419247.32
SME_0197,2025-03-01,636.0,13,14.333333333333334,7.0,False,0.0,True,False,,36.0,Services,North West,Medium,80,419247.32
SME_0197,2025-04-01,644.0,10,14.333333333333334,18.0,False,0.0,True,False,,37.0,Services,North West,Medium,80,419247.32
SME_0197,2025-05-01,655.0,10,13.333333333333334,12.0,True,0.0,True,False,,38.0,Services,North West,Medium,80,419247.32
SME_0197,2025-06-01,655.0,10,11.0,19.0,False,0.0,True,False,,39.0,Services,North West,Medium,80,419247.32
SME_0197,2025-07-01,640.0,13,10.0,-4.0,True,16807.33,True,False,,40.0,Services,North West,Medium,80,419247.32
SME_0197,2025-08-01,636.0,11,11.0,-19.0,True,0.0,True,False,,41.0,Services,North West,Medium,80,419247.32
SME_0197,2025-09-01,618.0,16,11.333333333333334,-37.0,False,0.0,True,False,,42.0,Services,North West,Medium,80,419247.32
SME_0197,2025-10-01,622.0,12,13.333333333333334,-18.0,False,0.0,True,False,,43.0,Services,North West,Medium,80,419247.32
SME_0197,2025-11-01,631.0,8,13.0,-5.0,False,0.0,True,False,,44.0,Services,North West,Medium,80,419247.32
SME_0197,2025-12-01,653.0,13,12.0,35.0,False,0.0,True,False,,45.0,Services,North West,Medium,80,419247.32
SME_0197,2026-01-01,682.0,9,11.0,60.0,False,0.0,True,False,,46.0,Services,North West,Medium,80,419247.32
SME_0198,2024-08-01,640.0,14,,,False,0.0,True,False,,32.0,Healthcare,Scotland,Medium,124,189625.07
SME_0198,2024-09-01,626.0,16,14.0,,False,0.0,True,False,,33.0,Healthcare,Scotland,Medium,124,189625.07
SME_0198,2024-10-01,627.0,15,15.0,,False,0.0,True,False,,34.0,Healthcare,Scotland,Medium,124,189625.07
SME_0198,2024-11-01,616.0,18,15.0,-24.0,True,0.0,True,False,,35.0,Healthcare,Scotland,Medium,124,189625.07
SME_0198,2024-12-01,623.0,13,16.333333333333332,-3.0,False,0.0,True,False,,36.0,Healthcare,Scotland,Medium,124,189625.07
SME_0198,2025-01-01,622.0,10,15.333333333333334,-5.0,False,0.0,True,False,,37.0,Healthcare,Scotland,Medium,124,189625.07
SME_0198,2025-02-01,640.0,18,13.666666666666666,24.0,True,46030.74,True,False,,38.0,Healthcare,Scotland,Medium,124,189625.07
SME_0198,2025-03-01,629.0,14,13.666666666666666,6.0,True,7211.35,True,False,,39.0,Healthcare,Scotland,Medium,124,189625.07
SME_0198,2025-04-01,633.0,19,14.0,11.0,False,0.0,True,False,,40.0,Healthcare,Scotland,Medium,124,189625.07
SME_0198,2025-05-01,633.0,13,17.0,-7.0,False,0.0,True,False,,41.0,Healthcare,Scotland,Medium,124,189625.07
SME_0198,2025-06-01,662.0,9,15.333333333333334,33.0,False,0.0,True,False,,42.0,Healthcare,Scotland,Medium,124,189625.07
SME_0198,2025-07-01,670.0,19,13.666666666666666,37.0,False,0.0,True,False,,43.0,Healthcare,Scotland,Medium,124,189625.07
SME_0198,2025-08-01,664.0,16,13.666666666666666,31.0,False,0.0,True,False,,44.0,Healthcare,Scotland,Medium,124,189625.07
SME_0198,2025-09-01,658.0,15,14.666666666666666,-4.0,False,0.0,True,False,,45.0,Healthcare,Scotland,Medium,124,189625.07
SME_0198,2025-10-01,662.0,13,16.666666666666668,-8.0,False,0.0,True,False,,46.0,Healthcare,Scotland,Medium,124,189625.07
SME_0198,2025-11-01,668.0,13,14.666666666666666,4.0,False,0.0,True,False,,47.0,Healthcare,Scotland,Medium,124,189625.07
SME_0198,2025-12-01,659.0,20,13.666666666666666,1.0,False,0.0,True,False,,48.0,Healthcare,Scotland,Medium,124,189625.07
SME_0198,2026-01-01,662.0,13,15.333333333333334,0.0,False,0.0,True,False,,49.0,Healthcare,Scotland,Medium,124,189625.07
SME_0199,2024-08-01,604.0,17,,,False,0.0,True,False,,8.0,Retail,Midlands,Medium,175,615550.2
SME_0199,2024-09-01,601.0,14,17.0,,False,0.0,True,False,,9.0,Retail,Midlands,Medium,175,615550.2
SME_0199,2024-10-01,597.0,13,15.5,,False,0.0,True,False,,10.0,Retail,Midlands,Medium,175,615550.2
SME_0199,2024-11-01,589.0,9,14.666666666666666,-15.0,False,0.0,True,False,,11.0,Retail,Midlands,Medium,175,615550.2
SME_0199,2024-12-01,590.0,14,12.0,-11.0,True,0.0,True,False,,12.0,Retail,Midlands,Medium,175,615550.2
SME_0199,2025-01-01,561.0,12,12.0,-36.0,True,0.0,True,False,,13.0,Retail,Midlands,Medium,175,615550.2
SME_0199,2025-02-01,570.0,11,11.666666666666666,-19.0,False,0.0,True,False,,14.0,Retail,Midlands,Medium,175,615550.2
SME_0199,2025-03-01,567.0,9,12.333333333333334,-23.0,True,0.0,True,False,,15.0,Retail,Midlands,Medium,175,615550.2
SME_0199,2025-04-01,571.0,13,10.666666666666666,10.0,False,0.0,True,False,,16.0,Retail,Midlands,Medium,175,615550.2
SME_0199,2025-05-01,587.0,12,11.0,17.0,True,0.0,True,False,,17.0,Retail,Midlands,Medium,175,615550.2
SME_0199,2025-06-01,591.0,15,11.333333333333334,24.0,True,0.0,True,False,,18.0,Retail,Midlands,Medium,175,615550.2
SME_0199,2025-07-01,565.0,11,13.333333333333334,-6.0,False,0.0,True,False,,19.0,Retail,Midlands,Medium,175,615550.2
SME_0199,2025-08-01,574.0,12,12.666666666666666,-13.0,False,0.0,True,False,,20.0,Retail,Midlands,Medium,175,615550.2
SME_0199,2025-09-01,567.0,3,12.666666666666666,-24.0,False,0.0,True,False,,21.0,Retail,Midlands,Medium,175,615550.2
SME_0199,2025-10-01,559.0,7,8.666666666666666,-6.0,False,0.0,True,False,,22.0,Retail,Midlands,Medium,175,615550.2
SME_0199,2025-11-01,552.0,5,7.333333333333333,-22.0,False,0.0,True,False,,23.0,Retail,Midlands,Medium,175,615550.2
SME_0199,2025-12-01,567.0,12,5.0,0.0,False,0.0,True,False,,24.0,Retail,Midlands,Medium,175,615550.2
SME_0199,2026-01-01,565.0,12,8.0,6.0,False,0.0,True,False,,25.0,Retail,Midlands,Medium,175,615550.2
SME_0200,2024-08-01,718.0,14,,,False,0.0,True,False,,22.0,Manufacturing,Midlands,Medium,186,812565.74
SME_0200,2024-09-01,713.0,17,14.0,,False,0.0,True,False,,23.0,Manufacturing,Midlands,Medium,186,812565.74
SME_0200,2024-10-01,711.0,16,15.5,,True,38905.9,True,False,,24.0,Manufacturing,Midlands,Medium,186,812565.74
SME_0200,2024-11-01,691.0,12,15.666666666666666,-27.0,True,0.0,True,False,,25.0,Manufacturing,Midlands,Medium,186,812565.74
SME_0200,2024-12-01,682.0,13,15.0,-31.0,False,0.0,True,False,,26.0,Manufacturing,Midlands,Medium,186,812565.74
SME_0200,2025-01-01,670.0,14,13.666666666666666,-41.0,False,0.0,True,False,,27.0,Manufacturing,Midlands,Medium,186,812565.74
SME_0200,2025-02-01,691.0,12,13.0,0.0,False,0.0,True,False,,28.0,Manufacturing,Midlands,Medium,186,812565.74
SME_0200,2025-03-01,679.0,13,13.0,-3.0,False,0.0,True,False,,29.0,Manufacturing,Midlands,Medium,186,812565.74
SME_0200,2025-04-01,682.0,11,13.0,12.0,False,0.0,True,False,,30.0,Manufacturing,Midlands,Medium,186,812565.74
SME_0200,2025-05-01,694.0,13,12.0,3.0,False,0.0,True,False,,31.0,Manufacturing,Midlands,Medium,186,812565.74
SME_0200,2025-06-01,668.0,15,12.333333333333334,-11.0,False,0.0,True,False,,32.0,Manufacturing,Midlands,Medium,186,812565.74
SME_0200,2025-07-01,651.0,19,13.0,-31.0,False,0.0,True,False,,33.0,Manufacturing,Midlands,Medium,186,812565.74
SME_0200,2025-08-01,662.0,12,15.666666666666666,-32.0,False,0.0,True,False,,34.0,Manufacturing,Midlands,Medium,186,812565.74
SME_0200,2025-09-01,664.0,21,15.333333333333334,-4.0,False,0.0,True,False,,35.0,Manufacturing,Midlands,Medium,186,812565.74
SME_0200,2025-10-01,665.0,22,17.333333333333332,14.0,False,0.0,True,False,,36.0,Manufacturing,Midlands,Medium,186,812565.74
SME_0200,2025-11-01,676.0,14,18.333333333333332,14.0,True,0.0,True,False,,37.0,Manufacturing,Midlands,Medium,186,812565.74
SME_0200,2025-12-01,684.0,8,19.0,20.0,True,53989.72,True,False,,38.0,Manufacturing,Midlands,Medium,186,812565.74
SME_0200,2026-01-01,682.0,8,14.666666666666666,17.0,False,0.0,True,False,,39.0,Manufacturing,Midlands,Medium,186,812565.74
SME_0201,2024-08-01,711.0,14,,,False,0.0,True,False,,21.0,Technology,London,Low,58,650344.29
SME_0201,2024-09-01,699.0,10,14.0,,True,29406.93,True,False,,22.0,Technology,London,Low,58,650344.29
SME_0201,2024-10-01,685.0,16,12.0,,False,0.0,True,False,,23.0,Technology,London,Low,58,650344.29
SME_0201,2024-11-01,684.0,10,13.333333333333334,-27.0,False,0.0,True,False,,24.0,Technology,London,Low,58,650344.29
SME_0201,2024-12-01,662.0,15,12.0,-37.0,False,0.0,True,False,,25.0,Technology,London,Low,58,650344.29
SME_0201,2025-01-01,674.0,10,13.666666666666666,-11.0,False,0.0,True,False,,26.0,Technology,London,Low,58,650344.29
SME_0201,2025-02-01,677.0,10,11.666666666666666,-7.0,False,0.0,True,False,,27.0,Technology,London,Low,58,650344.29
SME_0201,2025-03-01,679.0,15,11.666666666666666,17.0,False,0.0,True,False,,28.0,Technology,London,Low,58,650344.29
SME_0201,2025-04-01,677.0,10,11.666666666666666,3.0,True,59888.34,True,False,,29.0,Technology,London,Low,58,650344.29
SME_0201,2025-05-01,676.0,17,11.666666666666666,-1.0,False,0.0,True,False,,30.0,Technology,London,Low,58,650344.29
SME_0201,2025-06-01,659.0,17,14.0,-20.0,False,0.0,True,False,,31.0,Technology,London,Low,58,650344.29
SME_0201,2025-07-01,643.0,9,14.666666666666666,-34.0,False,0.0,True,False,,32.0,Technology,London,Low,58,650344.29
SME_0201,2025-08-01,636.0,12,14.333333333333334,-40.0,False,0.0,True,False,,33.0,Technology,London,Low,58,650344.29
SME_0201,2025-09-01,640.0,10,12.666666666666666,-19.0,False,0.0,True,False,,34.0,Technology,London,Low,58,650344.29
SME_0201,2025-10-01,627.0,10,10.333333333333334,-16.0,False,0.0,True,False,,35.0,Technology,London,Low,58,650344.29
SME_0201,2025-11-01,613.0,11,10.666666666666666,-23.0,False,0.0,True,False,,36.0,Technology,London,Low,58,650344.29
SME_0201,2025-12-01,610.0,12,10.333333333333334,-30.0,False,0.0,True,False,,37.0,Technology,London,Low,58,650344.29
SME_0201,2026-01-01,620.0,16,11.0,-7.0,False,0.0,True,False,,38.0,Technology,London,Low,58,650344.29
SME_0202,2024-08-01,775.0,17,,,False,0.0,True,False,,6.0,Healthcare,Midlands,Low,196,800638.25
SME_0202,2024-09-01,793.0,18,17.0,,True,32881.23,True,False,,7.0,Healthcare,Midlands,Low,196,800638.25
SME_0202,2024-10-01,792.0,9,17.5,,False,0.0,True,False,,8.0,Healthcare,Midlands,Low,196,800638.25
SME_0202,2024-11-01,758.0,19,14.666666666666666,-17.0,False,0.0,True,False,,9.0,Healthcare,Midlands,Low,196,800638.25
SME_0202,2024-12-01,765.0,20,15.333333333333334,-28.0,False,0.0,True,False,,10.0,Healthcare,Midlands,Low,196,800638.25
SME_0202,2025-01-01,750.0,11,16.0,-42.0,False,0.0,True,False,,11.0,Healthcare,Midlands,Low,196,800638.25
SME_0202,2025-02-01,755.0,13,16.666666666666668,-3.0,False,0.0,True,False,,12.0,Healthcare,Midlands,Low,196,800638.25
SME_0202,2025-03-01,743.0,13,14.666666666666666,-22.0,False,0.0,True,False,,13.0,Healthcare,Midlands,Low,196,800638.25
SME_0202,2025-04-01,732.0,12,12.333333333333334,-18.0,False,0.0,True,False,,14.0,Healthcare,Midlands,Low,196,800638.25
SME_0202,2025-05-01,750.0,20,12.666666666666666,-5.0,True,48818.84,True,False,,15.0,Healthcare,Midlands,Low,196,800638.25
SME_0202,2025-06-01,738.0,20,15.0,-5.0,False,0.0,True,False,,16.0,Healthcare,Midlands,Low,196,800638.25
SME_0202,2025-07-01,759.0,22,17.333333333333332,27.0,True,76745.39,True,False,,17.0,Healthcare,Midlands,Low,196,800638.25
SME_0202,2025-08-01,750.0,8,20.666666666666668,0.0,False,0.0,True,False,,18.0,Healthcare,Midlands,Low,196,800638.25
SME_0202,2025-09-01,747.0,15,16.666666666666668,9.0,True,0.0,True,False,,19.0,Healthcare,Midlands,Low,196,800638.25
SME_0202,2025-10-01,757.0,14,15.0,-2.0,False,0.0,True,False,,20.0,Healthcare,Midlands,Low,196,800638.25
SME_0202,2025-11-01,784.0,18,12.333333333333334,34.0,False,0.0,True,False,,21.0,Healthcare,Midlands,Low,196,800638.25
SME_0202,2025-12-01,789.0,12,15.666666666666666,42.0,True,25983.42,True,False,,22.0,Healthcare,Midlands,Low,196,800638.25
SME_0202,2026-01-01,778.0,14,14.666666666666666,21.0,False,0.0,True,False,,23.0,Healthcare,Midlands,Low,196,800638.25
SME_0203,2024-08-01,572.0,13,,,False,0.0,True,False,,17.0,Services,North West,Medium,126,269288.73
SME_0203,2024-09-01,593.0,13,13.0,,False,0.0,True,False,,18.0,Services,North West,Medium,126,269288.73
SME_0203,2024-10-01,581.0,6,13.0,,False,0.0,True,False,,19.0,Services,North West,Medium,126,269288.73
SME_0203,2024-11-01,572.0,5,10.666666666666666,0.0,False,0.0,True,False,,20.0,Services,North West,Medium,126,269288.73
SME_0203,2024-12-01,564.0,9,8.0,-29.0,False,0.0,True,False,,21.0,Services,North West,Medium,126,269288.73
SME_0203,2025-01-01,550.0,5,6.666666666666667,-31.0,False,0.0,True,False,,22.0,Services,North West,Medium,126,269288.73
SME_0203,2025-02-01,560.0,11,6.333333333333333,-12.0,False,0.0,True,False,,23.0,Services,North West,Medium,126,269288.73
SME_0203,2025-03-01,579.0,22,8.333333333333334,15.0,False,0.0,True,False,,24.0,Services,North West,Medium,126,269288.73
SME_0203,2025-04-01,584.0,9,12.666666666666666,34.0,False,0.0,True,False,,25.0,Services,North West,Medium,126,269288.73
SME_0203,2025-05-01,570.0,10,14.0,10.0,False,0.0,True,False,,26.0,Services,North West,Medium,126,269288.73
SME_0203,2025-06-01,599.0,9,13.666666666666666,20.0,False,0.0,True,False,,27.0,Services,North West,Medium,126,269288.73
SME_0203,2025-07-01,622.0,8,9.333333333333334,38.0,False,0.0,True,False,,28.0,Services,North West,Medium,126,269288.73
SME_0203,2025-08-01,601.0,6,9.0,31.0,False,0.0,True,False,,29.0,Services,North West,Medium,126,269288.73
SME_0203,2025-09-01,602.0,13,7.666666666666667,3.0,False,0.0,True,False,,30.0,Services,North West,Medium,126,269288.73
SME_0203,2025-10-01,603.0,7,9.0,-19.0,False,0.0,True,False,,31.0,Services,North West,Medium,126,269288.73
SME_0203,2025-11-01,608.0,8,8.666666666666666,7.0,True,52600.48,True,False,,32.0,Services,North West,Medium,126,269288.73
SME_0203,2025-12-01,618.0,6,9.333333333333334,16.0,False,0.0,True,False,,33.0,Services,North West,Medium,126,269288.73
SME_0203,2026-01-01,605.0,7,7.0,2.0,False,0.0,True,False,,34.0,Services,North West,Medium,126,269288.73
SME_0204,2024-08-01,516.0,4,,,False,0.0,True,False,,25.0,Retail,Midlands,High,14,127153.72
SME_0204,2024-09-01,527.0,7,4.0,,False,0.0,True,False,,26.0,Retail,Midlands,High,14,127153.72
SME_0204,2024-10-01,564.0,11,5.5,,False,0.0,True,False,,27.0,Retail,Midlands,High,14,127153.72
SME_0204,2024-11-01,532.0,1,7.333333333333333,16.0,False,0.0,True,False,,28.0,Retail,Midlands,High,14,127153.72
SME_0204,2024-12-01,540.0,11,6.333333333333333,13.0,False,0.0,True,False,,29.0,Retail,Midlands,High,14,127153.72
SME_0204,2025-01-01,526.0,12,7.666666666666667,-38.0,False,0.0,True,False,,30.0,Retail,Midlands,High,14,127153.72
SME_0204,2025-02-01,505.0,3,8.0,-27.0,False,0.0,True,False,,31.0,Retail,Midlands,High,14,127153.72
SME_0204,2025-03-01,509.0,4,8.666666666666666,-31.0,False,0.0,True,False,,32.0,Retail,Midlands,High,14,127153.72
SME_0204,2025-04-01,518.0,1,6.333333333333333,-8.0,False,0.0,True,False,,33.0,Retail,Midlands,High,14,127153.72
SME_0204,2025-05-01,499.0,7,2.6666666666666665,-6.0,False,0.0,True,False,,34.0,Retail,Midlands,High,14,127153.72
SME_0204,2025-06-01,507.0,4,4.0,-2.0,False,0.0,True,False,,35.0,Retail,Midlands,High,14,127153.72
SME_0204,2025-07-01,528.0,8,4.0,10.0,False,0.0,True,False,,36.0,Retail,Midlands,High,14,127153.72
SME_0204,2025-08-01,530.0,7,6.333333333333333,31.0,False,0.0,True,False,,37.0,Retail,Midlands,High,14,127153.72
SME_0204,2025-09-01,542.0,4,6.333333333333333,35.0,False,0.0,True,False,,38.0,Retail,Midlands,High,14,127153.72
SME_0204,2025-10-01,525.0,10,6.333333333333333,-3.0,True,0.0,True,False,,39.0,Retail,Midlands,High,14,127153.72
SME_0204,2025-11-01,493.0,4,7.0,-37.0,True,0.0,True,False,,40.0,Retail,Midlands,High,14,127153.72
SME_0204,2025-12-01,499.0,4,6.0,-43.0,False,0.0,True,False,,41.0,Retail,Midlands,High,14,127153.72
SME_0204,2026-01-01,499.0,4,6.0,-26.0,False,0.0,True,False,,42.0,Retail,Midlands,High,14,127153.72
SME_0205,2024-08-01,533.0,9,,,False,0.0,True,False,,35.0,Retail,South East,Medium,187,152948.68
SME_0205,2024-09-01,547.0,10,9.0,,True,10748.6,True,False,,36.0,Retail,South East,Medium,187,152948.68
SME_0205,2024-10-01,557.0,5,9.5,,False,0.0,True,False,,37.0,Retail,South East,Medium,187,152948.68
SME_0205,2024-11-01,540.0,9,8.0,7.0,False,0.0,True,False,,38.0,Retail,South East,Medium,187,152948.68
SME_0205,2024-12-01,544.0,5,8.0,-3.0,False,0.0,True,False,,39.0,Retail,South East,Medium,187,152948.68
SME_0205,2025-01-01,534.0,6,6.333333333333333,-23.0,False,0.0,True,False,,40.0,Retail,South East,Medium,187,152948.68
SME_0205,2025-02-01,535.0,11,6.666666666666667,-5.0,False,0.0,True,False,,41.0,Retail,South East,Medium,187,152948.68
SME_0205,2025-03-01,509.0,9,7.333333333333333,-35.0,False,0.0,True,False,,42.0,Retail,South East,Medium,187,152948.68
SME_0205,2025-04-01,524.0,4,8.666666666666666,-10.0,True,0.0,True,False,,43.0,Retail,South East,Medium,187,152948.68
SME_0205,2025-05-01,529.0,9,8.0,-6.0,False,0.0,True,False,,44.0,Retail,South East,Medium,187,152948.68
SME_0205,2025-06-01,532.0,11,7.333333333333333,23.0,False,0.0,True,False,,45.0,Retail,South East,Medium,187,152948.68
SME_0205,2025-07-01,536.0,4,8.0,12.0,False,0.0,True,False,,46.0,Retail,South East,Medium,187,152948.68
SME_0205,2025-08-01,533.0,6,8.0,4.0,False,0.0,True,False,,47.0,Retail,South East,Medium,187,152948.68
SME_0205,2025-09-01,546.0,4,7.0,14.0,False,0.0,True,False,,48.0,Retail,South East,Medium,187,152948.68
SME_0205,2025-10-01,528.0,5,4.666666666666667,-8.0,False,0.0,True,False,,49.0,Retail,South East,Medium,187,152948.68
SME_0205,2025-11-01,530.0,9,5.0,-3.0,False,0.0,True,False,,50.0,Retail,South East,Medium,187,152948.68
SME_0205,2025-12-01,527.0,8,6.0,-19.0,False,0.0,True,False,,51.0,Retail,South East,Medium,187,152948.68
SME_0205,2026-01-01,520.0,6,7.333333333333333,-8.0,False,0.0,True,False,,52.0,Retail,South East,Medium,187,152948.68
SME_0206,2024-08-01,593.0,9,,,False,0.0,True,False,,31.0,Retail,London,Low,28,88878.31
SME_0206,2024-09-01,597.0,14,9.0,,True,57029.63,True,False,,32.0,Retail,London,Low,28,88878.31
SME_0206,2024-10-01,598.0,7,11.5,,False,0.0,True,False,,33.0,Retail,London,Low,28,88878.31
SME_0206,2024-11-01,604.0,12,10.0,11.0,False,0.0,True,False,,34.0,Retail,London,Low,28,88878.31
SME_0206,2024-12-01,593.0,8,11.0,-4.0,False,0.0,True,False,,35.0,Retail,London,Low,28,88878.31
SME_0206,2025-01-01,604.0,9,9.0,6.0,False,0.0,True,False,,36.0,Retail,London,Low,28,88878.31
SME_0206,2025-02-01,586.0,10,9.666666666666666,-18.0,False,0.0,True,False,,37.0,Retail,London,Low,28,88878.31
SME_0206,2025-03-01,582.0,9,9.0,-11.0,False,0.0,True,False,,38.0,Retail,London,Low,28,88878.31
SME_0206,2025-04-01,584.0,9,9.333333333333334,-20.0,False,0.0,True,False,,39.0,Retail,London,Low,28,88878.31
SME_0206,2025-05-01,577.0,12,9.333333333333334,-9.0,False,0.0,True,False,,40.0,Retail,London,Low,28,88878.31
SME_0206,2025-06-01,581.0,11,10.0,-1.0,False,0.0,True,False,,41.0,Retail,London,Low,28,88878.31
SME_0206,2025-07-01,591.0,10,10.666666666666666,7.0,False,0.0,True,False,,42.0,Retail,London,Low,28,88878.31
SME_0206,2025-08-01,581.0,6,11.0,4.0,False,0.0,True,False,,43.0,Retail,London,Low,28,88878.31
SME_0206,2025-09-01,551.0,11,9.0,-30.0,True,0.0,True,False,,44.0,Retail,London,Low,28,88878.31
SME_0206,2025-10-01,557.0,10,9.0,-34.0,False,0.0,True,False,,45.0,Retail,London,Low,28,88878.31
SME_0206,2025-11-01,563.0,10,9.0,-18.0,False,0.0,True,False,,46.0,Retail,London,Low,28,88878.31
SME_0206,2025-12-01,,9,10.333333333333334,,False,0.0,True,False,,47.0,Retail,London,Low,28,88878.31
SME_0206,2026-01-01,586.0,7,9.666666666666666,29.0,False,0.0,True,False,,48.0,Retail,London,Low,28,88878.31
SME_0207,2024-08-01,641.0,13,,,False,0.0,True,True,6.0,4.0,Retail,Scotland,Medium,118,463891.14
SME_0207,2024-09-01,648.0,11,13.0,,False,0.0,True,True,5.0,5.0,Retail,Scotland,Medium,118,463891.14
SME_0207,2024-10-01,641.0,16,12.0,,False,0.0,True,True,4.0,6.0,Retail,Scotland,Medium,118,463891.14
SME_0207,2024-11-01,631.0,13,13.333333333333334,-10.0,False,0.0,True,True,3.0,7.0,Retail,Scotland,Medium,118,463891.14
SME_0207,2024-12-01,609.0,13,13.333333333333334,-39.0,False,0.0,True,True,2.0,8.0,Retail,Scotland,Medium,118,463891.14
SME_0207,2025-01-01,614.0,11,14.0,-27.0,True,0.0,True,True,1.0,9.0,Retail,Scotland,Medium,118,463891.14
SME_0207,2025-02-01,614.0,0,12.333333333333334,-17.0,False,0.0,False,True,0.0,10.0,Retail,Scotland,Medium,118,463891.14
SME_0207,2025-03-01,614.0,0,8.0,5.0,False,0.0,False,True,-1.0,11.0,Retail,Scotland,Medium,118,463891.14
SME_0207,2025-04-01,614.0,0,3.6666666666666665,0.0,False,0.0,False,True,-2.0,12.0,Retail,Scotland,Medium,118,463891.14
SME_0207,2025-05-01,614.0,0,0.0,0.0,False,0.0,False,True,-3.0,13.0,Retail,Scotland,Medium,118,463891.14
SME_0207,2025-06-01,614.0,0,0.0,0.0,False,0.0,False,True,-4.0,14.0,Retail,Scotland,Medium,118,463891.14
SME_0207,2025-07-01,614.0,0,0.0,0.0,False,0.0,False,True,-5.0,15.0,Retail,Scotland,Medium,118,463891.14
SME_0207,2025-08-01,614.0,0,0.0,0.0,False,0.0,False,True,-6.0,16.0,Retail,Scotland,Medium,118,463891.14
SME_0207,2025-09-01,614.0,0,0.0,0.0,False,0.0,False,True,-7.0,17.0,Retail,Scotland,Medium,118,463891.14
SME_0207,2025-10-01,614.0,0,0.0,0.0,False,0.0,False,True,-8.0,18.0,Retail,Scotland,Medium,118,463891.14
SME_0207,2025-11-01,614.0,0,0.0,0.0,False,0.0,False,True,-9.0,19.0,Retail,Scotland,Medium,118,463891.14
SME_0207,2025-12-01,614.0,0,0.0,0.0,False,0.0,False,True,-10.0,20.0,Retail,Scotland,Medium,118,463891.14
SME_0207,2026-01-01,614.0,0,0.0,0.0,False,0.0,False,True,-11.0,21.0,Retail,Scotland,Medium,118,463891.14
SME_0208,2024-08-01,610.0,7,,,False,0.0,True,False,,9.0,Services,Scotland,Low,158,322391.95
SME_0208,2024-09-01,627.0,12,7.0,,False,0.0,True,False,,10.0,Services,Scotland,Low,158,322391.95
SME_0208,2024-10-01,616.0,10,9.5,,True,0.0,True,False,,11.0,Services,Scotland,Low,158,322391.95
SME_0208,2024-11-01,643.0,16,9.666666666666666,33.0,True,34100.26,True,False,,12.0,Services,Scotland,Low,158,322391.95
SME_0208,2024-12-01,641.0,11,12.666666666666666,14.0,False,0.0,True,False,,13.0,Services,Scotland,Low,158,322391.95
SME_0208,2025-01-01,646.0,12,12.333333333333334,30.0,False,0.0,True,False,,14.0,Services,Scotland,Low,158,322391.95
SME_0208,2025-02-01,634.0,14,13.0,-9.0,False,0.0,True,False,,15.0,Services,Scotland,Low,158,322391.95
SME_0208,2025-03-01,631.0,14,12.333333333333334,-10.0,False,0.0,True,False,,16.0,Services,Scotland,Low,158,322391.95
SME_0208,2025-04-01,641.0,9,13.333333333333334,-5.0,False,0.0,True,False,,17.0,Services,Scotland,Low,158,322391.95
SME_0208,2025-05-01,636.0,10,12.333333333333334,2.0,False,0.0,True,False,,18.0,Services,Scotland,Low,158,322391.95
SME_0208,2025-06-01,632.0,10,11.0,1.0,False,0.0,True,False,,19.0,Services,Scotland,Low,158,322391.95
SME_0208,2025-07-01,618.0,8,9.666666666666666,-23.0,True,43501.77,True,False,,20.0,Services,Scotland,Low,158,322391.95
SME_0208,2025-08-01,606.0,12,9.333333333333334,-30.0,True,59240.11,True,False,,21.0,Services,Scotland,Low,158,322391.95
SME_0208,2025-09-01,598.0,8,10.0,-34.0,False,0.0,True,False,,22.0,Services,Scotland,Low,158,322391.95
SME_0208,2025-10-01,586.0,10,9.333333333333334,-32.0,True,21272.31,True,False,,23.0,Services,Scotland,Low,158,322391.95
SME_0208,2025-11-01,602.0,14,10.0,-4.0,False,0.0,True,False,,24.0,Services,Scotland,Low,158,322391.95
SME_0208,2025-12-01,600.0,6,10.666666666666666,2.0,True,0.0,True,False,,25.0,Services,Scotland,Low,158,322391.95
SME_0208,2026-01-01,595.0,17,10.0,9.0,True,44510.76,True,False,,26.0,Services,Scotland,Low,158,322391.95
SME_0209,2024-08-01,493.0,6,,,False,0.0,True,False,,16.0,Retail,South East,High,50,194390.87
SME_0209,2024-09-01,475.0,8,6.0,,False,0.0,True,False,,17.0,Retail,South East,High,50,194390.87
SME_0209,2024-10-01,482.0,6,7.0,,False,0.0,True,False,,18.0,Retail,South East,High,50,194390.87
SME_0209,2024-11-01,488.0,7,6.666666666666667,-5.0,False,0.0,True,False,,19.0,Retail,South East,High,50,194390.87
SME_0209,2024-12-01,491.0,5,7.0,16.0,False,0.0,True,False,,20.0,Retail,South East,High,50,194390.87
SME_0209,2025-01-01,498.0,6,6.0,16.0,False,0.0,True,False,,21.0,Retail,South East,High,50,194390.87
SME_0209,2025-02-01,501.0,5,6.0,13.0,False,0.0,True,False,,22.0,Retail,South East,High,50,194390.87
SME_0209,2025-03-01,499.0,10,5.333333333333333,8.0,False,0.0,True,False,,23.0,Retail,South East,High,50,194390.87
SME_0209,2025-04-01,502.0,12,7.0,4.0,False,0.0,True,False,,24.0,Retail,South East,High,50,194390.87
SME_0209,2025-05-01,,11,9.0,,False,0.0,True,False,,25.0,Retail,South East,High,50,194390.87
SME_0209,2025-06-01,492.0,3,11.0,-7.0,False,0.0,True,False,,26.0,Retail,South East,High,50,194390.87
SME_0209,2025-07-01,491.0,6,8.666666666666666,-11.0,False,0.0,True,False,,27.0,Retail,South East,High,50,194390.87
SME_0209,2025-08-01,486.0,2,6.666666666666667,,False,0.0,True,False,,28.0,Retail,South East,High,50,194390.87
SME_0209,2025-09-01,499.0,7,3.6666666666666665,7.0,False,0.0,True,False,,29.0,Retail,South East,High,50,194390.87
SME_0209,2025-10-01,490.0,5,5.0,-1.0,False,0.0,True,False,,30.0,Retail,South East,High,50,194390.87
SME_0209,2025-11-01,515.0,7,4.666666666666667,29.0,False,0.0,True,False,,31.0,Retail,South East,High,50,194390.87
SME_0209,2025-12-01,491.0,5,6.333333333333333,-8.0,False,0.0,True,False,,32.0,Retail,South East,High,50,194390.87
SME_0209,2026-01-01,499.0,2,5.666666666666667,9.0,False,0.0,True,False,,33.0,Retail,South East,High,50,194390.87
SME_0210,2024-08-01,666.0,9,,,False,0.0,True,False,,6.0,Services,South East,Medium,54,33093.03
SME_0210,2024-09-01,670.0,15,9.0,,True,20600.43,True,False,,7.0,Services,South East,Medium,54,33093.03
SME_0210,2024-10-01,658.0,10,12.0,,False,0.0,True,False,,8.0,Services,South East,Medium,54,33093.03
SME_0210,2024-11-01,663.0,15,11.333333333333334,-3.0,False,0.0,True,False,,9.0,Services,South East,Medium,54,33093.03
SME_0210,2024-12-01,646.0,10,13.333333333333334,-24.0,False,0.0,True,False,,10.0,Services,South East,Medium,54,33093.03
SME_0210,2025-01-01,652.0,9,11.666666666666666,-6.0,False,0.0,True,False,,11.0,Services,South East,Medium,54,33093.03
SME_0210,2025-02-01,674.0,10,11.333333333333334,11.0,False,0.0,True,False,,12.0,Services,South East,Medium,54,33093.03
SME_0210,2025-03-01,686.0,12,9.666666666666666,40.0,False,0.0,True,False,,13.0,Services,South East,Medium,54,33093.03
SME_0210,2025-04-01,667.0,12,10.333333333333334,15.0,False,0.0,True,False,,14.0,Services,South East,Medium,54,33093.03
SME_0210,2025-05-01,680.0,12,11.333333333333334,6.0,False,0.0,True,False,,15.0,Services,South East,Medium,54,33093.03
SME_0210,2025-06-01,666.0,9,12.0,-20.0,False,0.0,True,False,,16.0,Services,South East,Medium,54,33093.03
SME_0210,2025-07-01,672.0,6,11.0,5.0,False,0.0,True,False,,17.0,Services,South East,Medium,54,33093.03
SME_0210,2025-08-01,660.0,13,9.0,-20.0,True,27636.6,True,False,,18.0,Services,South East,Medium,54,33093.03
SME_0210,2025-09-01,650.0,16,9.333333333333334,-16.0,False,0.0,True,False,,19.0,Services,South East,Medium,54,33093.03
SME_0210,2025-10-01,664.0,5,11.666666666666666,-8.0,False,0.0,True,False,,20.0,Services,South East,Medium,54,33093.03
SME_0210,2025-11-01,671.0,13,11.333333333333334,11.0,False,0.0,True,False,,21.0,Services,South East,Medium,54,33093.03
SME_0210,2025-12-01,665.0,13,11.333333333333334,15.0,False,0.0,True,False,,22.0,Services,South East,Medium,54,33093.03
SME_0210,2026-01-01,677.0,11,10.333333333333334,13.0,True,17480.73,True,False,,23.0,Services,South East,Medium,54,33093.03
SME_0211,2024-08-01,602.0,11,,,False,0.0,True,False,,21.0,Services,Scotland,Medium,95,124812.89
SME_0211,2024-09-01,594.0,10,11.0,,False,0.0,True,False,,22.0,Services,Scotland,Medium,95,124812.89
SME_0211,2024-10-01,604.0,9,10.5,,False,0.0,True,False,,23.0,Services,Scotland,Medium,95,124812.89
SME_0211,2024-11-01,616.0,12,10.0,14.0,False,0.0,True,False,,24.0,Services,Scotland,Medium,95,124812.89
SME_0211,2024-12-01,626.0,15,10.333333333333334,32.0,True,0.0,True,False,,25.0,Services,Scotland,Medium,95,124812.89
SME_0211,2025-01-01,629.0,13,12.0,25.0,True,16728.61,True,False,,26.0,Services,Scotland,Medium,95,124812.89
SME_0211,2025-02-01,606.0,14,13.333333333333334,-10.0,False,0.0,True,False,,27.0,Services,Scotland,Medium,95,124812.89
SME_0211,2025-03-01,611.0,14,14.0,-15.0,False,0.0,True,False,,28.0,Services,Scotland,Medium,95,124812.89
SME_0211,2025-04-01,602.0,16,13.666666666666666,-27.0,False,0.0,True,False,,29.0,Services,Scotland,Medium,95,124812.89
SME_0211,2025-05-01,614.0,13,14.666666666666666,8.0,False,0.0,True,False,,30.0,Services,Scotland,Medium,95,124812.89
SME_0211,2025-06-01,609.0,16,14.333333333333334,-2.0,False,0.0,True,False,,31.0,Services,Scotland,Medium,95,124812.89
SME_0211,2025-07-01,613.0,5,15.0,11.0,False,0.0,True,False,,32.0,Services,Scotland,Medium,95,124812.89
SME_0211,2025-08-01,615.0,13,11.333333333333334,1.0,False,0.0,True,False,,33.0,Services,Scotland,Medium,95,124812.89
SME_0211,2025-09-01,608.0,13,11.333333333333334,-1.0,False,0.0,True,False,,34.0,Services,Scotland,Medium,95,124812.89
SME_0211,2025-10-01,612.0,13,10.333333333333334,-1.0,False,0.0,True,False,,35.0,Services,Scotland,Medium,95,124812.89
SME_0211,2025-11-01,628.0,12,13.0,13.0,False,0.0,True,False,,36.0,Services,Scotland,Medium,95,124812.89
SME_0211,2025-12-01,619.0,15,12.666666666666666,11.0,False,0.0,True,False,,37.0,Services,Scotland,Medium,95,124812.89
SME_0211,2026-01-01,624.0,8,13.333333333333334,12.0,False,0.0,True,False,,38.0,Services,Scotland,Medium,95,124812.89
SME_0212,2024-08-01,703.0,6,,,True,0.0,True,False,,1.0,Services,North West,Low,177,999533.99
SME_0212,2024-09-01,725.0,21,6.0,,False,0.0,True,False,,2.0,Services,North West,Low,177,999533.99
SME_0212,2024-10-01,724.0,15,13.5,,False,0.0,True,False,,3.0,Services,North West,Low,177,999533.99
SME_0212,2024-11-01,742.0,16,14.0,39.0,False,0.0,True,False,,4.0,Services,North West,Low,177,999533.99
SME_0212,2024-12-01,728.0,15,17.333333333333332,3.0,True,62799.67,True,False,,5.0,Services,North West,Low,177,999533.99
SME_0212,2025-01-01,731.0,11,15.333333333333334,7.0,True,18306.7,True,False,,6.0,Services,North West,Low,177,999533.99
SME_0212,2025-02-01,731.0,13,14.0,-11.0,True,36403.24,True,False,,7.0,Services,North West,Low,177,999533.99
SME_0212,2025-03-01,713.0,13,13.0,-15.0,False,0.0,True,False,,8.0,Services,North West,Low,177,999533.99
SME_0212,2025-04-01,718.0,10,12.333333333333334,-13.0,False,0.0,True,False,,9.0,Services,North West,Low,177,999533.99
SME_0212,2025-05-01,705.0,12,12.0,-26.0,False,0.0,True,False,,10.0,Services,North West,Low,177,999533.99
SME_0212,2025-06-01,686.0,11,11.666666666666666,-27.0,False,0.0,True,False,,11.0,Services,North West,Low,177,999533.99
SME_0212,2025-07-01,704.0,15,11.0,-14.0,False,0.0,True,False,,12.0,Services,North West,Low,177,999533.99
SME_0212,2025-08-01,714.0,17,12.666666666666666,9.0,False,0.0,True,False,,13.0,Services,North West,Low,177,999533.99
SME_0212,2025-09-01,702.0,15,14.333333333333334,16.0,False,0.0,True,False,,14.0,Services,North West,Low,177,999533.99
SME_0212,2025-10-01,694.0,18,15.666666666666666,-10.0,False,0.0,True,False,,15.0,Services,North West,Low,177,999533.99
SME_0212,2025-11-01,704.0,18,16.666666666666668,-10.0,False,0.0,True,False,,16.0,Services,North West,Low,177,999533.99
SME_0212,2025-12-01,686.0,10,17.0,-16.0,True,0.0,True,False,,17.0,Services,North West,Low,177,999533.99
SME_0212,2026-01-01,671.0,15,15.333333333333334,-23.0,False,0.0,True,False,,18.0,Services,North West,Low,177,999533.99
SME_0213,2024-08-01,383.0,5,,,False,0.0,True,True,12.0,5.0,Retail,North West,High,45,110779.31
SME_0213,2024-09-01,391.0,1,5.0,,False,0.0,True,True,11.0,6.0,Retail,North West,High,45,110779.31
SME_0213,2024-10-01,374.0,6,3.0,,False,0.0,True,True,10.0,7.0,Retail,North West,High,45,110779.31
SME_0213,2024-11-01,390.0,2,4.0,7.0,True,0.0,True,True,9.0,8.0,Retail,North West,High,45,110779.31
SME_0213,2024-12-01,370.0,3,3.0,-21.0,False,0.0,True,True,8.0,9.0,Retail,North West,High,45,110779.31
SME_0213,2025-01-01,384.0,3,3.6666666666666665,10.0,False,0.0,True,True,7.0,10.0,Retail,North West,High,45,110779.31
SME_0213,2025-02-01,391.0,2,2.6666666666666665,1.0,False,0.0,True,True,6.0,11.0,Retail,North West,High,45,110779.31
SME_0213,2025-03-01,391.0,2,2.6666666666666665,21.0,False,0.0,True,True,5.0,12.0,Retail,North West,High,45,110779.31
SME_0213,2025-04-01,399.0,3,2.3333333333333335,15.0,False,0.0,True,True,4.0,13.0,Retail,North West,High,45,110779.31
SME_0213,2025-05-01,393.0,0,2.3333333333333335,2.0,False,0.0,True,True,3.0,14.0,Retail,North West,High,45,110779.31
SME_0213,2025-06-01,407.0,3,1.6666666666666667,16.0,False,0.0,True,True,2.0,15.0,Retail,North West,High,45,110779.31
SME_0213,2025-07-01,389.0,4,2.0,-10.0,False,0.0,True,True,1.0,16.0,Retail,North West,High,45,110779.31
SME_0213,2025-08-01,389.0,0,2.3333333333333335,-4.0,False,0.0,False,True,0.0,17.0,Retail,North West,High,45,110779.31
SME_0213,2025-09-01,389.0,0,2.3333333333333335,-18.0,False,0.0,False,True,-1.0,18.0,Retail,North West,High,45,110779.31
SME_0213,2025-10-01,389.0,0,1.3333333333333333,0.0,False,0.0,False,True,-2.0,19.0,Retail,North West,High,45,110779.31
SME_0213,2025-11-01,389.0,0,0.0,0.0,False,0.0,False,True,-3.0,20.0,Retail,North West,High,45,110779.31
SME_0213,2025-12-01,389.0,0,0.0,0.0,False,0.0,False,True,-4.0,21.0,Retail,North West,High,45,110779.31
SME_0213,2026-01-01,389.0,0,0.0,0.0,False,0.0,False,True,-5.0,22.0,Retail,North West,High,45,110779.31
SME_0214,2024-08-01,582.0,8,,,False,0.0,True,False,,3.0,Technology,Scotland,Medium,133,434344.39
SME_0214,2024-09-01,585.0,11,8.0,,False,0.0,True,False,,4.0,Technology,Scotland,Medium,133,434344.39
SME_0214,2024-10-01,578.0,15,9.5,,False,0.0,True,False,,5.0,Technology,Scotland,Medium,133,434344.39
SME_0214,2024-11-01,568.0,9,11.333333333333334,-14.0,False,0.0,True,False,,6.0,Technology,Scotland,Medium,133,434344.39
SME_0214,2024-12-01,579.0,7,11.666666666666666,-6.0,False,0.0,True,False,,7.0,Technology,Scotland,Medium,133,434344.39
SME_0214,2025-01-01,573.0,10,10.333333333333334,-5.0,False,0.0,True,False,,8.0,Technology,Scotland,Medium,133,434344.39
SME_0214,2025-02-01,578.0,14,8.666666666666666,10.0,False,0.0,True,False,,9.0,Technology,Scotland,Medium,133,434344.39
SME_0214,2025-03-01,574.0,9,10.333333333333334,-5.0,False,0.0,True,False,,10.0,Technology,Scotland,Medium,133,434344.39
SME_0214,2025-04-01,586.0,6,11.0,13.0,False,0.0,True,False,,11.0,Technology,Scotland,Medium,133,434344.39
SME_0214,2025-05-01,586.0,14,9.666666666666666,8.0,False,0.0,True,False,,12.0,Technology,Scotland,Medium,133,434344.39
SME_0214,2025-06-01,606.0,10,9.666666666666666,32.0,False,0.0,True,False,,13.0,Technology,Scotland,Medium,133,434344.39
SME_0214,2025-07-01,605.0,12,10.0,19.0,False,0.0,True,False,,14.0,Technology,Scotland,Medium,133,434344.39
SME_0214,2025-08-01,607.0,8,12.0,21.0,False,0.0,True,False,,15.0,Technology,Scotland,Medium,133,434344.39
SME_0214,2025-09-01,602.0,17,10.0,-4.0,False,0.0,True,False,,16.0,Technology,Scotland,Medium,133,434344.39
SME_0214,2025-10-01,622.0,13,12.333333333333334,17.0,False,0.0,True,False,,17.0,Technology,Scotland,Medium,133,434344.39
SME_0214,2025-11-01,610.0,14,12.666666666666666,3.0,False,0.0,True,False,,18.0,Technology,Scotland,Medium,133,434344.39
SME_0214,2025-12-01,616.0,9,14.666666666666666,14.0,False,0.0,True,False,,19.0,Technology,Scotland,Medium,133,434344.39
SME_0214,2026-01-01,617.0,11,12.0,-5.0,False,0.0,True,False,,20.0,Technology,Scotland,Medium,133,434344.39
SME_0215,2024-08-01,538.0,8,,,False,0.0,True,False,,11.0,Technology,London,Medium,91,104500.29
SME_0215,2024-09-01,544.0,5,8.0,,True,0.0,True,False,,12.0,Technology,London,Medium,91,104500.29
SME_0215,2024-10-01,547.0,9,6.5,,False,0.0,True,False,,13.0,Technology,London,Medium,91,104500.29
SME_0215,2024-11-01,555.0,8,7.333333333333333,17.0,False,0.0,True,False,,14.0,Technology,London,Medium,91,104500.29
SME_0215,2024-12-01,549.0,9,7.333333333333333,5.0,False,0.0,True,False,,15.0,Technology,London,Medium,91,104500.29
SME_0215,2025-01-01,548.0,7,8.666666666666666,1.0,True,0.0,True,False,,16.0,Technology,London,Medium,91,104500.29
SME_0215,2025-02-01,568.0,9,8.0,13.0,False,0.0,True,False,,17.0,Technology,London,Medium,91,104500.29
SME_0215,2025-03-01,577.0,10,8.333333333333334,28.0,True,0.0,True,False,,18.0,Technology,London,Medium,91,104500.29
SME_0215,2025-04-01,562.0,4,8.666666666666666,14.0,False,0.0,True,False,,19.0,Technology,London,Medium,91,104500.29
SME_0215,2025-05-01,565.0,10,7.666666666666667,-3.0,False,0.0,True,False,,20.0,Technology,London,Medium,91,104500.29
SME_0215,2025-06-01,551.0,11,8.0,-26.0,False,0.0,True,False,,21.0,Technology,London,Medium,91,104500.29
SME_0215,2025-07-01,562.0,6,8.333333333333334,0.0,False,0.0,True,False,,22.0,Technology,London,Medium,91,104500.29
SME_0215,2025-08-01,562.0,7,9.0,-3.0,True,0.0,True,False,,23.0,Technology,London,Medium,91,104500.29
SME_0215,2025-09-01,558.0,9,8.0,7.0,False,0.0,True,False,,24.0,Technology,London,Medium,91,104500.29
SME_0215,2025-10-01,571.0,2,7.333333333333333,9.0,False,0.0,True,False,,25.0,Technology,London,Medium,91,104500.29
SME_0215,2025-11-01,564.0,14,6.0,2.0,False,0.0,True,False,,26.0,Technology,London,Medium,91,104500.29
SME_0215,2025-12-01,552.0,13,8.333333333333334,-6.0,True,37866.41,True,False,,27.0,Technology,London,Medium,91,104500.29
SME_0215,2026-01-01,570.0,14,9.666666666666666,-1.0,False,0.0,True,False,,28.0,Technology,London,Medium,91,104500.29
SME_0216,2024-08-01,469.0,3,,,False,0.0,True,False,,28.0,Technology,Scotland,High,23,694434.61
SME_0216,2024-09-01,471.0,5,3.0,,True,0.0,True,False,,29.0,Technology,Scotland,High,23,694434.61
SME_0216,2024-10-01,457.0,7,4.0,,True,0.0,True,False,,30.0,Technology,Scotland,High,23,694434.61
SME_0216,2024-11-01,477.0,2,5.0,8.0,False,0.0,True,False,,31.0,Technology,Scotland,High,23,694434.61
SME_0216,2024-12-01,477.0,2,4.666666666666667,6.0,False,0.0,True,False,,32.0,Technology,Scotland,High,23,694434.61
SME_0216,2025-01-01,473.0,5,3.6666666666666665,16.0,False,0.0,True,False,,33.0,Technology,Scotland,High,23,694434.61
SME_0216,2025-02-01,458.0,4,3.0,-19.0,False,0.0,True,False,,34.0,Technology,Scotland,High,23,694434.61
SME_0216,2025-03-01,457.0,3,3.6666666666666665,-20.0,False,0.0,True,False,,35.0,Technology,Scotland,High,23,694434.61
SME_0216,2025-04-01,456.0,1,4.0,-17.0,False,0.0,True,False,,36.0,Technology,Scotland,High,23,694434.61
SME_0216,2025-05-01,434.0,2,2.6666666666666665,-24.0,False,0.0,True,False,,37.0,Technology,Scotland,High,23,694434.61
SME_0216,2025-06-01,439.0,5,2.0,-18.0,False,0.0,True,False,,38.0,Technology,Scotland,High,23,694434.61
SME_0216,2025-07-01,445.0,7,2.6666666666666665,-11.0,False,0.0,True,False,,39.0,Technology,Scotland,High,23,694434.61
SME_0216,2025-08-01,446.0,4,4.666666666666667,12.0,False,0.0,True,False,,40.0,Technology,Scotland,High,23,694434.61
SME_0216,2025-09-01,445.0,1,5.333333333333333,6.0,False,0.0,True,False,,41.0,Technology,Scotland,High,23,694434.61
SME_0216,2025-10-01,447.0,4,4.0,2.0,False,0.0,True,False,,42.0,Technology,Scotland,High,23,694434.61
SME_0216,2025-11-01,448.0,3,3.0,2.0,False,0.0,True,False,,43.0,Technology,Scotland,High,23,694434.61
SME_0216,2025-12-01,464.0,4,2.6666666666666665,19.0,False,0.0,True,False,,44.0,Technology,Scotland,High,23,694434.61
SME_0216,2026-01-01,452.0,3,3.6666666666666665,5.0,False,0.0,True,False,,45.0,Technology,Scotland,High,23,694434.61
SME_0217,2024-08-01,540.0,5,,,False,0.0,True,False,,7.0,Retail,Midlands,High,142,242987.02
SME_0217,2024-09-01,550.0,7,5.0,,False,0.0,True,False,,8.0,Retail,Midlands,High,142,242987.02
SME_0217,2024-10-01,544.0,6,6.0,,False,0.0,True,False,,9.0,Retail,Midlands,High,142,242987.02
SME_0217,2024-11-01,551.0,9,6.0,11.0,False,0.0,True,False,,10.0,Retail,Midlands,High,142,242987.02
SME_0217,2024-12-01,561.0,5,7.333333333333333,11.0,False,0.0,True,False,,11.0,Retail,Midlands,High,142,242987.02
SME_0217,2025-01-01,567.0,7,6.666666666666667,23.0,True,0.0,True,False,,12.0,Retail,Midlands,High,142,242987.02
SME_0217,2025-02-01,557.0,9,7.0,6.0,False,0.0,True,False,,13.0,Retail,Midlands,High,142,242987.02
SME_0217,2025-03-01,534.0,8,7.0,-27.0,False,0.0,True,False,,14.0,Retail,Midlands,High,142,242987.02
SME_0217,2025-04-01,527.0,10,8.0,-40.0,False,0.0,True,False,,15.0,Retail,Midlands,High,142,242987.02
SME_0217,2025-05-01,526.0,4,9.0,-31.0,False,0.0,True,False,,16.0,Retail,Midlands,High,142,242987.02
SME_0217,2025-06-01,545.0,9,7.333333333333333,11.0,True,24246.44,True,False,,17.0,Retail,Midlands,High,142,242987.02
SME_0217,2025-07-01,548.0,3,7.666666666666667,21.0,False,0.0,True,False,,18.0,Retail,Midlands,High,142,242987.02
SME_0217,2025-08-01,515.0,5,5.333333333333333,-11.0,True,0.0,True,False,,19.0,Retail,Midlands,High,142,242987.02
SME_0217,2025-09-01,510.0,6,5.666666666666667,-35.0,False,0.0,True,False,,20.0,Retail,Midlands,High,142,242987.02
SME_0217,2025-10-01,504.0,7,4.666666666666667,-44.0,False,0.0,True,False,,21.0,Retail,Midlands,High,142,242987.02
SME_0217,2025-11-01,505.0,6,6.0,-10.0,False,0.0,True,False,,22.0,Retail,Midlands,High,142,242987.02
SME_0217,2025-12-01,491.0,3,6.333333333333333,-19.0,False,0.0,True,False,,23.0,Retail,Midlands,High,142,242987.02
SME_0217,2026-01-01,483.0,5,5.333333333333333,-21.0,False,0.0,True,False,,24.0,Retail,Midlands,High,142,242987.02
SME_0218,2024-08-01,546.0,14,,,False,0.0,True,False,,36.0,Retail,Scotland,High,166,353951.78
SME_0218,2024-09-01,567.0,8,14.0,,True,0.0,True,False,,37.0,Retail,Scotland,High,166,353951.78
SME_0218,2024-10-01,561.0,9,11.0,,False,0.0,True,False,,38.0,Retail,Scotland,High,166,353951.78
SME_0218,2024-11-01,543.0,7,10.333333333333334,-3.0,False,0.0,True,False,,39.0,Retail,Scotland,High,166,353951.78
SME_0218,2024-12-01,539.0,7,8.0,-28.0,False,0.0,True,False,,40.0,Retail,Scotland,High,166,353951.78
SME_0218,2025-01-01,534.0,8,7.666666666666667,-27.0,False,0.0,True,False,,41.0,Retail,Scotland,High,166,353951.78
SME_0218,2025-02-01,530.0,3,7.333333333333333,-13.0,False,0.0,True,False,,42.0,Retail,Scotland,High,166,353951.78
SME_0218,2025-03-01,538.0,6,6.0,-1.0,False,0.0,True,False,,43.0,Retail,Scotland,High,166,353951.78
SME_0218,2025-04-01,554.0,9,5.666666666666667,20.0,False,0.0,True,False,,44.0,Retail,Scotland,High,166,353951.78
SME_0218,2025-05-01,565.0,4,6.0,35.0,False,0.0,True,False,,45.0,Retail,Scotland,High,166,353951.78
SME_0218,2025-06-01,558.0,3,6.333333333333333,20.0,False,0.0,True,False,,46.0,Retail,Scotland,High,166,353951.78
SME_0218,2025-07-01,563.0,2,5.333333333333333,9.0,False,0.0,True,False,,47.0,Retail,Scotland,High,166,353951.78
SME_0218,2025-08-01,558.0,3,3.0,-7.0,False,0.0,True,False,,48.0,Retail,Scotland,High,166,353951.78
SME_0218,2025-09-01,563.0,6,2.6666666666666665,5.0,False,0.0,True,False,,49.0,Retail,Scotland,High,166,353951.78
SME_0218,2025-10-01,559.0,6,3.6666666666666665,-4.0,True,47120.72,True,False,,50.0,Retail,Scotland,High,166,353951.78
SME_0218,2025-11-01,562.0,11,5.0,4.0,True,38215.29,True,False,,51.0,Retail,Scotland,High,166,353951.78
SME_0218,2025-12-01,561.0,1,7.666666666666667,-2.0,False,0.0,True,False,,52.0,Retail,Scotland,High,166,353951.78
SME_0218,2026-01-01,582.0,3,6.0,23.0,False,0.0,True,False,,53.0,Retail,Scotland,High,166,353951.78
SME_0219,2024-08-01,630.0,12,,,False,0.0,True,True,8.0,10.0,Healthcare,North West,Medium,115,2378688.59
SME_0219,2024-09-01,618.0,8,12.0,,False,0.0,True,True,7.0,11.0,Healthcare,North West,Medium,115,2378688.59
SME_0219,2024-10-01,627.0,9,10.0,,False,0.0,True,True,6.0,12.0,Healthcare,North West,Medium,115,2378688.59
SME_0219,2024-11-01,639.0,9,9.666666666666666,9.0,False,0.0,True,True,5.0,13.0,Healthcare,North West,Medium,115,2378688.59
SME_0219,2024-12-01,637.0,20,8.666666666666666,19.0,True,0.0,True,True,4.0,14.0,Healthcare,North West,Medium,115,2378688.59
SME_0219,2025-01-01,646.0,13,12.666666666666666,19.0,False,0.0,True,True,3.0,15.0,Healthcare,North West,Medium,115,2378688.59
SME_0219,2025-02-01,635.0,14,14.0,-4.0,False,0.0,True,True,2.0,16.0,Healthcare,North West,Medium,115,2378688.59
SME_0219,2025-03-01,634.0,8,15.666666666666666,-3.0,False,0.0,True,True,1.0,17.0,Healthcare,North West,Medium,115,2378688.59
SME_0219,2025-04-01,634.0,0,11.666666666666666,-12.0,False,0.0,False,True,0.0,18.0,Healthcare,North West,Medium,115,2378688.59
SME_0219,2025-05-01,634.0,0,7.333333333333333,-1.0,False,0.0,False,True,-1.0,19.0,Healthcare,North West,Medium,115,2378688.59
SME_0219,2025-06-01,634.0,0,2.6666666666666665,0.0,False,0.0,False,True,-2.0,20.0,Healthcare,North West,Medium,115,2378688.59
SME_0219,2025-07-01,634.0,0,0.0,0.0,False,0.0,False,True,-3.0,21.0,Healthcare,North West,Medium,115,2378688.59
SME_0219,2025-08-01,634.0,0,0.0,0.0,False,0.0,False,True,-4.0,22.0,Healthcare,North West,Medium,115,2378688.59
SME_0219,2025-09-01,634.0,0,0.0,0.0,False,0.0,False,True,-5.0,23.0,Healthcare,North West,Medium,115,2378688.59
SME_0219,2025-10-01,634.0,0,0.0,0.0,False,0.0,False,True,-6.0,24.0,Healthcare,North West,Medium,115,2378688.59
SME_0219,2025-11-01,634.0,0,0.0,0.0,False,0.0,False,True,-7.0,25.0,Healthcare,North West,Medium,115,2378688.59
SME_0219,2025-12-01,634.0,0,0.0,0.0,False,0.0,False,True,-8.0,26.0,Healthcare,North West,Medium,115,2378688.59
SME_0219,2026-01-01,634.0,0,0.0,0.0,False,0.0,False,True,-9.0,27.0,Healthcare,North West,Medium,115,2378688.59
SME_0220,2024-08-01,576.0,8,,,False,0.0,True,True,4.0,3.0,Manufacturing,Midlands,Medium,36,1232833.84
SME_0220,2024-09-01,583.0,16,8.0,,False,0.0,True,True,3.0,4.0,Manufacturing,Midlands,Medium,36,1232833.84
SME_0220,2024-10-01,577.0,9,12.0,,False,0.0,True,True,2.0,5.0,Manufacturing,Midlands,Medium,36,1232833.84
SME_0220,2024-11-01,589.0,11,11.0,13.0,False,0.0,True,True,1.0,6.0,Manufacturing,Midlands,Medium,36,1232833.84
SME_0220,2024-12-01,589.0,0,12.0,6.0,False,0.0,False,True,0.0,7.0,Manufacturing,Midlands,Medium,36,1232833.84
SME_0220,2025-01-01,589.0,0,6.666666666666667,12.0,False,0.0,False,True,-1.0,8.0,Manufacturing,Midlands,Medium,36,1232833.84
SME_0220,2025-02-01,589.0,0,3.6666666666666665,0.0,False,0.0,False,True,-2.0,9.0,Manufacturing,Midlands,Medium,36,1232833.84
SME_0220,2025-03-01,589.0,0,0.0,0.0,False,0.0,False,True,-3.0,10.0,Manufacturing,Midlands,Medium,36,1232833.84
SME_0220,2025-04-01,589.0,0,0.0,0.0,False,0.0,False,True,-4.0,11.0,Manufacturing,Midlands,Medium,36,1232833.84
SME_0220,2025-05-01,589.0,0,0.0,0.0,False,0.0,False,True,-5.0,12.0,Manufacturing,Midlands,Medium,36,1232833.84
SME_0220,2025-06-01,589.0,0,0.0,0.0,False,0.0,False,True,-6.0,13.0,Manufacturing,Midlands,Medium,36,1232833.84
SME_0220,2025-07-01,589.0,0,0.0,0.0,False,0.0,False,True,-7.0,14.0,Manufacturing,Midlands,Medium,36,1232833.84
SME_0220,2025-08-01,589.0,0,0.0,0.0,False,0.0,False,True,-8.0,15.0,Manufacturing,Midlands,Medium,36,1232833.84
SME_0220,2025-09-01,589.0,0,0.0,0.0,False,0.0,False,True,-9.0,16.0,Manufacturing,Midlands,Medium,36,1232833.84
SME_0220,2025-10-01,589.0,0,0.0,0.0,False,0.0,False,True,-10.0,17.0,Manufacturing,Midlands,Medium,36,1232833.84
SME_0220,2025-11-01,589.0,0,0.0,0.0,False,0.0,False,True,-11.0,18.0,Manufacturing,Midlands,Medium,36,1232833.84
SME_0220,2025-12-01,589.0,0,0.0,0.0,False,0.0,False,True,-12.0,19.0,Manufacturing,Midlands,Medium,36,1232833.84
SME_0220,2026-01-01,589.0,0,0.0,0.0,False,0.0,False,True,-13.0,20.0,Manufacturing,Midlands,Medium,36,1232833.84
SME_0221,2024-08-01,532.0,5,,,True,0.0,True,False,,13.0,Manufacturing,Midlands,Medium,31,238566.28
SME_0221,2024-09-01,532.0,5,5.0,,False,0.0,True,False,,14.0,Manufacturing,Midlands,Medium,31,238566.28
SME_0221,2024-10-01,538.0,10,5.0,,True,0.0,True,False,,15.0,Manufacturing,Midlands,Medium,31,238566.28
SME_0221,2024-11-01,549.0,11,6.666666666666667,17.0,False,0.0,True,False,,16.0,Manufacturing,Midlands,Medium,31,238566.28
SME_0221,2024-12-01,524.0,9,8.666666666666666,-8.0,True,13762.31,True,False,,17.0,Manufacturing,Midlands,Medium,31,238566.28
SME_0221,2025-01-01,522.0,8,10.0,-16.0,False,0.0,True,False,,18.0,Manufacturing,Midlands,Medium,31,238566.28
SME_0221,2025-02-01,527.0,3,9.333333333333334,-22.0,True,33330.19,True,False,,19.0,Manufacturing,Midlands,Medium,31,238566.28
SME_0221,2025-03-01,529.0,8,6.666666666666667,5.0,False,0.0,True,False,,20.0,Manufacturing,Midlands,Medium,31,238566.28
SME_0221,2025-04-01,522.0,6,6.333333333333333,0.0,False,0.0,True,False,,21.0,Manufacturing,Midlands,Medium,31,238566.28
SME_0221,2025-05-01,504.0,7,5.666666666666667,-23.0,False,0.0,True,False,,22.0,Manufacturing,Midlands,Medium,31,238566.28
SME_0221,2025-06-01,507.0,8,7.0,-22.0,True,0.0,True,False,,23.0,Manufacturing,Midlands,Medium,31,238566.28
SME_0221,2025-07-01,516.0,12,7.0,-6.0,False,0.0,True,False,,24.0,Manufacturing,Midlands,Medium,31,238566.28
SME_0221,2025-08-01,508.0,11,9.0,4.0,True,17012.0,True,False,,25.0,Manufacturing,Midlands,Medium,31,238566.28
SME_0221,2025-09-01,512.0,4,10.333333333333334,5.0,False,0.0,True,False,,26.0,Manufacturing,Midlands,Medium,31,238566.28
SME_0221,2025-10-01,534.0,8,9.0,18.0,False,0.0,True,False,,27.0,Manufacturing,Midlands,Medium,31,238566.28
SME_0221,2025-11-01,535.0,4,7.666666666666667,27.0,False,0.0,True,False,,28.0,Manufacturing,Midlands,Medium,31,238566.28
SME_0221,2025-12-01,553.0,3,5.333333333333333,41.0,False,0.0,True,False,,29.0,Manufacturing,Midlands,Medium,31,238566.28
SME_0221,2026-01-01,560.0,4,5.0,26.0,False,0.0,True,False,,30.0,Manufacturing,Midlands,Medium,31,238566.28
SME_0222,2024-08-01,588.0,5,,,False,0.0,True,False,,27.0,Services,South East,Low,85,188873.69
SME_0222,2024-09-01,571.0,7,5.0,,True,0.0,True,False,,28.0,Services,South East,Low,85,188873.69
SME_0222,2024-10-01,570.0,13,6.0,,False,0.0,True,False,,29.0,Services,South East,Low,85,188873.69
SME_0222,2024-11-01,557.0,7,8.333333333333334,-31.0,False,0.0,True,False,,30.0,Services,South East,Low,85,188873.69
SME_0222,2024-12-01,569.0,9,9.0,-2.0,False,0.0,True,False,,31.0,Services,South East,Low,85,188873.69
SME_0222,2025-01-01,542.0,3,9.666666666666666,-28.0,False,0.0,True,False,,32.0,Services,South East,Low,85,188873.69
SME_0222,2025-02-01,547.0,5,6.333333333333333,-10.0,False,0.0,True,False,,33.0,Services,South East,Low,85,188873.69
SME_0222,2025-03-01,540.0,7,5.666666666666667,-29.0,False,0.0,True,False,,34.0,Services,South East,Low,85,188873.69
SME_0222,2025-04-01,530.0,9,5.0,-12.0,False,0.0,True,False,,35.0,Services,South East,Low,85,188873.69
SME_0222,2025-05-01,521.0,5,7.0,-26.0,False,0.0,True,False,,36.0,Services,South East,Low,85,188873.69
SME_0222,2025-06-01,537.0,9,7.0,-3.0,False,0.0,True,False,,37.0,Services,South East,Low,85,188873.69
SME_0222,2025-07-01,536.0,12,7.666666666666667,6.0,False,0.0,True,False,,38.0,Services,South East,Low,85,188873.69
SME_0222,2025-08-01,550.0,9,8.666666666666666,29.0,False,0.0,True,False,,39.0,Services,South East,Low,85,188873.69
SME_0222,2025-09-01,560.0,5,10.0,23.0,False,0.0,True,False,,40.0,Services,South East,Low,85,188873.69
SME_0222,2025-10-01,559.0,5,8.666666666666666,23.0,False,0.0,True,False,,41.0,Services,South East,Low,85,188873.69
SME_0222,2025-11-01,542.0,11,6.333333333333333,-8.0,False,0.0,True,False,,42.0,Services,South East,Low,85,188873.69
SME_0222,2025-12-01,535.0,7,7.0,-25.0,False,0.0,True,False,,43.0,Services,South East,Low,85,188873.69
SME_0222,2026-01-01,539.0,7,7.666666666666667,-20.0,False,0.0,True,False,,44.0,Services,South East,Low,85,188873.69
SME_0223,2024-08-01,607.0,12,,,False,0.0,True,False,,5.0,Services,Midlands,Medium,101,268063.86
SME_0223,2024-09-01,605.0,12,12.0,,False,0.0,True,False,,6.0,Services,Midlands,Medium,101,268063.86
SME_0223,2024-10-01,607.0,6,12.0,,False,0.0,True,False,,7.0,Services,Midlands,Medium,101,268063.86
SME_0223,2024-11-01,611.0,14,10.0,4.0,False,0.0,True,False,,8.0,Services,Midlands,Medium,101,268063.86
SME_0223,2024-12-01,600.0,11,10.666666666666666,-5.0,False,0.0,True,False,,9.0,Services,Midlands,Medium,101,268063.86
SME_0223,2025-01-01,605.0,11,10.333333333333334,-2.0,False,0.0,True,False,,10.0,Services,Midlands,Medium,101,268063.86
SME_0223,2025-02-01,618.0,14,12.0,7.0,False,0.0,True,False,,11.0,Services,Midlands,Medium,101,268063.86
SME_0223,2025-03-01,599.0,10,12.0,-1.0,False,0.0,True,False,,12.0,Services,Midlands,Medium,101,268063.86
SME_0223,2025-04-01,633.0,12,11.666666666666666,28.0,False,0.0,True,False,,13.0,Services,Midlands,Medium,101,268063.86
SME_0223,2025-05-01,630.0,14,12.0,12.0,False,0.0,True,False,,14.0,Services,Midlands,Medium,101,268063.86
SME_0223,2025-06-01,619.0,10,12.0,20.0,False,0.0,True,False,,15.0,Services,Midlands,Medium,101,268063.86
SME_0223,2025-07-01,622.0,11,12.0,-11.0,False,0.0,True,False,,16.0,Services,Midlands,Medium,101,268063.86
SME_0223,2025-08-01,639.0,14,11.666666666666666,9.0,True,0.0,True,False,,17.0,Services,Midlands,Medium,101,268063.86
SME_0223,2025-09-01,653.0,7,11.666666666666666,34.0,False,0.0,True,False,,18.0,Services,Midlands,Medium,101,268063.86
SME_0223,2025-10-01,624.0,6,10.666666666666666,2.0,False,0.0,True,False,,19.0,Services,Midlands,Medium,101,268063.86
SME_0223,2025-11-01,638.0,15,9.0,-1.0,False,0.0,True,False,,20.0,Services,Midlands,Medium,101,268063.86
SME_0223,2025-12-01,630.0,14,9.333333333333334,-23.0,True,48140.73,True,False,,21.0,Services,Midlands,Medium,101,268063.86
SME_0223,2026-01-01,614.0,7,11.666666666666666,-10.0,False,0.0,True,False,,22.0,Services,Midlands,Medium,101,268063.86
SME_0224,2024-08-01,699.0,20,,,False,0.0,True,False,,3.0,Healthcare,London,Low,110,621583.03
SME_0224,2024-09-01,719.0,14,20.0,,True,40104.27,True,False,,5.0,Healthcare,London,Low,110,621583.03
SME_0224,2024-10-01,712.0,21,17.0,,False,0.0,True,False,,5.0,Healthcare,London,Low,110,621583.03
SME_0224,2024-11-01,705.0,11,18.333333333333332,6.0,False,0.0,True,False,,7.0,Healthcare,London,Low,110,621583.03
SME_0224,2024-12-01,710.0,11,15.333333333333334,-9.0,False,0.0,True,False,,7.0,Healthcare,London,Low,110,621583.03
SME_0224,2025-01-01,697.0,15,14.333333333333334,-15.0,False,0.0,True,False,,9.0,Healthcare,London,Low,110,621583.03
SME_0224,2025-02-01,687.0,16,12.333333333333334,-18.0,False,0.0,True,False,,10.0,Healthcare,London,Low,110,621583.03
SME_0224,2025-03-01,699.0,16,14.0,-11.0,True,0.0,True,False,,10.0,Healthcare,London,Low,110,621583.03
SME_0224,2025-04-01,716.0,17,15.666666666666666,19.0,True,23186.91,True,False,,11.0,Healthcare,London,Low,110,621583.03
SME_0224,2025-05-01,721.0,11,16.333333333333332,34.0,False,0.0,True,False,,12.0,Healthcare,London,Low,110,621583.03
SME_0224,2025-06-01,715.0,20,14.666666666666666,16.0,False,0.0,True,False,,13.0,Healthcare,London,Low,110,621583.03
SME_0224,2025-07-01,715.0,10,16.0,-1.0,False,0.0,True,False,,14.0,Healthcare,London,Low,110,621583.03
SME_0224,2025-08-01,685.0,9,13.666666666666666,-36.0,False,0.0,True,False,,15.0,Healthcare,London,Low,110,621583.03
SME_0224,2025-09-01,706.0,10,13.0,-9.0,False,0.0,True,False,,16.0,Healthcare,London,Low,110,621583.03
SME_0224,2025-10-01,718.0,8,9.666666666666666,3.0,False,0.0,True,False,,17.0,Healthcare,London,Low,110,621583.03
SME_0224,2025-11-01,722.0,19,9.0,37.0,True,21711.67,True,False,,18.0,Healthcare,London,Low,110,621583.03
SME_0224,2025-12-01,722.0,7,12.333333333333334,16.0,False,0.0,True,False,,19.0,Healthcare,London,Low,110,621583.03
SME_0224,2026-01-01,723.0,14,11.333333333333334,5.0,True,72612.92,True,False,,20.0,Healthcare,London,Low,110,621583.03
SME_0225,2024-08-01,561.0,7,,,True,49596.44,True,False,,31.0,Manufacturing,North West,High,49,254298.19
SME_0225,2024-09-01,561.0,6,7.0,,False,0.0,True,False,,32.0,Manufacturing,North West,High,49,254298.19
SME_0225,2024-10-01,560.0,9,6.5,,False,0.0,True,False,,33.0,Manufacturing,North West,High,49,254298.19
SME_0225,2024-11-01,560.0,9,7.333333333333333,-1.0,False,0.0,True,False,,34.0,Manufacturing,North West,High,49,254298.19
SME_0225,2024-12-01,531.0,7,8.0,-30.0,False,0.0,True,False,,35.0,Manufacturing,North West,High,49,254298.19
SME_0225,2025-01-01,520.0,4,8.333333333333334,-40.0,False,0.0,True,False,,36.0,Manufacturing,North West,High,49,254298.19
SME_0225,2025-02-01,519.0,4,6.666666666666667,-41.0,False,0.0,True,False,,37.0,Manufacturing,North West,High,49,254298.19
SME_0225,2025-03-01,513.0,5,5.0,-18.0,False,0.0,True,False,,38.0,Manufacturing,North West,High,49,254298.19
SME_0225,2025-04-01,515.0,10,4.333333333333333,-5.0,False,0.0,True,False,,39.0,Manufacturing,North West,High,49,254298.19
SME_0225,2025-05-01,513.0,6,6.333333333333333,-6.0,False,0.0,True,False,,40.0,Manufacturing,North West,High,49,254298.19
SME_0225,2025-06-01,512.0,5,7.0,-1.0,False,0.0,True,False,,41.0,Manufacturing,North West,High,49,254298.19
SME_0225,2025-07-01,519.0,3,7.0,4.0,False,0.0,True,False,,42.0,Manufacturing,North West,High,49,254298.19
SME_0225,2025-08-01,539.0,6,4.666666666666667,26.0,False,0.0,True,False,,43.0,Manufacturing,North West,High,49,254298.19
SME_0225,2025-09-01,546.0,4,4.666666666666667,34.0,False,0.0,True,False,,44.0,Manufacturing,North West,High,49,254298.19
SME_0225,2025-10-01,526.0,6,4.333333333333333,7.0,False,0.0,True,False,,45.0,Manufacturing,North West,High,49,254298.19
SME_0225,2025-11-01,527.0,8,5.333333333333333,-12.0,True,0.0,True,False,,46.0,Manufacturing,North West,High,49,254298.19
SME_0225,2025-12-01,525.0,3,6.0,-21.0,False,0.0,True,False,,47.0,Manufacturing,North West,High,49,254298.19
SME_0225,2026-01-01,515.0,4,5.666666666666667,-11.0,False,0.0,True,False,,48.0,Manufacturing,North West,High,49,254298.19
SME_0226,2024-08-01,634.0,11,,,False,0.0,True,False,,22.0,Healthcare,North West,Medium,100,248749.61
SME_0226,2024-09-01,614.0,16,11.0,,False,0.0,True,False,,23.0,Healthcare,North West,Medium,100,248749.61
SME_0226,2024-10-01,624.0,11,13.5,,False,0.0,True,False,,24.0,Healthcare,North West,Medium,100,248749.61
SME_0226,2024-11-01,616.0,7,12.666666666666666,-18.0,False,0.0,True,False,,25.0,Healthcare,North West,Medium,100,248749.61
SME_0226,2024-12-01,628.0,7,11.333333333333334,14.0,False,0.0,True,False,,26.0,Healthcare,North West,Medium,100,248749.61
SME_0226,2025-01-01,641.0,12,8.333333333333334,17.0,False,0.0,True,False,,27.0,Healthcare,North West,Medium,100,248749.61
SME_0226,2025-02-01,639.0,10,8.666666666666666,23.0,False,0.0,True,False,,28.0,Healthcare,North West,Medium,100,248749.61
SME_0226,2025-03-01,622.0,7,9.666666666666666,-6.0,True,0.0,True,False,,29.0,Healthcare,North West,Medium,100,248749.61
SME_0226,2025-04-01,625.0,12,9.666666666666666,-16.0,False,0.0,True,False,,30.0,Healthcare,North West,Medium,100,248749.61
SME_0226,2025-05-01,636.0,8,9.666666666666666,-3.0,False,0.0,True,False,,31.0,Healthcare,North West,Medium,100,248749.61
SME_0226,2025-06-01,634.0,17,9.0,12.0,False,0.0,True,False,,32.0,Healthcare,North West,Medium,100,248749.61
SME_0226,2025-07-01,653.0,14,12.333333333333334,28.0,True,0.0,True,False,,33.0,Healthcare,North West,Medium,100,248749.61
SME_0226,2025-08-01,648.0,8,13.0,12.0,True,0.0,True,False,,34.0,Healthcare,North West,Medium,100,248749.61
SME_0226,2025-09-01,639.0,13,13.0,5.0,False,0.0,True,False,,35.0,Healthcare,North West,Medium,100,248749.61
SME_0226,2025-10-01,651.0,14,11.666666666666666,-2.0,False,0.0,True,False,,36.0,Healthcare,North West,Medium,100,248749.61
SME_0226,2025-11-01,660.0,11,11.666666666666666,12.0,True,30561.08,True,False,,37.0,Healthcare,North West,Medium,100,248749.61
SME_0226,2025-12-01,653.0,4,12.666666666666666,14.0,False,0.0,True,False,,38.0,Healthcare,North West,Medium,100,248749.61
SME_0226,2026-01-01,648.0,8,9.666666666666666,-3.0,True,10447.39,True,False,,39.0,Healthcare,North West,Medium,100,248749.61
SME_0227,2024-08-01,579.0,10,,,True,0.0,True,True,10.0,13.0,Retail,South East,Medium,59,1051712.3
SME_0227,2024-09-01,566.0,12,10.0,,True,40409.52,True,True,9.0,14.0,Retail,South East,Medium,59,1051712.3
SME_0227,2024-10-01,532.0,15,11.0,,False,0.0,True,True,8.0,15.0,Retail,South East,Medium,59,1051712.3
SME_0227,2024-11-01,,8,12.333333333333334,,False,0.0,True,True,7.0,16.0,Retail,South East,Medium,59,1051712.3
SME_0227,2024-12-01,586.0,12,11.666666666666666,20.0,False,0.0,True,True,6.0,17.0,Retail,South East,Medium,59,1051712.3
SME_0227,2025-01-01,568.0,8,11.666666666666666,36.0,False,0.0,True,True,5.0,18.0,Retail,South East,Medium,59,1051712.3
SME_0227,2025-02-01,563.0,5,9.333333333333334,,False,0.0,True,True,4.0,19.0,Retail,South East,Medium,59,1051712.3
SME_0227,2025-03-01,577.0,11,8.333333333333334,-9.0,False,0.0,True,True,3.0,20.0,Retail,South East,Medium,59,1051712.3
SME_0227,2025-04-01,580.0,12,8.0,12.0,False,0.0,True,True,2.0,21.0,Retail,South East,Medium,59,1051712.3
SME_0227,2025-05-01,594.0,4,9.333333333333334,31.0,False,0.0,True,True,1.0,22.0,Retail,South East,Medium,59,1051712.3
SME_0227,2025-06-01,594.0,0,9.0,17.0,False,0.0,False,True,0.0,23.0,Retail,South East,Medium,59,1051712.3
SME_0227,2025-07-01,594.0,0,5.333333333333333,14.0,False,0.0,False,True,-1.0,24.0,Retail,South East,Medium,59,1051712.3
SME_0227,2025-08-01,594.0,0,1.3333333333333333,0.0,False,0.0,False,True,-2.0,25.0,Retail,South East,Medium,59,1051712.3
SME_0227,2025-09-01,,0,0.0,,False,0.0,False,True,-3.0,26.0,Retail,South East,Medium,59,1051712.3
SME_0227,2025-10-01,594.0,0,0.0,0.0,False,0.0,False,True,-4.0,27.0,Retail,South East,Medium,59,1051712.3
SME_0227,2025-11-01,594.0,0,0.0,0.0,False,0.0,False,True,-5.0,28.0,Retail,South East,Medium,59,1051712.3
SME_0227,2025-12-01,594.0,0,0.0,,False,0.0,False,True,-6.0,29.0,Retail,South East,Medium,59,1051712.3
SME_0227,2026-01-01,594.0,0,0.0,0.0,False,0.0,False,True,-7.0,30.0,Retail,South East,Medium,59,1051712.3
SME_0228,2024-08-01,621.0,16,,,False,0.0,True,False,,28.0,Services,North West,Medium,137,319000.07
SME_0228,2024-09-01,613.0,12,16.0,,False,0.0,True,False,,29.0,Services,North West,Medium,137,319000.07
SME_0228,2024-10-01,609.0,18,14.0,,False,0.0,True,False,,30.0,Services,North West,Medium,137,319000.07
SME_0228,2024-11-01,626.0,9,15.333333333333334,5.0,False,0.0,True,False,,31.0,Services,North West,Medium,137,319000.07
SME_0228,2024-12-01,607.0,19,13.0,-6.0,False,0.0,True,False,,32.0,Services,North West,Medium,137,319000.07
SME_0228,2025-01-01,605.0,12,15.333333333333334,-4.0,True,44395.26,True,False,,33.0,Services,North West,Medium,137,319000.07
SME_0228,2025-02-01,603.0,7,13.333333333333334,-23.0,False,0.0,True,False,,34.0,Services,North West,Medium,137,319000.07
SME_0228,2025-03-01,599.0,12,12.666666666666666,-8.0,False,0.0,True,False,,35.0,Services,North West,Medium,137,319000.07
SME_0228,2025-04-01,608.0,12,10.333333333333334,3.0,False,0.0,True,False,,36.0,Services,North West,Medium,137,319000.07
SME_0228,2025-05-01,606.0,10,10.333333333333334,3.0,False,0.0,True,False,,37.0,Services,North West,Medium,137,319000.07
SME_0228,2025-06-01,603.0,10,11.333333333333334,4.0,False,0.0,True,False,,38.0,Services,North West,Medium,137,319000.07
SME_0228,2025-07-01,599.0,5,10.666666666666666,-9.0,True,0.0,True,False,,39.0,Services,North West,Medium,137,319000.07
SME_0228,2025-08-01,598.0,10,8.333333333333334,-8.0,False,0.0,True,False,,40.0,Services,North West,Medium,137,319000.07
SME_0228,2025-09-01,604.0,9,8.333333333333334,1.0,False,0.0,True,False,,41.0,Services,North West,Medium,137,319000.07
SME_0228,2025-10-01,595.0,8,8.0,-4.0,False,0.0,True,False,,42.0,Services,North West,Medium,137,319000.07
SME_0228,2025-11-01,610.0,12,9.0,12.0,True,45637.73,True,False,,43.0,Services,North West,Medium,137,319000.07
SME_0228,2025-12-01,610.0,5,9.666666666666666,6.0,False,0.0,True,False,,44.0,Services,North West,Medium,137,319000.07
SME_0228,2026-01-01,609.0,8,8.333333333333334,14.0,False,0.0,True,False,,45.0,Services,North West,Medium,137,319000.07
SME_0229,2024-08-01,697.0,15,,,False,0.0,True,False,,31.0,Services,South East,Low,159,2459998.43
SME_0229,2024-09-01,678.0,16,15.0,,False,0.0,True,False,,32.0,Services,South East,Low,159,2459998.43
SME_0229,2024-10-01,677.0,13,15.5,,False,0.0,True,False,,33.0,Services,South East,Low,159,2459998.43
SME_0229,2024-11-01,672.0,14,14.666666666666666,-25.0,False,0.0,True,False,,34.0,Services,South East,Low,159,2459998.43
SME_0229,2024-12-01,707.0,11,14.333333333333334,29.0,False,0.0,True,False,,35.0,Services,South East,Low,159,2459998.43
SME_0229,2025-01-01,703.0,8,12.666666666666666,26.0,True,0.0,True,False,,36.0,Services,South East,Low,159,2459998.43
SME_0229,2025-02-01,685.0,13,11.0,13.0,False,0.0,True,False,,37.0,Services,South East,Low,159,2459998.43
SME_0229,2025-03-01,692.0,10,10.666666666666666,-15.0,False,0.0,True,False,,38.0,Services,South East,Low,159,2459998.43
SME_0229,2025-04-01,693.0,14,10.333333333333334,-10.0,False,0.0,True,False,,39.0,Services,South East,Low,159,2459998.43
SME_0229,2025-05-01,698.0,15,12.333333333333334,13.0,True,0.0,True,False,,40.0,Services,South East,Low,159,2459998.43
SME_0229,2025-06-01,706.0,16,13.0,14.0,False,0.0,True,False,,41.0,Services,South East,Low,159,2459998.43
SME_0229,2025-07-01,703.0,16,15.0,10.0,False,0.0,True,False,,42.0,Services,South East,Low,159,2459998.43
SME_0229,2025-08-01,702.0,14,15.666666666666666,4.0,False,0.0,True,False,,43.0,Services,South East,Low,159,2459998.43
SME_0229,2025-09-01,702.0,11,15.333333333333334,-4.0,False,0.0,True,False,,44.0,Services,South East,Low,159,2459998.43
SME_0229,2025-10-01,685.0,9,13.666666666666666,-18.0,False,0.0,True,False,,45.0,Services,South East,Low,159,2459998.43
SME_0229,2025-11-01,688.0,17,11.333333333333334,-14.0,True,0.0,True,False,,46.0,Services,South East,Low,159,2459998.43
SME_0229,2025-12-01,685.0,14,12.333333333333334,-17.0,False,0.0,True,False,,47.0,Services,South East,Low,159,2459998.43
SME_0229,2026-01-01,690.0,13,13.333333333333334,5.0,False,0.0,True,False,,48.0,Services,South East,Low,159,2459998.43
SME_0230,2024-08-01,571.0,12,,,True,0.0,True,False,,14.0,Retail,Scotland,Medium,130,338600.15
SME_0230,2024-09-01,565.0,6,12.0,,False,0.0,True,False,,15.0,Retail,Scotland,Medium,130,338600.15
SME_0230,2024-10-01,558.0,7,9.0,,False,0.0,True,False,,16.0,Retail,Scotland,Medium,130,338600.15
SME_0230,2024-11-01,568.0,13,8.333333333333334,-3.0,True,0.0,True,False,,17.0,Retail,Scotland,Medium,130,338600.15
SME_0230,2024-12-01,587.0,7,8.666666666666666,22.0,False,0.0,True,False,,18.0,Retail,Scotland,Medium,130,338600.15
SME_0230,2025-01-01,575.0,11,9.0,17.0,False,0.0,True,False,,19.0,Retail,Scotland,Medium,130,338600.15
SME_0230,2025-02-01,581.0,10,10.333333333333334,13.0,False,0.0,True,False,,20.0,Retail,Scotland,Medium,130,338600.15
SME_0230,2025-03-01,594.0,9,9.333333333333334,7.0,False,0.0,True,False,,21.0,Retail,Scotland,Medium,130,338600.15
SME_0230,2025-04-01,597.0,13,10.0,22.0,False,0.0,True,False,,22.0,Retail,Scotland,Medium,130,338600.15
SME_0230,2025-05-01,609.0,12,10.666666666666666,28.0,True,19293.39,True,False,,23.0,Retail,Scotland,Medium,130,338600.15
SME_0230,2025-06-01,600.0,15,11.333333333333334,6.0,False,0.0,True,False,,24.0,Retail,Scotland,Medium,130,338600.15
SME_0230,2025-07-01,606.0,12,13.333333333333334,9.0,False,0.0,True,False,,25.0,Retail,Scotland,Medium,130,338600.15
SME_0230,2025-08-01,620.0,7,13.0,11.0,False,0.0,True,False,,26.0,Retail,Scotland,Medium,130,338600.15
SME_0230,2025-09-01,607.0,10,11.333333333333334,7.0,False,0.0,True,False,,27.0,Retail,Scotland,Medium,130,338600.15
SME_0230,2025-10-01,591.0,6,9.666666666666666,-15.0,False,0.0,True,False,,28.0,Retail,Scotland,Medium,130,338600.15
SME_0230,2025-11-01,598.0,16,7.666666666666667,-22.0,False,0.0,True,False,,29.0,Retail,Scotland,Medium,130,338600.15
SME_0230,2025-12-01,608.0,3,10.666666666666666,1.0,False,0.0,True,False,,30.0,Retail,Scotland,Medium,130,338600.15
SME_0230,2026-01-01,606.0,9,8.333333333333334,15.0,True,43114.86,True,False,,31.0,Retail,Scotland,Medium,130,338600.15
SME_0231,2024-08-01,600.0,5,,,False,0.0,True,False,,21.0,Retail,Midlands,Medium,1,1327455.96
SME_0231,2024-09-01,614.0,7,5.0,,True,45060.07,True,False,,22.0,Retail,Midlands,Medium,1,1327455.96
SME_0231,2024-10-01,600.0,10,6.0,,False,0.0,True,False,,23.0,Retail,Midlands,Medium,1,1327455.96
SME_0231,2024-11-01,599.0,7,7.333333333333333,-1.0,True,0.0,True,False,,24.0,Retail,Midlands,Medium,1,1327455.96
SME_0231,2024-12-01,592.0,8,8.0,-22.0,False,0.0,True,False,,25.0,Retail,Midlands,Medium,1,1327455.96
SME_0231,2025-01-01,591.0,12,8.333333333333334,-9.0,False,0.0,True,False,,26.0,Retail,Midlands,Medium,1,1327455.96
SME_0231,2025-02-01,586.0,10,9.0,-13.0,False,0.0,True,False,,27.0,Retail,Midlands,Medium,1,1327455.96
SME_0231,2025-03-01,589.0,10,10.0,-3.0,False,0.0,True,False,,28.0,Retail,Midlands,Medium,1,1327455.96
SME_0231,2025-04-01,581.0,8,10.666666666666666,-10.0,False,0.0,True,False,,29.0,Retail,Midlands,Medium,1,1327455.96
SME_0231,2025-05-01,579.0,10,9.333333333333334,-7.0,False,0.0,True,False,,30.0,Retail,Midlands,Medium,1,1327455.96
SME_0231,2025-06-01,560.0,11,9.333333333333334,-29.0,False,0.0,True,False,,31.0,Retail,Midlands,Medium,1,1327455.96
SME_0231,2025-07-01,564.0,8,9.666666666666666,-17.0,False,0.0,True,False,,32.0,Retail,Midlands,Medium,1,1327455.96
SME_0231,2025-08-01,581.0,6,9.666666666666666,2.0,False,0.0,True,False,,33.0,Retail,Midlands,Medium,1,1327455.96
SME_0231,2025-09-01,574.0,10,8.333333333333334,14.0,False,0.0,True,False,,34.0,Retail,Midlands,Medium,1,1327455.96
SME_0231,2025-10-01,557.0,9,8.0,-7.0,False,0.0,True,False,,35.0,Retail,Midlands,Medium,1,1327455.96
SME_0231,2025-11-01,568.0,6,8.333333333333334,-13.0,False,0.0,True,False,,36.0,Retail,Midlands,Medium,1,1327455.96
SME_0231,2025-12-01,568.0,7,8.333333333333334,-6.0,False,0.0,True,False,,37.0,Retail,Midlands,Medium,1,1327455.96
SME_0231,2026-01-01,569.0,11,7.333333333333333,12.0,False,0.0,True,False,,38.0,Retail,Midlands,Medium,1,1327455.96
SME_0232,2024-08-01,571.0,11,,,False,0.0,True,False,,1.0,Manufacturing,South East,Medium,198,411716.09
SME_0232,2024-09-01,563.0,5,11.0,,False,0.0,True,False,,2.0,Manufacturing,South East,Medium,198,411716.09
SME_0232,2024-10-01,553.0,2,8.0,,False,0.0,True,False,,3.0,Manufacturing,South East,Medium,198,411716.09
SME_0232,2024-11-01,560.0,6,6.0,-11.0,True,0.0,True,False,,4.0,Manufacturing,South East,Medium,198,411716.09
SME_0232,2024-12-01,572.0,8,4.333333333333333,9.0,False,0.0,True,False,,5.0,Manufacturing,South East,Medium,198,411716.09
SME_0232,2025-01-01,570.0,6,5.333333333333333,17.0,False,0.0,True,False,,6.0,Manufacturing,South East,Medium,198,411716.09
SME_0232,2025-02-01,597.0,12,6.666666666666667,37.0,False,0.0,True,False,,7.0,Manufacturing,South East,Medium,198,411716.09
SME_0232,2025-03-01,600.0,8,8.666666666666666,28.0,False,0.0,True,False,,8.0,Manufacturing,South East,Medium,198,411716.09
SME_0232,2025-04-01,602.0,1,8.666666666666666,32.0,False,0.0,True,False,,9.0,Manufacturing,South East,Medium,198,411716.09
SME_0232,2025-05-01,595.0,10,7.0,-2.0,False,0.0,True,False,,10.0,Manufacturing,South East,Medium,198,411716.09
SME_0232,2025-06-01,581.0,8,6.333333333333333,-19.0,False,0.0,True,False,,11.0,Manufacturing,South East,Medium,198,411716.09
SME_0232,2025-07-01,571.0,7,6.333333333333333,-31.0,True,0.0,True,False,,12.0,Manufacturing,South East,Medium,198,411716.09
SME_0232,2025-08-01,615.0,8,8.333333333333334,20.0,False,0.0,True,False,,13.0,Manufacturing,South East,Medium,198,411716.09
SME_0232,2025-09-01,615.0,9,7.666666666666667,34.0,True,0.0,True,False,,14.0,Manufacturing,South East,Medium,198,411716.09
SME_0232,2025-10-01,633.0,6,8.0,62.0,False,0.0,True,False,,15.0,Manufacturing,South East,Medium,198,411716.09
SME_0232,2025-11-01,647.0,3,7.666666666666667,32.0,True,0.0,True,False,,16.0,Manufacturing,South East,Medium,198,411716.09
SME_0232,2025-12-01,633.0,7,6.0,18.0,False,0.0,True,False,,17.0,Manufacturing,South East,Medium,198,411716.09
SME_0232,2026-01-01,626.0,10,5.333333333333333,-7.0,False,0.0,True,False,,18.0,Manufacturing,South East,Medium,198,411716.09
SME_0233,2024-08-01,642.0,14,,,False,0.0,True,False,,12.0,Healthcare,Midlands,Medium,5,757698.97
SME_0233,2024-09-01,615.0,10,14.0,,False,0.0,True,False,,13.0,Healthcare,Midlands,Medium,5,757698.97
SME_0233,2024-10-01,613.0,18,12.0,,False,0.0,True,False,,14.0,Healthcare,Midlands,Medium,5,757698.97
SME_0233,2024-11-01,604.0,5,14.0,-38.0,True,0.0,True,False,,15.0,Healthcare,Midlands,Medium,5,757698.97
SME_0233,2024-12-01,609.0,6,11.0,-6.0,False,0.0,True,False,,16.0,Healthcare,Midlands,Medium,5,757698.97
SME_0233,2025-01-01,614.0,8,9.666666666666666,1.0,False,0.0,True,False,,17.0,Healthcare,Midlands,Medium,5,757698.97
SME_0233,2025-02-01,610.0,10,6.333333333333333,6.0,False,0.0,True,False,,18.0,Healthcare,Midlands,Medium,5,757698.97
SME_0233,2025-03-01,599.0,13,8.0,-10.0,False,0.0,True,False,,19.0,Healthcare,Midlands,Medium,5,757698.97
SME_0233,2025-04-01,577.0,14,10.333333333333334,-37.0,False,0.0,True,False,,20.0,Healthcare,Midlands,Medium,5,757698.97
SME_0233,2025-05-01,577.0,6,12.333333333333334,-33.0,False,0.0,True,False,,21.0,Healthcare,Midlands,Medium,5,757698.97
SME_0233,2025-06-01,585.0,9,11.0,-14.0,True,0.0,True,False,,22.0,Healthcare,Midlands,Medium,5,757698.97
SME_0233,2025-07-01,594.0,6,9.666666666666666,17.0,False,0.0,True,False,,23.0,Healthcare,Midlands,Medium,5,757698.97
SME_0233,2025-08-01,611.0,9,7.0,34.0,False,0.0,True,False,,24.0,Healthcare,Midlands,Medium,5,757698.97
SME_0233,2025-09-01,627.0,16,8.0,42.0,False,0.0,True,False,,25.0,Healthcare,Midlands,Medium,5,757698.97
SME_0233,2025-10-01,641.0,17,10.333333333333334,47.0,True,0.0,True,False,,26.0,Healthcare,Midlands,Medium,5,757698.97
SME_0233,2025-11-01,633.0,9,14.0,22.0,False,0.0,True,False,,27.0,Healthcare,Midlands,Medium,5,757698.97
SME_0233,2025-12-01,630.0,12,14.0,3.0,True,9302.03,True,False,,28.0,Healthcare,Midlands,Medium,5,757698.97
SME_0233,2026-01-01,631.0,8,12.666666666666666,-10.0,False,0.0,True,False,,29.0,Healthcare,Midlands,Medium,5,757698.97
SME_0234,2024-08-01,651.0,14,,,False,0.0,True,False,,22.0,Services,Midlands,Medium,199,204246.76
SME_0234,2024-09-01,647.0,17,14.0,,False,0.0,True,False,,23.0,Services,Midlands,Medium,199,204246.76
SME_0234,2024-10-01,657.0,15,15.5,,False,0.0,True,False,,24.0,Services,Midlands,Medium,199,204246.76
SME_0234,2024-11-01,674.0,7,15.333333333333334,23.0,False,0.0,True,False,,25.0,Services,Midlands,Medium,199,204246.76
SME_0234,2024-12-01,664.0,14,13.0,17.0,False,0.0,True,False,,26.0,Services,Midlands,Medium,199,204246.76
SME_0234,2025-01-01,673.0,9,12.0,16.0,False,0.0,True,False,,27.0,Services,Midlands,Medium,199,204246.76
SME_0234,2025-02-01,681.0,15,10.0,7.0,False,0.0,True,False,,28.0,Services,Midlands,Medium,199,204246.76
SME_0234,2025-03-01,678.0,12,12.666666666666666,14.0,False,0.0,True,False,,29.0,Services,Midlands,Medium,199,204246.76
SME_0234,2025-04-01,661.0,13,12.0,-12.0,False,0.0,True,False,,30.0,Services,Midlands,Medium,199,204246.76
SME_0234,2025-05-01,643.0,15,13.333333333333334,-38.0,False,0.0,True,False,,31.0,Services,Midlands,Medium,199,204246.76
SME_0234,2025-06-01,639.0,12,13.333333333333334,-39.0,False,0.0,True,False,,32.0,Services,Midlands,Medium,199,204246.76
SME_0234,2025-07-01,641.0,8,13.333333333333334,-20.0,False,0.0,True,False,,33.0,Services,Midlands,Medium,199,204246.76
SME_0234,2025-08-01,647.0,11,11.666666666666666,4.0,False,0.0,True,False,,34.0,Services,Midlands,Medium,199,204246.76
SME_0234,2025-09-01,645.0,8,10.333333333333334,6.0,False,0.0,True,False,,35.0,Services,Midlands,Medium,199,204246.76
SME_0234,2025-10-01,642.0,14,9.0,1.0,False,0.0,True,False,,36.0,Services,Midlands,Medium,199,204246.76
SME_0234,2025-11-01,624.0,14,11.0,-23.0,True,0.0,True,False,,37.0,Services,Midlands,Medium,199,204246.76
SME_0234,2025-12-01,627.0,13,12.0,-18.0,True,0.0,True,False,,38.0,Services,Midlands,Medium,199,204246.76
SME_0234,2026-01-01,616.0,16,13.666666666666666,-26.0,False,0.0,True,False,,39.0,Services,Midlands,Medium,199,204246.76
SME_0235,2024-08-01,553.0,8,,,False,0.0,True,False,,8.0,Healthcare,South East,Medium,7,155736.1
SME_0235,2024-09-01,560.0,4,8.0,,True,0.0,True,False,,9.0,Healthcare,South East,Medium,7,155736.1
SME_0235,2024-10-01,572.0,7,6.0,,False,0.0,True,False,,10.0,Healthcare,South East,Medium,7,155736.1
SME_0235,2024-11-01,574.0,7,6.333333333333333,21.0,False,0.0,True,False,,11.0,Healthcare,South East,Medium,7,155736.1
SME_0235,2024-12-01,576.0,12,6.0,16.0,False,0.0,True,False,,12.0,Healthcare,South East,Medium,7,155736.1
SME_0235,2025-01-01,568.0,4,8.666666666666666,-4.0,False,0.0,True,False,,13.0,Healthcare,South East,Medium,7,155736.1
SME_0235,2025-02-01,560.0,8,7.666666666666667,-14.0,False,0.0,True,False,,14.0,Healthcare,South East,Medium,7,155736.1
SME_0235,2025-03-01,569.0,9,8.0,-7.0,False,0.0,True,False,,15.0,Healthcare,South East,Medium,7,155736.1
SME_0235,2025-04-01,575.0,5,7.0,7.0,False,0.0,True,False,,16.0,Healthcare,South East,Medium,7,155736.1
SME_0235,2025-05-01,571.0,8,7.333333333333333,11.0,False,0.0,True,False,,17.0,Healthcare,South East,Medium,7,155736.1
SME_0235,2025-06-01,588.0,6,7.333333333333333,19.0,False,0.0,True,False,,18.0,Healthcare,South East,Medium,7,155736.1
SME_0235,2025-07-01,588.0,4,6.333333333333333,13.0,True,45511.31,True,False,,19.0,Healthcare,South East,Medium,7,155736.1
SME_0235,2025-08-01,591.0,5,6.0,20.0,True,0.0,True,False,,20.0,Healthcare,South East,Medium,7,155736.1
SME_0235,2025-09-01,604.0,8,5.0,16.0,False,0.0,True,False,,21.0,Healthcare,South East,Medium,7,155736.1
SME_0235,2025-10-01,597.0,5,5.666666666666667,9.0,False,0.0,True,False,,22.0,Healthcare,South East,Medium,7,155736.1
SME_0235,2025-11-01,611.0,8,6.0,20.0,False,0.0,True,False,,23.0,Healthcare,South East,Medium,7,155736.1
SME_0235,2025-12-01,605.0,8,7.0,1.0,False,0.0,True,False,,24.0,Healthcare,South East,Medium,7,155736.1
SME_0235,2026-01-01,620.0,6,7.0,23.0,False,0.0,True,False,,25.0,Healthcare,South East,Medium,7,155736.1
SME_0236,2024-08-01,542.0,3,,,True,0.0,True,False,,36.0,Technology,South East,High,103,403093.96
SME_0236,2024-09-01,556.0,7,3.0,,False,0.0,True,False,,37.0,Technology,South East,High,103,403093.96
SME_0236,2024-10-01,568.0,6,5.0,,False,0.0,True,False,,38.0,Technology,South East,High,103,403093.96
SME_0236,2024-11-01,558.0,2,5.333333333333333,16.0,False,0.0,True,False,,39.0,Technology,South East,High,103,403093.96
SME_0236,2024-12-01,543.0,9,5.0,-13.0,False,0.0,True,False,,40.0,Technology,South East,High,103,403093.96
SME_0236,2025-01-01,530.0,4,5.666666666666667,-38.0,False,0.0,True,False,,41.0,Technology,South East,High,103,403093.96
SME_0236,2025-02-01,529.0,10,5.0,-29.0,False,0.0,True,False,,42.0,Technology,South East,High,103,403093.96
SME_0236,2025-03-01,521.0,9,7.666666666666667,-22.0,False,0.0,True,False,,43.0,Technology,South East,High,103,403093.96
SME_0236,2025-04-01,530.0,5,7.666666666666667,0.0,False,0.0,True,False,,44.0,Technology,South East,High,103,403093.96
SME_0236,2025-05-01,512.0,11,8.0,-17.0,False,0.0,True,False,,45.0,Technology,South East,High,103,403093.96
SME_0236,2025-06-01,488.0,7,8.333333333333334,-33.0,False,0.0,True,False,,46.0,Technology,South East,High,103,403093.96
SME_0236,2025-07-01,472.0,7,7.666666666666667,-58.0,False,0.0,True,False,,47.0,Technology,South East,High,103,403093.96
SME_0236,2025-08-01,472.0,5,8.333333333333334,-40.0,False,0.0,True,False,,48.0,Technology,South East,High,103,403093.96
SME_0236,2025-09-01,469.0,4,6.333333333333333,-19.0,False,0.0,True,False,,49.0,Technology,South East,High,103,403093.96
SME_0236,2025-10-01,475.0,6,5.333333333333333,3.0,True,0.0,True,False,,50.0,Technology,South East,High,103,403093.96
SME_0236,2025-11-01,482.0,5,5.0,10.0,False,0.0,True,False,,51.0,Technology,South East,High,103,403093.96
SME_0236,2025-12-01,501.0,8,5.0,32.0,False,0.0,True,False,,52.0,Technology,South East,High,103,403093.96
SME_0236,2026-01-01,505.0,4,6.333333333333333,30.0,True,0.0,True,False,,53.0,Technology,South East,High,103,403093.96
SME_0237,2024-08-01,635.0,9,,,True,0.0,True,False,,35.0,Services,Midlands,Medium,22,793681.68
SME_0237,2024-09-01,642.0,11,9.0,,False,0.0,True,False,,36.0,Services,Midlands,Medium,22,793681.68
SME_0237,2024-10-01,634.0,12,10.0,,False,0.0,True,False,,37.0,Services,Midlands,Medium,22,793681.68
SME_0237,2024-11-01,611.0,14,10.666666666666666,-24.0,False,0.0,True,False,,38.0,Services,Midlands,Medium,22,793681.68
SME_0237,2024-12-01,614.0,12,12.333333333333334,-28.0,False,0.0,True,False,,39.0,Services,Midlands,Medium,22,793681.68
SME_0237,2025-01-01,605.0,14,12.666666666666666,-29.0,False,0.0,True,False,,40.0,Services,Midlands,Medium,22,793681.68
SME_0237,2025-02-01,616.0,12,13.333333333333334,5.0,False,0.0,True,False,,41.0,Services,Midlands,Medium,22,793681.68
SME_0237,2025-03-01,601.0,12,12.666666666666666,-13.0,False,0.0,True,False,,42.0,Services,Midlands,Medium,22,793681.68
SME_0237,2025-04-01,613.0,12,12.666666666666666,8.0,False,0.0,True,False,,43.0,Services,Midlands,Medium,22,793681.68
SME_0237,2025-05-01,604.0,9,12.0,-12.0,False,0.0,True,False,,44.0,Services,Midlands,Medium,22,793681.68
SME_0237,2025-06-01,610.0,6,11.0,9.0,False,0.0,True,False,,45.0,Services,Midlands,Medium,22,793681.68
SME_0237,2025-07-01,624.0,14,9.0,11.0,False,0.0,True,False,,46.0,Services,Midlands,Medium,22,793681.68
SME_0237,2025-08-01,619.0,11,9.666666666666666,15.0,False,0.0,True,False,,47.0,Services,Midlands,Medium,22,793681.68
SME_0237,2025-09-01,631.0,14,10.333333333333334,21.0,False,0.0,True,False,,48.0,Services,Midlands,Medium,22,793681.68
SME_0237,2025-10-01,634.0,11,13.0,10.0,False,0.0,True,False,,49.0,Services,Midlands,Medium,22,793681.68
SME_0237,2025-11-01,656.0,14,12.0,37.0,False,0.0,True,False,,50.0,Services,Midlands,Medium,22,793681.68
SME_0237,2025-12-01,654.0,13,13.0,23.0,False,0.0,True,False,,51.0,Services,Midlands,Medium,22,793681.68
SME_0237,2026-01-01,635.0,12,12.666666666666666,1.0,False,0.0,True,False,,52.0,Services,Midlands,Medium,22,793681.68
SME_0238,2024-08-01,520.0,15,,,False,0.0,True,False,,10.0,Technology,North West,Medium,19,334449.86
SME_0238,2024-09-01,516.0,14,15.0,,False,0.0,True,False,,11.0,Technology,North West,Medium,19,334449.86
SME_0238,2024-10-01,510.0,9,14.5,,False,0.0,True,False,,12.0,Technology,North West,Medium,19,334449.86
SME_0238,2024-11-01,535.0,5,12.666666666666666,15.0,False,0.0,True,False,,13.0,Technology,North West,Medium,19,334449.86
SME_0238,2024-12-01,544.0,13,9.333333333333334,28.0,True,0.0,True,False,,14.0,Technology,North West,Medium,19,334449.86
SME_0238,2025-01-01,548.0,12,9.0,38.0,False,0.0,True,False,,15.0,Technology,North West,Medium,19,334449.86
SME_0238,2025-02-01,523.0,4,10.0,-12.0,False,0.0,True,False,,16.0,Technology,North West,Medium,19,334449.86
SME_0238,2025-03-01,525.0,11,9.666666666666666,-19.0,False,0.0,True,False,,17.0,Technology,North West,Medium,19,334449.86
SME_0238,2025-04-01,517.0,11,9.0,-31.0,False,0.0,True,False,,18.0,Technology,North West,Medium,19,334449.86
SME_0238,2025-05-01,523.0,10,8.666666666666666,0.0,False,0.0,True,False,,19.0,Technology,North West,Medium,19,334449.86
SME_0238,2025-06-01,543.0,11,10.666666666666666,18.0,True,0.0,True,False,,20.0,Technology,North West,Medium,19,334449.86
SME_0238,2025-07-01,540.0,9,10.666666666666666,23.0,False,0.0,True,False,,21.0,Technology,North West,Medium,19,334449.86
SME_0238,2025-08-01,577.0,12,10.0,54.0,False,0.0,True,False,,22.0,Technology,North West,Medium,19,334449.86
SME_0238,2025-09-01,579.0,9,10.666666666666666,36.0,True,0.0,True,False,,23.0,Technology,North West,Medium,19,334449.86
SME_0238,2025-10-01,587.0,7,10.0,47.0,True,31249.97,True,False,,24.0,Technology,North West,Medium,19,334449.86
SME_0238,2025-11-01,581.0,8,9.333333333333334,4.0,True,0.0,True,False,,25.0,Technology,North West,Medium,19,334449.86
SME_0238,2025-12-01,593.0,9,8.0,14.0,False,0.0,True,False,,26.0,Technology,North West,Medium,19,334449.86
SME_0238,2026-01-01,610.0,6,8.0,23.0,False,0.0,True,False,,27.0,Technology,North West,Medium,19,334449.86
SME_0239,2024-08-01,474.0,4,,,False,0.0,True,False,,15.0,Retail,South East,High,136,95925.28
SME_0239,2024-09-01,494.0,1,4.0,,False,0.0,True,False,,16.0,Retail,South East,High,136,95925.28
SME_0239,2024-10-01,482.0,5,2.5,,False,0.0,True,False,,17.0,Retail,South East,High,136,95925.28
SME_0239,2024-11-01,498.0,4,3.3333333333333335,24.0,True,0.0,True,False,,18.0,Retail,South East,High,136,95925.28
SME_0239,2024-12-01,517.0,7,3.3333333333333335,23.0,False,0.0,True,False,,19.0,Retail,South East,High,136,95925.28
SME_0239,2025-01-01,488.0,4,5.333333333333333,6.0,False,0.0,True,False,,20.0,Retail,South East,High,136,95925.28
SME_0239,2025-02-01,482.0,4,5.0,-16.0,False,0.0,True,False,,21.0,Retail,South East,High,136,95925.28
SME_0239,2025-03-01,494.0,4,5.0,-23.0,False,0.0,True,False,,22.0,Retail,South East,High,136,95925.28
SME_0239,2025-04-01,501.0,4,4.0,13.0,False,0.0,True,False,,23.0,Retail,South East,High,136,95925.28
SME_0239,2025-05-01,489.0,4,4.0,7.0,False,0.0,True,False,,24.0,Retail,South East,High,136,95925.28
SME_0239,2025-06-01,502.0,9,4.0,8.0,False,0.0,True,False,,25.0,Retail,South East,High,136,95925.28
SME_0239,2025-07-01,487.0,3,5.666666666666667,-14.0,False,0.0,True,False,,26.0,Retail,South East,High,136,95925.28
SME_0239,2025-08-01,482.0,5,5.333333333333333,-7.0,False,0.0,True,False,,27.0,Retail,South East,High,136,95925.28
SME_0239,2025-09-01,510.0,5,5.666666666666667,8.0,False,0.0,True,False,,28.0,Retail,South East,High,136,95925.28
SME_0239,2025-10-01,511.0,4,4.333333333333333,24.0,False,0.0,True,False,,29.0,Retail,South East,High,136,95925.28
SME_0239,2025-11-01,523.0,3,4.666666666666667,41.0,False,0.0,True,False,,30.0,Retail,South East,High,136,95925.28
SME_0239,2025-12-01,509.0,6,4.0,-1.0,False,0.0,True,False,,31.0,Retail,South East,High,136,95925.28
SME_0239,2026-01-01,508.0,5,4.333333333333333,-3.0,False,0.0,True,False,,32.0,Retail,South East,High,136,95925.28
SME_0240,2024-08-01,561.0,10,,,False,0.0,True,True,12.0,8.0,Retail,North West,Medium,145,105941.13
SME_0240,2024-09-01,569.0,6,10.0,,False,0.0,True,True,11.0,9.0,Retail,North West,Medium,145,105941.13
SME_0240,2024-10-01,560.0,7,8.0,,False,0.0,True,True,10.0,10.0,Retail,North West,Medium,145,105941.13
SME_0240,2024-11-01,570.0,11,7.666666666666667,9.0,False,0.0,True,True,9.0,11.0,Retail,North West,Medium,145,105941.13
SME_0240,2024-12-01,564.0,5,8.0,-5.0,False,0.0,True,True,8.0,12.0,Retail,North West,Medium,145,105941.13
SME_0240,2025-01-01,570.0,10,7.666666666666667,10.0,False,0.0,True,True,7.0,13.0,Retail,North West,Medium,145,105941.13
SME_0240,2025-02-01,572.0,12,8.666666666666666,2.0,True,49116.22,True,True,6.0,14.0,Retail,North West,Medium,145,105941.13
SME_0240,2025-03-01,562.0,12,9.0,-2.0,False,0.0,True,True,5.0,15.0,Retail,North West,Medium,145,105941.13
SME_0240,2025-04-01,552.0,7,11.333333333333334,-18.0,False,0.0,True,True,4.0,16.0,Retail,North West,Medium,145,105941.13
SME_0240,2025-05-01,558.0,11,10.333333333333334,-14.0,False,0.0,True,True,3.0,17.0,Retail,North West,Medium,145,105941.13
SME_0240,2025-06-01,549.0,11,10.0,-13.0,False,0.0,True,True,2.0,18.0,Retail,North West,Medium,145,105941.13
SME_0240,2025-07-01,553.0,9,9.666666666666666,1.0,True,0.0,True,True,1.0,19.0,Retail,North West,Medium,145,105941.13
SME_0240,2025-08-01,553.0,0,10.333333333333334,-5.0,False,0.0,False,True,0.0,20.0,Retail,North West,Medium,145,105941.13
SME_0240,2025-09-01,553.0,0,6.666666666666667,4.0,False,0.0,False,True,-1.0,21.0,Retail,North West,Medium,145,105941.13
SME_0240,2025-10-01,553.0,0,3.0,0.0,False,0.0,False,True,-2.0,22.0,Retail,North West,Medium,145,105941.13
SME_0240,2025-11-01,553.0,0,0.0,0.0,False,0.0,False,True,-3.0,23.0,Retail,North West,Medium,145,105941.13
SME_0240,2025-12-01,553.0,0,0.0,0.0,False,0.0,False,True,-4.0,24.0,Retail,North West,Medium,145,105941.13
SME_0240,2026-01-01,553.0,0,0.0,0.0,False,0.0,False,True,-5.0,25.0,Retail,North West,Medium,145,105941.13
SME_0241,2024-08-01,731.0,9,,,False,0.0,True,False,,19.0,Technology,London,Low,24,128981.44
SME_0241,2024-09-01,730.0,14,9.0,,False,0.0,True,False,,20.0,Technology,London,Low,24,128981.44
SME_0241,2024-10-01,727.0,13,11.5,,False,0.0,True,False,,21.0,Technology,London,Low,24,128981.44
SME_0241,2024-11-01,717.0,15,12.0,-14.0,False,0.0,True,False,,22.0,Technology,London,Low,24,128981.44
SME_0241,2024-12-01,721.0,14,14.0,-9.0,False,0.0,True,False,,23.0,Technology,London,Low,24,128981.44
SME_0241,2025-01-01,725.0,21,14.0,-2.0,False,0.0,True,False,,24.0,Technology,London,Low,24,128981.44
SME_0241,2025-02-01,722.0,18,16.666666666666668,5.0,True,49495.97,True,False,,25.0,Technology,London,Low,24,128981.44
SME_0241,2025-03-01,705.0,11,17.666666666666668,-16.0,True,22008.63,True,False,,26.0,Technology,London,Low,24,128981.44
SME_0241,2025-04-01,683.0,14,16.666666666666668,-42.0,False,0.0,True,False,,27.0,Technology,London,Low,24,128981.44
SME_0241,2025-05-01,691.0,23,14.333333333333334,-31.0,False,0.0,True,False,,28.0,Technology,London,Low,24,128981.44
SME_0241,2025-06-01,686.0,18,16.0,-19.0,False,0.0,True,False,,29.0,Technology,London,Low,24,128981.44
SME_0241,2025-07-01,688.0,18,18.333333333333332,5.0,True,0.0,True,False,,30.0,Technology,London,Low,24,128981.44
SME_0241,2025-08-01,673.0,20,19.666666666666668,-18.0,False,0.0,True,False,,31.0,Technology,London,Low,24,128981.44
SME_0241,2025-09-01,657.0,11,18.666666666666668,-29.0,False,0.0,True,False,,32.0,Technology,London,Low,24,128981.44
SME_0241,2025-10-01,661.0,11,16.333333333333332,-27.0,True,36054.13,True,False,,33.0,Technology,London,Low,24,128981.44
SME_0241,2025-11-01,650.0,9,14.0,-23.0,False,0.0,True,False,,34.0,Technology,London,Low,24,128981.44
SME_0241,2025-12-01,652.0,22,10.333333333333334,-5.0,False,0.0,True,False,,35.0,Technology,London,Low,24,128981.44
SME_0241,2026-01-01,649.0,10,14.0,-12.0,True,70182.63,True,False,,36.0,Technology,London,Low,24,128981.44
SME_0242,2024-08-01,508.0,8,,,False,0.0,True,False,,5.0,Technology,North West,Medium,195,63848.12
SME_0242,2024-09-01,520.0,8,8.0,,False,0.0,True,False,,6.0,Technology,North West,Medium,195,63848.12
SME_0242,2024-10-01,520.0,5,8.0,,False,0.0,True,False,,7.0,Technology,North West,Medium,195,63848.12
SME_0242,2024-11-01,517.0,7,7.0,9.0,False,0.0,True,False,,8.0,Technology,North West,Medium,195,63848.12
SME_0242,2024-12-01,552.0,4,6.666666666666667,32.0,False,0.0,True,False,,9.0,Technology,North West,Medium,195,63848.12
SME_0242,2025-01-01,566.0,5,5.333333333333333,46.0,False,0.0,True,False,,10.0,Technology,North West,Medium,195,63848.12
SME_0242,2025-02-01,545.0,2,5.333333333333333,28.0,False,0.0,True,False,,11.0,Technology,North West,Medium,195,63848.12
SME_0242,2025-03-01,530.0,1,3.6666666666666665,-22.0,False,0.0,True,False,,12.0,Technology,North West,Medium,195,63848.12
SME_0242,2025-04-01,533.0,3,2.6666666666666665,-33.0,False,0.0,True,False,,13.0,Technology,North West,Medium,195,63848.12
SME_0242,2025-05-01,521.0,2,2.0,-24.0,False,0.0,True,False,,14.0,Technology,North West,Medium,195,63848.12
SME_0242,2025-06-01,512.0,5,2.0,-18.0,False,0.0,True,False,,15.0,Technology,North West,Medium,195,63848.12
SME_0242,2025-07-01,488.0,6,3.3333333333333335,-45.0,False,0.0,True,False,,16.0,Technology,North West,Medium,195,63848.12
SME_0242,2025-08-01,497.0,4,4.333333333333333,-24.0,False,0.0,True,False,,17.0,Technology,North West,Medium,195,63848.12
SME_0242,2025-09-01,505.0,10,5.0,-7.0,False,0.0,True,False,,18.0,Technology,North West,Medium,195,63848.12
SME_0242,2025-10-01,500.0,2,6.666666666666667,12.0,False,0.0,True,False,,19.0,Technology,North West,Medium,195,63848.12
SME_0242,2025-11-01,510.0,3,5.333333333333333,13.0,False,0.0,True,False,,20.0,Technology,North West,Medium,195,63848.12
SME_0242,2025-12-01,511.0,10,5.0,6.0,False,0.0,True,False,,21.0,Technology,North West,Medium,195,63848.12
SME_0242,2026-01-01,497.0,5,5.0,-3.0,False,0.0,True,False,,22.0,Technology,North West,Medium,195,63848.12
SME_0243,2024-08-01,457.0,2,,,False,0.0,True,False,,15.0,Retail,London,High,64,249815.49
SME_0243,2024-09-01,459.0,2,2.0,,False,0.0,True,False,,16.0,Retail,London,High,64,249815.49
SME_0243,2024-10-01,476.0,7,2.0,,False,0.0,True,False,,17.0,Retail,London,High,64,249815.49
SME_0243,2024-11-01,459.0,5,3.6666666666666665,2.0,False,0.0,True,False,,18.0,Retail,London,High,64,249815.49
SME_0243,2024-12-01,463.0,8,4.666666666666667,4.0,False,0.0,True,False,,19.0,Retail,London,High,64,249815.49
SME_0243,2025-01-01,462.0,3,6.666666666666667,-14.0,False,0.0,True,False,,20.0,Retail,London,High,64,249815.49
SME_0243,2025-02-01,468.0,7,5.333333333333333,9.0,True,0.0,True,False,,21.0,Retail,London,High,64,249815.49
SME_0243,2025-03-01,479.0,4,6.0,16.0,False,0.0,True,False,,22.0,Retail,London,High,64,249815.49
SME_0243,2025-04-01,473.0,3,4.666666666666667,11.0,False,0.0,True,False,,23.0,Retail,London,High,64,249815.49
SME_0243,2025-05-01,469.0,5,4.666666666666667,1.0,False,0.0,True,False,,24.0,Retail,London,High,64,249815.49
SME_0243,2025-06-01,473.0,3,4.0,-6.0,False,0.0,True,False,,25.0,Retail,London,High,64,249815.49
SME_0243,2025-07-01,478.0,2,3.6666666666666665,5.0,False,0.0,True,False,,26.0,Retail,London,High,64,249815.49
SME_0243,2025-08-01,447.0,2,3.3333333333333335,-22.0,False,0.0,True,False,,27.0,Retail,London,High,64,249815.49
SME_0243,2025-09-01,481.0,7,2.3333333333333335,8.0,False,0.0,True,False,,28.0,Retail,London,High,64,249815.49
SME_0243,2025-10-01,486.0,1,3.6666666666666665,8.0,False,0.0,True,False,,29.0,Retail,London,High,64,249815.49
SME_0243,2025-11-01,473.0,3,3.3333333333333335,26.0,True,0.0,True,False,,30.0,Retail,London,High,64,249815.49
SME_0243,2025-12-01,463.0,4,3.6666666666666665,-18.0,False,0.0,True,False,,31.0,Retail,London,High,64,249815.49
SME_0243,2026-01-01,460.0,4,2.6666666666666665,-26.0,False,0.0,True,False,,32.0,Retail,London,High,64,249815.49
SME_0244,2024-08-01,628.0,4,,,False,0.0,True,False,,20.0,Services,South East,Medium,64,745486.73
SME_0244,2024-09-01,628.0,9,4.0,,False,0.0,True,False,,22.0,Services,South East,Medium,64,745486.73
SME_0244,2024-10-01,622.0,10,6.5,,False,0.0,True,False,,23.0,Services,South East,Medium,64,745486.73
SME_0244,2024-11-01,603.0,9,7.666666666666667,-25.0,False,0.0,True,False,,24.0,Services,South East,Medium,64,745486.73
SME_0244,2024-12-01,590.0,5,9.333333333333334,-38.0,True,0.0,True,False,,25.0,Services,South East,Medium,64,745486.73
SME_0244,2025-01-01,591.0,7,8.0,-31.0,False,0.0,True,False,,26.0,Services,South East,Medium,64,745486.73
SME_0244,2025-02-01,600.0,7,7.0,-3.0,False,0.0,True,False,,27.0,Services,South East,Medium,64,745486.73
SME_0244,2025-03-01,577.0,5,6.333333333333333,-13.0,False,0.0,True,False,,27.0,Services,South East,Medium,64,745486.73
SME_0244,2025-04-01,573.0,9,6.333333333333333,-18.0,False,0.0,True,False,,28.0,Services,South East,Medium,64,745486.73
SME_0244,2025-05-01,561.0,8,7.0,-39.0,False,0.0,True,False,,29.0,Services,South East,Medium,64,745486.73
SME_0244,2025-06-01,559.0,7,7.333333333333333,-18.0,False,0.0,True,False,,30.0,Services,South East,Medium,64,745486.73
SME_0244,2025-07-01,552.0,10,8.0,-21.0,False,0.0,True,False,,31.0,Services,South East,Medium,64,745486.73
SME_0244,2025-08-01,569.0,6,8.333333333333334,8.0,False,0.0,True,False,,32.0,Services,South East,Medium,64,745486.73
SME_0244,2025-09-01,570.0,9,7.666666666666667,11.0,False,0.0,True,False,,34.0,Services,South East,Medium,64,745486.73
SME_0244,2025-10-01,569.0,9,8.333333333333334,17.0,False,0.0,True,False,,34.0,Services,South East,Medium,64,745486.73
SME_0244,2025-11-01,566.0,8,8.0,-3.0,False,0.0,True,False,,36.0,Services,South East,Medium,64,745486.73
SME_0244,2025-12-01,552.0,7,8.666666666666666,-18.0,False,0.0,True,False,,36.0,Services,South East,Medium,64,745486.73
SME_0244,2026-01-01,536.0,9,8.0,-33.0,False,0.0,True,False,,38.0,Services,South East,Medium,64,745486.73
SME_0245,2024-08-01,671.0,14,,,True,0.0,True,False,,22.0,Services,London,Low,60,396832.75
SME_0245,2024-09-01,666.0,11,14.0,,False,0.0,True,False,,23.0,Services,London,Low,60,396832.75
SME_0245,2024-10-01,671.0,12,12.5,,True,59964.33,True,False,,24.0,Services,London,Low,60,396832.75
SME_0245,2024-11-01,677.0,17,12.333333333333334,6.0,False,0.0,True,False,,25.0,Services,London,Low,60,396832.75
SME_0245,2024-12-01,681.0,14,13.333333333333334,15.0,True,46008.53,True,False,,26.0,Services,London,Low,60,396832.75
SME_0245,2025-01-01,692.0,14,14.333333333333334,21.0,False,0.0,True,False,,27.0,Services,London,Low,60,396832.75
SME_0245,2025-02-01,680.0,12,15.0,3.0,False,0.0,True,False,,29.0,Services,London,Low,60,396832.75
SME_0245,2025-03-01,702.0,20,13.333333333333334,21.0,False,0.0,True,False,,29.0,Services,London,Low,60,396832.75
SME_0245,2025-04-01,691.0,15,15.333333333333334,-1.0,False,0.0,True,False,,30.0,Services,London,Low,60,396832.75
SME_0245,2025-05-01,703.0,10,15.666666666666666,23.0,False,0.0,True,False,,31.0,Services,London,Low,60,396832.75
SME_0245,2025-06-01,709.0,11,15.0,7.0,False,0.0,True,False,,32.0,Services,London,Low,60,396832.75
SME_0245,2025-07-01,694.0,14,12.0,3.0,False,0.0,True,False,,33.0,Services,London,Low,60,396832.75
SME_0245,2025-08-01,701.0,13,11.666666666666666,-2.0,True,0.0,True,False,,34.0,Services,London,Low,60,396832.75
SME_0245,2025-09-01,675.0,19,12.666666666666666,-34.0,False,0.0,True,False,,35.0,Services,London,Low,60,396832.75
SME_0245,2025-10-01,678.0,15,15.333333333333334,-16.0,False,0.0,True,False,,36.0,Services,London,Low,60,396832.75
SME_0245,2025-11-01,692.0,13,15.666666666666666,-9.0,False,0.0,True,False,,37.0,Services,London,Low,60,396832.75
SME_0245,2025-12-01,693.0,13,15.666666666666666,18.0,True,0.0,True,False,,38.0,Services,London,Low,60,396832.75
SME_0245,2026-01-01,691.0,11,13.666666666666666,13.0,False,0.0,True,False,,39.0,Services,London,Low,60,396832.75
SME_0246,2024-08-01,668.0,13,,,False,0.0,True,False,,22.0,Healthcare,South East,Low,92,62591.12
SME_0246,2024-09-01,691.0,17,13.0,,False,0.0,True,False,,23.0,Healthcare,South East,Low,92,62591.12
SME_0246,2024-10-01,679.0,14,15.0,,False,0.0,True,False,,24.0,Healthcare,South East,Low,92,62591.12
SME_0246,2024-11-01,680.0,9,14.666666666666666,12.0,True,30695.82,True,False,,25.0,Healthcare,South East,Low,92,62591.12
SME_0246,2024-12-01,670.0,16,13.333333333333334,-21.0,False,0.0,True,False,,26.0,Healthcare,South East,Low,92,62591.12
SME_0246,2025-01-01,657.0,23,13.0,-22.0,True,0.0,True,False,,27.0,Healthcare,South East,Low,92,62591.12
SME_0246,2025-02-01,645.0,10,16.0,-35.0,False,0.0,True,False,,28.0,Healthcare,South East,Low,92,62591.12
SME_0246,2025-03-01,649.0,15,16.333333333333332,-21.0,True,0.0,True,False,,29.0,Healthcare,South East,Low,92,62591.12
SME_0246,2025-04-01,651.0,18,16.0,-6.0,False,0.0,True,False,,30.0,Healthcare,South East,Low,92,62591.12
SME_0246,2025-05-01,644.0,18,14.333333333333334,-1.0,False,0.0,True,False,,31.0,Healthcare,South East,Low,92,62591.12
SME_0246,2025-06-01,651.0,14,17.0,2.0,False,0.0,True,False,,32.0,Healthcare,South East,Low,92,62591.12
SME_0246,2025-07-01,624.0,10,16.666666666666668,-27.0,False,0.0,True,False,,33.0,Healthcare,South East,Low,92,62591.12
SME_0246,2025-08-01,656.0,10,14.0,12.0,False,0.0,True,False,,34.0,Healthcare,South East,Low,92,62591.12
SME_0246,2025-09-01,669.0,10,11.333333333333334,18.0,False,0.0,True,False,,35.0,Healthcare,South East,Low,92,62591.12
SME_0246,2025-10-01,663.0,15,10.0,39.0,False,0.0,True,False,,36.0,Healthcare,South East,Low,92,62591.12
SME_0246,2025-11-01,656.0,12,11.666666666666666,0.0,False,0.0,True,False,,37.0,Healthcare,South East,Low,92,62591.12
SME_0246,2025-12-01,680.0,19,12.333333333333334,11.0,False,0.0,True,False,,38.0,Healthcare,South East,Low,92,62591.12
SME_0246,2026-01-01,648.0,14,15.333333333333334,-15.0,False,0.0,True,False,,39.0,Healthcare,South East,Low,92,62591.12
SME_0247,2024-08-01,686.0,13,,,False,0.0,True,False,,9.0,Services,London,Medium,36,314724.69
SME_0247,2024-09-01,690.0,11,13.0,,False,0.0,True,False,,10.0,Services,London,Medium,36,314724.69
SME_0247,2024-10-01,682.0,11,12.0,,False,0.0,True,False,,11.0,Services,London,Medium,36,314724.69
SME_0247,2024-11-01,679.0,9,11.666666666666666,-7.0,False,0.0,True,False,,12.0,Services,London,Medium,36,314724.69
SME_0247,2024-12-01,676.0,12,10.333333333333334,-14.0,True,14158.07,True,False,,13.0,Services,London,Medium,36,314724.69
SME_0247,2025-01-01,673.0,12,10.666666666666666,-9.0,False,0.0,True,False,,14.0,Services,London,Medium,36,314724.69
SME_0247,2025-02-01,682.0,14,11.0,3.0,False,0.0,True,False,,15.0,Services,London,Medium,36,314724.69
SME_0247,2025-03-01,678.0,11,12.666666666666666,2.0,False,0.0,True,False,,16.0,Services,London,Medium,36,314724.69
SME_0247,2025-04-01,668.0,20,12.333333333333334,-5.0,False,0.0,True,False,,17.0,Services,London,Medium,36,314724.69
SME_0247,2025-05-01,680.0,9,15.0,-2.0,False,0.0,True,False,,18.0,Services,London,Medium,36,314724.69
SME_0247,2025-06-01,695.0,7,13.333333333333334,17.0,False,0.0,True,False,,19.0,Services,London,Medium,36,314724.69
SME_0247,2025-07-01,711.0,10,12.0,43.0,False,0.0,True,False,,20.0,Services,London,Medium,36,314724.69
SME_0247,2025-08-01,701.0,10,8.666666666666666,21.0,False,0.0,True,False,,21.0,Services,London,Medium,36,314724.69
SME_0247,2025-09-01,691.0,11,9.0,-4.0,False,0.0,True,False,,22.0,Services,London,Medium,36,314724.69
SME_0247,2025-10-01,689.0,11,10.333333333333334,-22.0,False,0.0,True,False,,23.0,Services,London,Medium,36,314724.69
SME_0247,2025-11-01,679.0,18,10.666666666666666,-22.0,True,9691.06,True,False,,24.0,Services,London,Medium,36,314724.69
SME_0247,2025-12-01,673.0,13,13.333333333333334,-18.0,False,0.0,True,False,,25.0,Services,London,Medium,36,314724.69
SME_0247,2026-01-01,666.0,17,14.0,-23.0,False,0.0,True,False,,26.0,Services,London,Medium,36,314724.69
SME_0248,2024-08-01,518.0,4,,,False,0.0,True,False,,29.0,Manufacturing,Scotland,Medium,85,243936.46
SME_0248,2024-09-01,504.0,9,4.0,,False,0.0,True,False,,30.0,Manufacturing,Scotland,Medium,85,243936.46
SME_0248,2024-10-01,487.0,8,6.5,,False,0.0,True,False,,31.0,Manufacturing,Scotland,Medium,85,243936.46
SME_0248,2024-11-01,500.0,9,7.0,-18.0,False,0.0,True,False,,32.0,Manufacturing,Scotland,Medium,85,243936.46
SME_0248,2024-12-01,511.0,7,8.666666666666666,7.0,False,0.0,True,False,,33.0,Manufacturing,Scotland,Medium,85,243936.46
SME_0248,2025-01-01,517.0,6,8.0,30.0,False,0.0,True,False,,34.0,Manufacturing,Scotland,Medium,85,243936.46
SME_0248,2025-02-01,487.0,9,7.333333333333333,-13.0,False,0.0,True,False,,35.0,Manufacturing,Scotland,Medium,85,243936.46
SME_0248,2025-03-01,516.0,5,7.333333333333333,5.0,False,0.0,True,False,,36.0,Manufacturing,Scotland,Medium,85,243936.46
SME_0248,2025-04-01,519.0,8,6.666666666666667,2.0,False,0.0,True,False,,37.0,Manufacturing,Scotland,Medium,85,243936.46
SME_0248,2025-05-01,507.0,3,7.333333333333333,20.0,False,0.0,True,False,,38.0,Manufacturing,Scotland,Medium,85,243936.46
SME_0248,2025-06-01,537.0,4,5.333333333333333,21.0,False,0.0,True,False,,39.0,Manufacturing,Scotland,Medium,85,243936.46
SME_0248,2025-07-01,565.0,8,5.0,46.0,False,0.0,True,False,,40.0,Manufacturing,Scotland,Medium,85,243936.46
SME_0248,2025-08-01,564.0,3,5.0,57.0,False,0.0,True,False,,41.0,Manufacturing,Scotland,Medium,85,243936.46
SME_0248,2025-09-01,580.0,10,5.0,43.0,False,0.0,True,False,,42.0,Manufacturing,Scotland,Medium,85,243936.46
SME_0248,2025-10-01,579.0,1,7.0,14.0,False,0.0,True,False,,43.0,Manufacturing,Scotland,Medium,85,243936.46
SME_0248,2025-11-01,589.0,5,4.666666666666667,25.0,False,0.0,True,False,,44.0,Manufacturing,Scotland,Medium,85,243936.46
SME_0248,2025-12-01,589.0,7,5.333333333333333,9.0,False,0.0,True,False,,45.0,Manufacturing,Scotland,Medium,85,243936.46
SME_0248,2026-01-01,594.0,6,4.333333333333333,15.0,False,0.0,True,False,,46.0,Manufacturing,Scotland,Medium,85,243936.46
SME_0249,2024-08-01,518.0,5,,,False,0.0,True,False,,25.0,Manufacturing,Midlands,High,42,1436497.33
SME_0249,2024-09-01,520.0,9,5.0,,False,0.0,True,False,,26.0,Manufacturing,Midlands,High,42,1436497.33
SME_0249,2024-10-01,507.0,10,7.0,,False,0.0,True,False,,27.0,Manufacturing,Midlands,High,42,1436497.33
SME_0249,2024-11-01,492.0,11,8.0,-26.0,False,0.0,True,False,,28.0,Manufacturing,Midlands,High,42,1436497.33
SME_0249,2024-12-01,515.0,3,10.0,-5.0,False,0.0,True,False,,29.0,Manufacturing,Midlands,High,42,1436497.33
SME_0249,2025-01-01,492.0,10,8.0,-15.0,False,0.0,True,False,,30.0,Manufacturing,Midlands,High,42,1436497.33
SME_0249,2025-02-01,466.0,7,8.0,-26.0,False,0.0,True,False,,31.0,Manufacturing,Midlands,High,42,1436497.33
SME_0249,2025-03-01,491.0,4,6.666666666666667,-24.0,False,0.0,True,False,,32.0,Manufacturing,Midlands,High,42,1436497.33
SME_0249,2025-04-01,473.0,7,7.0,-19.0,True,0.0,True,False,,33.0,Manufacturing,Midlands,High,42,1436497.33
SME_0249,2025-05-01,473.0,4,6.0,7.0,False,0.0,True,False,,34.0,Manufacturing,Midlands,High,42,1436497.33
SME_0249,2025-06-01,468.0,6,5.0,-23.0,True,0.0,True,False,,35.0,Manufacturing,Midlands,High,42,1436497.33
SME_0249,2025-07-01,456.0,4,5.666666666666667,-17.0,False,0.0,True,False,,36.0,Manufacturing,Midlands,High,42,1436497.33
SME_0249,2025-08-01,476.0,14,4.666666666666667,3.0,False,0.0,True,False,,37.0,Manufacturing,Midlands,High,42,1436497.33
SME_0249,2025-09-01,488.0,6,8.0,20.0,False,0.0,True,False,,38.0,Manufacturing,Midlands,High,42,1436497.33
SME_0249,2025-10-01,484.0,7,8.0,28.0,False,0.0,True,False,,39.0,Manufacturing,Midlands,High,42,1436497.33
SME_0249,2025-11-01,486.0,5,9.0,10.0,False,0.0,True,False,,40.0,Manufacturing,Midlands,High,42,1436497.33
SME_0249,2025-12-01,477.0,4,6.0,-11.0,False,0.0,True,False,,41.0,Manufacturing,Midlands,High,42,1436497.33
SME_0249,2026-01-01,470.0,2,5.333333333333333,-14.0,False,0.0,True,False,,42.0,Manufacturing,Midlands,High,42,1436497.33
SME_0250,2024-08-01,550.0,7,,,False,0.0,True,False,,27.0,Manufacturing,South East,Medium,11,103157.84
SME_0250,2024-09-01,562.0,9,7.0,,False,0.0,True,False,,28.0,Manufacturing,South East,Medium,11,103157.84
SME_0250,2024-10-01,563.0,13,8.0,,False,0.0,True,False,,29.0,Manufacturing,South East,Medium,11,103157.84
SME_0250,2024-11-01,593.0,10,9.666666666666666,43.0,True,0.0,True,False,,30.0,Manufacturing,South East,Medium,11,103157.84
SME_0250,2024-12-01,586.0,14,10.666666666666666,24.0,False,0.0,True,False,,31.0,Manufacturing,South East,Medium,11,103157.84
SME_0250,2025-01-01,581.0,9,12.333333333333334,18.0,False,0.0,True,False,,32.0,Manufacturing,South East,Medium,11,103157.84
SME_0250,2025-02-01,586.0,4,11.0,-7.0,False,0.0,True,False,,33.0,Manufacturing,South East,Medium,11,103157.84
SME_0250,2025-03-01,592.0,14,9.0,6.0,False,0.0,True,False,,34.0,Manufacturing,South East,Medium,11,103157.84
SME_0250,2025-04-01,596.0,6,9.0,15.0,False,0.0,True,False,,35.0,Manufacturing,South East,Medium,11,103157.84
SME_0250,2025-05-01,590.0,10,8.0,4.0,False,0.0,True,False,,36.0,Manufacturing,South East,Medium,11,103157.84
SME_0250,2025-06-01,608.0,7,10.0,16.0,False,0.0,True,False,,37.0,Manufacturing,South East,Medium,11,103157.84
SME_0250,2025-07-01,610.0,8,7.666666666666667,14.0,False,0.0,True,False,,38.0,Manufacturing,South East,Medium,11,103157.84
SME_0250,2025-08-01,611.0,10,8.333333333333334,21.0,False,0.0,True,False,,39.0,Manufacturing,South East,Medium,11,103157.84
SME_0250,2025-09-01,616.0,12,8.333333333333334,8.0,True,0.0,True,False,,40.0,Manufacturing,South East,Medium,11,103157.84
SME_0250,2025-10-01,605.0,11,10.0,-5.0,False,0.0,True,False,,41.0,Manufacturing,South East,Medium,11,103157.84
SME_0250,2025-11-01,599.0,10,11.0,-12.0,False,0.0,True,False,,42.0,Manufacturing,South East,Medium,11,103157.84
SME_0250,2025-12-01,590.0,11,11.0,-26.0,False,0.0,True,False,,43.0,Manufacturing,South East,Medium,11,103157.84
SME_0250,2026-01-01,566.0,8,10.666666666666666,-39.0,False,0.0,True,False,,44.0,Manufacturing,South East,Medium,11,103157.84
SME_0251,2024-08-01,658.0,8,,,False,0.0,True,False,,17.0,Services,Midlands,Low,74,253267.45
SME_0251,2024-09-01,666.0,11,8.0,,True,0.0,True,False,,18.0,Services,Midlands,Low,74,253267.45
SME_0251,2024-10-01,657.0,10,9.5,,False,0.0,True,False,,19.0,Services,Midlands,Low,74,253267.45
SME_0251,2024-11-01,664.0,14,9.666666666666666,6.0,True,0.0,True,False,,20.0,Services,Midlands,Low,74,253267.45
SME_0251,2024-12-01,678.0,10,11.666666666666666,12.0,False,0.0,True,False,,21.0,Services,Midlands,Low,74,253267.45
SME_0251,2025-01-01,689.0,14,11.333333333333334,32.0,False,0.0,True,False,,22.0,Services,Midlands,Low,74,253267.45
SME_0251,2025-02-01,657.0,9,12.666666666666666,-7.0,False,0.0,True,False,,23.0,Services,Midlands,Low,74,253267.45
SME_0251,2025-03-01,657.0,10,11.0,-21.0,False,0.0,True,False,,24.0,Services,Midlands,Low,74,253267.45
SME_0251,2025-04-01,619.0,16,11.0,-70.0,False,0.0,True,False,,25.0,Services,Midlands,Low,74,253267.45
SME_0251,2025-05-01,625.0,8,11.666666666666666,-32.0,False,0.0,True,False,,26.0,Services,Midlands,Low,74,253267.45
SME_0251,2025-06-01,630.0,8,11.333333333333334,-27.0,False,0.0,True,False,,27.0,Services,Midlands,Low,74,253267.45
SME_0251,2025-07-01,647.0,4,10.666666666666666,28.0,False,0.0,True,False,,28.0,Services,Midlands,Low,74,253267.45
SME_0251,2025-08-01,655.0,12,6.666666666666667,30.0,False,0.0,True,False,,29.0,Services,Midlands,Low,74,253267.45
SME_0251,2025-09-01,674.0,8,8.0,44.0,True,17061.18,True,False,,30.0,Services,Midlands,Low,74,253267.45
SME_0251,2025-10-01,662.0,22,8.0,15.0,False,0.0,True,False,,31.0,Services,Midlands,Low,74,253267.45
SME_0251,2025-11-01,667.0,12,14.0,12.0,False,0.0,True,False,,32.0,Services,Midlands,Low,74,253267.45
SME_0251,2025-12-01,656.0,15,14.0,-18.0,False,0.0,True,False,,33.0,Services,Midlands,Low,74,253267.45
SME_0251,2026-01-01,640.0,9,16.333333333333332,-22.0,False,0.0,True,False,,34.0,Services,Midlands,Low,74,253267.45
SME_0252,2024-08-01,689.0,11,,,False,0.0,True,False,,32.0,Healthcare,North West,Low,134,1570716.52
SME_0252,2024-09-01,681.0,10,11.0,,False,0.0,True,False,,33.0,Healthcare,North West,Low,134,1570716.52
SME_0252,2024-10-01,687.0,12,10.5,,False,0.0,True,False,,34.0,Healthcare,North West,Low,134,1570716.52
SME_0252,2024-11-01,687.0,15,11.0,-2.0,False,0.0,True,False,,35.0,Healthcare,North West,Low,134,1570716.52
SME_0252,2024-12-01,714.0,20,12.333333333333334,33.0,False,0.0,True,False,,36.0,Healthcare,North West,Low,134,1570716.52
SME_0252,2025-01-01,717.0,15,15.666666666666666,30.0,False,0.0,True,False,,37.0,Healthcare,North West,Low,134,1570716.52
SME_0252,2025-02-01,734.0,13,16.666666666666668,47.0,True,21040.75,True,False,,38.0,Healthcare,North West,Low,134,1570716.52
SME_0252,2025-03-01,714.0,13,16.0,0.0,False,0.0,True,False,,39.0,Healthcare,North West,Low,134,1570716.52
SME_0252,2025-04-01,722.0,16,13.666666666666666,5.0,False,0.0,True,False,,40.0,Healthcare,North West,Low,134,1570716.52
SME_0252,2025-05-01,706.0,14,14.0,-28.0,False,0.0,True,False,,41.0,Healthcare,North West,Low,134,1570716.52
SME_0252,2025-06-01,712.0,18,14.333333333333334,-2.0,False,0.0,True,False,,42.0,Healthcare,North West,Low,134,1570716.52
SME_0252,2025-07-01,717.0,20,16.0,-5.0,False,0.0,True,False,,43.0,Healthcare,North West,Low,134,1570716.52
SME_0252,2025-08-01,725.0,17,17.333333333333332,19.0,False,0.0,True,False,,44.0,Healthcare,North West,Low,134,1570716.52
SME_0252,2025-09-01,716.0,8,18.333333333333332,4.0,False,0.0,True,False,,45.0,Healthcare,North West,Low,134,1570716.52
SME_0252,2025-10-01,714.0,7,15.0,-3.0,False,0.0,True,False,,46.0,Healthcare,North West,Low,134,1570716.52
SME_0252,2025-11-01,700.0,14,10.666666666666666,-25.0,False,0.0,True,False,,47.0,Healthcare,North West,Low,134,1570716.52
SME_0252,2025-12-01,713.0,14,9.666666666666666,-3.0,True,0.0,True,False,,48.0,Healthcare,North West,Low,134,1570716.52
SME_0252,2026-01-01,714.0,16,11.666666666666666,0.0,True,46529.32,True,False,,49.0,Healthcare,North West,Low,134,1570716.52
SME_0253,2024-08-01,629.0,8,,,False,0.0,True,False,,15.0,Manufacturing,London,Medium,152,481782.56
SME_0253,2024-09-01,629.0,9,8.0,,False,0.0,True,False,,16.0,Manufacturing,London,Medium,152,481782.56
SME_0253,2024-10-01,629.0,8,8.5,,False,0.0,True,False,,17.0,Manufacturing,London,Medium,152,481782.56
SME_0253,2024-11-01,617.0,8,8.333333333333334,-12.0,False,0.0,True,False,,18.0,Manufacturing,London,Medium,152,481782.56
SME_0253,2024-12-01,595.0,13,8.333333333333334,-34.0,False,0.0,True,False,,19.0,Manufacturing,London,Medium,152,481782.56
SME_0253,2025-01-01,593.0,9,9.666666666666666,-36.0,False,0.0,True,False,,20.0,Manufacturing,London,Medium,152,481782.56
SME_0253,2025-02-01,590.0,7,10.0,-27.0,False,0.0,True,False,,21.0,Manufacturing,London,Medium,152,481782.56
SME_0253,2025-03-01,610.0,11,9.666666666666666,15.0,False,0.0,True,False,,22.0,Manufacturing,London,Medium,152,481782.56
SME_0253,2025-04-01,623.0,12,9.0,30.0,False,0.0,True,False,,23.0,Manufacturing,London,Medium,152,481782.56
SME_0253,2025-05-01,631.0,19,10.0,41.0,False,0.0,True,False,,24.0,Manufacturing,London,Medium,152,481782.56
SME_0253,2025-06-01,623.0,15,14.0,13.0,False,0.0,True,False,,25.0,Manufacturing,London,Medium,152,481782.56
SME_0253,2025-07-01,622.0,11,15.333333333333334,-1.0,False,0.0,True,False,,26.0,Manufacturing,London,Medium,152,481782.56
SME_0253,2025-08-01,614.0,7,15.0,-17.0,False,0.0,True,False,,27.0,Manufacturing,London,Medium,152,481782.56
SME_0253,2025-09-01,613.0,7,11.0,-10.0,False,0.0,True,False,,28.0,Manufacturing,London,Medium,152,481782.56
SME_0253,2025-10-01,626.0,4,8.333333333333334,4.0,False,0.0,True,False,,29.0,Manufacturing,London,Medium,152,481782.56
SME_0253,2025-11-01,610.0,6,6.0,-4.0,False,0.0,True,False,,30.0,Manufacturing,London,Medium,152,481782.56
SME_0253,2025-12-01,616.0,12,5.666666666666667,3.0,False,0.0,True,False,,31.0,Manufacturing,London,Medium,152,481782.56
SME_0253,2026-01-01,613.0,10,7.333333333333333,-13.0,False,0.0,True,False,,32.0,Manufacturing,London,Medium,152,481782.56
SME_0254,2024-08-01,569.0,6,,,False,0.0,True,False,,29.0,Retail,Scotland,Medium,71,493929.39
SME_0254,2024-09-01,591.0,18,6.0,,False,0.0,True,False,,30.0,Retail,Scotland,Medium,71,493929.39
SME_0254,2024-10-01,573.0,9,12.0,,False,0.0,True,False,,31.0,Retail,Scotland,Medium,71,493929.39
SME_0254,2024-11-01,575.0,13,11.0,6.0,False,0.0,True,False,,32.0,Retail,Scotland,Medium,71,493929.39
SME_0254,2024-12-01,590.0,7,13.333333333333334,-1.0,True,10978.5,True,False,,33.0,Retail,Scotland,Medium,71,493929.39
SME_0254,2025-01-01,572.0,15,9.666666666666666,-1.0,False,0.0,True,False,,34.0,Retail,Scotland,Medium,71,493929.39
SME_0254,2025-02-01,566.0,10,11.666666666666666,-9.0,False,0.0,True,False,,35.0,Retail,Scotland,Medium,71,493929.39
SME_0254,2025-03-01,566.0,11,10.666666666666666,-24.0,False,0.0,True,False,,36.0,Retail,Scotland,Medium,71,493929.39
SME_0254,2025-04-01,572.0,10,12.0,0.0,False,0.0,True,False,,37.0,Retail,Scotland,Medium,71,493929.39
SME_0254,2025-05-01,587.0,6,10.333333333333334,21.0,False,0.0,True,False,,38.0,Retail,Scotland,Medium,71,493929.39
SME_0254,2025-06-01,572.0,15,9.0,6.0,True,0.0,True,False,,39.0,Retail,Scotland,Medium,71,493929.39
SME_0254,2025-07-01,567.0,7,10.333333333333334,-5.0,False,0.0,True,False,,40.0,Retail,Scotland,Medium,71,493929.39
SME_0254,2025-08-01,552.0,9,9.333333333333334,-35.0,False,0.0,True,False,,41.0,Retail,Scotland,Medium,71,493929.39
SME_0254,2025-09-01,553.0,10,10.333333333333334,-19.0,True,0.0,True,False,,42.0,Retail,Scotland,Medium,71,493929.39
SME_0254,2025-10-01,544.0,11,8.666666666666666,-23.0,True,0.0,True,False,,43.0,Retail,Scotland,Medium,71,493929.39
SME_0254,2025-11-01,575.0,12,10.0,23.0,False,0.0,True,False,,44.0,Retail,Scotland,Medium,71,493929.39
SME_0254,2025-12-01,577.0,12,11.0,24.0,False,0.0,True,False,,45.0,Retail,Scotland,Medium,71,493929.39
SME_0254,2026-01-01,582.0,8,11.666666666666666,38.0,False,0.0,True,False,,46.0,Retail,Scotland,Medium,71,493929.39
SME_0255,2024-08-01,575.0,6,,,True,0.0,True,False,,8.0,Retail,South East,Medium,65,337151.55
SME_0255,2024-09-01,572.0,13,6.0,,False,0.0,True,False,,9.0,Retail,South East,Medium,65,337151.55
SME_0255,2024-10-01,577.0,8,9.5,,False,0.0,True,False,,10.0,Retail,South East,Medium,65,337151.55
SME_0255,2024-11-01,566.0,9,9.0,-9.0,True,26962.47,True,False,,11.0,Retail,South East,Medium,65,337151.55
SME_0255,2024-12-01,549.0,8,10.0,-23.0,False,0.0,True,False,,12.0,Retail,South East,Medium,65,337151.55
SME_0255,2025-01-01,538.0,6,8.333333333333334,-39.0,True,0.0,True,False,,13.0,Retail,South East,Medium,65,337151.55
SME_0255,2025-02-01,555.0,4,7.666666666666667,-11.0,False,0.0,True,False,,14.0,Retail,South East,Medium,65,337151.55
SME_0255,2025-03-01,548.0,9,6.0,-1.0,False,0.0,True,False,,15.0,Retail,South East,Medium,65,337151.55
SME_0255,2025-04-01,562.0,10,6.333333333333333,24.0,False,0.0,True,False,,16.0,Retail,South East,Medium,65,337151.55
SME_0255,2025-05-01,549.0,11,7.666666666666667,-6.0,True,0.0,True,False,,17.0,Retail,South East,Medium,65,337151.55
SME_0255,2025-06-01,568.0,2,10.0,20.0,False,0.0,True,False,,18.0,Retail,South East,Medium,65,337151.55
SME_0255,2025-07-01,546.0,1,7.666666666666667,-16.0,False,0.0,True,False,,19.0,Retail,South East,Medium,65,337151.55
SME_0255,2025-08-01,571.0,5,4.666666666666667,22.0,False,0.0,True,False,,20.0,Retail,South East,Medium,65,337151.55
SME_0255,2025-09-01,559.0,2,2.6666666666666665,-9.0,False,0.0,True,False,,21.0,Retail,South East,Medium,65,337151.55
SME_0255,2025-10-01,572.0,4,2.6666666666666665,26.0,False,0.0,True,False,,22.0,Retail,South East,Medium,65,337151.55
SME_0255,2025-11-01,558.0,7,3.6666666666666665,-13.0,False,0.0,True,False,,23.0,Retail,South East,Medium,65,337151.55
SME_0255,2025-12-01,564.0,8,4.333333333333333,5.0,True,0.0,True,False,,24.0,Retail,South East,Medium,65,337151.55
SME_0255,2026-01-01,583.0,6,6.333333333333333,11.0,False,0.0,True,False,,25.0,Retail,South East,Medium,65,337151.55
SME_0256,2024-08-01,725.0,16,,,False,0.0,True,False,,10.0,Technology,South East,Low,157,542757.42
SME_0256,2024-09-01,705.0,16,16.0,,False,0.0,True,False,,11.0,Technology,South East,Low,157,542757.42
SME_0256,2024-10-01,698.0,18,16.0,,False,0.0,True,False,,12.0,Technology,South East,Low,157,542757.42
SME_0256,2024-11-01,725.0,14,16.666666666666668,0.0,False,0.0,True,False,,13.0,Technology,South East,Low,157,542757.42
SME_0256,2024-12-01,735.0,17,16.0,30.0,False,0.0,True,False,,14.0,Technology,South East,Low,157,542757.42
SME_0256,2025-01-01,704.0,9,16.333333333333332,6.0,False,0.0,True,False,,15.0,Technology,South East,Low,157,542757.42
SME_0256,2025-02-01,689.0,22,13.333333333333334,-36.0,False,0.0,True,False,,16.0,Technology,South East,Low,157,542757.42
SME_0256,2025-03-01,714.0,25,16.0,-21.0,False,0.0,True,False,,17.0,Technology,South East,Low,157,542757.42
SME_0256,2025-04-01,737.0,11,18.666666666666668,33.0,True,0.0,True,False,,18.0,Technology,South East,Low,157,542757.42
SME_0256,2025-05-01,714.0,16,19.333333333333332,25.0,False,0.0,True,False,,19.0,Technology,South East,Low,157,542757.42
SME_0256,2025-06-01,708.0,14,17.333333333333332,-6.0,False,0.0,True,False,,20.0,Technology,South East,Low,157,542757.42
SME_0256,2025-07-01,720.0,13,13.666666666666666,-17.0,False,0.0,True,False,,21.0,Technology,South East,Low,157,542757.42
SME_0256,2025-08-01,714.0,16,14.333333333333334,0.0,False,0.0,True,False,,22.0,Technology,South East,Low,157,542757.42
SME_0256,2025-09-01,707.0,8,14.333333333333334,-1.0,False,0.0,True,False,,23.0,Technology,South East,Low,157,542757.42
SME_0256,2025-10-01,704.0,10,12.333333333333334,-16.0,False,0.0,True,False,,24.0,Technology,South East,Low,157,542757.42
SME_0256,2025-11-01,708.0,15,11.333333333333334,-6.0,False,0.0,True,False,,25.0,Technology,South East,Low,157,542757.42
SME_0256,2025-12-01,721.0,15,11.0,14.0,False,0.0,True,False,,26.0,Technology,South East,Low,157,542757.42
SME_0256,2026-01-01,717.0,20,13.333333333333334,13.0,True,68317.98,True,False,,27.0,Technology,South East,Low,157,542757.42
SME_0257,2024-08-01,710.0,12,,,True,11025.02,True,False,,19.0,Technology,Midlands,Low,136,770125.71
SME_0257,2024-09-01,708.0,12,12.0,,False,0.0,True,False,,20.0,Technology,Midlands,Low,136,770125.71
SME_0257,2024-10-01,720.0,16,12.0,,False,0.0,True,False,,21.0,Technology,Midlands,Low,136,770125.71
SME_0257,2024-11-01,732.0,17,13.333333333333334,22.0,False,0.0,True,False,,23.0,Technology,Midlands,Low,136,770125.71
SME_0257,2024-12-01,734.0,21,15.0,26.0,False,0.0,True,False,,23.0,Technology,Midlands,Low,136,770125.71
SME_0257,2025-01-01,712.0,9,18.0,-8.0,False,0.0,True,False,,25.0,Technology,Midlands,Low,136,770125.71
SME_0257,2025-02-01,713.0,12,15.666666666666666,-19.0,False,0.0,True,False,,26.0,Technology,Midlands,Low,136,770125.71
SME_0257,2025-03-01,718.0,11,14.0,-16.0,False,0.0,True,False,,26.0,Technology,Midlands,Low,136,770125.71
SME_0257,2025-04-01,707.0,12,10.666666666666666,-5.0,False,0.0,True,False,,27.0,Technology,Midlands,Low,136,770125.71
SME_0257,2025-05-01,702.0,13,11.666666666666666,-11.0,True,0.0,True,False,,28.0,Technology,Midlands,Low,136,770125.71
SME_0257,2025-06-01,698.0,13,12.0,-20.0,False,0.0,True,False,,29.0,Technology,Midlands,Low,136,770125.71
SME_0257,2025-07-01,706.0,21,12.666666666666666,-1.0,True,16835.57,True,False,,30.0,Technology,Midlands,Low,136,770125.71
SME_0257,2025-08-01,724.0,18,15.666666666666666,22.0,False,0.0,True,False,,31.0,Technology,Midlands,Low,136,770125.71
SME_0257,2025-09-01,712.0,9,17.333333333333332,14.0,False,0.0,True,False,,32.0,Technology,Midlands,Low,136,770125.71
SME_0257,2025-10-01,707.0,18,16.0,1.0,False,0.0,True,False,,33.0,Technology,Midlands,Low,136,770125.71
SME_0257,2025-11-01,705.0,25,15.0,-19.0,True,57427.07,True,False,,34.0,Technology,Midlands,Low,136,770125.71
SME_0257,2025-12-01,709.0,12,17.333333333333332,-3.0,False,0.0,True,False,,35.0,Technology,Midlands,Low,136,770125.71
SME_0257,2026-01-01,726.0,9,18.333333333333332,19.0,False,0.0,True,False,,36.0,Technology,Midlands,Low,136,770125.71
SME_0258,2024-08-01,467.0,5,,,False,0.0,True,False,,20.0,Retail,Midlands,High,166,129370.27
SME_0258,2024-09-01,480.0,3,5.0,,False,0.0,True,False,,22.0,Retail,Midlands,High,166,129370.27
SME_0258,2024-10-01,495.0,9,4.0,,False,0.0,True,False,,23.0,Retail,Midlands,High,166,129370.27
SME_0258,2024-11-01,508.0,4,5.666666666666667,41.0,False,0.0,True,False,,24.0,Retail,Midlands,High,166,129370.27
SME_0258,2024-12-01,517.0,3,5.333333333333333,37.0,False,0.0,True,False,,25.0,Retail,Midlands,High,166,129370.27
SME_0258,2025-01-01,509.0,4,5.333333333333333,14.0,False,0.0,True,False,,26.0,Retail,Midlands,High,166,129370.27
SME_0258,2025-02-01,492.0,9,3.6666666666666665,-16.0,False,0.0,True,False,,27.0,Retail,Midlands,High,166,129370.27
SME_0258,2025-03-01,515.0,8,5.333333333333333,-2.0,False,0.0,True,False,,27.0,Retail,Midlands,High,166,129370.27
SME_0258,2025-04-01,503.0,8,7.0,-6.0,False,0.0,True,False,,28.0,Retail,Midlands,High,166,129370.27
SME_0258,2025-05-01,498.0,10,8.333333333333334,6.0,False,0.0,True,False,,29.0,Retail,Midlands,High,166,129370.27
SME_0258,2025-06-01,495.0,3,8.666666666666666,-20.0,False,0.0,True,False,,30.0,Retail,Midlands,High,166,129370.27
SME_0258,2025-07-01,501.0,4,7.0,-2.0,False,0.0,True,False,,31.0,Retail,Midlands,High,166,129370.27
SME_0258,2025-08-01,487.0,6,5.666666666666667,-11.0,False,0.0,True,False,,32.0,Retail,Midlands,High,166,129370.27
SME_0258,2025-09-01,492.0,5,4.333333333333333,-3.0,False,0.0,True,False,,34.0,Retail,Midlands,High,166,129370.27
SME_0258,2025-10-01,487.0,5,5.0,-14.0,False,0.0,True,False,,34.0,Retail,Midlands,High,166,129370.27
SME_0258,2025-11-01,470.0,6,5.333333333333333,-17.0,False,0.0,True,False,,36.0,Retail,Midlands,High,166,129370.27
SME_0258,2025-12-01,453.0,4,5.333333333333333,-39.0,False,0.0,True,False,,36.0,Retail,Midlands,High,166,129370.27
SME_0258,2026-01-01,458.0,4,5.0,-29.0,False,0.0,True,False,,38.0,Retail,Midlands,High,166,129370.27
SME_0259,2024-08-01,432.0,5,,,False,0.0,True,False,,27.0,Retail,Scotland,High,181,446142.6
SME_0259,2024-09-01,439.0,3,5.0,,False,0.0,True,False,,28.0,Retail,Scotland,High,181,446142.6
SME_0259,2024-10-01,463.0,7,4.0,,False,0.0,True,False,,29.0,Retail,Scotland,High,181,446142.6
SME_0259,2024-11-01,455.0,3,5.0,23.0,False,0.0,True,False,,30.0,Retail,Scotland,High,181,446142.6
SME_0259,2024-12-01,441.0,3,4.333333333333333,2.0,False,0.0,True,False,,31.0,Retail,Scotland,High,181,446142.6
SME_0259,2025-01-01,440.0,6,4.333333333333333,-23.0,False,0.0,True,False,,32.0,Retail,Scotland,High,181,446142.6
SME_0259,2025-02-01,448.0,4,4.0,-7.0,False,0.0,True,False,,33.0,Retail,Scotland,High,181,446142.6
SME_0259,2025-03-01,442.0,5,4.333333333333333,1.0,True,0.0,True,False,,34.0,Retail,Scotland,High,181,446142.6
SME_0259,2025-04-01,411.0,4,5.0,-29.0,False,0.0,True,False,,35.0,Retail,Scotland,High,181,446142.6
SME_0259,2025-05-01,414.0,3,4.333333333333333,-34.0,False,0.0,True,False,,36.0,Retail,Scotland,High,181,446142.6
SME_0259,2025-06-01,425.0,0,4.0,-17.0,False,0.0,True,False,,37.0,Retail,Scotland,High,181,446142.6
SME_0259,2025-07-01,434.0,1,2.3333333333333335,23.0,False,0.0,True,False,,38.0,Retail,Scotland,High,181,446142.6
SME_0259,2025-08-01,410.0,6,1.3333333333333333,-4.0,False,0.0,True,False,,39.0,Retail,Scotland,High,181,446142.6
SME_0259,2025-09-01,425.0,1,2.3333333333333335,0.0,False,0.0,True,False,,40.0,Retail,Scotland,High,181,446142.6
SME_0259,2025-10-01,435.0,1,2.6666666666666665,1.0,False,0.0,True,False,,41.0,Retail,Scotland,High,181,446142.6
SME_0259,2025-11-01,433.0,2,2.6666666666666665,23.0,False,0.0,True,False,,42.0,Retail,Scotland,High,181,446142.6
SME_0259,2025-12-01,447.0,4,1.3333333333333333,22.0,False,0.0,True,False,,43.0,Retail,Scotland,High,181,446142.6
SME_0259,2026-01-01,443.0,2,2.3333333333333335,8.0,False,0.0,True,False,,44.0,Retail,Scotland,High,181,446142.6
SME_0260,2024-08-01,704.0,15,,,False,0.0,True,False,,11.0,Services,Scotland,Low,164,135599.65
SME_0260,2024-09-01,700.0,17,15.0,,True,24558.43,True,False,,12.0,Services,Scotland,Low,164,135599.65
SME_0260,2024-10-01,691.0,10,16.0,,False,0.0,True,False,,13.0,Services,Scotland,Low,164,135599.65
SME_0260,2024-11-01,704.0,20,14.0,0.0,True,31919.91,True,False,,14.0,Services,Scotland,Low,164,135599.65
SME_0260,2024-12-01,700.0,14,15.666666666666666,0.0,True,0.0,True,False,,15.0,Services,Scotland,Low,164,135599.65
SME_0260,2025-01-01,707.0,10,14.666666666666666,16.0,False,0.0,True,False,,16.0,Services,Scotland,Low,164,135599.65
SME_0260,2025-02-01,696.0,14,14.666666666666666,-8.0,False,0.0,True,False,,17.0,Services,Scotland,Low,164,135599.65
SME_0260,2025-03-01,711.0,11,12.666666666666666,11.0,True,0.0,True,False,,18.0,Services,Scotland,Low,164,135599.65
SME_0260,2025-04-01,710.0,16,11.666666666666666,3.0,False,0.0,True,False,,19.0,Services,Scotland,Low,164,135599.65
SME_0260,2025-05-01,709.0,15,13.666666666666666,13.0,False,0.0,True,False,,20.0,Services,Scotland,Low,164,135599.65
SME_0260,2025-06-01,697.0,11,14.0,-14.0,False,0.0,True,False,,21.0,Services,Scotland,Low,164,135599.65
SME_0260,2025-07-01,700.0,18,14.0,-10.0,False,0.0,True,False,,22.0,Services,Scotland,Low,164,135599.65
SME_0260,2025-08-01,718.0,14,14.666666666666666,9.0,False,0.0,True,False,,23.0,Services,Scotland,Low,164,135599.65
SME_0260,2025-09-01,721.0,17,14.333333333333334,24.0,True,16666.85,True,False,,24.0,Services,Scotland,Low,164,135599.65
SME_0260,2025-10-01,704.0,16,16.333333333333332,4.0,False,0.0,True,False,,25.0,Services,Scotland,Low,164,135599.65
SME_0260,2025-11-01,708.0,15,15.666666666666666,-10.0,True,24854.81,True,False,,26.0,Services,Scotland,Low,164,135599.65
SME_0260,2025-12-01,703.0,16,16.0,-18.0,False,0.0,True,False,,27.0,Services,Scotland,Low,164,135599.65
SME_0260,2026-01-01,704.0,14,15.666666666666666,0.0,False,0.0,True,False,,28.0,Services,Scotland,Low,164,135599.65
SME_0261,2024-08-01,669.0,14,,,False,0.0,True,False,,32.0,Retail,Scotland,Medium,187,501209.08
SME_0261,2024-09-01,675.0,17,14.0,,True,0.0,True,False,,33.0,Retail,Scotland,Medium,187,501209.08
SME_0261,2024-10-01,678.0,18,15.5,,True,0.0,True,False,,34.0,Retail,Scotland,Medium,187,501209.08
SME_0261,2024-11-01,664.0,9,16.333333333333332,-5.0,False,0.0,True,False,,35.0,Retail,Scotland,Medium,187,501209.08
SME_0261,2024-12-01,663.0,9,14.666666666666666,-12.0,True,0.0,True,False,,36.0,Retail,Scotland,Medium,187,501209.08
SME_0261,2025-01-01,635.0,11,12.0,-43.0,False,0.0,True,False,,37.0,Retail,Scotland,Medium,187,501209.08
SME_0261,2025-02-01,664.0,13,9.666666666666666,0.0,False,0.0,True,False,,38.0,Retail,Scotland,Medium,187,501209.08
SME_0261,2025-03-01,675.0,11,11.0,12.0,False,0.0,True,False,,39.0,Retail,Scotland,Medium,187,501209.08
SME_0261,2025-04-01,667.0,12,11.666666666666666,32.0,False,0.0,True,False,,40.0,Retail,Scotland,Medium,187,501209.08
SME_0261,2025-05-01,652.0,10,12.0,-12.0,False,0.0,True,False,,41.0,Retail,Scotland,Medium,187,501209.08
SME_0261,2025-06-01,675.0,10,11.0,0.0,False,0.0,True,False,,42.0,Retail,Scotland,Medium,187,501209.08
SME_0261,2025-07-01,687.0,15,10.666666666666666,20.0,False,0.0,True,False,,43.0,Retail,Scotland,Medium,187,501209.08
SME_0261,2025-08-01,688.0,16,11.666666666666666,36.0,False,0.0,True,False,,44.0,Retail,Scotland,Medium,187,501209.08
SME_0261,2025-09-01,711.0,7,13.666666666666666,36.0,True,43500.65,True,False,,45.0,Retail,Scotland,Medium,187,501209.08
SME_0261,2025-10-01,718.0,19,12.666666666666666,31.0,True,0.0,True,False,,46.0,Retail,Scotland,Medium,187,501209.08
SME_0261,2025-11-01,701.0,12,14.0,13.0,False,0.0,True,False,,47.0,Retail,Scotland,Medium,187,501209.08
SME_0261,2025-12-01,715.0,16,12.666666666666666,4.0,True,0.0,True,False,,48.0,Retail,Scotland,Medium,187,501209.08
SME_0261,2026-01-01,702.0,14,15.666666666666666,-16.0,False,0.0,True,False,,49.0,Retail,Scotland,Medium,187,501209.08
SME_0262,2024-08-01,568.0,7,,,False,0.0,True,False,,13.0,Technology,London,High,83,349908.54
SME_0262,2024-09-01,540.0,8,7.0,,True,0.0,True,False,,14.0,Technology,London,High,83,349908.54
SME_0262,2024-10-01,521.0,8,7.5,,False,0.0,True,False,,15.0,Technology,London,High,83,349908.54
SME_0262,2024-11-01,512.0,5,7.666666666666667,-56.0,False,0.0,True,False,,16.0,Technology,London,High,83,349908.54
SME_0262,2024-12-01,527.0,9,7.0,-13.0,False,0.0,True,False,,17.0,Technology,London,High,83,349908.54
SME_0262,2025-01-01,521.0,6,7.333333333333333,0.0,False,0.0,True,False,,18.0,Technology,London,High,83,349908.54
SME_0262,2025-02-01,526.0,5,6.666666666666667,14.0,False,0.0,True,False,,19.0,Technology,London,High,83,349908.54
SME_0262,2025-03-01,520.0,7,6.666666666666667,-7.0,True,0.0,True,False,,20.0,Technology,London,High,83,349908.54
SME_0262,2025-04-01,540.0,13,6.0,19.0,False,0.0,True,False,,21.0,Technology,London,High,83,349908.54
SME_0262,2025-05-01,561.0,9,8.333333333333334,35.0,False,0.0,True,False,,22.0,Technology,London,High,83,349908.54
SME_0262,2025-06-01,557.0,7,9.666666666666666,37.0,False,0.0,True,False,,23.0,Technology,London,High,83,349908.54
SME_0262,2025-07-01,554.0,7,9.666666666666666,14.0,False,0.0,True,False,,24.0,Technology,London,High,83,349908.54
SME_0262,2025-08-01,553.0,10,7.666666666666667,-8.0,False,0.0,True,False,,25.0,Technology,London,High,83,349908.54
SME_0262,2025-09-01,570.0,6,8.0,13.0,False,0.0,True,False,,26.0,Technology,London,High,83,349908.54
SME_0262,2025-10-01,596.0,9,7.666666666666667,42.0,False,0.0,True,False,,27.0,Technology,London,High,83,349908.54
SME_0262,2025-11-01,586.0,4,8.333333333333334,33.0,False,0.0,True,False,,28.0,Technology,London,High,83,349908.54
SME_0262,2025-12-01,574.0,1,6.333333333333333,4.0,False,0.0,True,False,,29.0,Technology,London,High,83,349908.54
SME_0262,2026-01-01,563.0,5,4.666666666666667,-33.0,False,0.0,True,False,,30.0,Technology,London,High,83,349908.54
SME_0263,2024-08-01,456.0,3,,,False,0.0,True,False,,20.0,Manufacturing,North West,High,79,149291.11
SME_0263,2024-09-01,475.0,7,3.0,,False,0.0,True,False,,21.0,Manufacturing,North West,High,79,149291.11
SME_0263,2024-10-01,469.0,2,5.0,,False,0.0,True,False,,22.0,Manufacturing,North West,High,79,149291.11
SME_0263,2024-11-01,456.0,10,4.0,0.0,False,0.0,True,False,,23.0,Manufacturing,North West,High,79,149291.11
SME_0263,2024-12-01,466.0,6,6.333333333333333,-9.0,False,0.0,True,False,,24.0,Manufacturing,North West,High,79,149291.11
SME_0263,2025-01-01,473.0,2,6.0,4.0,False,0.0,True,False,,25.0,Manufacturing,North West,High,79,149291.11
SME_0263,2025-02-01,482.0,2,6.0,26.0,True,0.0,True,False,,26.0,Manufacturing,North West,High,79,149291.11
SME_0263,2025-03-01,470.0,4,3.3333333333333335,4.0,False,0.0,True,False,,27.0,Manufacturing,North West,High,79,149291.11
SME_0263,2025-04-01,452.0,7,2.6666666666666665,-21.0,False,0.0,True,False,,28.0,Manufacturing,North West,High,79,149291.11
SME_0263,2025-05-01,448.0,1,4.333333333333333,-34.0,False,0.0,True,False,,29.0,Manufacturing,North West,High,79,149291.11
SME_0263,2025-06-01,452.0,3,4.0,-18.0,False,0.0,True,False,,30.0,Manufacturing,North West,High,79,149291.11
SME_0263,2025-07-01,441.0,3,3.6666666666666665,-11.0,False,0.0,True,False,,31.0,Manufacturing,North West,High,79,149291.11
SME_0263,2025-08-01,463.0,0,2.3333333333333335,15.0,False,0.0,True,False,,32.0,Manufacturing,North West,High,79,149291.11
SME_0263,2025-09-01,469.0,4,2.0,17.0,False,0.0,True,False,,33.0,Manufacturing,North West,High,79,149291.11
SME_0263,2025-10-01,469.0,4,2.3333333333333335,28.0,False,0.0,True,False,,34.0,Manufacturing,North West,High,79,149291.11
SME_0263,2025-11-01,471.0,3,2.6666666666666665,8.0,False,0.0,True,False,,35.0,Manufacturing,North West,High,79,149291.11
SME_0263,2025-12-01,485.0,5,3.6666666666666665,16.0,False,0.0,True,False,,36.0,Manufacturing,North West,High,79,149291.11
SME_0263,2026-01-01,491.0,9,4.0,22.0,False,0.0,True,False,,37.0,Manufacturing,North West,High,79,149291.11
SME_0264,2024-08-01,632.0,10,,,False,0.0,True,False,,34.0,Retail,Midlands,Medium,64,299101.45
SME_0264,2024-09-01,608.0,8,10.0,,False,0.0,True,False,,35.0,Retail,Midlands,Medium,64,299101.45
SME_0264,2024-10-01,590.0,12,9.0,,False,0.0,True,False,,36.0,Retail,Midlands,Medium,64,299101.45
SME_0264,2024-11-01,585.0,13,10.0,-47.0,False,0.0,True,False,,37.0,Retail,Midlands,Medium,64,299101.45
SME_0264,2024-12-01,568.0,7,11.0,-40.0,False,0.0,True,False,,38.0,Retail,Midlands,Medium,64,299101.45
SME_0264,2025-01-01,559.0,8,10.666666666666666,-31.0,False,0.0,True,False,,39.0,Retail,Midlands,Medium,64,299101.45
SME_0264,2025-02-01,582.0,7,9.333333333333334,-3.0,False,0.0,True,False,,40.0,Retail,Midlands,Medium,64,299101.45
SME_0264,2025-03-01,584.0,3,7.333333333333333,16.0,True,0.0,True,False,,41.0,Retail,Midlands,Medium,64,299101.45
SME_0264,2025-04-01,556.0,4,6.0,-3.0,False,0.0,True,False,,42.0,Retail,Midlands,Medium,64,299101.45
SME_0264,2025-05-01,541.0,10,4.666666666666667,-41.0,False,0.0,True,False,,43.0,Retail,Midlands,Medium,64,299101.45
SME_0264,2025-06-01,544.0,7,5.666666666666667,-40.0,False,0.0,True,False,,44.0,Retail,Midlands,Medium,64,299101.45
SME_0264,2025-07-01,565.0,8,7.0,9.0,False,0.0,True,False,,45.0,Retail,Midlands,Medium,64,299101.45
SME_0264,2025-08-01,554.0,6,8.333333333333334,13.0,False,0.0,True,False,,46.0,Retail,Midlands,Medium,64,299101.45
SME_0264,2025-09-01,553.0,5,7.0,9.0,False,0.0,True,False,,47.0,Retail,Midlands,Medium,64,299101.45
SME_0264,2025-10-01,560.0,8,6.333333333333333,-5.0,True,0.0,True,False,,48.0,Retail,Midlands,Medium,64,299101.45
SME_0264,2025-11-01,541.0,11,6.333333333333333,-13.0,False,0.0,True,False,,49.0,Retail,Midlands,Medium,64,299101.45
SME_0264,2025-12-01,550.0,5,8.0,-3.0,False,0.0,True,False,,50.0,Retail,Midlands,Medium,64,299101.45
SME_0264,2026-01-01,538.0,5,8.0,-22.0,False,0.0,True,False,,51.0,Retail,Midlands,Medium,64,299101.45
SME_0265,2024-08-01,679.0,16,,,True,0.0,True,False,,20.0,Healthcare,Midlands,Low,47,239574.76
SME_0265,2024-09-01,661.0,12,16.0,,False,0.0,True,False,,21.0,Healthcare,Midlands,Low,47,239574.76
SME_0265,2024-10-01,680.0,17,14.0,,False,0.0,True,False,,22.0,Healthcare,Midlands,Low,47,239574.76
SME_0265,2024-11-01,694.0,13,15.0,15.0,False,0.0,True,False,,23.0,Healthcare,Midlands,Low,47,239574.76
SME_0265,2024-12-01,699.0,7,14.0,38.0,True,53329.54,True,False,,24.0,Healthcare,Midlands,Low,47,239574.76
SME_0265,2025-01-01,683.0,15,12.333333333333334,3.0,False,0.0,True,False,,25.0,Healthcare,Midlands,Low,47,239574.76
SME_0265,2025-02-01,677.0,21,11.666666666666666,-17.0,True,39804.78,True,False,,26.0,Healthcare,Midlands,Low,47,239574.76
SME_0265,2025-03-01,687.0,15,14.333333333333334,-12.0,False,0.0,True,False,,27.0,Healthcare,Midlands,Low,47,239574.76
SME_0265,2025-04-01,676.0,7,17.0,-7.0,True,0.0,True,False,,28.0,Healthcare,Midlands,Low,47,239574.76
SME_0265,2025-05-01,685.0,16,14.333333333333334,8.0,False,0.0,True,False,,29.0,Healthcare,Midlands,Low,47,239574.76
SME_0265,2025-06-01,712.0,16,12.666666666666666,25.0,True,10708.04,True,False,,30.0,Healthcare,Midlands,Low,47,239574.76
SME_0265,2025-07-01,712.0,14,13.0,36.0,True,0.0,True,False,,31.0,Healthcare,Midlands,Low,47,239574.76
SME_0265,2025-08-01,719.0,8,15.333333333333334,34.0,False,0.0,True,False,,32.0,Healthcare,Midlands,Low,47,239574.76
SME_0265,2025-09-01,697.0,15,12.666666666666666,-15.0,False,0.0,True,False,,33.0,Healthcare,Midlands,Low,47,239574.76
SME_0265,2025-10-01,689.0,8,12.333333333333334,-23.0,False,0.0,True,False,,34.0,Healthcare,Midlands,Low,47,239574.76
SME_0265,2025-11-01,686.0,18,10.333333333333334,-33.0,False,0.0,True,False,,35.0,Healthcare,Midlands,Low,47,239574.76
SME_0265,2025-12-01,665.0,15,13.666666666666666,-32.0,False,0.0,True,False,,36.0,Healthcare,Midlands,Low,47,239574.76
SME_0265,2026-01-01,666.0,12,13.666666666666666,-23.0,False,0.0,True,False,,37.0,Healthcare,Midlands,Low,47,239574.76
SME_0266,2024-08-01,728.0,23,,,False,0.0,True,False,,25.0,Retail,South East,Low,150,172078.73
SME_0266,2024-09-01,719.0,10,23.0,,False,0.0,True,False,,26.0,Retail,South East,Low,150,172078.73
SME_0266,2024-10-01,737.0,17,16.5,,False,0.0,True,False,,27.0,Retail,South East,Low,150,172078.73
SME_0266,2024-11-01,736.0,13,16.666666666666668,8.0,False,0.0,True,False,,28.0,Retail,South East,Low,150,172078.73
SME_0266,2024-12-01,729.0,16,13.333333333333334,10.0,True,0.0,True,False,,29.0,Retail,South East,Low,150,172078.73
SME_0266,2025-01-01,741.0,19,15.333333333333334,4.0,False,0.0,True,False,,30.0,Retail,South East,Low,150,172078.73
SME_0266,2025-02-01,752.0,5,16.0,16.0,False,0.0,True,False,,31.0,Retail,South East,Low,150,172078.73
SME_0266,2025-03-01,756.0,11,13.333333333333334,27.0,False,0.0,True,False,,32.0,Retail,South East,Low,150,172078.73
SME_0266,2025-04-01,762.0,14,11.666666666666666,21.0,False,0.0,True,False,,33.0,Retail,South East,Low,150,172078.73
SME_0266,2025-05-01,770.0,11,10.0,18.0,False,0.0,True,False,,34.0,Retail,South East,Low,150,172078.73
SME_0266,2025-06-01,755.0,22,12.0,-1.0,False,0.0,True,False,,35.0,Retail,South East,Low,150,172078.73
SME_0266,2025-07-01,766.0,16,15.666666666666666,4.0,False,0.0,True,False,,36.0,Retail,South East,Low,150,172078.73
SME_0266,2025-08-01,773.0,22,16.333333333333332,3.0,False,0.0,True,False,,37.0,Retail,South East,Low,150,172078.73
SME_0266,2025-09-01,759.0,13,20.0,4.0,True,55982.11,True,False,,38.0,Retail,South East,Low,150,172078.73
SME_0266,2025-10-01,753.0,13,17.0,-13.0,False,0.0,True,False,,39.0,Retail,South East,Low,150,172078.73
SME_0266,2025-11-01,759.0,14,16.0,-14.0,False,0.0,True,False,,40.0,Retail,South East,Low,150,172078.73
SME_0266,2025-12-01,735.0,8,13.333333333333334,-24.0,False,0.0,True,False,,41.0,Retail,South East,Low,150,172078.73
SME_0266,2026-01-01,735.0,9,11.666666666666666,-18.0,False,0.0,True,False,,42.0,Retail,South East,Low,150,172078.73
SME_0267,2024-08-01,660.0,9,,,False,0.0,True,False,,33.0,Manufacturing,North West,Low,143,275301.17
SME_0267,2024-09-01,664.0,17,9.0,,False,0.0,True,False,,34.0,Manufacturing,North West,Low,143,275301.17
SME_0267,2024-10-01,694.0,12,13.0,,False,0.0,True,False,,35.0,Manufacturing,North West,Low,143,275301.17
SME_0267,2024-11-01,706.0,18,12.666666666666666,46.0,False,0.0,True,False,,36.0,Manufacturing,North West,Low,143,275301.17
SME_0267,2024-12-01,702.0,11,15.666666666666666,38.0,False,0.0,True,False,,37.0,Manufacturing,North West,Low,143,275301.17
SME_0267,2025-01-01,698.0,17,13.666666666666666,4.0,False,0.0,True,False,,38.0,Manufacturing,North West,Low,143,275301.17
SME_0267,2025-02-01,688.0,12,15.333333333333334,-18.0,True,0.0,True,False,,39.0,Manufacturing,North West,Low,143,275301.17
SME_0267,2025-03-01,666.0,14,13.333333333333334,-36.0,False,0.0,True,False,,40.0,Manufacturing,North West,Low,143,275301.17
SME_0267,2025-04-01,664.0,15,14.333333333333334,-34.0,False,0.0,True,False,,41.0,Manufacturing,North West,Low,143,275301.17
SME_0267,2025-05-01,664.0,7,13.666666666666666,-24.0,False,0.0,True,False,,42.0,Manufacturing,North West,Low,143,275301.17
SME_0267,2025-06-01,674.0,21,12.0,8.0,True,0.0,True,False,,43.0,Manufacturing,North West,Low,143,275301.17
SME_0267,2025-07-01,664.0,15,14.333333333333334,0.0,False,0.0,True,False,,44.0,Manufacturing,North West,Low,143,275301.17
SME_0267,2025-08-01,665.0,14,14.333333333333334,1.0,True,42692.76,True,False,,45.0,Manufacturing,North West,Low,143,275301.17
SME_0267,2025-09-01,662.0,12,16.666666666666668,-12.0,False,0.0,True,False,,46.0,Manufacturing,North West,Low,143,275301.17
SME_0267,2025-10-01,657.0,12,13.666666666666666,-7.0,True,0.0,True,False,,47.0,Manufacturing,North West,Low,143,275301.17
SME_0267,2025-11-01,635.0,17,12.666666666666666,-30.0,False,0.0,True,False,,48.0,Manufacturing,North West,Low,143,275301.17
SME_0267,2025-12-01,647.0,14,13.666666666666666,-15.0,False,0.0,True,False,,49.0,Manufacturing,North West,Low,143,275301.17
SME_0267,2026-01-01,661.0,15,14.333333333333334,4.0,True,8090.31,True,False,,50.0,Manufacturing,North West,Low,143,275301.17
SME_0268,2024-08-01,586.0,8,,,False,0.0,True,False,,35.0,Retail,Midlands,Medium,160,126113.19
SME_0268,2024-09-01,597.0,10,8.0,,False,0.0,True,False,,36.0,Retail,Midlands,Medium,160,126113.19
SME_0268,2024-10-01,588.0,5,9.0,,False,0.0,True,False,,37.0,Retail,Midlands,Medium,160,126113.19
SME_0268,2024-11-01,588.0,8,7.666666666666667,2.0,False,0.0,True,False,,38.0,Retail,Midlands,Medium,160,126113.19
SME_0268,2024-12-01,591.0,12,7.666666666666667,-6.0,True,27457.75,True,False,,39.0,Retail,Midlands,Medium,160,126113.19
SME_0268,2025-01-01,578.0,3,8.333333333333334,-10.0,False,0.0,True,False,,40.0,Retail,Midlands,Medium,160,126113.19
SME_0268,2025-02-01,593.0,8,7.666666666666667,5.0,False,0.0,True,False,,41.0,Retail,Midlands,Medium,160,126113.19
SME_0268,2025-03-01,599.0,9,7.666666666666667,8.0,False,0.0,True,False,,42.0,Retail,Midlands,Medium,160,126113.19
SME_0268,2025-04-01,582.0,4,6.666666666666667,4.0,False,0.0,True,False,,43.0,Retail,Midlands,Medium,160,126113.19
SME_0268,2025-05-01,579.0,4,7.0,-14.0,False,0.0,True,False,,44.0,Retail,Midlands,Medium,160,126113.19
SME_0268,2025-06-01,586.0,10,5.666666666666667,-13.0,False,0.0,True,False,,45.0,Retail,Midlands,Medium,160,126113.19
SME_0268,2025-07-01,582.0,6,6.0,0.0,False,0.0,True,False,,46.0,Retail,Midlands,Medium,160,126113.19
SME_0268,2025-08-01,574.0,8,6.666666666666667,-5.0,False,0.0,True,False,,47.0,Retail,Midlands,Medium,160,126113.19
SME_0268,2025-09-01,579.0,3,8.0,-7.0,False,0.0,True,False,,48.0,Retail,Midlands,Medium,160,126113.19
SME_0268,2025-10-01,585.0,5,5.666666666666667,3.0,False,0.0,True,False,,49.0,Retail,Midlands,Medium,160,126113.19
SME_0268,2025-11-01,553.0,8,5.333333333333333,-21.0,False,0.0,True,False,,50.0,Retail,Midlands,Medium,160,126113.19
SME_0268,2025-12-01,560.0,9,5.333333333333333,-19.0,False,0.0,True,False,,51.0,Retail,Midlands,Medium,160,126113.19
SME_0268,2026-01-01,563.0,2,7.333333333333333,-22.0,False,0.0,True,False,,52.0,Retail,Midlands,Medium,160,126113.19
SME_0269,2024-08-01,454.0,6,,,False,0.0,True,False,,19.0,Retail,South East,High,34,324159.03
SME_0269,2024-09-01,449.0,5,6.0,,False,0.0,True,False,,20.0,Retail,South East,High,34,324159.03
SME_0269,2024-10-01,445.0,10,5.5,,False,0.0,True,False,,21.0,Retail,South East,High,34,324159.03
SME_0269,2024-11-01,446.0,6,7.0,-8.0,False,0.0,True,False,,22.0,Retail,South East,High,34,324159.03
SME_0269,2024-12-01,453.0,3,7.0,4.0,False,0.0,True,False,,23.0,Retail,South East,High,34,324159.03
SME_0269,2025-01-01,475.0,9,6.333333333333333,30.0,True,0.0,True,False,,24.0,Retail,South East,High,34,324159.03
SME_0269,2025-02-01,464.0,6,6.0,18.0,False,0.0,True,False,,25.0,Retail,South East,High,34,324159.03
SME_0269,2025-03-01,452.0,3,6.0,-1.0,False,0.0,True,False,,25.0,Retail,South East,High,34,324159.03
SME_0269,2025-04-01,450.0,4,6.0,-25.0,False,0.0,True,False,,27.0,Retail,South East,High,34,324159.03
SME_0269,2025-05-01,435.0,6,4.333333333333333,-29.0,False,0.0,True,False,,27.0,Retail,South East,High,34,324159.03
SME_0269,2025-06-01,419.0,6,4.333333333333333,-33.0,False,0.0,True,False,,29.0,Retail,South East,High,34,324159.03
SME_0269,2025-07-01,438.0,1,5.333333333333333,-12.0,False,0.0,True,False,,30.0,Retail,South East,High,34,324159.03
SME_0269,2025-08-01,453.0,2,4.333333333333333,18.0,False,0.0,True,False,,31.0,Retail,South East,High,34,324159.03
SME_0269,2025-09-01,465.0,8,3.0,46.0,False,0.0,True,False,,32.0,Retail,South East,High,34,324159.03
SME_0269,2025-10-01,460.0,5,3.6666666666666665,22.0,True,0.0,True,False,,33.0,Retail,South East,High,34,324159.03
SME_0269,2025-11-01,465.0,3,5.0,12.0,False,0.0,True,False,,34.0,Retail,South East,High,34,324159.03
SME_0269,2025-12-01,458.0,6,5.333333333333333,-7.0,False,0.0,True,False,,35.0,Retail,South East,High,34,324159.03
SME_0269,2026-01-01,461.0,5,4.666666666666667,1.0,False,0.0,True,False,,36.0,Retail,South East,High,34,324159.03
SME_0270,2024-08-01,577.0,11,,,False,0.0,True,False,,16.0,Retail,Midlands,Medium,98,122930.64
SME_0270,2024-09-01,589.0,13,11.0,,True,0.0,True,False,,17.0,Retail,Midlands,Medium,98,122930.64
SME_0270,2024-10-01,582.0,9,12.0,,False,0.0,True,False,,18.0,Retail,Midlands,Medium,98,122930.64
SME_0270,2024-11-01,568.0,9,11.0,-9.0,False,0.0,True,False,,19.0,Retail,Midlands,Medium,98,122930.64
SME_0270,2024-12-01,553.0,16,10.333333333333334,-36.0,False,0.0,True,False,,20.0,Retail,Midlands,Medium,98,122930.64
SME_0270,2025-01-01,552.0,8,11.333333333333334,-30.0,False,0.0,True,False,,21.0,Retail,Midlands,Medium,98,122930.64
SME_0270,2025-02-01,546.0,7,11.0,-22.0,False,0.0,True,False,,22.0,Retail,Midlands,Medium,98,122930.64
SME_0270,2025-03-01,547.0,9,10.333333333333334,-6.0,False,0.0,True,False,,23.0,Retail,Midlands,Medium,98,122930.64
SME_0270,2025-04-01,539.0,11,8.0,-13.0,False,0.0,True,False,,24.0,Retail,Midlands,Medium,98,122930.64
SME_0270,2025-05-01,526.0,8,9.0,-20.0,True,0.0,True,False,,25.0,Retail,Midlands,Medium,98,122930.64
SME_0270,2025-06-01,529.0,8,9.333333333333334,-18.0,True,41289.78,True,False,,26.0,Retail,Midlands,Medium,98,122930.64
SME_0270,2025-07-01,526.0,6,9.0,-13.0,True,0.0,True,False,,27.0,Retail,Midlands,Medium,98,122930.64
SME_0270,2025-08-01,542.0,8,7.333333333333333,16.0,False,0.0,True,False,,28.0,Retail,Midlands,Medium,98,122930.64
SME_0270,2025-09-01,554.0,4,7.333333333333333,25.0,False,0.0,True,False,,29.0,Retail,Midlands,Medium,98,122930.64
SME_0270,2025-10-01,553.0,4,6.0,27.0,False,0.0,True,False,,30.0,Retail,Midlands,Medium,98,122930.64
SME_0270,2025-11-01,529.0,4,5.333333333333333,-13.0,False,0.0,True,False,,31.0,Retail,Midlands,Medium,98,122930.64
SME_0270,2025-12-01,508.0,5,4.0,-46.0,False,0.0,True,False,,32.0,Retail,Midlands,Medium,98,122930.64
SME_0270,2026-01-01,526.0,9,4.333333333333333,-27.0,False,0.0,True,False,,33.0,Retail,Midlands,Medium,98,122930.64
SME_0271,2024-08-01,533.0,8,,,False,0.0,True,False,,8.0,Retail,Scotland,High,45,496979.94
SME_0271,2024-09-01,519.0,9,8.0,,False,0.0,True,False,,9.0,Retail,Scotland,High,45,496979.94
SME_0271,2024-10-01,502.0,15,8.5,,False,0.0,True,False,,10.0,Retail,Scotland,High,45,496979.94
SME_0271,2024-11-01,509.0,4,10.666666666666666,-24.0,False,0.0,True,False,,11.0,Retail,Scotland,High,45,496979.94
SME_0271,2024-12-01,516.0,5,9.333333333333334,-3.0,False,0.0,True,False,,12.0,Retail,Scotland,High,45,496979.94
SME_0271,2025-01-01,535.0,9,8.0,33.0,True,0.0,True,False,,13.0,Retail,Scotland,High,45,496979.94
SME_0271,2025-02-01,521.0,5,6.0,12.0,False,0.0,True,False,,14.0,Retail,Scotland,High,45,496979.94
SME_0271,2025-03-01,524.0,6,6.333333333333333,8.0,False,0.0,True,False,,15.0,Retail,Scotland,High,45,496979.94
SME_0271,2025-04-01,509.0,7,6.666666666666667,-26.0,False,0.0,True,False,,16.0,Retail,Scotland,High,45,496979.94
SME_0271,2025-05-01,500.0,9,6.0,-21.0,True,49876.42,True,False,,17.0,Retail,Scotland,High,45,496979.94
SME_0271,2025-06-01,495.0,6,7.333333333333333,-29.0,False,0.0,True,False,,18.0,Retail,Scotland,High,45,496979.94
SME_0271,2025-07-01,518.0,5,7.333333333333333,9.0,True,0.0,True,False,,19.0,Retail,Scotland,High,45,496979.94
SME_0271,2025-08-01,514.0,7,6.666666666666667,14.0,True,0.0,True,False,,20.0,Retail,Scotland,High,45,496979.94
SME_0271,2025-09-01,519.0,4,6.0,24.0,False,0.0,True,False,,21.0,Retail,Scotland,High,45,496979.94
SME_0271,2025-10-01,535.0,6,5.333333333333333,17.0,False,0.0,True,False,,22.0,Retail,Scotland,High,45,496979.94
SME_0271,2025-11-01,547.0,2,5.666666666666667,33.0,False,0.0,True,False,,23.0,Retail,Scotland,High,45,496979.94
SME_0271,2025-12-01,536.0,5,4.0,17.0,True,0.0,True,False,,24.0,Retail,Scotland,High,45,496979.94
SME_0271,2026-01-01,541.0,3,4.333333333333333,6.0,False,0.0,True,False,,25.0,Retail,Scotland,High,45,496979.94
SME_0272,2024-08-01,564.0,7,,,True,0.0,True,False,,20.0,Retail,Midlands,Medium,178,108329.17
SME_0272,2024-09-01,565.0,11,7.0,,False,0.0,True,False,,21.0,Retail,Midlands,Medium,178,108329.17
SME_0272,2024-10-01,550.0,11,9.0,,False,0.0,True,False,,22.0,Retail,Midlands,Medium,178,108329.17
SME_0272,2024-11-01,546.0,6,9.666666666666666,-18.0,False,0.0,True,False,,23.0,Retail,Midlands,Medium,178,108329.17
SME_0272,2024-12-01,541.0,8,9.333333333333334,-24.0,True,0.0,True,False,,24.0,Retail,Midlands,Medium,178,108329.17
SME_0272,2025-01-01,556.0,3,8.333333333333334,6.0,False,0.0,True,False,,25.0,Retail,Midlands,Medium,178,108329.17
SME_0272,2025-02-01,548.0,5,5.666666666666667,2.0,False,0.0,True,False,,26.0,Retail,Midlands,Medium,178,108329.17
SME_0272,2025-03-01,535.0,11,5.333333333333333,-6.0,False,0.0,True,False,,27.0,Retail,Midlands,Medium,178,108329.17
SME_0272,2025-04-01,538.0,8,6.333333333333333,-18.0,False,0.0,True,False,,28.0,Retail,Midlands,Medium,178,108329.17
SME_0272,2025-05-01,547.0,6,8.0,-1.0,False,0.0,True,False,,29.0,Retail,Midlands,Medium,178,108329.17
SME_0272,2025-06-01,541.0,3,8.333333333333334,6.0,False,0.0,True,False,,30.0,Retail,Midlands,Medium,178,108329.17
SME_0272,2025-07-01,544.0,5,5.666666666666667,6.0,False,0.0,True,False,,31.0,Retail,Midlands,Medium,178,108329.17
SME_0272,2025-08-01,534.0,8,4.666666666666667,-13.0,False,0.0,True,False,,32.0,Retail,Midlands,Medium,178,108329.17
SME_0272,2025-09-01,521.0,5,5.333333333333333,-20.0,False,0.0,True,False,,33.0,Retail,Midlands,Medium,178,108329.17
SME_0272,2025-10-01,505.0,10,6.0,-39.0,False,0.0,True,False,,34.0,Retail,Midlands,Medium,178,108329.17
SME_0272,2025-11-01,529.0,3,7.666666666666667,-5.0,False,0.0,True,False,,35.0,Retail,Midlands,Medium,178,108329.17
SME_0272,2025-12-01,514.0,10,6.0,-7.0,False,0.0,True,False,,36.0,Retail,Midlands,Medium,178,108329.17
SME_0272,2026-01-01,491.0,3,7.666666666666667,-14.0,False,0.0,True,False,,37.0,Retail,Midlands,Medium,178,108329.17
SME_0273,2024-08-01,697.0,13,,,True,0.0,True,False,,33.0,Retail,London,Low,54,250921.47
SME_0273,2024-09-01,706.0,12,13.0,,False,0.0,True,False,,34.0,Retail,London,Low,54,250921.47
SME_0273,2024-10-01,727.0,16,12.5,,False,0.0,True,False,,35.0,Retail,London,Low,54,250921.47
SME_0273,2024-11-01,726.0,15,13.666666666666666,29.0,False,0.0,True,False,,36.0,Retail,London,Low,54,250921.47
SME_0273,2024-12-01,726.0,13,14.333333333333334,20.0,True,22391.45,True,False,,37.0,Retail,London,Low,54,250921.47
SME_0273,2025-01-01,705.0,8,14.666666666666666,-22.0,True,56996.76,True,False,,38.0,Retail,London,Low,54,250921.47
SME_0273,2025-02-01,719.0,17,12.0,-7.0,False,0.0,True,False,,39.0,Retail,London,Low,54,250921.47
SME_0273,2025-03-01,698.0,15,12.666666666666666,-28.0,True,52029.69,True,False,,40.0,Retail,London,Low,54,250921.47
SME_0273,2025-04-01,717.0,16,13.333333333333334,12.0,False,0.0,True,False,,41.0,Retail,London,Low,54,250921.47
SME_0273,2025-05-01,700.0,12,16.0,-19.0,False,0.0,True,False,,42.0,Retail,London,Low,54,250921.47
SME_0273,2025-06-01,707.0,15,14.333333333333334,9.0,False,0.0,True,False,,43.0,Retail,London,Low,54,250921.47
SME_0273,2025-07-01,698.0,11,14.333333333333334,-19.0,False,0.0,True,False,,44.0,Retail,London,Low,54,250921.47
SME_0273,2025-08-01,691.0,15,12.666666666666666,-9.0,False,0.0,True,False,,45.0,Retail,London,Low,54,250921.47
SME_0273,2025-09-01,665.0,11,13.666666666666666,-42.0,True,0.0,True,False,,46.0,Retail,London,Low,54,250921.47
SME_0273,2025-10-01,662.0,10,12.333333333333334,-36.0,False,0.0,True,False,,47.0,Retail,London,Low,54,250921.47
SME_0273,2025-11-01,657.0,9,12.0,-34.0,True,46918.62,True,False,,48.0,Retail,London,Low,54,250921.47
SME_0273,2025-12-01,668.0,18,10.0,3.0,False,0.0,True,False,,49.0,Retail,London,Low,54,250921.47
SME_0273,2026-01-01,682.0,12,12.333333333333334,20.0,False,0.0,True,False,,50.0,Retail,London,Low,54,250921.47
SME_0274,2024-08-01,727.0,20,,,False,0.0,True,False,,18.0,Services,Scotland,Low,29,247064.67
SME_0274,2024-09-01,714.0,16,20.0,,False,0.0,True,False,,19.0,Services,Scotland,Low,29,247064.67
SME_0274,2024-10-01,708.0,10,18.0,,False,0.0,True,False,,20.0,Services,Scotland,Low,29,247064.67
SME_0274,2024-11-01,715.0,9,15.333333333333334,-12.0,False,0.0,True,False,,21.0,Services,Scotland,Low,29,247064.67
SME_0274,2024-12-01,702.0,14,11.666666666666666,-12.0,False,0.0,True,False,,22.0,Services,Scotland,Low,29,247064.67
SME_0274,2025-01-01,683.0,20,11.0,-25.0,False,0.0,True,False,,23.0,Services,Scotland,Low,29,247064.67
SME_0274,2025-02-01,707.0,19,14.333333333333334,-8.0,False,0.0,True,False,,24.0,Services,Scotland,Low,29,247064.67
SME_0274,2025-03-01,710.0,8,17.666666666666668,8.0,False,0.0,True,False,,25.0,Services,Scotland,Low,29,247064.67
SME_0274,2025-04-01,712.0,15,15.666666666666666,29.0,False,0.0,True,False,,26.0,Services,Scotland,Low,29,247064.67
SME_0274,2025-05-01,699.0,12,14.0,-8.0,False,0.0,True,False,,27.0,Services,Scotland,Low,29,247064.67
SME_0274,2025-06-01,708.0,11,11.666666666666666,-2.0,False,0.0,True,False,,28.0,Services,Scotland,Low,29,247064.67
SME_0274,2025-07-01,713.0,10,12.666666666666666,1.0,False,0.0,True,False,,29.0,Services,Scotland,Low,29,247064.67
SME_0274,2025-08-01,712.0,15,11.0,13.0,False,0.0,True,False,,30.0,Services,Scotland,Low,29,247064.67
SME_0274,2025-09-01,704.0,17,12.0,-4.0,False,0.0,True,False,,31.0,Services,Scotland,Low,29,247064.67
SME_0274,2025-10-01,715.0,13,14.0,2.0,True,12947.87,True,False,,32.0,Services,Scotland,Low,29,247064.67
SME_0274,2025-11-01,710.0,16,15.0,-2.0,True,24889.86,True,False,,33.0,Services,Scotland,Low,29,247064.67
SME_0274,2025-12-01,711.0,10,15.333333333333334,7.0,False,0.0,True,False,,34.0,Services,Scotland,Low,29,247064.67
SME_0274,2026-01-01,722.0,20,13.0,7.0,False,0.0,True,False,,35.0,Services,Scotland,Low,29,247064.67
SME_0275,2024-08-01,702.0,13,,,True,56624.09,True,False,,13.0,Services,Scotland,Low,114,1155917.3
SME_0275,2024-09-01,697.0,11,13.0,,False,0.0,True,False,,14.0,Services,Scotland,Low,114,1155917.3
SME_0275,2024-10-01,689.0,17,12.0,,False,0.0,True,False,,15.0,Services,Scotland,Low,114,1155917.3
SME_0275,2024-11-01,673.0,14,13.666666666666666,-29.0,False,0.0,True,False,,16.0,Services,Scotland,Low,114,1155917.3
SME_0275,2024-12-01,691.0,10,14.0,-6.0,False,0.0,True,False,,17.0,Services,Scotland,Low,114,1155917.3
SME_0275,2025-01-01,695.0,9,13.666666666666666,6.0,False,0.0,True,False,,18.0,Services,Scotland,Low,114,1155917.3
SME_0275,2025-02-01,684.0,16,11.0,11.0,False,0.0,True,False,,19.0,Services,Scotland,Low,114,1155917.3
SME_0275,2025-03-01,673.0,16,11.666666666666666,-18.0,False,0.0,True,False,,20.0,Services,Scotland,Low,114,1155917.3
SME_0275,2025-04-01,683.0,11,13.666666666666666,-12.0,False,0.0,True,False,,21.0,Services,Scotland,Low,114,1155917.3
SME_0275,2025-05-01,678.0,16,14.333333333333334,-6.0,False,0.0,True,False,,22.0,Services,Scotland,Low,114,1155917.3
SME_0275,2025-06-01,678.0,11,14.333333333333334,5.0,True,0.0,True,False,,23.0,Services,Scotland,Low,114,1155917.3
SME_0275,2025-07-01,681.0,10,12.666666666666666,-2.0,False,0.0,True,False,,24.0,Services,Scotland,Low,114,1155917.3
SME_0275,2025-08-01,705.0,16,12.333333333333334,27.0,False,0.0,True,False,,25.0,Services,Scotland,Low,114,1155917.3
SME_0275,2025-09-01,710.0,18,12.333333333333334,32.0,False,0.0,True,False,,26.0,Services,Scotland,Low,114,1155917.3
SME_0275,2025-10-01,725.0,13,14.666666666666666,44.0,False,0.0,True,False,,27.0,Services,Scotland,Low,114,1155917.3
SME_0275,2025-11-01,703.0,11,15.666666666666666,-2.0,False,0.0,True,False,,28.0,Services,Scotland,Low,114,1155917.3
SME_0275,2025-12-01,706.0,12,14.0,-4.0,False,0.0,True,False,,29.0,Services,Scotland,Low,114,1155917.3
SME_0275,2026-01-01,690.0,15,12.0,-35.0,False,0.0,True,False,,30.0,Services,Scotland,Low,114,1155917.3
SME_0276,2024-08-01,598.0,12,,,False,0.0,True,False,,5.0,Manufacturing,South East,Medium,175,402419.95
SME_0276,2024-09-01,586.0,6,12.0,,False,0.0,True,False,,6.0,Manufacturing,South East,Medium,175,402419.95
SME_0276,2024-10-01,551.0,10,9.0,,False,0.0,True,False,,7.0,Manufacturing,South East,Medium,175,402419.95
SME_0276,2024-11-01,548.0,9,9.333333333333334,-50.0,False,0.0,True,False,,8.0,Manufacturing,South East,Medium,175,402419.95
SME_0276,2024-12-01,561.0,10,8.333333333333334,-25.0,False,0.0,True,False,,9.0,Manufacturing,South East,Medium,175,402419.95
SME_0276,2025-01-01,533.0,5,9.666666666666666,-18.0,False,0.0,True,False,,10.0,Manufacturing,South East,Medium,175,402419.95
SME_0276,2025-02-01,524.0,6,8.0,-24.0,False,0.0,True,False,,11.0,Manufacturing,South East,Medium,175,402419.95
SME_0276,2025-03-01,520.0,9,7.0,-41.0,False,0.0,True,False,,12.0,Manufacturing,South East,Medium,175,402419.95
SME_0276,2025-04-01,500.0,8,6.666666666666667,-33.0,False,0.0,True,False,,13.0,Manufacturing,South East,Medium,175,402419.95
SME_0276,2025-05-01,531.0,8,7.666666666666667,7.0,True,0.0,True,False,,14.0,Manufacturing,South East,Medium,175,402419.95
SME_0276,2025-06-01,548.0,8,8.333333333333334,28.0,False,0.0,True,False,,15.0,Manufacturing,South East,Medium,175,402419.95
SME_0276,2025-07-01,530.0,11,8.0,30.0,False,0.0,True,False,,16.0,Manufacturing,South East,Medium,175,402419.95
SME_0276,2025-08-01,532.0,9,9.0,1.0,True,0.0,True,False,,17.0,Manufacturing,South East,Medium,175,402419.95
SME_0276,2025-09-01,543.0,9,9.333333333333334,-5.0,False,0.0,True,False,,18.0,Manufacturing,South East,Medium,175,402419.95
SME_0276,2025-10-01,534.0,9,9.666666666666666,4.0,True,0.0,True,False,,19.0,Manufacturing,South East,Medium,175,402419.95
SME_0276,2025-11-01,562.0,1,9.0,30.0,False,0.0,True,False,,20.0,Manufacturing,South East,Medium,175,402419.95
SME_0276,2025-12-01,547.0,7,6.333333333333333,4.0,False,0.0,True,False,,21.0,Manufacturing,South East,Medium,175,402419.95
SME_0276,2026-01-01,545.0,8,5.666666666666667,11.0,False,0.0,True,False,,22.0,Manufacturing,South East,Medium,175,402419.95
SME_0277,2024-08-01,681.0,14,,,False,0.0,True,False,,15.0,Manufacturing,Midlands,Medium,183,329122.61
SME_0277,2024-09-01,672.0,14,14.0,,False,0.0,True,False,,16.0,Manufacturing,Midlands,Medium,183,329122.61
SME_0277,2024-10-01,660.0,13,14.0,,False,0.0,True,False,,17.0,Manufacturing,Midlands,Medium,183,329122.61
SME_0277,2024-11-01,650.0,15,13.666666666666666,-31.0,True,0.0,True,False,,18.0,Manufacturing,Midlands,Medium,183,329122.61
SME_0277,2024-12-01,651.0,17,14.0,-21.0,False,0.0,True,False,,19.0,Manufacturing,Midlands,Medium,183,329122.61
SME_0277,2025-01-01,654.0,14,15.0,-6.0,True,0.0,True,False,,20.0,Manufacturing,Midlands,Medium,183,329122.61
SME_0277,2025-02-01,631.0,17,15.333333333333334,-19.0,False,0.0,True,False,,21.0,Manufacturing,Midlands,Medium,183,329122.61
SME_0277,2025-03-01,634.0,16,16.0,-17.0,True,27931.17,True,False,,22.0,Manufacturing,Midlands,Medium,183,329122.61
SME_0277,2025-04-01,633.0,16,15.666666666666666,-21.0,False,0.0,True,False,,23.0,Manufacturing,Midlands,Medium,183,329122.61
SME_0277,2025-05-01,650.0,9,16.333333333333332,19.0,False,0.0,True,False,,24.0,Manufacturing,Midlands,Medium,183,329122.61
SME_0277,2025-06-01,652.0,18,13.666666666666666,18.0,False,0.0,True,False,,25.0,Manufacturing,Midlands,Medium,183,329122.61
SME_0277,2025-07-01,644.0,19,14.333333333333334,11.0,False,0.0,True,False,,26.0,Manufacturing,Midlands,Medium,183,329122.61
SME_0277,2025-08-01,664.0,15,15.333333333333334,14.0,False,0.0,True,False,,27.0,Manufacturing,Midlands,Medium,183,329122.61
SME_0277,2025-09-01,660.0,14,17.333333333333332,8.0,True,0.0,True,False,,28.0,Manufacturing,Midlands,Medium,183,329122.61
SME_0277,2025-10-01,661.0,15,16.0,17.0,False,0.0,True,False,,29.0,Manufacturing,Midlands,Medium,183,329122.61
SME_0277,2025-11-01,652.0,12,14.666666666666666,-12.0,False,0.0,True,False,,30.0,Manufacturing,Midlands,Medium,183,329122.61
SME_0277,2025-12-01,641.0,8,13.666666666666666,-19.0,True,0.0,True,False,,31.0,Manufacturing,Midlands,Medium,183,329122.61
SME_0277,2026-01-01,654.0,13,11.666666666666666,-7.0,False,0.0,True,False,,32.0,Manufacturing,Midlands,Medium,183,329122.61
SME_0278,2024-08-01,687.0,11,,,True,61570.87,True,False,,9.0,Services,South East,Low,20,532804.34
SME_0278,2024-09-01,684.0,10,11.0,,True,0.0,True,False,,10.0,Services,South East,Low,20,532804.34
SME_0278,2024-10-01,680.0,11,10.5,,False,0.0,True,False,,11.0,Services,South East,Low,20,532804.34
SME_0278,2024-11-01,670.0,13,10.666666666666666,-17.0,False,0.0,True,False,,12.0,Services,South East,Low,20,532804.34
SME_0278,2024-12-01,658.0,21,11.333333333333334,-26.0,False,0.0,True,False,,13.0,Services,South East,Low,20,532804.34
SME_0278,2025-01-01,665.0,12,15.0,-15.0,False,0.0,True,False,,14.0,Services,South East,Low,20,532804.34
SME_0278,2025-02-01,663.0,10,15.333333333333334,-7.0,False,0.0,True,False,,15.0,Services,South East,Low,20,532804.34
SME_0278,2025-03-01,664.0,10,14.333333333333334,6.0,False,0.0,True,False,,16.0,Services,South East,Low,20,532804.34
SME_0278,2025-04-01,655.0,11,10.666666666666666,-10.0,False,0.0,True,False,,17.0,Services,South East,Low,20,532804.34
SME_0278,2025-05-01,673.0,10,10.333333333333334,10.0,False,0.0,True,False,,18.0,Services,South East,Low,20,532804.34
SME_0278,2025-06-01,655.0,13,10.333333333333334,-9.0,True,0.0,True,False,,19.0,Services,South East,Low,20,532804.34
SME_0278,2025-07-01,662.0,7,11.333333333333334,7.0,False,0.0,True,False,,20.0,Services,South East,Low,20,532804.34
SME_0278,2025-08-01,650.0,15,10.0,-23.0,False,0.0,True,False,,21.0,Services,South East,Low,20,532804.34
SME_0278,2025-09-01,649.0,15,11.666666666666666,-6.0,True,0.0,True,False,,22.0,Services,South East,Low,20,532804.34
SME_0278,2025-10-01,659.0,15,12.333333333333334,-3.0,False,0.0,True,False,,23.0,Services,South East,Low,20,532804.34
SME_0278,2025-11-01,655.0,9,15.0,5.0,False,0.0,True,False,,24.0,Services,South East,Low,20,532804.34
SME_0278,2025-12-01,625.0,20,13.0,-24.0,False,0.0,True,False,,25.0,Services,South East,Low,20,532804.34
SME_0278,2026-01-01,627.0,12,14.666666666666666,-32.0,False,0.0,True,False,,26.0,Services,South East,Low,20,532804.34
SME_0279,2024-08-01,657.0,7,,,False,0.0,True,False,,35.0,Healthcare,North West,Low,65,70621.29
SME_0279,2024-09-01,674.0,15,7.0,,False,0.0,True,False,,36.0,Healthcare,North West,Low,65,70621.29
SME_0279,2024-10-01,663.0,15,11.0,,True,0.0,True,False,,37.0,Healthcare,North West,Low,65,70621.29
SME_0279,2024-11-01,669.0,11,12.333333333333334,12.0,False,0.0,True,False,,38.0,Healthcare,North West,Low,65,70621.29
SME_0279,2024-12-01,695.0,8,13.666666666666666,21.0,False,0.0,True,False,,39.0,Healthcare,North West,Low,65,70621.29
SME_0279,2025-01-01,702.0,7,11.333333333333334,39.0,False,0.0,True,False,,40.0,Healthcare,North West,Low,65,70621.29
SME_0279,2025-02-01,716.0,16,8.666666666666666,47.0,False,0.0,True,False,,41.0,Healthcare,North West,Low,65,70621.29
SME_0279,2025-03-01,723.0,13,10.333333333333334,28.0,False,0.0,True,False,,42.0,Healthcare,North West,Low,65,70621.29
SME_0279,2025-04-01,714.0,12,12.0,12.0,False,0.0,True,False,,43.0,Healthcare,North West,Low,65,70621.29
SME_0279,2025-05-01,705.0,11,13.666666666666666,-11.0,False,0.0,True,False,,44.0,Healthcare,North West,Low,65,70621.29
SME_0279,2025-06-01,722.0,16,12.0,-1.0,True,0.0,True,False,,45.0,Healthcare,North West,Low,65,70621.29
SME_0279,2025-07-01,727.0,16,13.0,13.0,False,0.0,True,False,,46.0,Healthcare,North West,Low,65,70621.29
SME_0279,2025-08-01,688.0,13,14.333333333333334,-17.0,False,0.0,True,False,,47.0,Healthcare,North West,Low,65,70621.29
SME_0279,2025-09-01,690.0,15,15.0,-32.0,False,0.0,True,False,,48.0,Healthcare,North West,Low,65,70621.29
SME_0279,2025-10-01,695.0,8,14.666666666666666,-32.0,False,0.0,True,False,,49.0,Healthcare,North West,Low,65,70621.29
SME_0279,2025-11-01,695.0,7,12.0,7.0,False,0.0,True,False,,50.0,Healthcare,North West,Low,65,70621.29
SME_0279,2025-12-01,669.0,16,10.0,-21.0,False,0.0,True,False,,51.0,Healthcare,North West,Low,65,70621.29
SME_0279,2026-01-01,658.0,24,10.333333333333334,-37.0,True,57284.19,True,False,,52.0,Healthcare,North West,Low,65,70621.29
SME_0280,2024-08-01,696.0,14,,,False,0.0,True,False,,20.0,Technology,London,Low,31,398160.16
SME_0280,2024-09-01,712.0,16,14.0,,False,0.0,True,False,,21.0,Technology,London,Low,31,398160.16
SME_0280,2024-10-01,705.0,12,15.0,,True,20778.77,True,False,,22.0,Technology,London,Low,31,398160.16
SME_0280,2024-11-01,703.0,18,14.0,7.0,False,0.0,True,False,,23.0,Technology,London,Low,31,398160.16
SME_0280,2024-12-01,706.0,14,15.333333333333334,-6.0,True,0.0,True,False,,24.0,Technology,London,Low,31,398160.16
SME_0280,2025-01-01,702.0,16,14.666666666666666,-3.0,False,0.0,True,False,,25.0,Technology,London,Low,31,398160.16
SME_0280,2025-02-01,718.0,17,16.0,15.0,False,0.0,True,False,,26.0,Technology,London,Low,31,398160.16
SME_0280,2025-03-01,713.0,15,15.666666666666666,7.0,True,34504.1,True,False,,26.0,Technology,London,Low,31,398160.16
SME_0280,2025-04-01,712.0,8,16.0,10.0,True,63745.57,True,False,,27.0,Technology,London,Low,31,398160.16
SME_0280,2025-05-01,719.0,11,13.333333333333334,1.0,False,0.0,True,False,,28.0,Technology,London,Low,31,398160.16
SME_0280,2025-06-01,702.0,13,11.333333333333334,-11.0,False,0.0,True,False,,30.0,Technology,London,Low,31,398160.16
SME_0280,2025-07-01,718.0,17,10.666666666666666,6.0,True,27550.42,True,False,,30.0,Technology,London,Low,31,398160.16
SME_0280,2025-08-01,700.0,11,13.666666666666666,-19.0,False,0.0,True,False,,32.0,Technology,London,Low,31,398160.16
SME_0280,2025-09-01,688.0,12,13.666666666666666,-14.0,False,0.0,True,False,,33.0,Technology,London,Low,31,398160.16
SME_0280,2025-10-01,695.0,16,13.333333333333334,-23.0,False,0.0,True,False,,34.0,Technology,London,Low,31,398160.16
SME_0280,2025-11-01,689.0,9,13.0,-11.0,False,0.0,True,False,,35.0,Technology,London,Low,31,398160.16
SME_0280,2025-12-01,694.0,18,12.333333333333334,6.0,False,0.0,True,False,,36.0,Technology,London,Low,31,398160.16
SME_0280,2026-01-01,686.0,16,14.333333333333334,-9.0,False,0.0,True,False,,37.0,Technology,London,Low,31,398160.16
SME_0281,2024-08-01,561.0,7,,,True,0.0,True,False,,6.0,Retail,North West,Low,62,1629046.27
SME_0281,2024-09-01,581.0,14,7.0,,False,0.0,True,False,,7.0,Retail,North West,Low,62,1629046.27
SME_0281,2024-10-01,588.0,10,10.5,,False,0.0,True,False,,8.0,Retail,North West,Low,62,1629046.27
SME_0281,2024-11-01,589.0,15,10.333333333333334,28.0,False,0.0,True,False,,9.0,Retail,North West,Low,62,1629046.27
SME_0281,2024-12-01,573.0,5,13.0,-8.0,False,0.0,True,False,,10.0,Retail,North West,Low,62,1629046.27
SME_0281,2025-01-01,580.0,12,10.0,-8.0,False,0.0,True,False,,11.0,Retail,North West,Low,62,1629046.27
SME_0281,2025-02-01,598.0,12,10.666666666666666,9.0,True,0.0,True,False,,12.0,Retail,North West,Low,62,1629046.27
SME_0281,2025-03-01,600.0,8,9.666666666666666,27.0,False,0.0,True,False,,13.0,Retail,North West,Low,62,1629046.27
SME_0281,2025-04-01,613.0,7,10.666666666666666,33.0,True,0.0,True,False,,14.0,Retail,North West,Low,62,1629046.27
SME_0281,2025-05-01,604.0,13,9.0,6.0,True,0.0,True,False,,15.0,Retail,North West,Low,62,1629046.27
SME_0281,2025-06-01,611.0,15,9.333333333333334,11.0,False,0.0,True,False,,16.0,Retail,North West,Low,62,1629046.27
SME_0281,2025-07-01,610.0,9,11.666666666666666,-3.0,False,0.0,True,False,,17.0,Retail,North West,Low,62,1629046.27
SME_0281,2025-08-01,603.0,8,12.333333333333334,-1.0,False,0.0,True,False,,18.0,Retail,North West,Low,62,1629046.27
SME_0281,2025-09-01,611.0,9,10.666666666666666,0.0,False,0.0,True,False,,19.0,Retail,North West,Low,62,1629046.27
SME_0281,2025-10-01,611.0,12,8.666666666666666,1.0,False,0.0,True,False,,20.0,Retail,North West,Low,62,1629046.27
SME_0281,2025-11-01,602.0,8,9.666666666666666,-1.0,True,0.0,True,False,,21.0,Retail,North West,Low,62,1629046.27
SME_0281,2025-12-01,598.0,11,9.666666666666666,-13.0,False,0.0,True,False,,22.0,Retail,North West,Low,62,1629046.27
SME_0281,2026-01-01,598.0,8,10.333333333333334,-13.0,True,27577.44,True,False,,23.0,Retail,North West,Low,62,1629046.27
SME_0282,2024-08-01,665.0,14,,,False,0.0,True,False,,3.0,Retail,Scotland,Low,107,383748.06
SME_0282,2024-09-01,651.0,12,14.0,,True,0.0,True,False,,4.0,Retail,Scotland,Low,107,383748.06
SME_0282,2024-10-01,637.0,14,13.0,,False,0.0,True,False,,5.0,Retail,Scotland,Low,107,383748.06
SME_0282,2024-11-01,645.0,10,13.333333333333334,-20.0,False,0.0,True,False,,6.0,Retail,Scotland,Low,107,383748.06
SME_0282,2024-12-01,647.0,16,12.0,-4.0,False,0.0,True,False,,7.0,Retail,Scotland,Low,107,383748.06
SME_0282,2025-01-01,635.0,4,13.333333333333334,-2.0,False,0.0,True,False,,8.0,Retail,Scotland,Low,107,383748.06
SME_0282,2025-02-01,649.0,6,10.0,4.0,False,0.0,True,False,,9.0,Retail,Scotland,Low,107,383748.06
SME_0282,2025-03-01,634.0,7,8.666666666666666,-13.0,False,0.0,True,False,,10.0,Retail,Scotland,Low,107,383748.06
SME_0282,2025-04-01,630.0,9,5.666666666666667,-5.0,True,21611.87,True,False,,11.0,Retail,Scotland,Low,107,383748.06
SME_0282,2025-05-01,639.0,12,7.333333333333333,-10.0,False,0.0,True,False,,12.0,Retail,Scotland,Low,107,383748.06
SME_0282,2025-06-01,650.0,10,9.333333333333334,16.0,False,0.0,True,False,,13.0,Retail,Scotland,Low,107,383748.06
SME_0282,2025-07-01,656.0,10,10.333333333333334,26.0,False,0.0,True,False,,14.0,Retail,Scotland,Low,107,383748.06
SME_0282,2025-08-01,664.0,15,10.666666666666666,25.0,False,0.0,True,False,,15.0,Retail,Scotland,Low,107,383748.06
SME_0282,2025-09-01,656.0,17,11.666666666666666,6.0,False,0.0,True,False,,16.0,Retail,Scotland,Low,107,383748.06
SME_0282,2025-10-01,644.0,10,14.0,-12.0,False,0.0,True,False,,17.0,Retail,Scotland,Low,107,383748.06
SME_0282,2025-11-01,639.0,16,14.0,-25.0,False,0.0,True,False,,18.0,Retail,Scotland,Low,107,383748.06
SME_0282,2025-12-01,624.0,19,14.333333333333334,-32.0,False,0.0,True,False,,19.0,Retail,Scotland,Low,107,383748.06
SME_0282,2026-01-01,622.0,11,15.0,-22.0,True,0.0,True,False,,20.0,Retail,Scotland,Low,107,383748.06
SME_0283,2024-08-01,619.0,9,,,False,0.0,True,False,,31.0,Retail,Midlands,Medium,56,346527.57
SME_0283,2024-09-01,633.0,8,9.0,,False,0.0,True,False,,32.0,Retail,Midlands,Medium,56,346527.57
SME_0283,2024-10-01,620.0,7,8.5,,False,0.0,True,False,,33.0,Retail,Midlands,Medium,56,346527.57
SME_0283,2024-11-01,611.0,11,8.0,-8.0,True,26676.57,True,False,,34.0,Retail,Midlands,Medium,56,346527.57
SME_0283,2024-12-01,614.0,4,8.666666666666666,-19.0,False,0.0,True,False,,35.0,Retail,Midlands,Medium,56,346527.57
SME_0283,2025-01-01,635.0,11,7.333333333333333,15.0,False,0.0,True,False,,36.0,Retail,Midlands,Medium,56,346527.57
SME_0283,2025-02-01,637.0,16,8.666666666666666,26.0,False,0.0,True,False,,37.0,Retail,Midlands,Medium,56,346527.57
SME_0283,2025-03-01,635.0,10,10.333333333333334,21.0,False,0.0,True,False,,38.0,Retail,Midlands,Medium,56,346527.57
SME_0283,2025-04-01,614.0,13,12.333333333333334,-21.0,False,0.0,True,False,,39.0,Retail,Midlands,Medium,56,346527.57
SME_0283,2025-05-01,612.0,4,13.0,-25.0,False,0.0,True,False,,40.0,Retail,Midlands,Medium,56,346527.57
SME_0283,2025-06-01,632.0,6,9.0,-3.0,True,0.0,True,False,,41.0,Retail,Midlands,Medium,56,346527.57
SME_0283,2025-07-01,627.0,9,7.666666666666667,13.0,False,0.0,True,False,,42.0,Retail,Midlands,Medium,56,346527.57
SME_0283,2025-08-01,630.0,13,6.333333333333333,18.0,True,0.0,True,False,,43.0,Retail,Midlands,Medium,56,346527.57
SME_0283,2025-09-01,603.0,4,9.333333333333334,-29.0,False,0.0,True,False,,44.0,Retail,Midlands,Medium,56,346527.57
SME_0283,2025-10-01,601.0,16,8.666666666666666,-26.0,False,0.0,True,False,,45.0,Retail,Midlands,Medium,56,346527.57
SME_0283,2025-11-01,601.0,12,11.0,-29.0,False,0.0,True,False,,46.0,Retail,Midlands,Medium,56,346527.57
SME_0283,2025-12-01,606.0,16,10.666666666666666,3.0,True,0.0,True,False,,47.0,Retail,Midlands,Medium,56,346527.57
SME_0283,2026-01-01,614.0,10,14.666666666666666,13.0,False,0.0,True,False,,48.0,Retail,Midlands,Medium,56,346527.57
SME_0284,2024-08-01,550.0,9,,,False,0.0,True,False,,34.0,Retail,Scotland,Medium,14,471608.26
SME_0284,2024-09-01,537.0,10,9.0,,True,0.0,True,False,,35.0,Retail,Scotland,Medium,14,471608.26
SME_0284,2024-10-01,536.0,8,9.5,,True,0.0,True,False,,36.0,Retail,Scotland,Medium,14,471608.26
SME_0284,2024-11-01,545.0,6,9.0,-5.0,False,0.0,True,False,,37.0,Retail,Scotland,Medium,14,471608.26
SME_0284,2024-12-01,531.0,9,8.0,-6.0,True,49647.28,True,False,,38.0,Retail,Scotland,Medium,14,471608.26
SME_0284,2025-01-01,528.0,6,7.666666666666667,-8.0,False,0.0,True,False,,39.0,Retail,Scotland,Medium,14,471608.26
SME_0284,2025-02-01,520.0,8,7.0,-25.0,False,0.0,True,False,,40.0,Retail,Scotland,Medium,14,471608.26
SME_0284,2025-03-01,550.0,12,7.666666666666667,19.0,False,0.0,True,False,,41.0,Retail,Scotland,Medium,14,471608.26
SME_0284,2025-04-01,560.0,4,8.666666666666666,32.0,False,0.0,True,False,,42.0,Retail,Scotland,Medium,14,471608.26
SME_0284,2025-05-01,573.0,5,8.0,53.0,False,0.0,True,False,,43.0,Retail,Scotland,Medium,14,471608.26
SME_0284,2025-06-01,595.0,9,7.0,45.0,False,0.0,True,False,,44.0,Retail,Scotland,Medium,14,471608.26
SME_0284,2025-07-01,595.0,5,6.0,35.0,False,0.0,True,False,,45.0,Retail,Scotland,Medium,14,471608.26
SME_0284,2025-08-01,592.0,6,6.333333333333333,19.0,False,0.0,True,False,,46.0,Retail,Scotland,Medium,14,471608.26
SME_0284,2025-09-01,616.0,6,6.666666666666667,21.0,False,0.0,True,False,,47.0,Retail,Scotland,Medium,14,471608.26
SME_0284,2025-10-01,580.0,9,5.666666666666667,-15.0,False,0.0,True,False,,48.0,Retail,Scotland,Medium,14,471608.26
SME_0284,2025-11-01,585.0,9,7.0,-7.0,False,0.0,True,False,,49.0,Retail,Scotland,Medium,14,471608.26
SME_0284,2025-12-01,573.0,5,8.0,-43.0,False,0.0,True,False,,50.0,Retail,Scotland,Medium,14,471608.26
SME_0284,2026-01-01,573.0,7,7.666666666666667,-7.0,False,0.0,True,False,,51.0,Retail,Scotland,Medium,14,471608.26
SME_0285,2024-08-01,543.0,8,,,False,0.0,True,False,,28.0,Services,Midlands,Medium,102,565773.14
SME_0285,2024-09-01,550.0,5,8.0,,False,0.0,True,False,,29.0,Services,Midlands,Medium,102,565773.14
SME_0285,2024-10-01,550.0,7,6.5,,False,0.0,True,False,,30.0,Services,Midlands,Medium,102,565773.14
SME_0285,2024-11-01,541.0,7,6.666666666666667,-2.0,False,0.0,True,False,,31.0,Services,Midlands,Medium,102,565773.14
SME_0285,2024-12-01,543.0,4,6.333333333333333,-7.0,False,0.0,True,False,,32.0,Services,Midlands,Medium,102,565773.14
SME_0285,2025-01-01,544.0,3,6.0,-6.0,False,0.0,True,False,,33.0,Services,Midlands,Medium,102,565773.14
SME_0285,2025-02-01,545.0,5,4.666666666666667,4.0,False,0.0,True,False,,34.0,Services,Midlands,Medium,102,565773.14
SME_0285,2025-03-01,541.0,8,4.0,-2.0,False,0.0,True,False,,35.0,Services,Midlands,Medium,102,565773.14
SME_0285,2025-04-01,536.0,5,5.333333333333333,-8.0,False,0.0,True,False,,36.0,Services,Midlands,Medium,102,565773.14
SME_0285,2025-05-01,537.0,6,6.0,-8.0,False,0.0,True,False,,37.0,Services,Midlands,Medium,102,565773.14
SME_0285,2025-06-01,547.0,9,6.333333333333333,6.0,False,0.0,True,False,,38.0,Services,Midlands,Medium,102,565773.14
SME_0285,2025-07-01,522.0,4,6.666666666666667,-14.0,False,0.0,True,False,,39.0,Services,Midlands,Medium,102,565773.14
SME_0285,2025-08-01,535.0,8,6.333333333333333,-2.0,True,0.0,True,False,,40.0,Services,Midlands,Medium,102,565773.14
SME_0285,2025-09-01,525.0,10,7.0,-22.0,False,0.0,True,False,,41.0,Services,Midlands,Medium,102,565773.14
SME_0285,2025-10-01,524.0,4,7.333333333333333,2.0,False,0.0,True,False,,42.0,Services,Midlands,Medium,102,565773.14
SME_0285,2025-11-01,521.0,8,7.333333333333333,-14.0,False,0.0,True,False,,43.0,Services,Midlands,Medium,102,565773.14
SME_0285,2025-12-01,532.0,1,7.333333333333333,7.0,False,0.0,True,False,,44.0,Services,Midlands,Medium,102,565773.14
SME_0285,2026-01-01,545.0,4,4.333333333333333,21.0,False,0.0,True,False,,45.0,Services,Midlands,Medium,102,565773.14
SME_0286,2024-08-01,572.0,11,,,False,0.0,True,False,,5.0,Manufacturing,North West,Medium,11,63675.93
SME_0286,2024-09-01,575.0,12,11.0,,False,0.0,True,False,,6.0,Manufacturing,North West,Medium,11,63675.93
SME_0286,2024-10-01,559.0,10,11.5,,False,0.0,True,False,,7.0,Manufacturing,North West,Medium,11,63675.93
SME_0286,2024-11-01,548.0,7,11.0,-24.0,False,0.0,True,False,,8.0,Manufacturing,North West,Medium,11,63675.93
SME_0286,2024-12-01,539.0,10,9.666666666666666,-36.0,False,0.0,True,False,,9.0,Manufacturing,North West,Medium,11,63675.93
SME_0286,2025-01-01,543.0,10,9.0,-16.0,False,0.0,True,False,,10.0,Manufacturing,North West,Medium,11,63675.93
SME_0286,2025-02-01,529.0,16,9.0,-19.0,True,0.0,True,False,,11.0,Manufacturing,North West,Medium,11,63675.93
SME_0286,2025-03-01,537.0,10,12.0,-2.0,False,0.0,True,False,,12.0,Manufacturing,North West,Medium,11,63675.93
SME_0286,2025-04-01,563.0,13,12.0,20.0,True,0.0,True,False,,13.0,Manufacturing,North West,Medium,11,63675.93
SME_0286,2025-05-01,551.0,10,13.0,22.0,False,0.0,True,False,,14.0,Manufacturing,North West,Medium,11,63675.93
SME_0286,2025-06-01,546.0,6,11.0,9.0,False,0.0,True,False,,15.0,Manufacturing,North West,Medium,11,63675.93
SME_0286,2025-07-01,549.0,14,9.666666666666666,-14.0,False,0.0,True,False,,16.0,Manufacturing,North West,Medium,11,63675.93
SME_0286,2025-08-01,548.0,6,10.0,-3.0,False,0.0,True,False,,17.0,Manufacturing,North West,Medium,11,63675.93
SME_0286,2025-09-01,574.0,9,8.666666666666666,28.0,False,0.0,True,False,,18.0,Manufacturing,North West,Medium,11,63675.93
SME_0286,2025-10-01,572.0,7,9.666666666666666,23.0,False,0.0,True,False,,19.0,Manufacturing,North West,Medium,11,63675.93
SME_0286,2025-11-01,572.0,9,7.333333333333333,24.0,False,0.0,True,False,,20.0,Manufacturing,North West,Medium,11,63675.93
SME_0286,2025-12-01,556.0,10,8.333333333333334,-18.0,True,11416.88,True,False,,21.0,Manufacturing,North West,Medium,11,63675.93
SME_0286,2026-01-01,566.0,15,8.666666666666666,-6.0,False,0.0,True,False,,22.0,Manufacturing,North West,Medium,11,63675.93
SME_0287,2024-08-01,565.0,7,,,False,0.0,True,False,,4.0,Retail,Scotland,Medium,46,70081.76
SME_0287,2024-09-01,556.0,5,7.0,,False,0.0,True,False,,5.0,Retail,Scotland,Medium,46,70081.76
SME_0287,2024-10-01,558.0,8,6.0,,False,0.0,True,False,,6.0,Retail,Scotland,Medium,46,70081.76
SME_0287,2024-11-01,566.0,5,6.666666666666667,1.0,False,0.0,True,False,,7.0,Retail,Scotland,Medium,46,70081.76
SME_0287,2024-12-01,560.0,3,6.0,4.0,False,0.0,True,False,,8.0,Retail,Scotland,Medium,46,70081.76
SME_0287,2025-01-01,551.0,8,5.333333333333333,-7.0,False,0.0,True,False,,9.0,Retail,Scotland,Medium,46,70081.76
SME_0287,2025-02-01,551.0,5,5.333333333333333,-15.0,False,0.0,True,False,,10.0,Retail,Scotland,Medium,46,70081.76
SME_0287,2025-03-01,545.0,8,5.333333333333333,-15.0,False,0.0,True,False,,11.0,Retail,Scotland,Medium,46,70081.76
SME_0287,2025-04-01,540.0,10,7.0,-11.0,False,0.0,True,False,,12.0,Retail,Scotland,Medium,46,70081.76
SME_0287,2025-05-01,540.0,4,7.666666666666667,-11.0,False,0.0,True,False,,13.0,Retail,Scotland,Medium,46,70081.76
SME_0287,2025-06-01,541.0,5,7.333333333333333,-4.0,False,0.0,True,False,,14.0,Retail,Scotland,Medium,46,70081.76
SME_0287,2025-07-01,545.0,4,6.333333333333333,5.0,True,47791.37,True,False,,15.0,Retail,Scotland,Medium,46,70081.76
SME_0287,2025-08-01,541.0,4,4.333333333333333,1.0,True,0.0,True,False,,16.0,Retail,Scotland,Medium,46,70081.76
SME_0287,2025-09-01,539.0,3,4.333333333333333,-2.0,True,0.0,True,False,,17.0,Retail,Scotland,Medium,46,70081.76
SME_0287,2025-10-01,531.0,4,3.6666666666666665,-14.0,False,0.0,True,False,,18.0,Retail,Scotland,Medium,46,70081.76
SME_0287,2025-11-01,519.0,9,3.6666666666666665,-22.0,False,0.0,True,False,,19.0,Retail,Scotland,Medium,46,70081.76
SME_0287,2025-12-01,536.0,3,5.333333333333333,-3.0,False,0.0,True,False,,20.0,Retail,Scotland,Medium,46,70081.76
SME_0287,2026-01-01,528.0,1,5.333333333333333,-3.0,False,0.0,True,False,,21.0,Retail,Scotland,Medium,46,70081.76
SME_0288,2024-08-01,437.0,3,,,False,0.0,True,True,13.0,8.0,Manufacturing,Scotland,High,1,297845.28
SME_0288,2024-09-01,449.0,8,3.0,,False,0.0,True,True,12.0,9.0,Manufacturing,Scotland,High,1,297845.28
SME_0288,2024-10-01,462.0,9,5.5,,False,0.0,True,True,11.0,10.0,Manufacturing,Scotland,High,1,297845.28
SME_0288,2024-11-01,458.0,7,6.666666666666667,21.0,False,0.0,True,True,10.0,11.0,Manufacturing,Scotland,High,1,297845.28
SME_0288,2024-12-01,452.0,5,8.0,3.0,False,0.0,True,True,9.0,12.0,Manufacturing,Scotland,High,1,297845.28
SME_0288,2025-01-01,472.0,10,7.0,10.0,True,0.0,True,True,8.0,13.0,Manufacturing,Scotland,High,1,297845.28
SME_0288,2025-02-01,476.0,1,7.333333333333333,18.0,False,0.0,True,True,7.0,14.0,Manufacturing,Scotland,High,1,297845.28
SME_0288,2025-03-01,462.0,2,5.333333333333333,10.0,False,0.0,True,True,6.0,15.0,Manufacturing,Scotland,High,1,297845.28
SME_0288,2025-04-01,451.0,6,4.333333333333333,-21.0,False,0.0,True,True,5.0,16.0,Manufacturing,Scotland,High,1,297845.28
SME_0288,2025-05-01,446.0,5,3.0,-30.0,False,0.0,True,True,4.0,17.0,Manufacturing,Scotland,High,1,297845.28
SME_0288,2025-06-01,467.0,2,4.333333333333333,5.0,False,0.0,True,True,3.0,18.0,Manufacturing,Scotland,High,1,297845.28
SME_0288,2025-07-01,460.0,3,4.333333333333333,9.0,False,0.0,True,True,2.0,19.0,Manufacturing,Scotland,High,1,297845.28
SME_0288,2025-08-01,453.0,1,3.3333333333333335,7.0,False,0.0,True,True,1.0,20.0,Manufacturing,Scotland,High,1,297845.28
SME_0288,2025-09-01,453.0,0,2.0,-14.0,False,0.0,False,True,0.0,21.0,Manufacturing,Scotland,High,1,297845.28
SME_0288,2025-10-01,453.0,0,1.3333333333333333,-7.0,False,0.0,False,True,-1.0,22.0,Manufacturing,Scotland,High,1,297845.28
SME_0288,2025-11-01,453.0,0,0.3333333333333333,0.0,False,0.0,False,True,-2.0,23.0,Manufacturing,Scotland,High,1,297845.28
SME_0288,2025-12-01,453.0,0,0.0,0.0,False,0.0,False,True,-3.0,24.0,Manufacturing,Scotland,High,1,297845.28
SME_0288,2026-01-01,453.0,0,0.0,0.0,False,0.0,False,True,-4.0,25.0,Manufacturing,Scotland,High,1,297845.28
SME_0289,2024-08-01,701.0,8,,,False,0.0,True,False,,27.0,Services,Midlands,Low,18,225955.97
SME_0289,2024-09-01,706.0,15,8.0,,False,0.0,True,False,,28.0,Services,Midlands,Low,18,225955.97
SME_0289,2024-10-01,703.0,10,11.5,,True,6971.38,True,False,,29.0,Services,Midlands,Low,18,225955.97
SME_0289,2024-11-01,694.0,20,11.0,-7.0,False,0.0,True,False,,30.0,Services,Midlands,Low,18,225955.97
SME_0289,2024-12-01,703.0,21,15.0,-3.0,True,61944.99,True,False,,31.0,Services,Midlands,Low,18,225955.97
SME_0289,2025-01-01,706.0,13,17.0,3.0,False,0.0,True,False,,32.0,Services,Midlands,Low,18,225955.97
SME_0289,2025-02-01,703.0,18,18.0,9.0,False,0.0,True,False,,33.0,Services,Midlands,Low,18,225955.97
SME_0289,2025-03-01,726.0,21,17.333333333333332,23.0,False,0.0,True,False,,34.0,Services,Midlands,Low,18,225955.97
SME_0289,2025-04-01,717.0,18,17.333333333333332,11.0,False,0.0,True,False,,35.0,Services,Midlands,Low,18,225955.97
SME_0289,2025-05-01,717.0,18,19.0,14.0,False,0.0,True,False,,36.0,Services,Midlands,Low,18,225955.97
SME_0289,2025-06-01,705.0,14,19.0,-21.0,False,0.0,True,False,,37.0,Services,Midlands,Low,18,225955.97
SME_0289,2025-07-01,709.0,20,16.666666666666668,-8.0,False,0.0,True,False,,38.0,Services,Midlands,Low,18,225955.97
SME_0289,2025-08-01,688.0,14,17.333333333333332,-29.0,False,0.0,True,False,,39.0,Services,Midlands,Low,18,225955.97
SME_0289,2025-09-01,668.0,5,16.0,-37.0,False,0.0,True,False,,40.0,Services,Midlands,Low,18,225955.97
SME_0289,2025-10-01,678.0,18,13.0,-31.0,True,12329.79,True,False,,41.0,Services,Midlands,Low,18,225955.97
SME_0289,2025-11-01,687.0,15,12.333333333333334,-1.0,False,0.0,True,False,,42.0,Services,Midlands,Low,18,225955.97
SME_0289,2025-12-01,657.0,13,12.666666666666666,-11.0,False,0.0,True,False,,43.0,Services,Midlands,Low,18,225955.97
SME_0289,2026-01-01,661.0,19,15.333333333333334,-17.0,False,0.0,True,False,,44.0,Services,Midlands,Low,18,225955.97
SME_0290,2024-08-01,638.0,23,,,True,62684.93,True,False,,28.0,Retail,Midlands,Low,87,1106566.37
SME_0290,2024-09-01,631.0,10,23.0,,True,68848.32,True,False,,29.0,Retail,Midlands,Low,87,1106566.37
SME_0290,2024-10-01,619.0,15,16.5,,False,0.0,True,False,,30.0,Retail,Midlands,Low,87,1106566.37
SME_0290,2024-11-01,631.0,14,16.0,-7.0,False,0.0,True,False,,31.0,Retail,Midlands,Low,87,1106566.37
SME_0290,2024-12-01,629.0,7,13.0,-2.0,False,0.0,True,False,,32.0,Retail,Midlands,Low,87,1106566.37
SME_0290,2025-01-01,619.0,8,12.0,0.0,True,0.0,True,False,,33.0,Retail,Midlands,Low,87,1106566.37
SME_0290,2025-02-01,641.0,16,9.666666666666666,10.0,True,67791.61,True,False,,34.0,Retail,Midlands,Low,87,1106566.37
SME_0290,2025-03-01,635.0,11,10.333333333333334,6.0,False,0.0,True,False,,35.0,Retail,Midlands,Low,87,1106566.37
SME_0290,2025-04-01,646.0,20,11.666666666666666,27.0,False,0.0,True,False,,36.0,Retail,Midlands,Low,87,1106566.37
SME_0290,2025-05-01,655.0,17,15.666666666666666,14.0,False,0.0,True,False,,37.0,Retail,Midlands,Low,87,1106566.37
SME_0290,2025-06-01,637.0,20,16.0,2.0,False,0.0,True,False,,38.0,Retail,Midlands,Low,87,1106566.37
SME_0290,2025-07-01,650.0,8,19.0,4.0,False,0.0,True,False,,39.0,Retail,Midlands,Low,87,1106566.37
SME_0290,2025-08-01,664.0,17,15.0,9.0,True,54139.53,True,False,,40.0,Retail,Midlands,Low,87,1106566.37
SME_0290,2025-09-01,664.0,12,15.0,27.0,False,0.0,True,False,,41.0,Retail,Midlands,Low,87,1106566.37
SME_0290,2025-10-01,658.0,16,12.333333333333334,8.0,False,0.0,True,False,,42.0,Retail,Midlands,Low,87,1106566.37
SME_0290,2025-11-01,653.0,16,15.0,-11.0,False,0.0,True,False,,43.0,Retail,Midlands,Low,87,1106566.37
SME_0290,2025-12-01,672.0,12,14.666666666666666,8.0,False,0.0,True,False,,44.0,Retail,Midlands,Low,87,1106566.37
SME_0290,2026-01-01,672.0,12,14.666666666666666,14.0,False,0.0,True,False,,45.0,Retail,Midlands,Low,87,1106566.37
SME_0291,2024-08-01,715.0,11,,,True,23446.51,True,False,,30.0,Technology,Scotland,Low,170,350461.01
SME_0291,2024-09-01,729.0,14,11.0,,False,0.0,True,False,,31.0,Technology,Scotland,Low,170,350461.01
SME_0291,2024-10-01,745.0,11,12.5,,False,0.0,True,False,,32.0,Technology,Scotland,Low,170,350461.01
SME_0291,2024-11-01,737.0,14,12.0,22.0,False,0.0,True,False,,33.0,Technology,Scotland,Low,170,350461.01
SME_0291,2024-12-01,760.0,9,13.0,31.0,False,0.0,True,False,,34.0,Technology,Scotland,Low,170,350461.01
SME_0291,2025-01-01,741.0,14,11.333333333333334,-4.0,False,0.0,True,False,,35.0,Technology,Scotland,Low,170,350461.01
SME_0291,2025-02-01,721.0,21,12.333333333333334,-16.0,False,0.0,True,False,,36.0,Technology,Scotland,Low,170,350461.01
SME_0291,2025-03-01,738.0,15,14.666666666666666,-22.0,False,0.0,True,False,,37.0,Technology,Scotland,Low,170,350461.01
SME_0291,2025-04-01,753.0,13,16.666666666666668,12.0,False,0.0,True,False,,38.0,Technology,Scotland,Low,170,350461.01
SME_0291,2025-05-01,760.0,23,16.333333333333332,39.0,True,81032.28,True,False,,39.0,Technology,Scotland,Low,170,350461.01
SME_0291,2025-06-01,759.0,6,17.0,21.0,False,0.0,True,False,,40.0,Technology,Scotland,Low,170,350461.01
SME_0291,2025-07-01,766.0,23,14.0,13.0,False,0.0,True,False,,41.0,Technology,Scotland,Low,170,350461.01
SME_0291,2025-08-01,755.0,12,17.333333333333332,-5.0,False,0.0,True,False,,42.0,Technology,Scotland,Low,170,350461.01
SME_0291,2025-09-01,753.0,21,13.666666666666666,-6.0,True,63616.94,True,False,,43.0,Technology,Scotland,Low,170,350461.01
SME_0291,2025-10-01,742.0,19,18.666666666666668,-24.0,True,50885.59,True,False,,44.0,Technology,Scotland,Low,170,350461.01
SME_0291,2025-11-01,742.0,17,17.333333333333332,-13.0,False,0.0,True,False,,45.0,Technology,Scotland,Low,170,350461.01
SME_0291,2025-12-01,753.0,14,19.0,0.0,False,0.0,True,False,,46.0,Technology,Scotland,Low,170,350461.01
SME_0291,2026-01-01,741.0,18,16.666666666666668,-1.0,True,52316.63,True,False,,47.0,Technology,Scotland,Low,170,350461.01
SME_0292,2024-08-01,579.0,8,,,False,0.0,True,False,,4.0,Retail,Scotland,Medium,155,70969.89
SME_0292,2024-09-01,589.0,12,8.0,,True,0.0,True,False,,5.0,Retail,Scotland,Medium,155,70969.89
SME_0292,2024-10-01,597.0,13,10.0,,False,0.0,True,False,,6.0,Retail,Scotland,Medium,155,70969.89
SME_0292,2024-11-01,591.0,10,11.0,12.0,False,0.0,True,False,,7.0,Retail,Scotland,Medium,155,70969.89
SME_0292,2024-12-01,604.0,11,11.666666666666666,15.0,False,0.0,True,False,,8.0,Retail,Scotland,Medium,155,70969.89
SME_0292,2025-01-01,622.0,11,11.333333333333334,25.0,True,0.0,True,False,,9.0,Retail,Scotland,Medium,155,70969.89
SME_0292,2025-02-01,615.0,13,10.666666666666666,24.0,True,18569.51,True,False,,10.0,Retail,Scotland,Medium,155,70969.89
SME_0292,2025-03-01,608.0,9,11.666666666666666,4.0,False,0.0,True,False,,11.0,Retail,Scotland,Medium,155,70969.89
SME_0292,2025-04-01,578.0,14,11.0,-44.0,True,0.0,True,False,,12.0,Retail,Scotland,Medium,155,70969.89
SME_0292,2025-05-01,575.0,14,12.0,-40.0,False,0.0,True,False,,13.0,Retail,Scotland,Medium,155,70969.89
SME_0292,2025-06-01,569.0,9,12.333333333333334,-39.0,False,0.0,True,False,,14.0,Retail,Scotland,Medium,155,70969.89
SME_0292,2025-07-01,572.0,11,12.333333333333334,-6.0,False,0.0,True,False,,15.0,Retail,Scotland,Medium,155,70969.89
SME_0292,2025-08-01,586.0,16,11.333333333333334,11.0,False,0.0,True,False,,16.0,Retail,Scotland,Medium,155,70969.89
SME_0292,2025-09-01,584.0,14,12.0,15.0,False,0.0,True,False,,17.0,Retail,Scotland,Medium,155,70969.89
SME_0292,2025-10-01,578.0,12,13.666666666666666,6.0,False,0.0,True,False,,18.0,Retail,Scotland,Medium,155,70969.89
SME_0292,2025-11-01,580.0,6,14.0,-6.0,False,0.0,True,False,,19.0,Retail,Scotland,Medium,155,70969.89
SME_0292,2025-12-01,592.0,8,10.666666666666666,8.0,False,0.0,True,False,,20.0,Retail,Scotland,Medium,155,70969.89
SME_0292,2026-01-01,618.0,7,8.666666666666666,40.0,False,0.0,True,False,,21.0,Retail,Scotland,Medium,155,70969.89
SME_0293,2024-08-01,686.0,16,,,False,0.0,True,False,,6.0,Healthcare,Midlands,Low,20,146043.11
SME_0293,2024-09-01,667.0,12,16.0,,False,0.0,True,False,,7.0,Healthcare,Midlands,Low,20,146043.11
SME_0293,2024-10-01,683.0,12,14.0,,True,13519.5,True,False,,8.0,Healthcare,Midlands,Low,20,146043.11
SME_0293,2024-11-01,683.0,9,13.333333333333334,-3.0,False,0.0,True,False,,9.0,Healthcare,Midlands,Low,20,146043.11
SME_0293,2024-12-01,684.0,7,11.0,17.0,False,0.0,True,False,,10.0,Healthcare,Midlands,Low,20,146043.11
SME_0293,2025-01-01,683.0,16,9.333333333333334,0.0,False,0.0,True,False,,11.0,Healthcare,Midlands,Low,20,146043.11
SME_0293,2025-02-01,710.0,21,10.666666666666666,27.0,False,0.0,True,False,,12.0,Healthcare,Midlands,Low,20,146043.11
SME_0293,2025-03-01,701.0,18,14.666666666666666,17.0,True,0.0,True,False,,13.0,Healthcare,Midlands,Low,20,146043.11
SME_0293,2025-04-01,706.0,11,18.333333333333332,23.0,False,0.0,True,False,,14.0,Healthcare,Midlands,Low,20,146043.11
SME_0293,2025-05-01,718.0,15,16.666666666666668,8.0,False,0.0,True,False,,15.0,Healthcare,Midlands,Low,20,146043.11
SME_0293,2025-06-01,706.0,12,14.666666666666666,5.0,False,0.0,True,False,,16.0,Healthcare,Midlands,Low,20,146043.11
SME_0293,2025-07-01,695.0,11,12.666666666666666,-11.0,False,0.0,True,False,,17.0,Healthcare,Midlands,Low,20,146043.11
SME_0293,2025-08-01,699.0,14,12.666666666666666,-19.0,True,56693.41,True,False,,18.0,Healthcare,Midlands,Low,20,146043.11
SME_0293,2025-09-01,687.0,14,12.333333333333334,-19.0,False,0.0,True,False,,19.0,Healthcare,Midlands,Low,20,146043.11
SME_0293,2025-10-01,685.0,12,13.0,-10.0,True,0.0,True,False,,20.0,Healthcare,Midlands,Low,20,146043.11
SME_0293,2025-11-01,698.0,12,13.333333333333334,-1.0,False,0.0,True,False,,21.0,Healthcare,Midlands,Low,20,146043.11
SME_0293,2025-12-01,713.0,12,12.666666666666666,26.0,False,0.0,True,False,,22.0,Healthcare,Midlands,Low,20,146043.11
SME_0293,2026-01-01,743.0,10,12.0,58.0,False,0.0,True,False,,23.0,Healthcare,Midlands,Low,20,146043.11
SME_0294,2024-08-01,559.0,4,,,False,0.0,True,False,,33.0,Retail,Scotland,High,7,31800.87
SME_0294,2024-09-01,553.0,13,4.0,,False,0.0,True,False,,34.0,Retail,Scotland,High,7,31800.87
SME_0294,2024-10-01,569.0,6,8.5,,False,0.0,True,False,,35.0,Retail,Scotland,High,7,31800.87
SME_0294,2024-11-01,566.0,7,7.666666666666667,7.0,False,0.0,True,False,,36.0,Retail,Scotland,High,7,31800.87
SME_0294,2024-12-01,561.0,5,8.666666666666666,8.0,False,0.0,True,False,,37.0,Retail,Scotland,High,7,31800.87
SME_0294,2025-01-01,563.0,5,6.0,-6.0,False,0.0,True,False,,38.0,Retail,Scotland,High,7,31800.87
SME_0294,2025-02-01,546.0,10,5.666666666666667,-20.0,False,0.0,True,False,,39.0,Retail,Scotland,High,7,31800.87
SME_0294,2025-03-01,556.0,5,6.666666666666667,-5.0,True,29245.5,True,False,,40.0,Retail,Scotland,High,7,31800.87
SME_0294,2025-04-01,544.0,2,6.666666666666667,-19.0,False,0.0,True,False,,41.0,Retail,Scotland,High,7,31800.87
SME_0294,2025-05-01,548.0,5,5.666666666666667,2.0,False,0.0,True,False,,42.0,Retail,Scotland,High,7,31800.87
SME_0294,2025-06-01,569.0,7,4.0,13.0,False,0.0,True,False,,43.0,Retail,Scotland,High,7,31800.87
SME_0294,2025-07-01,562.0,7,4.666666666666667,18.0,False,0.0,True,False,,44.0,Retail,Scotland,High,7,31800.87
SME_0294,2025-08-01,556.0,6,6.333333333333333,8.0,False,0.0,True,False,,45.0,Retail,Scotland,High,7,31800.87
SME_0294,2025-09-01,544.0,5,6.666666666666667,-25.0,True,0.0,True,False,,46.0,Retail,Scotland,High,7,31800.87
SME_0294,2025-10-01,565.0,4,6.0,3.0,True,8398.31,True,False,,47.0,Retail,Scotland,High,7,31800.87
SME_0294,2025-11-01,561.0,4,5.0,5.0,False,0.0,True,False,,48.0,Retail,Scotland,High,7,31800.87
SME_0294,2025-12-01,555.0,5,4.333333333333333,11.0,False,0.0,True,False,,49.0,Retail,Scotland,High,7,31800.87
SME_0294,2026-01-01,553.0,6,4.333333333333333,-12.0,True,0.0,True,False,,50.0,Retail,Scotland,High,7,31800.87
SME_0295,2024-08-01,685.0,14,,,True,36523.91,True,False,,34.0,Technology,Midlands,Low,68,302685.03
SME_0295,2024-09-01,687.0,15,14.0,,False,0.0,True,False,,35.0,Technology,Midlands,Low,68,302685.03
SME_0295,2024-10-01,691.0,12,14.5,,False,0.0,True,False,,36.0,Technology,Midlands,Low,68,302685.03
SME_0295,2024-11-01,689.0,13,13.666666666666666,4.0,False,0.0,True,False,,37.0,Technology,Midlands,Low,68,302685.03
SME_0295,2024-12-01,697.0,8,13.333333333333334,10.0,False,0.0,True,False,,38.0,Technology,Midlands,Low,68,302685.03
SME_0295,2025-01-01,677.0,13,11.0,-14.0,False,0.0,True,False,,39.0,Technology,Midlands,Low,68,302685.03
SME_0295,2025-02-01,658.0,19,11.333333333333334,-31.0,False,0.0,True,False,,40.0,Technology,Midlands,Low,68,302685.03
SME_0295,2025-03-01,653.0,11,13.333333333333334,-44.0,False,0.0,True,False,,41.0,Technology,Midlands,Low,68,302685.03
SME_0295,2025-04-01,675.0,11,14.333333333333334,-2.0,False,0.0,True,False,,42.0,Technology,Midlands,Low,68,302685.03
SME_0295,2025-05-01,672.0,14,13.666666666666666,14.0,False,0.0,True,False,,43.0,Technology,Midlands,Low,68,302685.03
SME_0295,2025-06-01,657.0,15,12.0,4.0,True,0.0,True,False,,44.0,Technology,Midlands,Low,68,302685.03
SME_0295,2025-07-01,647.0,14,13.333333333333334,-28.0,True,22149.99,True,False,,45.0,Technology,Midlands,Low,68,302685.03
SME_0295,2025-08-01,641.0,17,14.333333333333334,-31.0,False,0.0,True,False,,46.0,Technology,Midlands,Low,68,302685.03
SME_0295,2025-09-01,645.0,17,15.333333333333334,-12.0,False,0.0,True,False,,47.0,Technology,Midlands,Low,68,302685.03
SME_0295,2025-10-01,636.0,8,16.0,-11.0,True,36246.38,True,False,,48.0,Technology,Midlands,Low,68,302685.03
SME_0295,2025-11-01,625.0,10,14.0,-16.0,False,0.0,True,False,,49.0,Technology,Midlands,Low,68,302685.03
SME_0295,2025-12-01,625.0,13,11.666666666666666,-20.0,True,0.0,True,False,,50.0,Technology,Midlands,Low,68,302685.03
SME_0295,2026-01-01,618.0,14,10.333333333333334,-18.0,True,0.0,True,False,,51.0,Technology,Midlands,Low,68,302685.03
SME_0296,2024-08-01,610.0,9,,,False,0.0,True,False,,26.0,Healthcare,Scotland,Medium,130,294040.3
SME_0296,2024-09-01,598.0,17,9.0,,False,0.0,True,False,,27.0,Healthcare,Scotland,Medium,130,294040.3
SME_0296,2024-10-01,607.0,5,13.0,,True,0.0,True,False,,28.0,Healthcare,Scotland,Medium,130,294040.3
SME_0296,2024-11-01,600.0,14,10.333333333333334,-10.0,False,0.0,True,False,,30.0,Healthcare,Scotland,Medium,130,294040.3
SME_0296,2024-12-01,612.0,17,12.0,14.0,False,0.0,True,False,,30.0,Healthcare,Scotland,Medium,130,294040.3
SME_0296,2025-01-01,603.0,13,12.0,-4.0,False,0.0,True,False,,32.0,Healthcare,Scotland,Medium,130,294040.3
SME_0296,2025-02-01,639.0,13,14.666666666666666,39.0,False,0.0,True,False,,33.0,Healthcare,Scotland,Medium,130,294040.3
SME_0296,2025-03-01,647.0,7,14.333333333333334,35.0,False,0.0,True,False,,33.0,Healthcare,Scotland,Medium,130,294040.3
SME_0296,2025-04-01,645.0,10,11.0,42.0,False,0.0,True,False,,34.0,Healthcare,Scotland,Medium,130,294040.3
SME_0296,2025-05-01,646.0,11,10.0,7.0,False,0.0,True,False,,35.0,Healthcare,Scotland,Medium,130,294040.3
SME_0296,2025-06-01,644.0,14,9.333333333333334,-3.0,False,0.0,True,False,,36.0,Healthcare,Scotland,Medium,130,294040.3
SME_0296,2025-07-01,634.0,12,11.666666666666666,-11.0,False,0.0,True,False,,37.0,Healthcare,Scotland,Medium,130,294040.3
SME_0296,2025-08-01,632.0,8,12.333333333333334,-14.0,False,0.0,True,False,,38.0,Healthcare,Scotland,Medium,130,294040.3
SME_0296,2025-09-01,626.0,10,11.333333333333334,-18.0,False,0.0,True,False,,39.0,Healthcare,Scotland,Medium,130,294040.3
SME_0296,2025-10-01,610.0,12,10.0,-24.0,False,0.0,True,False,,40.0,Healthcare,Scotland,Medium,130,294040.3
SME_0296,2025-11-01,615.0,8,10.0,-17.0,False,0.0,True,False,,41.0,Healthcare,Scotland,Medium,130,294040.3
SME_0296,2025-12-01,615.0,8,10.0,-11.0,False,0.0,True,False,,42.0,Healthcare,Scotland,Medium,130,294040.3
SME_0296,2026-01-01,621.0,10,9.333333333333334,11.0,True,6505.15,True,False,,43.0,Healthcare,Scotland,Medium,130,294040.3
SME_0297,2024-08-01,673.0,8,,,False,0.0,True,False,,5.0,Healthcare,London,Medium,149,284415.13
SME_0297,2024-09-01,679.0,8,8.0,,False,0.0,True,False,,6.0,Healthcare,London,Medium,149,284415.13
SME_0297,2024-10-01,702.0,16,8.0,,True,59054.85,True,False,,7.0,Healthcare,London,Medium,149,284415.13
SME_0297,2024-11-01,695.0,12,10.666666666666666,22.0,False,0.0,True,False,,8.0,Healthcare,London,Medium,149,284415.13
SME_0297,2024-12-01,686.0,8,12.0,7.0,False,0.0,True,False,,9.0,Healthcare,London,Medium,149,284415.13
SME_0297,2025-01-01,682.0,15,12.0,-20.0,False,0.0,True,False,,10.0,Healthcare,London,Medium,149,284415.13
SME_0297,2025-02-01,673.0,13,11.666666666666666,-22.0,True,0.0,True,False,,11.0,Healthcare,London,Medium,149,284415.13
SME_0297,2025-03-01,685.0,7,12.0,-1.0,False,0.0,True,False,,12.0,Healthcare,London,Medium,149,284415.13
SME_0297,2025-04-01,693.0,12,11.666666666666666,11.0,False,0.0,True,False,,13.0,Healthcare,London,Medium,149,284415.13
SME_0297,2025-05-01,675.0,15,10.666666666666666,2.0,True,51458.41,True,False,,14.0,Healthcare,London,Medium,149,284415.13
SME_0297,2025-06-01,678.0,12,11.333333333333334,-7.0,True,0.0,True,False,,15.0,Healthcare,London,Medium,149,284415.13
SME_0297,2025-07-01,673.0,12,13.0,-20.0,False,0.0,True,False,,16.0,Healthcare,London,Medium,149,284415.13
SME_0297,2025-08-01,687.0,23,13.0,12.0,False,0.0,True,False,,17.0,Healthcare,London,Medium,149,284415.13
SME_0297,2025-09-01,695.0,23,15.666666666666666,17.0,True,17328.4,True,False,,18.0,Healthcare,London,Medium,149,284415.13
SME_0297,2025-10-01,682.0,16,19.333333333333332,9.0,False,0.0,True,False,,19.0,Healthcare,London,Medium,149,284415.13
SME_0297,2025-11-01,691.0,11,20.666666666666668,4.0,True,41890.94,True,False,,20.0,Healthcare,London,Medium,149,284415.13
SME_0297,2025-12-01,688.0,11,16.666666666666668,-7.0,False,0.0,True,False,,21.0,Healthcare,London,Medium,149,284415.13
SME_0297,2026-01-01,678.0,10,12.666666666666666,-4.0,False,0.0,True,False,,22.0,Healthcare,London,Medium,149,284415.13
SME_0298,2024-08-01,664.0,16,,,False,0.0,True,False,,3.0,Technology,Scotland,Medium,164,901286.78
SME_0298,2024-09-01,655.0,12,16.0,,True,0.0,True,False,,4.0,Technology,Scotland,Medium,164,901286.78
SME_0298,2024-10-01,650.0,16,14.0,,False,0.0,True,False,,5.0,Technology,Scotland,Medium,164,901286.78
SME_0298,2024-11-01,634.0,7,14.666666666666666,-30.0,False,0.0,True,False,,6.0,Technology,Scotland,Medium,164,901286.78
SME_0298,2024-12-01,657.0,15,11.666666666666666,2.0,False,0.0,True,False,,7.0,Technology,Scotland,Medium,164,901286.78
SME_0298,2025-01-01,664.0,11,12.666666666666666,14.0,False,0.0,True,False,,8.0,Technology,Scotland,Medium,164,901286.78
SME_0298,2025-02-01,652.0,12,11.0,18.0,False,0.0,True,False,,9.0,Technology,Scotland,Medium,164,901286.78
SME_0298,2025-03-01,659.0,19,12.666666666666666,2.0,False,0.0,True,False,,10.0,Technology,Scotland,Medium,164,901286.78
SME_0298,2025-04-01,655.0,18,14.0,-9.0,True,62881.58,True,False,,11.0,Technology,Scotland,Medium,164,901286.78
SME_0298,2025-05-01,650.0,10,16.333333333333332,-2.0,False,0.0,True,False,,12.0,Technology,Scotland,Medium,164,901286.78
SME_0298,2025-06-01,655.0,10,15.666666666666666,-4.0,False,0.0,True,False,,13.0,Technology,Scotland,Medium,164,901286.78
SME_0298,2025-07-01,671.0,11,12.666666666666666,16.0,False,0.0,True,False,,14.0,Technology,Scotland,Medium,164,901286.78
SME_0298,2025-08-01,677.0,13,10.333333333333334,27.0,True,28856.76,True,False,,15.0,Technology,Scotland,Medium,164,901286.78
SME_0298,2025-09-01,675.0,15,11.333333333333334,20.0,False,0.0,True,False,,16.0,Technology,Scotland,Medium,164,901286.78
SME_0298,2025-10-01,677.0,9,13.0,6.0,False,0.0,True,False,,17.0,Technology,Scotland,Medium,164,901286.78
SME_0298,2025-11-01,677.0,21,12.333333333333334,0.0,False,0.0,True,False,,18.0,Technology,Scotland,Medium,164,901286.78
SME_0298,2025-12-01,682.0,15,15.0,7.0,True,18046.73,True,False,,19.0,Technology,Scotland,Medium,164,901286.78
SME_0298,2026-01-01,670.0,11,15.0,-7.0,False,0.0,True,False,,20.0,Technology,Scotland,Medium,164,901286.78
SME_0299,2024-08-01,553.0,9,,,False,0.0,True,False,,3.0,Technology,North West,Medium,69,743219.21
SME_0299,2024-09-01,535.0,4,9.0,,False,0.0,True,False,,4.0,Technology,North West,Medium,69,743219.21
SME_0299,2024-10-01,549.0,6,6.5,,False,0.0,True,False,,5.0,Technology,North West,Medium,69,743219.21
SME_0299,2024-11-01,550.0,5,6.333333333333333,-3.0,False,0.0,True,False,,6.0,Technology,North West,Medium,69,743219.21
SME_0299,2024-12-01,555.0,5,5.0,20.0,False,0.0,True,False,,7.0,Technology,North West,Medium,69,743219.21
SME_0299,2025-01-01,551.0,9,5.333333333333333,2.0,False,0.0,True,False,,8.0,Technology,North West,Medium,69,743219.21
SME_0299,2025-02-01,561.0,6,6.333333333333333,11.0,True,0.0,True,False,,9.0,Technology,North West,Medium,69,743219.21
SME_0299,2025-03-01,538.0,6,6.666666666666667,-17.0,False,0.0,True,False,,10.0,Technology,North West,Medium,69,743219.21
SME_0299,2025-04-01,536.0,5,7.0,-15.0,False,0.0,True,False,,11.0,Technology,North West,Medium,69,743219.21
SME_0299,2025-05-01,500.0,8,5.666666666666667,-61.0,False,0.0,True,False,,12.0,Technology,North West,Medium,69,743219.21
SME_0299,2025-06-01,508.0,6,6.333333333333333,-30.0,False,0.0,True,False,,13.0,Technology,North West,Medium,69,743219.21
SME_0299,2025-07-01,502.0,5,6.333333333333333,-34.0,True,9589.02,True,False,,14.0,Technology,North West,Medium,69,743219.21
SME_0299,2025-08-01,499.0,6,6.333333333333333,-1.0,False,0.0,True,False,,15.0,Technology,North West,Medium,69,743219.21
SME_0299,2025-09-01,501.0,7,5.666666666666667,-7.0,False,0.0,True,False,,16.0,Technology,North West,Medium,69,743219.21
SME_0299,2025-10-01,517.0,9,6.0,15.0,False,0.0,True,False,,17.0,Technology,North West,Medium,69,743219.21
SME_0299,2025-11-01,535.0,4,7.333333333333333,36.0,False,0.0,True,False,,18.0,Technology,North West,Medium,69,743219.21
SME_0299,2025-12-01,532.0,2,6.666666666666667,31.0,False,0.0,True,False,,19.0,Technology,North West,Medium,69,743219.21
SME_0299,2026-01-01,533.0,8,5.0,16.0,False,0.0,True,False,,20.0,Technology,North West,Medium,69,743219.21
SME_0300,2024-08-01,595.0,6,,,False,0.0,True,False,,25.0,Services,South East,High,34,289829.15
SME_0300,2024-09-01,617.0,10,6.0,,False,0.0,True,False,,26.0,Services,South East,High,34,289829.15
SME_0300,2024-10-01,613.0,8,8.0,,False,0.0,True,False,,27.0,Services,South East,High,34,289829.15
SME_0300,2024-11-01,609.0,10,8.0,14.0,False,0.0,True,False,,28.0,Services,South East,High,34,289829.15
SME_0300,2024-12-01,608.0,8,9.333333333333334,-9.0,False,0.0,True,False,,29.0,Services,South East,High,34,289829.15
SME_0300,2025-01-01,618.0,13,8.666666666666666,5.0,False,0.0,True,False,,30.0,Services,South East,High,34,289829.15
SME_0300,2025-02-01,606.0,10,10.333333333333334,-3.0,False,0.0,True,False,,31.0,Services,South East,High,34,289829.15
SME_0300,2025-03-01,616.0,7,10.333333333333334,8.0,False,0.0,True,False,,32.0,Services,South East,High,34,289829.15
SME_0300,2025-04-01,612.0,10,10.0,-6.0,True,13535.34,True,False,,33.0,Services,South East,High,34,289829.15
SME_0300,2025-05-01,601.0,16,9.0,-5.0,False,0.0,True,False,,34.0,Services,South East,High,34,289829.15
SME_0300,2025-06-01,613.0,17,11.0,-3.0,False,0.0,True,False,,35.0,Services,South East,High,34,289829.15
SME_0300,2025-07-01,635.0,13,14.333333333333334,23.0,False,0.0,True,False,,36.0,Services,South East,High,34,289829.15
SME_0300,2025-08-01,621.0,11,15.333333333333334,20.0,False,0.0,True,False,,37.0,Services,South East,High,34,289829.15
SME_0300,2025-09-01,635.0,15,13.666666666666666,22.0,True,0.0,True,False,,38.0,Services,South East,High,34,289829.15
SME_0300,2025-10-01,630.0,11,13.0,-5.0,False,0.0,True,False,,39.0,Services,South East,High,34,289829.15
SME_0300,2025-11-01,633.0,7,12.333333333333334,12.0,False,0.0,True,False,,40.0,Services,South East,High,34,289829.15
SME_0300,2025-12-01,597.0,16,11.0,-38.0,False,0.0,True,False,,41.0,Services,South East,High,34,289829.15
SME_0300,2026-01-01,628.0,7,11.333333333333334,-2.0,False,0.0,True,False,,42.0,Services,South East,High,34,289829.15
SME_0301,2024-08-01,564.0,15,,,True,0.0,True,True,5.0,31.0,Technology,North West,Medium,6,60770.5
SME_0301,2024-09-01,561.0,12,15.0,,False,0.0,True,True,4.0,32.0,Technology,North West,Medium,6,60770.5
SME_0301,2024-10-01,563.0,9,13.5,,False,0.0,True,True,3.0,33.0,Technology,North West,Medium,6,60770.5
SME_0301,2024-11-01,554.0,14,12.0,-10.0,False,0.0,True,True,2.0,34.0,Technology,North West,Medium,6,60770.5
SME_0301,2024-12-01,557.0,11,11.666666666666666,-4.0,False,0.0,True,True,1.0,35.0,Technology,North West,Medium,6,60770.5
SME_0301,2025-01-01,557.0,0,11.333333333333334,-6.0,False,0.0,False,True,0.0,36.0,Technology,North West,Medium,6,60770.5
SME_0301,2025-02-01,557.0,0,8.333333333333334,3.0,False,0.0,False,True,-1.0,37.0,Technology,North West,Medium,6,60770.5
SME_0301,2025-03-01,557.0,0,3.6666666666666665,0.0,False,0.0,False,True,-2.0,38.0,Technology,North West,Medium,6,60770.5
SME_0301,2025-04-01,557.0,0,0.0,0.0,False,0.0,False,True,-3.0,39.0,Technology,North West,Medium,6,60770.5
SME_0301,2025-05-01,557.0,0,0.0,0.0,False,0.0,False,True,-4.0,40.0,Technology,North West,Medium,6,60770.5
SME_0301,2025-06-01,557.0,0,0.0,0.0,False,0.0,False,True,-5.0,41.0,Technology,North West,Medium,6,60770.5
SME_0301,2025-07-01,557.0,0,0.0,0.0,False,0.0,False,True,-6.0,42.0,Technology,North West,Medium,6,60770.5
SME_0301,2025-08-01,557.0,0,0.0,0.0,False,0.0,False,True,-7.0,43.0,Technology,North West,Medium,6,60770.5
SME_0301,2025-09-01,557.0,0,0.0,0.0,False,0.0,False,True,-8.0,44.0,Technology,North West,Medium,6,60770.5
SME_0301,2025-10-01,557.0,0,0.0,0.0,False,0.0,False,True,-9.0,45.0,Technology,North West,Medium,6,60770.5
SME_0301,2025-11-01,557.0,0,0.0,0.0,False,0.0,False,True,-10.0,46.0,Technology,North West,Medium,6,60770.5
SME_0301,2025-12-01,557.0,0,0.0,0.0,False,0.0,False,True,-11.0,47.0,Technology,North West,Medium,6,60770.5
SME_0301,2026-01-01,557.0,0,0.0,0.0,False,0.0,False,True,-12.0,48.0,Technology,North West,Medium,6,60770.5
SME_0302,2024-08-01,675.0,9,,,False,0.0,True,False,,23.0,Retail,North West,Low,30,617916.68
SME_0302,2024-09-01,667.0,16,9.0,,False,0.0,True,False,,24.0,Retail,North West,Low,30,617916.68
SME_0302,2024-10-01,657.0,11,12.5,,False,0.0,True,False,,25.0,Retail,North West,Low,30,617916.68
SME_0302,2024-11-01,651.0,13,12.0,-24.0,False,0.0,True,False,,26.0,Retail,North West,Low,30,617916.68
SME_0302,2024-12-01,633.0,15,13.333333333333334,-34.0,False,0.0,True,False,,27.0,Retail,North West,Low,30,617916.68
SME_0302,2025-01-01,650.0,9,13.0,-7.0,True,0.0,True,False,,28.0,Retail,North West,Low,30,617916.68
SME_0302,2025-02-01,649.0,14,12.333333333333334,-2.0,False,0.0,True,False,,29.0,Retail,North West,Low,30,617916.68
SME_0302,2025-03-01,672.0,15,12.666666666666666,39.0,False,0.0,True,False,,30.0,Retail,North West,Low,30,617916.68
SME_0302,2025-04-01,670.0,8,12.666666666666666,20.0,False,0.0,True,False,,31.0,Retail,North West,Low,30,617916.68
SME_0302,2025-05-01,665.0,13,12.333333333333334,16.0,False,0.0,True,False,,32.0,Retail,North West,Low,30,617916.68
SME_0302,2025-06-01,673.0,10,12.0,1.0,True,0.0,True,False,,33.0,Retail,North West,Low,30,617916.68
SME_0302,2025-07-01,666.0,12,10.333333333333334,-4.0,False,0.0,True,False,,34.0,Retail,North West,Low,30,617916.68
SME_0302,2025-08-01,660.0,18,11.666666666666666,-5.0,True,0.0,True,False,,35.0,Retail,North West,Low,30,617916.68
SME_0302,2025-09-01,659.0,8,13.333333333333334,-14.0,False,0.0,True,False,,36.0,Retail,North West,Low,30,617916.68
SME_0302,2025-10-01,665.0,12,12.666666666666666,-1.0,False,0.0,True,False,,37.0,Retail,North West,Low,30,617916.68
SME_0302,2025-11-01,670.0,9,12.666666666666666,10.0,True,0.0,True,False,,38.0,Retail,North West,Low,30,617916.68
SME_0302,2025-12-01,666.0,13,9.666666666666666,7.0,False,0.0,True,False,,39.0,Retail,North West,Low,30,617916.68
SME_0302,2026-01-01,651.0,17,11.333333333333334,-14.0,False,0.0,True,False,,40.0,Retail,North West,Low,30,617916.68
SME_0303,2024-08-01,660.0,19,,,True,24559.11,True,False,,10.0,Services,London,Low,13,571395.37
SME_0303,2024-09-01,627.0,11,19.0,,False,0.0,True,False,,11.0,Services,London,Low,13,571395.37
SME_0303,2024-10-01,618.0,23,15.0,,False,0.0,True,False,,12.0,Services,London,Low,13,571395.37
SME_0303,2024-11-01,611.0,6,17.666666666666668,-49.0,False,0.0,True,False,,13.0,Services,London,Low,13,571395.37
SME_0303,2024-12-01,608.0,7,13.333333333333334,-19.0,True,63021.49,True,False,,14.0,Services,London,Low,13,571395.37
SME_0303,2025-01-01,616.0,13,12.0,-2.0,True,0.0,True,False,,15.0,Services,London,Low,13,571395.37
SME_0303,2025-02-01,602.0,7,8.666666666666666,-9.0,False,0.0,True,False,,16.0,Services,London,Low,13,571395.37
SME_0303,2025-03-01,591.0,17,9.0,-17.0,False,0.0,True,False,,17.0,Services,London,Low,13,571395.37
SME_0303,2025-04-01,596.0,12,12.333333333333334,-20.0,True,25974.98,True,False,,18.0,Services,London,Low,13,571395.37
SME_0303,2025-05-01,601.0,20,12.0,-1.0,False,0.0,True,False,,19.0,Services,London,Low,13,571395.37
SME_0303,2025-06-01,621.0,13,16.333333333333332,30.0,False,0.0,True,False,,20.0,Services,London,Low,13,571395.37
SME_0303,2025-07-01,623.0,10,15.0,27.0,False,0.0,True,False,,21.0,Services,London,Low,13,571395.37
SME_0303,2025-08-01,620.0,8,14.333333333333334,19.0,False,0.0,True,False,,22.0,Services,London,Low,13,571395.37
SME_0303,2025-09-01,620.0,15,10.333333333333334,-1.0,True,52440.06,True,False,,23.0,Services,London,Low,13,571395.37
SME_0303,2025-10-01,626.0,15,11.0,3.0,True,57668.14,True,False,,24.0,Services,London,Low,13,571395.37
SME_0303,2025-11-01,624.0,13,12.666666666666666,4.0,True,15534.59,True,False,,25.0,Services,London,Low,13,571395.37
SME_0303,2025-12-01,617.0,12,14.333333333333334,-3.0,False,0.0,True,False,,26.0,Services,London,Low,13,571395.37
SME_0303,2026-01-01,613.0,10,13.333333333333334,-13.0,False,0.0,True,False,,27.0,Services,London,Low,13,571395.37
SME_0304,2024-08-01,604.0,7,,,False,0.0,True,False,,28.0,Services,Midlands,Medium,172,470702.33
SME_0304,2024-09-01,599.0,7,7.0,,False,0.0,True,False,,29.0,Services,Midlands,Medium,172,470702.33
SME_0304,2024-10-01,593.0,19,7.0,,False,0.0,True,False,,30.0,Services,Midlands,Medium,172,470702.33
SME_0304,2024-11-01,608.0,18,11.0,4.0,False,0.0,True,False,,31.0,Services,Midlands,Medium,172,470702.33
SME_0304,2024-12-01,600.0,10,14.666666666666666,1.0,False,0.0,True,False,,32.0,Services,Midlands,Medium,172,470702.33
SME_0304,2025-01-01,605.0,13,15.666666666666666,12.0,False,0.0,True,False,,33.0,Services,Midlands,Medium,172,470702.33
SME_0304,2025-02-01,589.0,6,13.666666666666666,-19.0,False,0.0,True,False,,34.0,Services,Midlands,Medium,172,470702.33
SME_0304,2025-03-01,597.0,12,9.666666666666666,-3.0,False,0.0,True,False,,35.0,Services,Midlands,Medium,172,470702.33
SME_0304,2025-04-01,609.0,14,10.333333333333334,4.0,True,0.0,True,False,,36.0,Services,Midlands,Medium,172,470702.33
SME_0304,2025-05-01,626.0,15,10.666666666666666,37.0,False,0.0,True,False,,37.0,Services,Midlands,Medium,172,470702.33
SME_0304,2025-06-01,612.0,6,13.666666666666666,15.0,False,0.0,True,False,,38.0,Services,Midlands,Medium,172,470702.33
SME_0304,2025-07-01,605.0,13,11.666666666666666,-4.0,False,0.0,True,False,,39.0,Services,Midlands,Medium,172,470702.33
SME_0304,2025-08-01,608.0,8,11.333333333333334,-18.0,False,0.0,True,False,,40.0,Services,Midlands,Medium,172,470702.33
SME_0304,2025-09-01,628.0,12,9.0,16.0,False,0.0,True,False,,41.0,Services,Midlands,Medium,172,470702.33
SME_0304,2025-10-01,643.0,15,11.0,38.0,False,0.0,True,False,,42.0,Services,Midlands,Medium,172,470702.33
SME_0304,2025-11-01,648.0,13,11.666666666666666,40.0,False,0.0,True,False,,43.0,Services,Midlands,Medium,172,470702.33
SME_0304,2025-12-01,633.0,8,13.333333333333334,5.0,False,0.0,True,False,,44.0,Services,Midlands,Medium,172,470702.33
SME_0304,2026-01-01,649.0,15,12.0,6.0,False,0.0,True,False,,45.0,Services,Midlands,Medium,172,470702.33
SME_0305,2024-08-01,607.0,10,,,False,0.0,True,False,,3.0,Technology,North West,Low,54,798552.3
SME_0305,2024-09-01,617.0,8,10.0,,False,0.0,True,False,,4.0,Technology,North West,Low,54,798552.3
SME_0305,2024-10-01,629.0,13,9.0,,True,0.0,True,False,,5.0,Technology,North West,Low,54,798552.3
SME_0305,2024-11-01,628.0,12,10.333333333333334,21.0,True,0.0,True,False,,6.0,Technology,North West,Low,54,798552.3
SME_0305,2024-12-01,623.0,13,11.0,6.0,False,0.0,True,False,,7.0,Technology,North West,Low,54,798552.3
SME_0305,2025-01-01,614.0,8,12.666666666666666,-15.0,False,0.0,True,False,,8.0,Technology,North West,Low,54,798552.3
SME_0305,2025-02-01,625.0,19,11.0,-3.0,False,0.0,True,False,,9.0,Technology,North West,Low,54,798552.3
SME_0305,2025-03-01,620.0,11,13.333333333333334,-3.0,False,0.0,True,False,,10.0,Technology,North West,Low,54,798552.3
SME_0305,2025-04-01,634.0,17,12.666666666666666,20.0,False,0.0,True,False,,11.0,Technology,North West,Low,54,798552.3
SME_0305,2025-05-01,610.0,5,15.666666666666666,-15.0,True,0.0,True,False,,12.0,Technology,North West,Low,54,798552.3
SME_0305,2025-06-01,620.0,14,11.0,0.0,True,0.0,True,False,,13.0,Technology,North West,Low,54,798552.3
SME_0305,2025-07-01,619.0,10,12.0,-15.0,False,0.0,True,False,,14.0,Technology,North West,Low,54,798552.3
SME_0305,2025-08-01,624.0,21,9.666666666666666,14.0,True,0.0,True,False,,15.0,Technology,North West,Low,54,798552.3
SME_0305,2025-09-01,632.0,20,15.0,12.0,False,0.0,True,False,,16.0,Technology,North West,Low,54,798552.3
SME_0305,2025-10-01,612.0,13,17.0,-7.0,False,0.0,True,False,,17.0,Technology,North West,Low,54,798552.3
SME_0305,2025-11-01,,11,18.0,,False,0.0,True,False,,18.0,Technology,North West,Low,54,798552.3
SME_0305,2025-12-01,614.0,8,14.666666666666666,-18.0,False,0.0,True,False,,19.0,Technology,North West,Low,54,798552.3
SME_0305,2026-01-01,629.0,17,10.666666666666666,17.0,False,0.0,True,False,,20.0,Technology,North West,Low,54,798552.3
SME_0306,2024-08-01,685.0,14,,,False,0.0,True,False,,30.0,Services,South East,Medium,164,144515.44
SME_0306,2024-09-01,688.0,11,14.0,,False,0.0,True,False,,31.0,Services,South East,Medium,164,144515.44
SME_0306,2024-10-01,686.0,9,12.5,,False,0.0,True,False,,32.0,Services,South East,Medium,164,144515.44
SME_0306,2024-11-01,693.0,9,11.333333333333334,8.0,False,0.0,True,False,,33.0,Services,South East,Medium,164,144515.44
SME_0306,2024-12-01,661.0,13,9.666666666666666,-27.0,False,0.0,True,False,,34.0,Services,South East,Medium,164,144515.44
SME_0306,2025-01-01,659.0,11,10.333333333333334,-27.0,False,0.0,True,False,,35.0,Services,South East,Medium,164,144515.44
SME_0306,2025-02-01,646.0,6,11.0,-47.0,False,0.0,True,False,,36.0,Services,South East,Medium,164,144515.44
SME_0306,2025-03-01,665.0,16,10.0,4.0,False,0.0,True,False,,37.0,Services,South East,Medium,164,144515.44
SME_0306,2025-04-01,672.0,19,11.0,13.0,True,42412.14,True,False,,38.0,Services,South East,Medium,164,144515.44
SME_0306,2025-05-01,658.0,8,13.666666666666666,12.0,False,0.0,True,False,,39.0,Services,South East,Medium,164,144515.44
SME_0306,2025-06-01,644.0,8,14.333333333333334,-21.0,True,0.0,True,False,,40.0,Services,South East,Medium,164,144515.44
SME_0306,2025-07-01,641.0,6,11.666666666666666,-31.0,True,0.0,True,False,,41.0,Services,South East,Medium,164,144515.44
SME_0306,2025-08-01,642.0,10,7.333333333333333,-16.0,True,0.0,True,False,,42.0,Services,South East,Medium,164,144515.44
SME_0306,2025-09-01,646.0,15,8.0,2.0,True,11506.04,True,False,,43.0,Services,South East,Medium,164,144515.44
SME_0306,2025-10-01,653.0,9,10.333333333333334,12.0,False,0.0,True,False,,44.0,Services,South East,Medium,164,144515.44
SME_0306,2025-11-01,632.0,7,11.333333333333334,-10.0,False,0.0,True,False,,45.0,Services,South East,Medium,164,144515.44
SME_0306,2025-12-01,645.0,8,10.333333333333334,-1.0,False,0.0,True,False,,46.0,Services,South East,Medium,164,144515.44
SME_0306,2026-01-01,662.0,14,8.0,9.0,False,0.0,True,False,,47.0,Services,South East,Medium,164,144515.44
SME_0307,2024-08-01,597.0,6,,,False,0.0,True,False,,32.0,Manufacturing,Scotland,Medium,111,1624685.98
SME_0307,2024-09-01,605.0,15,6.0,,False,0.0,True,False,,33.0,Manufacturing,Scotland,Medium,111,1624685.98
SME_0307,2024-10-01,601.0,9,10.5,,False,0.0,True,False,,34.0,Manufacturing,Scotland,Medium,111,1624685.98
SME_0307,2024-11-01,594.0,11,10.0,-3.0,False,0.0,True,False,,35.0,Manufacturing,Scotland,Medium,111,1624685.98
SME_0307,2024-12-01,577.0,7,11.666666666666666,-28.0,False,0.0,True,False,,36.0,Manufacturing,Scotland,Medium,111,1624685.98
SME_0307,2025-01-01,580.0,7,9.0,-21.0,False,0.0,True,False,,37.0,Manufacturing,Scotland,Medium,111,1624685.98
SME_0307,2025-02-01,585.0,13,8.333333333333334,-9.0,False,0.0,True,False,,38.0,Manufacturing,Scotland,Medium,111,1624685.98
SME_0307,2025-03-01,593.0,10,9.0,16.0,True,0.0,True,False,,39.0,Manufacturing,Scotland,Medium,111,1624685.98
SME_0307,2025-04-01,595.0,9,10.0,15.0,False,0.0,True,False,,40.0,Manufacturing,Scotland,Medium,111,1624685.98
SME_0307,2025-05-01,607.0,17,10.666666666666666,22.0,True,0.0,True,False,,41.0,Manufacturing,Scotland,Medium,111,1624685.98
SME_0307,2025-06-01,611.0,9,12.0,18.0,True,0.0,True,False,,42.0,Manufacturing,Scotland,Medium,111,1624685.98
SME_0307,2025-07-01,616.0,10,11.666666666666666,21.0,False,0.0,True,False,,43.0,Manufacturing,Scotland,Medium,111,1624685.98
SME_0307,2025-08-01,603.0,11,12.0,-4.0,False,0.0,True,False,,44.0,Manufacturing,Scotland,Medium,111,1624685.98
SME_0307,2025-09-01,598.0,13,10.0,-13.0,False,0.0,True,False,,45.0,Manufacturing,Scotland,Medium,111,1624685.98
SME_0307,2025-10-01,608.0,13,11.333333333333334,-8.0,False,0.0,True,False,,46.0,Manufacturing,Scotland,Medium,111,1624685.98
SME_0307,2025-11-01,605.0,12,12.333333333333334,2.0,True,0.0,True,False,,47.0,Manufacturing,Scotland,Medium,111,1624685.98
SME_0307,2025-12-01,587.0,5,12.666666666666666,-11.0,False,0.0,True,False,,48.0,Manufacturing,Scotland,Medium,111,1624685.98
SME_0307,2026-01-01,591.0,12,10.0,-17.0,False,0.0,True,False,,49.0,Manufacturing,Scotland,Medium,111,1624685.98
SME_0308,2024-08-01,553.0,12,,,False,0.0,True,False,,26.0,Services,South East,Medium,108,142446.84
SME_0308,2024-09-01,551.0,13,12.0,,False,0.0,True,False,,27.0,Services,South East,Medium,108,142446.84
SME_0308,2024-10-01,569.0,9,12.5,,False,0.0,True,False,,28.0,Services,South East,Medium,108,142446.84
SME_0308,2024-11-01,593.0,3,11.333333333333334,40.0,False,0.0,True,False,,29.0,Services,South East,Medium,108,142446.84
SME_0308,2024-12-01,618.0,5,8.333333333333334,67.0,False,0.0,True,False,,30.0,Services,South East,Medium,108,142446.84
SME_0308,2025-01-01,600.0,9,5.666666666666667,31.0,False,0.0,True,False,,31.0,Services,South East,Medium,108,142446.84
SME_0308,2025-02-01,613.0,10,5.666666666666667,20.0,True,0.0,True,False,,32.0,Services,South East,Medium,108,142446.84
SME_0308,2025-03-01,603.0,7,8.0,-15.0,False,0.0,True,False,,33.0,Services,South East,Medium,108,142446.84
SME_0308,2025-04-01,610.0,10,8.666666666666666,10.0,False,0.0,True,False,,34.0,Services,South East,Medium,108,142446.84
SME_0308,2025-05-01,610.0,6,9.0,-3.0,False,0.0,True,False,,35.0,Services,South East,Medium,108,142446.84
SME_0308,2025-06-01,586.0,6,7.666666666666667,-17.0,False,0.0,True,False,,36.0,Services,South East,Medium,108,142446.84
SME_0308,2025-07-01,582.0,9,7.333333333333333,-28.0,False,0.0,True,False,,37.0,Services,South East,Medium,108,142446.84
SME_0308,2025-08-01,567.0,5,7.0,-43.0,False,0.0,True,False,,38.0,Services,South East,Medium,108,142446.84
SME_0308,2025-09-01,567.0,6,6.666666666666667,-19.0,False,0.0,True,False,,39.0,Services,South East,Medium,108,142446.84
SME_0308,2025-10-01,560.0,5,6.666666666666667,-22.0,True,0.0,True,False,,40.0,Services,South East,Medium,108,142446.84
SME_0308,2025-11-01,546.0,7,5.333333333333333,-21.0,False,0.0,True,False,,41.0,Services,South East,Medium,108,142446.84
SME_0308,2025-12-01,554.0,8,6.0,-13.0,False,0.0,True,False,,42.0,Services,South East,Medium,108,142446.84
SME_0308,2026-01-01,569.0,6,6.666666666666667,9.0,False,0.0,True,False,,43.0,Services,South East,Medium,108,142446.84
SME_0309,2024-08-01,552.0,9,,,False,0.0,True,True,10.0,32.0,Retail,Midlands,Medium,91,544690.49
SME_0309,2024-09-01,556.0,8,9.0,,False,0.0,True,True,9.0,33.0,Retail,Midlands,Medium,91,544690.49
SME_0309,2024-10-01,578.0,8,8.5,,False,0.0,True,True,8.0,34.0,Retail,Midlands,Medium,91,544690.49
SME_0309,2024-11-01,569.0,6,8.333333333333334,17.0,False,0.0,True,True,7.0,35.0,Retail,Midlands,Medium,91,544690.49
SME_0309,2024-12-01,556.0,9,7.333333333333333,0.0,True,11903.35,True,True,6.0,36.0,Retail,Midlands,Medium,91,544690.49
SME_0309,2025-01-01,527.0,8,7.666666666666667,-51.0,False,0.0,True,True,5.0,37.0,Retail,Midlands,Medium,91,544690.49
SME_0309,2025-02-01,531.0,9,7.666666666666667,-38.0,False,0.0,True,True,4.0,38.0,Retail,Midlands,Medium,91,544690.49
SME_0309,2025-03-01,528.0,5,8.666666666666666,-28.0,False,0.0,True,True,3.0,39.0,Retail,Midlands,Medium,91,544690.49
SME_0309,2025-04-01,527.0,11,7.333333333333333,0.0,False,0.0,True,True,2.0,40.0,Retail,Midlands,Medium,91,544690.49
SME_0309,2025-05-01,514.0,8,8.333333333333334,-17.0,False,0.0,True,True,1.0,41.0,Retail,Midlands,Medium,91,544690.49
SME_0309,2025-06-01,514.0,0,8.0,-14.0,False,0.0,False,True,0.0,42.0,Retail,Midlands,Medium,91,544690.49
SME_0309,2025-07-01,514.0,0,6.333333333333333,-13.0,False,0.0,False,True,-1.0,43.0,Retail,Midlands,Medium,91,544690.49
SME_0309,2025-08-01,514.0,0,2.6666666666666665,0.0,False,0.0,False,True,-2.0,44.0,Retail,Midlands,Medium,91,544690.49
SME_0309,2025-09-01,514.0,0,0.0,0.0,False,0.0,False,True,-3.0,45.0,Retail,Midlands,Medium,91,544690.49
SME_0309,2025-10-01,514.0,0,0.0,0.0,False,0.0,False,True,-4.0,46.0,Retail,Midlands,Medium,91,544690.49
SME_0309,2025-11-01,514.0,0,0.0,0.0,False,0.0,False,True,-5.0,47.0,Retail,Midlands,Medium,91,544690.49
SME_0309,2025-12-01,514.0,0,0.0,0.0,False,0.0,False,True,-6.0,48.0,Retail,Midlands,Medium,91,544690.49
SME_0309,2026-01-01,514.0,0,0.0,0.0,False,0.0,False,True,-7.0,49.0,Retail,Midlands,Medium,91,544690.49
SME_0310,2024-08-01,538.0,6,,,False,0.0,True,False,,22.0,Retail,London,Medium,164,74722.88
SME_0310,2024-09-01,526.0,13,6.0,,False,0.0,True,False,,23.0,Retail,London,Medium,164,74722.88
SME_0310,2024-10-01,533.0,6,9.5,,False,0.0,True,False,,24.0,Retail,London,Medium,164,74722.88
SME_0310,2024-11-01,556.0,5,8.333333333333334,18.0,False,0.0,True,False,,25.0,Retail,London,Medium,164,74722.88
SME_0310,2024-12-01,565.0,10,8.0,39.0,False,0.0,True,False,,26.0,Retail,London,Medium,164,74722.88
SME_0310,2025-01-01,583.0,6,7.0,50.0,False,0.0,True,False,,27.0,Retail,London,Medium,164,74722.88
SME_0310,2025-02-01,592.0,5,7.0,36.0,False,0.0,True,False,,28.0,Retail,London,Medium,164,74722.88
SME_0310,2025-03-01,575.0,4,7.0,10.0,False,0.0,True,False,,29.0,Retail,London,Medium,164,74722.88
SME_0310,2025-04-01,571.0,10,5.0,-12.0,False,0.0,True,False,,30.0,Retail,London,Medium,164,74722.88
SME_0310,2025-05-01,556.0,8,6.333333333333333,-36.0,False,0.0,True,False,,31.0,Retail,London,Medium,164,74722.88
SME_0310,2025-06-01,560.0,6,7.333333333333333,-15.0,False,0.0,True,False,,32.0,Retail,London,Medium,164,74722.88
SME_0310,2025-07-01,582.0,7,8.0,11.0,False,0.0,True,False,,33.0,Retail,London,Medium,164,74722.88
SME_0310,2025-08-01,573.0,6,7.0,17.0,False,0.0,True,False,,34.0,Retail,London,Medium,164,74722.88
SME_0310,2025-09-01,560.0,5,6.333333333333333,0.0,False,0.0,True,False,,35.0,Retail,London,Medium,164,74722.88
SME_0310,2025-10-01,537.0,6,6.0,-45.0,True,0.0,True,False,,36.0,Retail,London,Medium,164,74722.88
SME_0310,2025-11-01,531.0,8,5.666666666666667,-42.0,True,0.0,True,False,,37.0,Retail,London,Medium,164,74722.88
SME_0310,2025-12-01,565.0,4,6.333333333333333,5.0,False,0.0,True,False,,38.0,Retail,London,Medium,164,74722.88
SME_0310,2026-01-01,543.0,1,6.0,6.0,False,0.0,True,False,,39.0,Retail,London,Medium,164,74722.88
SME_0311,2024-08-01,547.0,9,,,False,0.0,True,False,,17.0,Services,London,High,9,131338.46
SME_0311,2024-09-01,541.0,7,9.0,,False,0.0,True,False,,18.0,Services,London,High,9,131338.46
SME_0311,2024-10-01,528.0,4,8.0,,False,0.0,True,False,,19.0,Services,London,High,9,131338.46
SME_0311,2024-11-01,532.0,5,6.666666666666667,-15.0,False,0.0,True,False,,20.0,Services,London,High,9,131338.46
SME_0311,2024-12-01,530.0,7,5.333333333333333,-11.0,True,0.0,True,False,,21.0,Services,London,High,9,131338.46
SME_0311,2025-01-01,531.0,6,5.333333333333333,3.0,False,0.0,True,False,,22.0,Services,London,High,9,131338.46
SME_0311,2025-02-01,534.0,7,6.0,2.0,False,0.0,True,False,,23.0,Services,London,High,9,131338.46
SME_0311,2025-03-01,549.0,4,6.666666666666667,19.0,False,0.0,True,False,,24.0,Services,London,High,9,131338.46
SME_0311,2025-04-01,547.0,9,5.666666666666667,16.0,False,0.0,True,False,,25.0,Services,London,High,9,131338.46
SME_0311,2025-05-01,553.0,7,6.666666666666667,19.0,False,0.0,True,False,,26.0,Services,London,High,9,131338.46
SME_0311,2025-06-01,567.0,8,6.666666666666667,18.0,False,0.0,True,False,,27.0,Services,London,High,9,131338.46
SME_0311,2025-07-01,565.0,2,8.0,18.0,False,0.0,True,False,,28.0,Services,London,High,9,131338.46
SME_0311,2025-08-01,553.0,4,5.666666666666667,0.0,False,0.0,True,False,,29.0,Services,London,High,9,131338.46
SME_0311,2025-09-01,564.0,12,4.666666666666667,-3.0,False,0.0,True,False,,30.0,Services,London,High,9,131338.46
SME_0311,2025-10-01,557.0,4,6.0,-8.0,False,0.0,True,False,,31.0,Services,London,High,9,131338.46
SME_0311,2025-11-01,573.0,5,6.666666666666667,20.0,False,0.0,True,False,,32.0,Services,London,High,9,131338.46
SME_0311,2025-12-01,553.0,4,7.0,-11.0,False,0.0,True,False,,33.0,Services,London,High,9,131338.46
SME_0311,2026-01-01,535.0,3,4.333333333333333,-22.0,False,0.0,True,False,,34.0,Services,London,High,9,131338.46
SME_0312,2024-08-01,588.0,11,,,False,0.0,True,False,,12.0,Manufacturing,Scotland,Medium,19,1129152.35
SME_0312,2024-09-01,580.0,10,11.0,,False,0.0,True,False,,13.0,Manufacturing,Scotland,Medium,19,1129152.35
SME_0312,2024-10-01,574.0,13,10.5,,False,0.0,True,False,,14.0,Manufacturing,Scotland,Medium,19,1129152.35
SME_0312,2024-11-01,594.0,12,11.333333333333334,6.0,True,34972.16,True,False,,15.0,Manufacturing,Scotland,Medium,19,1129152.35
SME_0312,2024-12-01,594.0,7,11.666666666666666,14.0,True,0.0,True,False,,16.0,Manufacturing,Scotland,Medium,19,1129152.35
SME_0312,2025-01-01,609.0,14,10.666666666666666,35.0,False,0.0,True,False,,17.0,Manufacturing,Scotland,Medium,19,1129152.35
SME_0312,2025-02-01,604.0,4,11.0,10.0,False,0.0,True,False,,18.0,Manufacturing,Scotland,Medium,19,1129152.35
SME_0312,2025-03-01,615.0,8,8.333333333333334,21.0,False,0.0,True,False,,19.0,Manufacturing,Scotland,Medium,19,1129152.35
SME_0312,2025-04-01,624.0,15,8.666666666666666,15.0,True,0.0,True,False,,20.0,Manufacturing,Scotland,Medium,19,1129152.35
SME_0312,2025-05-01,627.0,4,9.0,23.0,False,0.0,True,False,,21.0,Manufacturing,Scotland,Medium,19,1129152.35
SME_0312,2025-06-01,620.0,13,9.0,5.0,False,0.0,True,False,,22.0,Manufacturing,Scotland,Medium,19,1129152.35
SME_0312,2025-07-01,618.0,11,10.666666666666666,-6.0,False,0.0,True,False,,23.0,Manufacturing,Scotland,Medium,19,1129152.35
SME_0312,2025-08-01,624.0,15,9.333333333333334,-3.0,False,0.0,True,False,,24.0,Manufacturing,Scotland,Medium,19,1129152.35
SME_0312,2025-09-01,630.0,10,13.0,10.0,False,0.0,True,False,,25.0,Manufacturing,Scotland,Medium,19,1129152.35
SME_0312,2025-10-01,629.0,9,12.0,11.0,True,43785.97,True,False,,26.0,Manufacturing,Scotland,Medium,19,1129152.35
SME_0312,2025-11-01,654.0,14,11.333333333333334,30.0,False,0.0,True,False,,27.0,Manufacturing,Scotland,Medium,19,1129152.35
SME_0312,2025-12-01,653.0,13,11.0,23.0,False,0.0,True,False,,28.0,Manufacturing,Scotland,Medium,19,1129152.35
SME_0312,2026-01-01,646.0,9,12.0,17.0,False,0.0,True,False,,29.0,Manufacturing,Scotland,Medium,19,1129152.35
SME_0313,2024-08-01,571.0,10,,,False,0.0,True,False,,33.0,Retail,North West,Medium,85,262501.03
SME_0313,2024-09-01,590.0,5,10.0,,False,0.0,True,False,,34.0,Retail,North West,Medium,85,262501.03
SME_0313,2024-10-01,598.0,10,7.5,,True,0.0,True,False,,35.0,Retail,North West,Medium,85,262501.03
SME_0313,2024-11-01,590.0,10,8.333333333333334,19.0,True,0.0,True,False,,36.0,Retail,North West,Medium,85,262501.03
SME_0313,2024-12-01,603.0,11,8.333333333333334,13.0,False,0.0,True,False,,37.0,Retail,North West,Medium,85,262501.03
SME_0313,2025-01-01,608.0,7,10.333333333333334,10.0,False,0.0,True,False,,38.0,Retail,North West,Medium,85,262501.03
SME_0313,2025-02-01,618.0,7,9.333333333333334,28.0,False,0.0,True,False,,39.0,Retail,North West,Medium,85,262501.03
SME_0313,2025-03-01,622.0,10,8.333333333333334,19.0,False,0.0,True,False,,40.0,Retail,North West,Medium,85,262501.03
SME_0313,2025-04-01,634.0,12,8.0,26.0,True,57444.82,True,False,,41.0,Retail,North West,Medium,85,262501.03
SME_0313,2025-05-01,611.0,15,9.666666666666666,-7.0,True,0.0,True,False,,42.0,Retail,North West,Medium,85,262501.03
SME_0313,2025-06-01,581.0,10,12.333333333333334,-41.0,True,0.0,True,False,,43.0,Retail,North West,Medium,85,262501.03
SME_0313,2025-07-01,586.0,11,12.333333333333334,-48.0,False,0.0,True,False,,44.0,Retail,North West,Medium,85,262501.03
SME_0313,2025-08-01,582.0,12,12.0,-29.0,False,0.0,True,False,,45.0,Retail,North West,Medium,85,262501.03
SME_0313,2025-09-01,582.0,9,11.0,1.0,False,0.0,True,False,,46.0,Retail,North West,Medium,85,262501.03
SME_0313,2025-10-01,580.0,15,10.666666666666666,-6.0,False,0.0,True,False,,47.0,Retail,North West,Medium,85,262501.03
SME_0313,2025-11-01,574.0,5,12.0,-8.0,False,0.0,True,False,,48.0,Retail,North West,Medium,85,262501.03
SME_0313,2025-12-01,584.0,8,9.666666666666666,2.0,False,0.0,True,False,,49.0,Retail,North West,Medium,85,262501.03
SME_0313,2026-01-01,589.0,4,9.333333333333334,9.0,False,0.0,True,False,,50.0,Retail,North West,Medium,85,262501.03
SME_0314,2024-08-01,496.0,5,,,False,0.0,True,False,,25.0,Manufacturing,Midlands,High,79,484972.12
SME_0314,2024-09-01,487.0,6,5.0,,True,0.0,True,False,,27.0,Manufacturing,Midlands,High,79,484972.12
SME_0314,2024-10-01,465.0,5,5.5,,False,0.0,True,False,,27.0,Manufacturing,Midlands,High,79,484972.12
SME_0314,2024-11-01,484.0,5,5.333333333333333,-12.0,False,0.0,True,False,,29.0,Manufacturing,Midlands,High,79,484972.12
SME_0314,2024-12-01,484.0,5,5.333333333333333,-3.0,False,0.0,True,False,,30.0,Manufacturing,Midlands,High,79,484972.12
SME_0314,2025-01-01,471.0,6,5.0,6.0,False,0.0,True,False,,31.0,Manufacturing,Midlands,High,79,484972.12
SME_0314,2025-02-01,459.0,4,5.333333333333333,-25.0,False,0.0,True,False,,32.0,Manufacturing,Midlands,High,79,484972.12
SME_0314,2025-03-01,480.0,7,5.0,-4.0,False,0.0,True,False,,32.0,Manufacturing,Midlands,High,79,484972.12
SME_0314,2025-04-01,470.0,5,5.666666666666667,-1.0,False,0.0,True,False,,33.0,Manufacturing,Midlands,High,79,484972.12
SME_0314,2025-05-01,460.0,6,5.333333333333333,1.0,False,0.0,True,False,,34.0,Manufacturing,Midlands,High,79,484972.12
SME_0314,2025-06-01,460.0,4,6.0,-20.0,False,0.0,True,False,,35.0,Manufacturing,Midlands,High,79,484972.12
SME_0314,2025-07-01,450.0,9,5.0,-20.0,False,0.0,True,False,,36.0,Manufacturing,Midlands,High,79,484972.12
SME_0314,2025-08-01,446.0,4,6.333333333333333,-14.0,False,0.0,True,False,,37.0,Manufacturing,Midlands,High,79,484972.12
SME_0314,2025-09-01,438.0,3,5.666666666666667,-22.0,False,0.0,True,False,,39.0,Manufacturing,Midlands,High,79,484972.12
SME_0314,2025-10-01,465.0,7,5.333333333333333,15.0,False,0.0,True,False,,39.0,Manufacturing,Midlands,High,79,484972.12
SME_0314,2025-11-01,471.0,5,4.666666666666667,25.0,False,0.0,True,False,,41.0,Manufacturing,Midlands,High,79,484972.12
SME_0314,2025-12-01,470.0,2,5.0,32.0,False,0.0,True,False,,41.0,Manufacturing,Midlands,High,79,484972.12
SME_0314,2026-01-01,445.0,8,4.666666666666667,-20.0,False,0.0,True,False,,43.0,Manufacturing,Midlands,High,79,484972.12
SME_0315,2024-08-01,579.0,9,,,True,57918.54,True,False,,8.0,Manufacturing,North West,Low,109,397456.28
SME_0315,2024-09-01,603.0,7,9.0,,False,0.0,True,False,,9.0,Manufacturing,North West,Low,109,397456.28
SME_0315,2024-10-01,569.0,10,8.0,,True,0.0,True,False,,10.0,Manufacturing,North West,Low,109,397456.28
SME_0315,2024-11-01,576.0,12,8.666666666666666,-3.0,True,0.0,True,False,,11.0,Manufacturing,North West,Low,109,397456.28
SME_0315,2024-12-01,573.0,13,9.666666666666666,-30.0,False,0.0,True,False,,12.0,Manufacturing,North West,Low,109,397456.28
SME_0315,2025-01-01,557.0,7,11.666666666666666,-12.0,False,0.0,True,False,,13.0,Manufacturing,North West,Low,109,397456.28
SME_0315,2025-02-01,552.0,16,10.666666666666666,-24.0,True,46490.13,True,False,,14.0,Manufacturing,North West,Low,109,397456.28
SME_0315,2025-03-01,568.0,7,12.0,-5.0,False,0.0,True,False,,15.0,Manufacturing,North West,Low,109,397456.28
SME_0315,2025-04-01,576.0,10,10.0,19.0,False,0.0,True,False,,16.0,Manufacturing,North West,Low,109,397456.28
SME_0315,2025-05-01,587.0,7,11.0,35.0,False,0.0,True,False,,17.0,Manufacturing,North West,Low,109,397456.28
SME_0315,2025-06-01,595.0,10,8.0,27.0,False,0.0,True,False,,18.0,Manufacturing,North West,Low,109,397456.28
SME_0315,2025-07-01,556.0,14,9.0,-20.0,False,0.0,True,False,,19.0,Manufacturing,North West,Low,109,397456.28
SME_0315,2025-08-01,580.0,9,10.333333333333334,-7.0,False,0.0,True,False,,20.0,Manufacturing,North West,Low,109,397456.28
SME_0315,2025-09-01,576.0,4,11.0,-19.0,False,0.0,True,False,,21.0,Manufacturing,North West,Low,109,397456.28
SME_0315,2025-10-01,579.0,11,9.0,23.0,True,0.0,True,False,,22.0,Manufacturing,North West,Low,109,397456.28
SME_0315,2025-11-01,587.0,7,8.0,7.0,False,0.0,True,False,,23.0,Manufacturing,North West,Low,109,397456.28
SME_0315,2025-12-01,591.0,20,7.333333333333333,15.0,False,0.0,True,False,,24.0,Manufacturing,North West,Low,109,397456.28
SME_0315,2026-01-01,593.0,8,12.666666666666666,14.0,False,0.0,True,False,,25.0,Manufacturing,North West,Low,109,397456.28
SME_0316,2024-08-01,690.0,17,,,False,0.0,True,False,,35.0,Manufacturing,North West,Low,147,356373.15
SME_0316,2024-09-01,689.0,14,17.0,,False,0.0,True,False,,36.0,Manufacturing,North West,Low,147,356373.15
SME_0316,2024-10-01,681.0,14,15.5,,True,6223.53,True,False,,37.0,Manufacturing,North West,Low,147,356373.15
SME_0316,2024-11-01,702.0,13,15.0,12.0,False,0.0,True,False,,38.0,Manufacturing,North West,Low,147,356373.15
SME_0316,2024-12-01,694.0,13,13.666666666666666,5.0,False,0.0,True,False,,39.0,Manufacturing,North West,Low,147,356373.15
SME_0316,2025-01-01,703.0,16,13.333333333333334,22.0,True,30892.12,True,False,,40.0,Manufacturing,North West,Low,147,356373.15
SME_0316,2025-02-01,705.0,12,14.0,3.0,False,0.0,True,False,,41.0,Manufacturing,North West,Low,147,356373.15
SME_0316,2025-03-01,700.0,11,13.666666666666666,6.0,False,0.0,True,False,,42.0,Manufacturing,North West,Low,147,356373.15
SME_0316,2025-04-01,703.0,15,13.0,0.0,False,0.0,True,False,,43.0,Manufacturing,North West,Low,147,356373.15
SME_0316,2025-05-01,680.0,12,12.666666666666666,-25.0,True,0.0,True,False,,44.0,Manufacturing,North West,Low,147,356373.15
SME_0316,2025-06-01,677.0,18,12.666666666666666,-23.0,False,0.0,True,False,,45.0,Manufacturing,North West,Low,147,356373.15
SME_0316,2025-07-01,664.0,9,15.0,-39.0,False,0.0,True,False,,46.0,Manufacturing,North West,Low,147,356373.15
SME_0316,2025-08-01,672.0,13,13.0,-8.0,True,0.0,True,False,,47.0,Manufacturing,North West,Low,147,356373.15
SME_0316,2025-09-01,663.0,11,13.333333333333334,-14.0,False,0.0,True,False,,48.0,Manufacturing,North West,Low,147,356373.15
SME_0316,2025-10-01,668.0,17,11.0,4.0,False,0.0,True,False,,49.0,Manufacturing,North West,Low,147,356373.15
SME_0316,2025-11-01,671.0,18,13.666666666666666,-1.0,False,0.0,True,False,,50.0,Manufacturing,North West,Low,147,356373.15
SME_0316,2025-12-01,661.0,14,15.333333333333334,-2.0,False,0.0,True,False,,51.0,Manufacturing,North West,Low,147,356373.15
SME_0316,2026-01-01,652.0,17,16.333333333333332,-16.0,True,0.0,True,False,,52.0,Manufacturing,North West,Low,147,356373.15
SME_0317,2024-08-01,616.0,11,,,False,0.0,True,False,,3.0,Manufacturing,Midlands,Medium,117,1141262.73
SME_0317,2024-09-01,632.0,6,11.0,,False,0.0,True,False,,4.0,Manufacturing,Midlands,Medium,117,1141262.73
SME_0317,2024-10-01,637.0,20,8.5,,True,18330.72,True,False,,5.0,Manufacturing,Midlands,Medium,117,1141262.73
SME_0317,2024-11-01,640.0,17,12.333333333333334,24.0,False,0.0,True,False,,6.0,Manufacturing,Midlands,Medium,117,1141262.73
SME_0317,2024-12-01,659.0,16,14.333333333333334,27.0,False,0.0,True,False,,7.0,Manufacturing,Midlands,Medium,117,1141262.73
SME_0317,2025-01-01,642.0,10,17.666666666666668,5.0,False,0.0,True,False,,8.0,Manufacturing,Midlands,Medium,117,1141262.73
SME_0317,2025-02-01,651.0,8,14.333333333333334,11.0,True,0.0,True,False,,9.0,Manufacturing,Midlands,Medium,117,1141262.73
SME_0317,2025-03-01,660.0,14,11.333333333333334,1.0,True,0.0,True,False,,10.0,Manufacturing,Midlands,Medium,117,1141262.73
SME_0317,2025-04-01,671.0,16,10.666666666666666,29.0,False,0.0,True,False,,11.0,Manufacturing,Midlands,Medium,117,1141262.73
SME_0317,2025-05-01,659.0,14,12.666666666666666,8.0,False,0.0,True,False,,12.0,Manufacturing,Midlands,Medium,117,1141262.73
SME_0317,2025-06-01,655.0,13,14.666666666666666,-5.0,False,0.0,True,False,,13.0,Manufacturing,Midlands,Medium,117,1141262.73
SME_0317,2025-07-01,660.0,10,14.333333333333334,-11.0,False,0.0,True,False,,14.0,Manufacturing,Midlands,Medium,117,1141262.73
SME_0317,2025-08-01,670.0,6,12.333333333333334,11.0,False,0.0,True,False,,15.0,Manufacturing,Midlands,Medium,117,1141262.73
SME_0317,2025-09-01,675.0,20,9.666666666666666,20.0,False,0.0,True,False,,16.0,Manufacturing,Midlands,Medium,117,1141262.73
SME_0317,2025-10-01,673.0,9,12.0,13.0,False,0.0,True,False,,17.0,Manufacturing,Midlands,Medium,117,1141262.73
SME_0317,2025-11-01,672.0,14,11.666666666666666,2.0,False,0.0,True,False,,18.0,Manufacturing,Midlands,Medium,117,1141262.73
SME_0317,2025-12-01,679.0,10,14.333333333333334,4.0,False,0.0,True,False,,19.0,Manufacturing,Midlands,Medium,117,1141262.73
SME_0317,2026-01-01,680.0,11,11.0,7.0,False,0.0,True,False,,20.0,Manufacturing,Midlands,Medium,117,1141262.73
SME_0318,2024-08-01,684.0,14,,,False,0.0,True,False,,22.0,Services,Midlands,Medium,52,315401.16
SME_0318,2024-09-01,683.0,6,14.0,,False,0.0,True,False,,23.0,Services,Midlands,Medium,52,315401.16
SME_0318,2024-10-01,690.0,16,10.0,,True,6454.19,True,False,,24.0,Services,Midlands,Medium,52,315401.16
SME_0318,2024-11-01,669.0,10,12.0,-15.0,False,0.0,True,False,,25.0,Services,Midlands,Medium,52,315401.16
SME_0318,2024-12-01,668.0,22,10.666666666666666,-15.0,False,0.0,True,False,,26.0,Services,Midlands,Medium,52,315401.16
SME_0318,2025-01-01,678.0,10,16.0,-12.0,False,0.0,True,False,,27.0,Services,Midlands,Medium,52,315401.16
SME_0318,2025-02-01,676.0,8,14.0,7.0,False,0.0,True,False,,28.0,Services,Midlands,Medium,52,315401.16
SME_0318,2025-03-01,689.0,8,13.333333333333334,21.0,True,42406.89,True,False,,29.0,Services,Midlands,Medium,52,315401.16
SME_0318,2025-04-01,685.0,8,8.666666666666666,7.0,False,0.0,True,False,,30.0,Services,Midlands,Medium,52,315401.16
SME_0318,2025-05-01,681.0,13,8.0,5.0,False,0.0,True,False,,31.0,Services,Midlands,Medium,52,315401.16
SME_0318,2025-06-01,683.0,23,9.666666666666666,-6.0,False,0.0,True,False,,32.0,Services,Midlands,Medium,52,315401.16
SME_0318,2025-07-01,653.0,14,14.666666666666666,-32.0,False,0.0,True,False,,33.0,Services,Midlands,Medium,52,315401.16
SME_0318,2025-08-01,640.0,14,16.666666666666668,-41.0,False,0.0,True,False,,34.0,Services,Midlands,Medium,52,315401.16
SME_0318,2025-09-01,647.0,17,17.0,-36.0,True,33036.73,True,False,,35.0,Services,Midlands,Medium,52,315401.16
SME_0318,2025-10-01,654.0,12,15.0,1.0,False,0.0,True,False,,36.0,Services,Midlands,Medium,52,315401.16
SME_0318,2025-11-01,678.0,12,14.333333333333334,38.0,False,0.0,True,False,,37.0,Services,Midlands,Medium,52,315401.16
SME_0318,2025-12-01,677.0,12,13.666666666666666,30.0,False,0.0,True,False,,38.0,Services,Midlands,Medium,52,315401.16
SME_0318,2026-01-01,669.0,11,12.0,15.0,False,0.0,True,False,,39.0,Services,Midlands,Medium,52,315401.16
SME_0319,2024-08-01,645.0,6,,,False,0.0,True,False,,8.0,Manufacturing,North West,Medium,66,78392.21
SME_0319,2024-09-01,651.0,10,6.0,,False,0.0,True,False,,9.0,Manufacturing,North West,Medium,66,78392.21
SME_0319,2024-10-01,617.0,10,8.0,,False,0.0,True,False,,10.0,Manufacturing,North West,Medium,66,78392.21
SME_0319,2024-11-01,619.0,7,8.666666666666666,-26.0,False,0.0,True,False,,11.0,Manufacturing,North West,Medium,66,78392.21
SME_0319,2024-12-01,630.0,8,9.0,-21.0,False,0.0,True,False,,12.0,Manufacturing,North West,Medium,66,78392.21
SME_0319,2025-01-01,650.0,11,8.333333333333334,33.0,False,0.0,True,False,,13.0,Manufacturing,North West,Medium,66,78392.21
SME_0319,2025-02-01,642.0,9,8.666666666666666,23.0,False,0.0,True,False,,14.0,Manufacturing,North West,Medium,66,78392.21
SME_0319,2025-03-01,635.0,6,9.333333333333334,5.0,False,0.0,True,False,,15.0,Manufacturing,North West,Medium,66,78392.21
SME_0319,2025-04-01,614.0,13,8.666666666666666,-36.0,True,0.0,True,False,,16.0,Manufacturing,North West,Medium,66,78392.21
SME_0319,2025-05-01,587.0,20,9.333333333333334,-55.0,False,0.0,True,False,,17.0,Manufacturing,North West,Medium,66,78392.21
SME_0319,2025-06-01,588.0,10,13.0,-47.0,False,0.0,True,False,,18.0,Manufacturing,North West,Medium,66,78392.21
SME_0319,2025-07-01,591.0,8,14.333333333333334,-23.0,False,0.0,True,False,,19.0,Manufacturing,North West,Medium,66,78392.21
SME_0319,2025-08-01,593.0,10,12.666666666666666,6.0,True,19342.38,True,False,,20.0,Manufacturing,North West,Medium,66,78392.21
SME_0319,2025-09-01,592.0,9,9.333333333333334,4.0,True,0.0,True,False,,21.0,Manufacturing,North West,Medium,66,78392.21
SME_0319,2025-10-01,594.0,14,9.0,3.0,False,0.0,True,False,,22.0,Manufacturing,North West,Medium,66,78392.21
SME_0319,2025-11-01,588.0,9,11.0,-5.0,False,0.0,True,False,,23.0,Manufacturing,North West,Medium,66,78392.21
SME_0319,2025-12-01,594.0,9,10.666666666666666,2.0,False,0.0,True,False,,24.0,Manufacturing,North West,Medium,66,78392.21
SME_0319,2026-01-01,593.0,5,10.666666666666666,-1.0,False,0.0,True,False,,25.0,Manufacturing,North West,Medium,66,78392.21
SME_0320,2024-08-01,610.0,10,,,True,0.0,True,False,,24.0,Healthcare,North West,Low,150,186942.73
SME_0320,2024-09-01,594.0,17,10.0,,True,0.0,True,False,,25.0,Healthcare,North West,Low,150,186942.73
SME_0320,2024-10-01,605.0,11,13.5,,False,0.0,True,False,,26.0,Healthcare,North West,Low,150,186942.73
SME_0320,2024-11-01,621.0,12,12.666666666666666,11.0,False,0.0,True,False,,27.0,Healthcare,North West,Low,150,186942.73
SME_0320,2024-12-01,614.0,12,13.333333333333334,20.0,False,0.0,True,False,,28.0,Healthcare,North West,Low,150,186942.73
SME_0320,2025-01-01,614.0,8,11.666666666666666,9.0,False,0.0,True,False,,29.0,Healthcare,North West,Low,150,186942.73
SME_0320,2025-02-01,622.0,17,10.666666666666666,1.0,False,0.0,True,False,,30.0,Healthcare,North West,Low,150,186942.73
SME_0320,2025-03-01,614.0,10,12.333333333333334,0.0,True,0.0,True,False,,31.0,Healthcare,North West,Low,150,186942.73
SME_0320,2025-04-01,619.0,11,11.666666666666666,5.0,False,0.0,True,False,,32.0,Healthcare,North West,Low,150,186942.73
SME_0320,2025-05-01,587.0,11,12.666666666666666,-35.0,False,0.0,True,False,,33.0,Healthcare,North West,Low,150,186942.73
SME_0320,2025-06-01,588.0,9,10.666666666666666,-26.0,False,0.0,True,False,,34.0,Healthcare,North West,Low,150,186942.73
SME_0320,2025-07-01,593.0,6,10.333333333333334,-26.0,False,0.0,True,False,,35.0,Healthcare,North West,Low,150,186942.73
SME_0320,2025-08-01,590.0,13,8.666666666666666,3.0,False,0.0,True,False,,36.0,Healthcare,North West,Low,150,186942.73
SME_0320,2025-09-01,609.0,15,9.333333333333334,21.0,False,0.0,True,False,,37.0,Healthcare,North West,Low,150,186942.73
SME_0320,2025-10-01,627.0,10,11.333333333333334,34.0,False,0.0,True,False,,38.0,Healthcare,North West,Low,150,186942.73
SME_0320,2025-11-01,610.0,6,12.666666666666666,20.0,False,0.0,True,False,,39.0,Healthcare,North West,Low,150,186942.73
SME_0320,2025-12-01,651.0,14,10.333333333333334,42.0,False,0.0,True,False,,40.0,Healthcare,North West,Low,150,186942.73
SME_0320,2026-01-01,641.0,14,10.0,14.0,False,0.0,True,False,,41.0,Healthcare,North West,Low,150,186942.73
SME_0321,2024-08-01,609.0,10,,,False,0.0,True,False,,15.0,Healthcare,London,Medium,41,499050.79
SME_0321,2024-09-01,616.0,9,10.0,,False,0.0,True,False,,16.0,Healthcare,London,Medium,41,499050.79
SME_0321,2024-10-01,605.0,6,9.5,,False,0.0,True,False,,17.0,Healthcare,London,Medium,41,499050.79
SME_0321,2024-11-01,606.0,11,8.333333333333334,-3.0,False,0.0,True,False,,18.0,Healthcare,London,Medium,41,499050.79
SME_0321,2024-12-01,613.0,4,8.666666666666666,-3.0,False,0.0,True,False,,19.0,Healthcare,London,Medium,41,499050.79
SME_0321,2025-01-01,612.0,8,7.0,7.0,False,0.0,True,False,,20.0,Healthcare,London,Medium,41,499050.79
SME_0321,2025-02-01,602.0,13,7.666666666666667,-4.0,True,0.0,True,False,,22.0,Healthcare,London,Medium,41,499050.79
SME_0321,2025-03-01,618.0,16,8.333333333333334,5.0,False,0.0,True,False,,22.0,Healthcare,London,Medium,41,499050.79
SME_0321,2025-04-01,630.0,13,12.333333333333334,18.0,True,15852.36,True,False,,23.0,Healthcare,London,Medium,41,499050.79
SME_0321,2025-05-01,621.0,12,14.0,19.0,False,0.0,True,False,,24.0,Healthcare,London,Medium,41,499050.79
SME_0321,2025-06-01,605.0,8,13.666666666666666,-13.0,True,0.0,True,False,,25.0,Healthcare,London,Medium,41,499050.79
SME_0321,2025-07-01,590.0,8,11.0,-40.0,False,0.0,True,False,,26.0,Healthcare,London,Medium,41,499050.79
SME_0321,2025-08-01,587.0,10,9.333333333333334,-34.0,False,0.0,True,False,,27.0,Healthcare,London,Medium,41,499050.79
SME_0321,2025-09-01,591.0,8,8.666666666666666,-14.0,False,0.0,True,False,,28.0,Healthcare,London,Medium,41,499050.79
SME_0321,2025-10-01,583.0,14,8.666666666666666,-7.0,False,0.0,True,False,,29.0,Healthcare,London,Medium,41,499050.79
SME_0321,2025-11-01,590.0,11,10.666666666666666,3.0,False,0.0,True,False,,30.0,Healthcare,London,Medium,41,499050.79
SME_0321,2025-12-01,574.0,7,11.0,-17.0,False,0.0,True,False,,31.0,Healthcare,London,Medium,41,499050.79
SME_0321,2026-01-01,574.0,6,10.666666666666666,-9.0,True,36130.91,True,False,,32.0,Healthcare,London,Medium,41,499050.79
SME_0322,2024-08-01,639.0,10,,,False,0.0,True,False,,16.0,Services,Midlands,Medium,101,500140.57
SME_0322,2024-09-01,641.0,11,10.0,,False,0.0,True,False,,17.0,Services,Midlands,Medium,101,500140.57
SME_0322,2024-10-01,651.0,16,10.5,,False,0.0,True,False,,18.0,Services,Midlands,Medium,101,500140.57
SME_0322,2024-11-01,639.0,18,12.333333333333334,0.0,False,0.0,True,False,,19.0,Services,Midlands,Medium,101,500140.57
SME_0322,2024-12-01,646.0,13,15.0,5.0,False,0.0,True,False,,20.0,Services,Midlands,Medium,101,500140.57
SME_0322,2025-01-01,652.0,14,15.666666666666666,1.0,True,0.0,True,False,,21.0,Services,Midlands,Medium,101,500140.57
SME_0322,2025-02-01,650.0,11,15.0,11.0,False,0.0,True,False,,22.0,Services,Midlands,Medium,101,500140.57
SME_0322,2025-03-01,662.0,14,12.666666666666666,16.0,False,0.0,True,False,,23.0,Services,Midlands,Medium,101,500140.57
SME_0322,2025-04-01,657.0,11,13.0,5.0,True,62215.62,True,False,,24.0,Services,Midlands,Medium,101,500140.57
SME_0322,2025-05-01,643.0,15,12.0,-7.0,False,0.0,True,False,,25.0,Services,Midlands,Medium,101,500140.57
SME_0322,2025-06-01,647.0,17,13.333333333333334,-15.0,True,0.0,True,False,,26.0,Services,Midlands,Medium,101,500140.57
SME_0322,2025-07-01,626.0,12,14.333333333333334,-31.0,False,0.0,True,False,,27.0,Services,Midlands,Medium,101,500140.57
SME_0322,2025-08-01,634.0,10,14.666666666666666,-9.0,False,0.0,True,False,,28.0,Services,Midlands,Medium,101,500140.57
SME_0322,2025-09-01,652.0,17,13.0,5.0,False,0.0,True,False,,29.0,Services,Midlands,Medium,101,500140.57
SME_0322,2025-10-01,657.0,8,13.0,31.0,False,0.0,True,False,,30.0,Services,Midlands,Medium,101,500140.57
SME_0322,2025-11-01,645.0,9,11.666666666666666,11.0,False,0.0,True,False,,31.0,Services,Midlands,Medium,101,500140.57
SME_0322,2025-12-01,634.0,8,11.333333333333334,-18.0,False,0.0,True,False,,32.0,Services,Midlands,Medium,101,500140.57
SME_0322,2026-01-01,642.0,15,8.333333333333334,-15.0,False,0.0,True,False,,33.0,Services,Midlands,Medium,101,500140.57
SME_0323,2024-08-01,602.0,10,,,True,0.0,True,False,,25.0,Manufacturing,Scotland,Low,108,100172.98
SME_0323,2024-09-01,584.0,14,10.0,,True,0.0,True,False,,26.0,Manufacturing,Scotland,Low,108,100172.98
SME_0323,2024-10-01,574.0,17,12.0,,True,37502.66,True,False,,27.0,Manufacturing,Scotland,Low,108,100172.98
SME_0323,2024-11-01,559.0,12,13.666666666666666,-43.0,False,0.0,True,False,,28.0,Manufacturing,Scotland,Low,108,100172.98
SME_0323,2024-12-01,578.0,10,14.333333333333334,-6.0,False,0.0,True,False,,29.0,Manufacturing,Scotland,Low,108,100172.98
SME_0323,2025-01-01,586.0,8,13.0,12.0,True,0.0,True,False,,30.0,Manufacturing,Scotland,Low,108,100172.98
SME_0323,2025-02-01,573.0,10,10.0,14.0,False,0.0,True,False,,31.0,Manufacturing,Scotland,Low,108,100172.98
SME_0323,2025-03-01,590.0,6,9.333333333333334,12.0,False,0.0,True,False,,32.0,Manufacturing,Scotland,Low,108,100172.98
SME_0323,2025-04-01,583.0,13,8.0,-3.0,False,0.0,True,False,,33.0,Manufacturing,Scotland,Low,108,100172.98
SME_0323,2025-05-01,590.0,12,9.666666666666666,17.0,False,0.0,True,False,,34.0,Manufacturing,Scotland,Low,108,100172.98
SME_0323,2025-06-01,605.0,16,10.333333333333334,15.0,True,28245.3,True,False,,35.0,Manufacturing,Scotland,Low,108,100172.98
SME_0323,2025-07-01,611.0,9,13.666666666666666,28.0,False,0.0,True,False,,36.0,Manufacturing,Scotland,Low,108,100172.98
SME_0323,2025-08-01,621.0,6,12.333333333333334,31.0,False,0.0,True,False,,37.0,Manufacturing,Scotland,Low,108,100172.98
SME_0323,2025-09-01,611.0,14,10.333333333333334,6.0,False,0.0,True,False,,38.0,Manufacturing,Scotland,Low,108,100172.98
SME_0323,2025-10-01,608.0,13,9.666666666666666,-3.0,False,0.0,True,False,,39.0,Manufacturing,Scotland,Low,108,100172.98
SME_0323,2025-11-01,607.0,12,11.0,-14.0,False,0.0,True,False,,40.0,Manufacturing,Scotland,Low,108,100172.98
SME_0323,2025-12-01,614.0,20,13.0,3.0,False,0.0,True,False,,41.0,Manufacturing,Scotland,Low,108,100172.98
SME_0323,2026-01-01,616.0,7,15.0,8.0,True,0.0,True,False,,42.0,Manufacturing,Scotland,Low,108,100172.98
SME_0324,2024-08-01,719.0,10,,,False,0.0,True,True,13.0,28.0,Services,Scotland,Low,150,232619.63
SME_0324,2024-09-01,701.0,11,10.0,,True,14863.0,True,True,12.0,29.0,Services,Scotland,Low,150,232619.63
SME_0324,2024-10-01,686.0,13,10.5,,False,0.0,True,True,11.0,30.0,Services,Scotland,Low,150,232619.63
SME_0324,2024-11-01,703.0,16,11.333333333333334,-16.0,False,0.0,True,True,10.0,31.0,Services,Scotland,Low,150,232619.63
SME_0324,2024-12-01,696.0,14,13.333333333333334,-5.0,False,0.0,True,True,9.0,32.0,Services,Scotland,Low,150,232619.63
SME_0324,2025-01-01,703.0,14,14.333333333333334,17.0,False,0.0,True,True,8.0,33.0,Services,Scotland,Low,150,232619.63
SME_0324,2025-02-01,702.0,16,14.666666666666666,-1.0,False,0.0,True,True,7.0,34.0,Services,Scotland,Low,150,232619.63
SME_0324,2025-03-01,693.0,14,14.666666666666666,-3.0,True,27489.78,True,True,6.0,35.0,Services,Scotland,Low,150,232619.63
SME_0324,2025-04-01,680.0,18,14.666666666666666,-23.0,False,0.0,True,True,5.0,36.0,Services,Scotland,Low,150,232619.63
SME_0324,2025-05-01,677.0,11,16.0,-25.0,False,0.0,True,True,4.0,37.0,Services,Scotland,Low,150,232619.63
SME_0324,2025-06-01,672.0,17,14.333333333333334,-21.0,False,0.0,True,True,3.0,38.0,Services,Scotland,Low,150,232619.63
SME_0324,2025-07-01,673.0,12,15.333333333333334,-7.0,True,77716.68,True,True,2.0,39.0,Services,Scotland,Low,150,232619.63
SME_0324,2025-08-01,659.0,7,13.333333333333334,-18.0,False,0.0,True,True,1.0,40.0,Services,Scotland,Low,150,232619.63
SME_0324,2025-09-01,659.0,0,12.0,-13.0,False,0.0,False,True,0.0,41.0,Services,Scotland,Low,150,232619.63
SME_0324,2025-10-01,659.0,0,6.333333333333333,-14.0,False,0.0,False,True,-1.0,42.0,Services,Scotland,Low,150,232619.63
SME_0324,2025-11-01,659.0,0,2.3333333333333335,0.0,False,0.0,False,True,-2.0,43.0,Services,Scotland,Low,150,232619.63
SME_0324,2025-12-01,659.0,0,0.0,0.0,False,0.0,False,True,-3.0,44.0,Services,Scotland,Low,150,232619.63
SME_0324,2026-01-01,659.0,0,0.0,0.0,False,0.0,False,True,-4.0,45.0,Services,Scotland,Low,150,232619.63
SME_0325,2024-08-01,769.0,11,,,False,0.0,True,False,,14.0,Technology,London,Low,143,270448.71
SME_0325,2024-09-01,763.0,17,11.0,,False,0.0,True,False,,15.0,Technology,London,Low,143,270448.71
SME_0325,2024-10-01,755.0,14,14.0,,False,0.0,True,False,,16.0,Technology,London,Low,143,270448.71
SME_0325,2024-11-01,748.0,18,14.0,-21.0,False,0.0,True,False,,17.0,Technology,London,Low,143,270448.71
SME_0325,2024-12-01,754.0,20,16.333333333333332,-9.0,False,0.0,True,False,,18.0,Technology,London,Low,143,270448.71
SME_0325,2025-01-01,742.0,14,17.333333333333332,-13.0,True,77277.17,True,False,,19.0,Technology,London,Low,143,270448.71
SME_0325,2025-02-01,734.0,18,17.333333333333332,-14.0,False,0.0,True,False,,20.0,Technology,London,Low,143,270448.71
SME_0325,2025-03-01,745.0,13,17.333333333333332,-9.0,True,19146.62,True,False,,21.0,Technology,London,Low,143,270448.71
SME_0325,2025-04-01,747.0,9,15.0,5.0,False,0.0,True,False,,22.0,Technology,London,Low,143,270448.71
SME_0325,2025-05-01,760.0,9,13.333333333333334,26.0,False,0.0,True,False,,23.0,Technology,London,Low,143,270448.71
SME_0325,2025-06-01,739.0,15,10.333333333333334,-6.0,False,0.0,True,False,,24.0,Technology,London,Low,143,270448.71
SME_0325,2025-07-01,755.0,18,11.0,8.0,False,0.0,True,False,,25.0,Technology,London,Low,143,270448.71
SME_0325,2025-08-01,751.0,19,14.0,-9.0,True,26637.67,True,False,,26.0,Technology,London,Low,143,270448.71
SME_0325,2025-09-01,780.0,13,17.333333333333332,41.0,False,0.0,True,False,,27.0,Technology,London,Low,143,270448.71
SME_0325,2025-10-01,760.0,21,16.666666666666668,5.0,False,0.0,True,False,,28.0,Technology,London,Low,143,270448.71
SME_0325,2025-11-01,746.0,16,17.666666666666668,-5.0,False,0.0,True,False,,29.0,Technology,London,Low,143,270448.71
SME_0325,2025-12-01,738.0,14,16.666666666666668,-42.0,False,0.0,True,False,,30.0,Technology,London,Low,143,270448.71
SME_0325,2026-01-01,718.0,20,17.0,-42.0,False,0.0,True,False,,31.0,Technology,London,Low,143,270448.71
SME_0326,2024-08-01,610.0,16,,,False,0.0,True,False,,36.0,Services,South East,Low,93,255887.51
SME_0326,2024-09-01,607.0,11,16.0,,False,0.0,True,False,,37.0,Services,South East,Low,93,255887.51
SME_0326,2024-10-01,623.0,7,13.5,,False,0.0,True,False,,38.0,Services,South East,Low,93,255887.51
SME_0326,2024-11-01,634.0,11,11.333333333333334,24.0,False,0.0,True,False,,39.0,Services,South East,Low,93,255887.51
SME_0326,2024-12-01,627.0,10,9.666666666666666,20.0,False,0.0,True,False,,40.0,Services,South East,Low,93,255887.51
SME_0326,2025-01-01,615.0,9,9.333333333333334,-8.0,False,0.0,True,False,,41.0,Services,South East,Low,93,255887.51
SME_0326,2025-02-01,610.0,10,10.0,-24.0,False,0.0,True,False,,42.0,Services,South East,Low,93,255887.51
SME_0326,2025-03-01,616.0,16,9.666666666666666,-11.0,False,0.0,True,False,,43.0,Services,South East,Low,93,255887.51
SME_0326,2025-04-01,608.0,14,11.666666666666666,-7.0,True,53065.61,True,False,,44.0,Services,South East,Low,93,255887.51
SME_0326,2025-05-01,609.0,12,13.333333333333334,-1.0,False,0.0,True,False,,45.0,Services,South East,Low,93,255887.51
SME_0326,2025-06-01,630.0,9,14.0,14.0,False,0.0,True,False,,46.0,Services,South East,Low,93,255887.51
SME_0326,2025-07-01,633.0,15,11.666666666666666,25.0,False,0.0,True,False,,47.0,Services,South East,Low,93,255887.51
SME_0326,2025-08-01,647.0,15,12.0,38.0,False,0.0,True,False,,48.0,Services,South East,Low,93,255887.51
SME_0326,2025-09-01,646.0,11,13.0,16.0,False,0.0,True,False,,49.0,Services,South East,Low,93,255887.51
SME_0326,2025-10-01,640.0,14,13.666666666666666,7.0,False,0.0,True,False,,50.0,Services,South East,Low,93,255887.51
SME_0326,2025-11-01,632.0,10,13.333333333333334,-15.0,False,0.0,True,False,,51.0,Services,South East,Low,93,255887.51
SME_0326,2025-12-01,637.0,10,11.666666666666666,-9.0,False,0.0,True,False,,52.0,Services,South East,Low,93,255887.51
SME_0326,2026-01-01,615.0,16,11.333333333333334,-25.0,True,0.0,True,False,,53.0,Services,South East,Low,93,255887.51
SME_0327,2024-08-01,532.0,5,,,False,0.0,True,False,,18.0,Technology,Midlands,Medium,62,95254.54
SME_0327,2024-09-01,527.0,7,5.0,,False,0.0,True,False,,20.0,Technology,Midlands,Medium,62,95254.54
SME_0327,2024-10-01,538.0,5,6.0,,True,16100.45,True,False,,20.0,Technology,Midlands,Medium,62,95254.54
SME_0327,2024-11-01,545.0,2,5.666666666666667,13.0,False,0.0,True,False,,22.0,Technology,Midlands,Medium,62,95254.54
SME_0327,2024-12-01,547.0,9,4.666666666666667,20.0,False,0.0,True,False,,23.0,Technology,Midlands,Medium,62,95254.54
SME_0327,2025-01-01,530.0,6,5.333333333333333,-8.0,False,0.0,True,False,,24.0,Technology,Midlands,Medium,62,95254.54
SME_0327,2025-02-01,509.0,7,5.666666666666667,-36.0,False,0.0,True,False,,25.0,Technology,Midlands,Medium,62,95254.54
SME_0327,2025-03-01,518.0,6,7.333333333333333,-29.0,False,0.0,True,False,,25.0,Technology,Midlands,Medium,62,95254.54
SME_0327,2025-04-01,525.0,5,6.333333333333333,-5.0,False,0.0,True,False,,26.0,Technology,Midlands,Medium,62,95254.54
SME_0327,2025-05-01,515.0,10,6.0,6.0,False,0.0,True,False,,27.0,Technology,Midlands,Medium,62,95254.54
SME_0327,2025-06-01,510.0,7,7.0,-8.0,False,0.0,True,False,,28.0,Technology,Midlands,Medium,62,95254.54
SME_0327,2025-07-01,512.0,4,7.333333333333333,-13.0,True,0.0,True,False,,29.0,Technology,Midlands,Medium,62,95254.54
SME_0327,2025-08-01,491.0,4,7.0,-24.0,False,0.0,True,False,,30.0,Technology,Midlands,Medium,62,95254.54
SME_0327,2025-09-01,486.0,10,5.0,-24.0,True,0.0,True,False,,32.0,Technology,Midlands,Medium,62,95254.54
SME_0327,2025-10-01,487.0,3,6.0,-25.0,False,0.0,True,False,,32.0,Technology,Midlands,Medium,62,95254.54
SME_0327,2025-11-01,510.0,4,5.666666666666667,19.0,False,0.0,True,False,,34.0,Technology,Midlands,Medium,62,95254.54
SME_0327,2025-12-01,536.0,10,5.666666666666667,50.0,False,0.0,True,False,,34.0,Technology,Midlands,Medium,62,95254.54
SME_0327,2026-01-01,539.0,4,5.666666666666667,52.0,False,0.0,True,False,,36.0,Technology,Midlands,Medium,62,95254.54
SME_0328,2024-08-01,569.0,8,,,False,0.0,True,False,,7.0,Services,Midlands,Medium,74,199931.78
SME_0328,2024-09-01,587.0,11,8.0,,False,0.0,True,False,,8.0,Services,Midlands,Medium,74,199931.78
SME_0328,2024-10-01,589.0,11,9.5,,False,0.0,True,False,,9.0,Services,Midlands,Medium,74,199931.78
SME_0328,2024-11-01,574.0,9,10.0,5.0,False,0.0,True,False,,10.0,Services,Midlands,Medium,74,199931.78
SME_0328,2024-12-01,570.0,8,10.333333333333334,-17.0,False,0.0,True,False,,11.0,Services,Midlands,Medium,74,199931.78
SME_0328,2025-01-01,569.0,9,9.333333333333334,-20.0,True,21553.28,True,False,,12.0,Services,Midlands,Medium,74,199931.78
SME_0328,2025-02-01,566.0,4,8.666666666666666,-8.0,False,0.0,True,False,,13.0,Services,Midlands,Medium,74,199931.78
SME_0328,2025-03-01,537.0,5,7.0,-33.0,False,0.0,True,False,,14.0,Services,Midlands,Medium,74,199931.78
SME_0328,2025-04-01,541.0,6,6.0,-28.0,True,0.0,True,False,,15.0,Services,Midlands,Medium,74,199931.78
SME_0328,2025-05-01,555.0,12,5.0,-11.0,False,0.0,True,False,,16.0,Services,Midlands,Medium,74,199931.78
SME_0328,2025-06-01,557.0,5,7.666666666666667,20.0,False,0.0,True,False,,17.0,Services,Midlands,Medium,74,199931.78
SME_0328,2025-07-01,586.0,9,7.666666666666667,45.0,False,0.0,True,False,,18.0,Services,Midlands,Medium,74,199931.78
SME_0328,2025-08-01,601.0,9,8.666666666666666,46.0,False,0.0,True,False,,19.0,Services,Midlands,Medium,74,199931.78
SME_0328,2025-09-01,598.0,7,7.666666666666667,41.0,False,0.0,True,False,,20.0,Services,Midlands,Medium,74,199931.78
SME_0328,2025-10-01,608.0,12,8.333333333333334,22.0,False,0.0,True,False,,21.0,Services,Midlands,Medium,74,199931.78
SME_0328,2025-11-01,600.0,12,9.333333333333334,-1.0,True,36588.88,True,False,,22.0,Services,Midlands,Medium,74,199931.78
SME_0328,2025-12-01,605.0,9,10.333333333333334,7.0,False,0.0,True,False,,23.0,Services,Midlands,Medium,74,199931.78
SME_0328,2026-01-01,591.0,6,11.0,-17.0,False,0.0,True,False,,24.0,Services,Midlands,Medium,74,199931.78
SME_0329,2024-08-01,642.0,14,,,False,0.0,True,False,,1.0,Services,London,Medium,82,198016.3
SME_0329,2024-09-01,627.0,11,14.0,,False,0.0,True,False,,2.0,Services,London,Medium,82,198016.3
SME_0329,2024-10-01,622.0,19,12.5,,False,0.0,True,False,,3.0,Services,London,Medium,82,198016.3
SME_0329,2024-11-01,619.0,12,14.666666666666666,-23.0,False,0.0,True,False,,4.0,Services,London,Medium,82,198016.3
SME_0329,2024-12-01,626.0,9,14.0,-1.0,False,0.0,True,False,,5.0,Services,London,Medium,82,198016.3
SME_0329,2025-01-01,621.0,14,13.333333333333334,-1.0,True,0.0,True,False,,6.0,Services,London,Medium,82,198016.3
SME_0329,2025-02-01,616.0,9,11.666666666666666,-3.0,False,0.0,True,False,,7.0,Services,London,Medium,82,198016.3
SME_0329,2025-03-01,598.0,10,10.666666666666666,-28.0,True,0.0,True,False,,8.0,Services,London,Medium,82,198016.3
SME_0329,2025-04-01,609.0,9,11.0,-12.0,False,0.0,True,False,,9.0,Services,London,Medium,82,198016.3
SME_0329,2025-05-01,610.0,12,9.333333333333334,-6.0,False,0.0,True,False,,10.0,Services,London,Medium,82,198016.3
SME_0329,2025-06-01,626.0,11,10.333333333333334,28.0,False,0.0,True,False,,11.0,Services,London,Medium,82,198016.3
SME_0329,2025-07-01,642.0,7,10.666666666666666,33.0,False,0.0,True,False,,12.0,Services,London,Medium,82,198016.3
SME_0329,2025-08-01,659.0,10,10.0,49.0,False,0.0,True,False,,13.0,Services,London,Medium,82,198016.3
SME_0329,2025-09-01,645.0,11,9.333333333333334,19.0,False,0.0,True,False,,14.0,Services,London,Medium,82,198016.3
SME_0329,2025-10-01,651.0,13,9.333333333333334,9.0,False,0.0,True,False,,15.0,Services,London,Medium,82,198016.3
SME_0329,2025-11-01,654.0,8,11.333333333333334,-5.0,False,0.0,True,False,,16.0,Services,London,Medium,82,198016.3
SME_0329,2025-12-01,669.0,14,10.666666666666666,24.0,False,0.0,True,False,,17.0,Services,London,Medium,82,198016.3
SME_0329,2026-01-01,660.0,10,11.666666666666666,9.0,False,0.0,True,False,,18.0,Services,London,Medium,82,198016.3
SME_0330,2024-08-01,557.0,2,,,False,0.0,True,True,6.0,8.0,Manufacturing,South East,High,44,574431.33
SME_0330,2024-09-01,568.0,10,2.0,,False,0.0,True,True,5.0,9.0,Manufacturing,South East,High,44,574431.33
SME_0330,2024-10-01,570.0,7,6.0,,False,0.0,True,True,4.0,10.0,Manufacturing,South East,High,44,574431.33
SME_0330,2024-11-01,552.0,8,6.333333333333333,-5.0,False,0.0,True,True,3.0,11.0,Manufacturing,South East,High,44,574431.33
SME_0330,2024-12-01,543.0,3,8.333333333333334,-25.0,False,0.0,True,True,2.0,12.0,Manufacturing,South East,High,44,574431.33
SME_0330,2025-01-01,548.0,11,6.0,-22.0,True,0.0,True,True,1.0,13.0,Manufacturing,South East,High,44,574431.33
SME_0330,2025-02-01,548.0,0,7.333333333333333,-4.0,False,0.0,False,True,0.0,14.0,Manufacturing,South East,High,44,574431.33
SME_0330,2025-03-01,548.0,0,4.666666666666667,5.0,False,0.0,False,True,-1.0,15.0,Manufacturing,South East,High,44,574431.33
SME_0330,2025-04-01,548.0,0,3.6666666666666665,0.0,False,0.0,False,True,-2.0,16.0,Manufacturing,South East,High,44,574431.33
SME_0330,2025-05-01,548.0,0,0.0,0.0,False,0.0,False,True,-3.0,17.0,Manufacturing,South East,High,44,574431.33
SME_0330,2025-06-01,548.0,0,0.0,0.0,False,0.0,False,True,-4.0,18.0,Manufacturing,South East,High,44,574431.33
SME_0330,2025-07-01,548.0,0,0.0,0.0,False,0.0,False,True,-5.0,19.0,Manufacturing,South East,High,44,574431.33
SME_0330,2025-08-01,548.0,0,0.0,0.0,False,0.0,False,True,-6.0,20.0,Manufacturing,South East,High,44,574431.33
SME_0330,2025-09-01,548.0,0,0.0,0.0,False,0.0,False,True,-7.0,21.0,Manufacturing,South East,High,44,574431.33
SME_0330,2025-10-01,,0,0.0,,False,0.0,False,True,-8.0,22.0,Manufacturing,South East,High,44,574431.33
SME_0330,2025-11-01,548.0,0,0.0,0.0,False,0.0,False,True,-9.0,23.0,Manufacturing,South East,High,44,574431.33
SME_0330,2025-12-01,548.0,0,0.0,0.0,False,0.0,False,True,-10.0,24.0,Manufacturing,South East,High,44,574431.33
SME_0330,2026-01-01,548.0,0,0.0,,False,0.0,False,True,-11.0,25.0,Manufacturing,South East,High,44,574431.33
SME_0331,2024-08-01,611.0,5,,,False,0.0,True,False,,25.0,Technology,Midlands,Medium,125,643573.77
SME_0331,2024-09-01,613.0,14,5.0,,False,0.0,True,False,,26.0,Technology,Midlands,Medium,125,643573.77
SME_0331,2024-10-01,617.0,11,9.5,,False,0.0,True,False,,27.0,Technology,Midlands,Medium,125,643573.77
SME_0331,2024-11-01,613.0,12,10.0,2.0,False,0.0,True,False,,28.0,Technology,Midlands,Medium,125,643573.77
SME_0331,2024-12-01,639.0,11,12.333333333333334,26.0,True,0.0,True,False,,29.0,Technology,Midlands,Medium,125,643573.77
SME_0331,2025-01-01,617.0,13,11.333333333333334,0.0,False,0.0,True,False,,30.0,Technology,Midlands,Medium,125,643573.77
SME_0331,2025-02-01,606.0,14,12.0,-7.0,False,0.0,True,False,,31.0,Technology,Midlands,Medium,125,643573.77
SME_0331,2025-03-01,607.0,10,12.666666666666666,-32.0,False,0.0,True,False,,32.0,Technology,Midlands,Medium,125,643573.77
SME_0331,2025-04-01,631.0,9,12.333333333333334,14.0,False,0.0,True,False,,33.0,Technology,Midlands,Medium,125,643573.77
SME_0331,2025-05-01,610.0,13,11.0,4.0,False,0.0,True,False,,34.0,Technology,Midlands,Medium,125,643573.77
SME_0331,2025-06-01,601.0,14,10.666666666666666,-6.0,False,0.0,True,False,,35.0,Technology,Midlands,Medium,125,643573.77
SME_0331,2025-07-01,592.0,5,12.0,-39.0,False,0.0,True,False,,36.0,Technology,Midlands,Medium,125,643573.77
SME_0331,2025-08-01,599.0,9,10.666666666666666,-11.0,False,0.0,True,False,,37.0,Technology,Midlands,Medium,125,643573.77
SME_0331,2025-09-01,597.0,13,9.333333333333334,-4.0,False,0.0,True,False,,38.0,Technology,Midlands,Medium,125,643573.77
SME_0331,2025-10-01,603.0,6,9.0,11.0,False,0.0,True,False,,39.0,Technology,Midlands,Medium,125,643573.77
SME_0331,2025-11-01,600.0,10,9.333333333333334,1.0,False,0.0,True,False,,40.0,Technology,Midlands,Medium,125,643573.77
SME_0331,2025-12-01,598.0,10,9.666666666666666,1.0,False,0.0,True,False,,41.0,Technology,Midlands,Medium,125,643573.77
SME_0331,2026-01-01,589.0,6,8.666666666666666,-14.0,False,0.0,True,False,,42.0,Technology,Midlands,Medium,125,643573.77
SME_0332,2024-08-01,566.0,13,,,False,0.0,True,False,,20.0,Retail,South East,High,42,272895.97
SME_0332,2024-09-01,576.0,5,13.0,,False,0.0,True,False,,21.0,Retail,South East,High,42,272895.97
SME_0332,2024-10-01,587.0,9,9.0,,False,0.0,True,False,,22.0,Retail,South East,High,42,272895.97
SME_0332,2024-11-01,575.0,9,9.0,9.0,False,0.0,True,False,,23.0,Retail,South East,High,42,272895.97
SME_0332,2024-12-01,577.0,7,7.666666666666667,1.0,True,14010.03,True,False,,24.0,Retail,South East,High,42,272895.97
SME_0332,2025-01-01,564.0,8,8.333333333333334,-23.0,False,0.0,True,False,,25.0,Retail,South East,High,42,272895.97
SME_0332,2025-02-01,558.0,8,8.0,-17.0,False,0.0,True,False,,26.0,Retail,South East,High,42,272895.97
SME_0332,2025-03-01,559.0,6,7.666666666666667,-18.0,False,0.0,True,False,,27.0,Retail,South East,High,42,272895.97
SME_0332,2025-04-01,563.0,4,7.333333333333333,-1.0,False,0.0,True,False,,28.0,Retail,South East,High,42,272895.97
SME_0332,2025-05-01,577.0,13,6.0,19.0,False,0.0,True,False,,29.0,Retail,South East,High,42,272895.97
SME_0332,2025-06-01,564.0,9,7.666666666666667,5.0,False,0.0,True,False,,30.0,Retail,South East,High,42,272895.97
SME_0332,2025-07-01,575.0,6,8.666666666666666,12.0,False,0.0,True,False,,31.0,Retail,South East,High,42,272895.97
SME_0332,2025-08-01,552.0,7,9.333333333333334,-25.0,False,0.0,True,False,,32.0,Retail,South East,High,42,272895.97
SME_0332,2025-09-01,558.0,8,7.333333333333333,-6.0,False,0.0,True,False,,33.0,Retail,South East,High,42,272895.97
SME_0332,2025-10-01,561.0,7,7.0,-14.0,False,0.0,True,False,,34.0,Retail,South East,High,42,272895.97
SME_0332,2025-11-01,570.0,6,7.333333333333333,18.0,False,0.0,True,False,,35.0,Retail,South East,High,42,272895.97
SME_0332,2025-12-01,583.0,4,7.0,25.0,False,0.0,True,False,,36.0,Retail,South East,High,42,272895.97
SME_0332,2026-01-01,574.0,4,5.666666666666667,13.0,True,5794.67,True,False,,37.0,Retail,South East,High,42,272895.97
SME_0333,2024-08-01,629.0,15,,,False,0.0,True,False,,13.0,Services,Scotland,Medium,130,245642.04
SME_0333,2024-09-01,600.0,15,15.0,,True,54129.7,True,False,,14.0,Services,Scotland,Medium,130,245642.04
SME_0333,2024-10-01,611.0,9,15.0,,True,0.0,True,False,,15.0,Services,Scotland,Medium,130,245642.04
SME_0333,2024-11-01,607.0,9,13.0,-22.0,False,0.0,True,False,,16.0,Services,Scotland,Medium,130,245642.04
SME_0333,2024-12-01,626.0,18,11.0,26.0,False,0.0,True,False,,17.0,Services,Scotland,Medium,130,245642.04
SME_0333,2025-01-01,627.0,11,12.0,16.0,False,0.0,True,False,,18.0,Services,Scotland,Medium,130,245642.04
SME_0333,2025-02-01,614.0,3,12.666666666666666,7.0,False,0.0,True,False,,19.0,Services,Scotland,Medium,130,245642.04
SME_0333,2025-03-01,635.0,8,10.666666666666666,9.0,False,0.0,True,False,,20.0,Services,Scotland,Medium,130,245642.04
SME_0333,2025-04-01,628.0,13,7.333333333333333,1.0,False,0.0,True,False,,21.0,Services,Scotland,Medium,130,245642.04
SME_0333,2025-05-01,623.0,11,8.0,9.0,False,0.0,True,False,,22.0,Services,Scotland,Medium,130,245642.04
SME_0333,2025-06-01,626.0,12,10.666666666666666,-9.0,True,0.0,True,False,,23.0,Services,Scotland,Medium,130,245642.04
SME_0333,2025-07-01,620.0,9,12.0,-8.0,False,0.0,True,False,,24.0,Services,Scotland,Medium,130,245642.04
SME_0333,2025-08-01,618.0,13,10.666666666666666,-5.0,False,0.0,True,False,,25.0,Services,Scotland,Medium,130,245642.04
SME_0333,2025-09-01,625.0,14,11.333333333333334,-1.0,False,0.0,True,False,,26.0,Services,Scotland,Medium,130,245642.04
SME_0333,2025-10-01,622.0,12,12.0,2.0,False,0.0,True,False,,27.0,Services,Scotland,Medium,130,245642.04
SME_0333,2025-11-01,603.0,5,13.0,-15.0,False,0.0,True,False,,28.0,Services,Scotland,Medium,130,245642.04
SME_0333,2025-12-01,613.0,11,10.333333333333334,-12.0,False,0.0,True,False,,29.0,Services,Scotland,Medium,130,245642.04
SME_0333,2026-01-01,590.0,9,9.333333333333334,-32.0,False,0.0,True,False,,30.0,Services,Scotland,Medium,130,245642.04
SME_0334,2024-08-01,656.0,10,,,False,0.0,True,False,,18.0,Healthcare,South East,Low,150,406191.46
SME_0334,2024-09-01,654.0,6,10.0,,False,0.0,True,False,,19.0,Healthcare,South East,Low,150,406191.46
SME_0334,2024-10-01,669.0,14,8.0,,False,0.0,True,False,,20.0,Healthcare,South East,Low,150,406191.46
SME_0334,2024-11-01,681.0,9,10.0,25.0,True,0.0,True,False,,21.0,Healthcare,South East,Low,150,406191.46
SME_0334,2024-12-01,676.0,16,9.666666666666666,22.0,False,0.0,True,False,,22.0,Healthcare,South East,Low,150,406191.46
SME_0334,2025-01-01,677.0,11,13.0,8.0,True,0.0,True,False,,23.0,Healthcare,South East,Low,150,406191.46
SME_0334,2025-02-01,701.0,14,12.0,20.0,True,0.0,True,False,,24.0,Healthcare,South East,Low,150,406191.46
SME_0334,2025-03-01,701.0,11,13.666666666666666,25.0,False,0.0,True,False,,25.0,Healthcare,South East,Low,150,406191.46
SME_0334,2025-04-01,702.0,12,12.0,25.0,False,0.0,True,False,,26.0,Healthcare,South East,Low,150,406191.46
SME_0334,2025-05-01,694.0,8,12.333333333333334,-7.0,False,0.0,True,False,,27.0,Healthcare,South East,Low,150,406191.46
SME_0334,2025-06-01,695.0,13,10.333333333333334,-6.0,False,0.0,True,False,,28.0,Healthcare,South East,Low,150,406191.46
SME_0334,2025-07-01,690.0,14,11.0,-12.0,True,0.0,True,False,,29.0,Healthcare,South East,Low,150,406191.46
SME_0334,2025-08-01,679.0,12,11.666666666666666,-15.0,False,0.0,True,False,,30.0,Healthcare,South East,Low,150,406191.46
SME_0334,2025-09-01,653.0,15,13.0,-42.0,False,0.0,True,False,,31.0,Healthcare,South East,Low,150,406191.46
SME_0334,2025-10-01,641.0,20,13.666666666666666,-49.0,False,0.0,True,False,,32.0,Healthcare,South East,Low,150,406191.46
SME_0334,2025-11-01,630.0,18,15.666666666666666,-49.0,True,5714.15,True,False,,33.0,Healthcare,South East,Low,150,406191.46
SME_0334,2025-12-01,634.0,7,17.666666666666668,-19.0,False,0.0,True,False,,34.0,Healthcare,South East,Low,150,406191.46
SME_0334,2026-01-01,616.0,13,15.0,-25.0,False,0.0,True,False,,35.0,Healthcare,South East,Low,150,406191.46
SME_0335,2024-08-01,662.0,9,,,False,0.0,True,False,,30.0,Retail,London,Medium,192,179533.04
SME_0335,2024-09-01,643.0,12,9.0,,False,0.0,True,False,,31.0,Retail,London,Medium,192,179533.04
SME_0335,2024-10-01,623.0,9,10.5,,False,0.0,True,False,,32.0,Retail,London,Medium,192,179533.04
SME_0335,2024-11-01,630.0,10,10.0,-32.0,False,0.0,True,False,,33.0,Retail,London,Medium,192,179533.04
SME_0335,2024-12-01,608.0,15,10.333333333333334,-35.0,False,0.0,True,False,,34.0,Retail,London,Medium,192,179533.04
SME_0335,2025-01-01,603.0,10,11.333333333333334,-20.0,False,0.0,True,False,,35.0,Retail,London,Medium,192,179533.04
SME_0335,2025-02-01,598.0,7,11.666666666666666,-32.0,False,0.0,True,False,,36.0,Retail,London,Medium,192,179533.04
SME_0335,2025-03-01,593.0,7,10.666666666666666,-15.0,False,0.0,True,False,,37.0,Retail,London,Medium,192,179533.04
SME_0335,2025-04-01,589.0,17,8.0,-14.0,False,0.0,True,False,,38.0,Retail,London,Medium,192,179533.04
SME_0335,2025-05-01,583.0,9,10.333333333333334,-15.0,False,0.0,True,False,,39.0,Retail,London,Medium,192,179533.04
SME_0335,2025-06-01,594.0,8,11.0,1.0,False,0.0,True,False,,40.0,Retail,London,Medium,192,179533.04
SME_0335,2025-07-01,589.0,10,11.333333333333334,0.0,False,0.0,True,False,,41.0,Retail,London,Medium,192,179533.04
SME_0335,2025-08-01,608.0,4,9.0,25.0,False,0.0,True,False,,42.0,Retail,London,Medium,192,179533.04
SME_0335,2025-09-01,598.0,19,7.333333333333333,4.0,False,0.0,True,False,,43.0,Retail,London,Medium,192,179533.04
SME_0335,2025-10-01,592.0,10,11.0,3.0,False,0.0,True,False,,44.0,Retail,London,Medium,192,179533.04
SME_0335,2025-11-01,608.0,9,11.0,0.0,False,0.0,True,False,,45.0,Retail,London,Medium,192,179533.04
SME_0335,2025-12-01,599.0,7,12.666666666666666,1.0,False,0.0,True,False,,46.0,Retail,London,Medium,192,179533.04
SME_0335,2026-01-01,610.0,12,8.666666666666666,18.0,False,0.0,True,False,,47.0,Retail,London,Medium,192,179533.04
SME_0336,2024-08-01,574.0,7,,,False,0.0,True,False,,21.0,Services,London,Medium,24,125939.28
SME_0336,2024-09-01,575.0,16,7.0,,False,0.0,True,False,,22.0,Services,London,Medium,24,125939.28
SME_0336,2024-10-01,573.0,12,11.5,,False,0.0,True,False,,23.0,Services,London,Medium,24,125939.28
SME_0336,2024-11-01,579.0,6,11.666666666666666,5.0,False,0.0,True,False,,24.0,Services,London,Medium,24,125939.28
SME_0336,2024-12-01,560.0,10,11.333333333333334,-15.0,False,0.0,True,False,,25.0,Services,London,Medium,24,125939.28
SME_0336,2025-01-01,570.0,9,9.333333333333334,-3.0,False,0.0,True,False,,26.0,Services,London,Medium,24,125939.28
SME_0336,2025-02-01,552.0,6,8.333333333333334,-27.0,False,0.0,True,False,,27.0,Services,London,Medium,24,125939.28
SME_0336,2025-03-01,558.0,15,8.333333333333334,-2.0,True,0.0,True,False,,28.0,Services,London,Medium,24,125939.28
SME_0336,2025-04-01,573.0,7,10.0,3.0,False,0.0,True,False,,29.0,Services,London,Medium,24,125939.28
SME_0336,2025-05-01,586.0,9,9.333333333333334,34.0,False,0.0,True,False,,30.0,Services,London,Medium,24,125939.28
SME_0336,2025-06-01,588.0,12,10.333333333333334,30.0,False,0.0,True,False,,31.0,Services,London,Medium,24,125939.28
SME_0336,2025-07-01,583.0,8,9.333333333333334,10.0,False,0.0,True,False,,32.0,Services,London,Medium,24,125939.28
SME_0336,2025-08-01,581.0,15,9.666666666666666,-5.0,False,0.0,True,False,,33.0,Services,London,Medium,24,125939.28
SME_0336,2025-09-01,562.0,6,11.666666666666666,-26.0,False,0.0,True,False,,34.0,Services,London,Medium,24,125939.28
SME_0336,2025-10-01,565.0,10,9.666666666666666,-18.0,False,0.0,True,False,,35.0,Services,London,Medium,24,125939.28
SME_0336,2025-11-01,572.0,6,10.333333333333334,-9.0,False,0.0,True,False,,36.0,Services,London,Medium,24,125939.28
SME_0336,2025-12-01,587.0,12,7.333333333333333,25.0,False,0.0,True,False,,37.0,Services,London,Medium,24,125939.28
SME_0336,2026-01-01,577.0,10,9.333333333333334,12.0,False,0.0,True,False,,38.0,Services,London,Medium,24,125939.28
SME_0337,2024-08-01,597.0,14,,,False,0.0,True,True,9.0,3.0,Retail,South East,Medium,152,156645.08
SME_0337,2024-09-01,589.0,4,14.0,,False,0.0,True,True,8.0,4.0,Retail,South East,Medium,152,156645.08
SME_0337,2024-10-01,589.0,9,9.0,,False,0.0,True,True,7.0,5.0,Retail,South East,Medium,152,156645.08
SME_0337,2024-11-01,590.0,17,9.0,-7.0,False,0.0,True,True,6.0,6.0,Retail,South East,Medium,152,156645.08
SME_0337,2024-12-01,587.0,15,10.0,-2.0,True,0.0,True,True,5.0,7.0,Retail,South East,Medium,152,156645.08
SME_0337,2025-01-01,577.0,8,13.666666666666666,-12.0,True,0.0,True,True,4.0,8.0,Retail,South East,Medium,152,156645.08
SME_0337,2025-02-01,623.0,4,13.333333333333334,33.0,False,0.0,True,True,3.0,9.0,Retail,South East,Medium,152,156645.08
SME_0337,2025-03-01,630.0,8,9.0,43.0,False,0.0,True,True,2.0,10.0,Retail,South East,Medium,152,156645.08
SME_0337,2025-04-01,607.0,7,6.666666666666667,30.0,False,0.0,True,True,1.0,11.0,Retail,South East,Medium,152,156645.08
SME_0337,2025-05-01,607.0,0,6.333333333333333,-16.0,False,0.0,False,True,0.0,12.0,Retail,South East,Medium,152,156645.08
SME_0337,2025-06-01,607.0,0,5.0,-23.0,False,0.0,False,True,-1.0,13.0,Retail,South East,Medium,152,156645.08
SME_0337,2025-07-01,607.0,0,2.3333333333333335,0.0,False,0.0,False,True,-2.0,14.0,Retail,South East,Medium,152,156645.08
SME_0337,2025-08-01,607.0,0,0.0,0.0,False,0.0,False,True,-3.0,15.0,Retail,South East,Medium,152,156645.08
SME_0337,2025-09-01,607.0,0,0.0,0.0,False,0.0,False,True,-4.0,16.0,Retail,South East,Medium,152,156645.08
SME_0337,2025-10-01,607.0,0,0.0,0.0,False,0.0,False,True,-5.0,17.0,Retail,South East,Medium,152,156645.08
SME_0337,2025-11-01,607.0,0,0.0,0.0,False,0.0,False,True,-6.0,18.0,Retail,South East,Medium,152,156645.08
SME_0337,2025-12-01,607.0,0,0.0,0.0,False,0.0,False,True,-7.0,19.0,Retail,South East,Medium,152,156645.08
SME_0337,2026-01-01,607.0,0,0.0,0.0,False,0.0,False,True,-8.0,20.0,Retail,South East,Medium,152,156645.08
SME_0338,2024-08-01,615.0,18,,,False,0.0,True,False,,3.0,Technology,South East,Medium,18,214796.68
SME_0338,2024-09-01,626.0,19,18.0,,False,0.0,True,False,,4.0,Technology,South East,Medium,18,214796.68
SME_0338,2024-10-01,629.0,16,18.5,,False,0.0,True,False,,5.0,Technology,South East,Medium,18,214796.68
SME_0338,2024-11-01,627.0,19,17.666666666666668,12.0,True,0.0,True,False,,6.0,Technology,South East,Medium,18,214796.68
SME_0338,2024-12-01,648.0,12,18.0,22.0,False,0.0,True,False,,7.0,Technology,South East,Medium,18,214796.68
SME_0338,2025-01-01,657.0,17,15.666666666666666,28.0,False,0.0,True,False,,8.0,Technology,South East,Medium,18,214796.68
SME_0338,2025-02-01,642.0,11,16.0,15.0,False,0.0,True,False,,9.0,Technology,South East,Medium,18,214796.68
SME_0338,2025-03-01,640.0,12,13.333333333333334,-8.0,False,0.0,True,False,,10.0,Technology,South East,Medium,18,214796.68
SME_0338,2025-04-01,637.0,9,13.333333333333334,-20.0,False,0.0,True,False,,11.0,Technology,South East,Medium,18,214796.68
SME_0338,2025-05-01,623.0,14,10.666666666666666,-19.0,False,0.0,True,False,,12.0,Technology,South East,Medium,18,214796.68
SME_0338,2025-06-01,605.0,10,11.666666666666666,-35.0,False,0.0,True,False,,13.0,Technology,South East,Medium,18,214796.68
SME_0338,2025-07-01,611.0,9,11.0,-26.0,False,0.0,True,False,,14.0,Technology,South East,Medium,18,214796.68
SME_0338,2025-08-01,615.0,10,11.0,-8.0,False,0.0,True,False,,15.0,Technology,South East,Medium,18,214796.68
SME_0338,2025-09-01,632.0,7,9.666666666666666,27.0,True,0.0,True,False,,16.0,Technology,South East,Medium,18,214796.68
SME_0338,2025-10-01,636.0,13,8.666666666666666,25.0,True,0.0,True,False,,17.0,Technology,South East,Medium,18,214796.68
SME_0338,2025-11-01,641.0,15,10.0,26.0,False,0.0,True,False,,18.0,Technology,South East,Medium,18,214796.68
SME_0338,2025-12-01,663.0,11,11.666666666666666,31.0,False,0.0,True,False,,19.0,Technology,South East,Medium,18,214796.68
SME_0338,2026-01-01,670.0,12,13.0,34.0,True,18983.94,True,False,,20.0,Technology,South East,Medium,18,214796.68
SME_0339,2024-08-01,444.0,3,,,False,0.0,True,True,10.0,18.0,Retail,Scotland,High,68,97285.76
SME_0339,2024-09-01,432.0,5,3.0,,False,0.0,True,True,9.0,19.0,Retail,Scotland,High,68,97285.76
SME_0339,2024-10-01,445.0,8,4.0,,False,0.0,True,True,8.0,20.0,Retail,Scotland,High,68,97285.76
SME_0339,2024-11-01,441.0,8,5.333333333333333,-3.0,True,0.0,True,True,7.0,21.0,Retail,Scotland,High,68,97285.76
SME_0339,2024-12-01,456.0,3,7.0,24.0,True,0.0,True,True,6.0,22.0,Retail,Scotland,High,68,97285.76
SME_0339,2025-01-01,477.0,6,6.333333333333333,32.0,False,0.0,True,True,5.0,23.0,Retail,Scotland,High,68,97285.76
SME_0339,2025-02-01,466.0,3,5.666666666666667,25.0,False,0.0,True,True,4.0,24.0,Retail,Scotland,High,68,97285.76
SME_0339,2025-03-01,472.0,7,4.0,16.0,False,0.0,True,True,3.0,25.0,Retail,Scotland,High,68,97285.76
SME_0339,2025-04-01,457.0,2,5.333333333333333,-20.0,False,0.0,True,True,2.0,26.0,Retail,Scotland,High,68,97285.76
SME_0339,2025-05-01,459.0,8,4.0,-7.0,False,0.0,True,True,1.0,27.0,Retail,Scotland,High,68,97285.76
SME_0339,2025-06-01,459.0,0,5.666666666666667,-13.0,False,0.0,False,True,0.0,28.0,Retail,Scotland,High,68,97285.76
SME_0339,2025-07-01,459.0,0,3.3333333333333335,2.0,False,0.0,False,True,-1.0,29.0,Retail,Scotland,High,68,97285.76
SME_0339,2025-08-01,459.0,0,2.6666666666666665,0.0,False,0.0,False,True,-2.0,30.0,Retail,Scotland,High,68,97285.76
SME_0339,2025-09-01,459.0,0,0.0,0.0,False,0.0,False,True,-3.0,31.0,Retail,Scotland,High,68,97285.76
SME_0339,2025-10-01,459.0,0,0.0,0.0,False,0.0,False,True,-4.0,32.0,Retail,Scotland,High,68,97285.76
SME_0339,2025-11-01,459.0,0,0.0,0.0,False,0.0,False,True,-5.0,33.0,Retail,Scotland,High,68,97285.76
SME_0339,2025-12-01,459.0,0,0.0,0.0,False,0.0,False,True,-6.0,34.0,Retail,Scotland,High,68,97285.76
SME_0339,2026-01-01,459.0,0,0.0,0.0,False,0.0,False,True,-7.0,35.0,Retail,Scotland,High,68,97285.76
SME_0340,2024-08-01,590.0,11,,,True,20614.71,True,False,,15.0,Healthcare,London,Medium,36,388606.73
SME_0340,2024-09-01,600.0,9,11.0,,False,0.0,True,False,,16.0,Healthcare,London,Medium,36,388606.73
SME_0340,2024-10-01,610.0,7,10.0,,False,0.0,True,False,,17.0,Healthcare,London,Medium,36,388606.73
SME_0340,2024-11-01,603.0,16,9.0,13.0,False,0.0,True,False,,18.0,Healthcare,London,Medium,36,388606.73
SME_0340,2024-12-01,601.0,13,10.666666666666666,1.0,False,0.0,True,False,,19.0,Healthcare,London,Medium,36,388606.73
SME_0340,2025-01-01,569.0,9,12.0,-41.0,False,0.0,True,False,,20.0,Healthcare,London,Medium,36,388606.73
SME_0340,2025-02-01,586.0,11,12.666666666666666,-17.0,False,0.0,True,False,,21.0,Healthcare,London,Medium,36,388606.73
SME_0340,2025-03-01,587.0,9,11.0,-14.0,False,0.0,True,False,,22.0,Healthcare,London,Medium,36,388606.73
SME_0340,2025-04-01,589.0,12,9.666666666666666,20.0,False,0.0,True,False,,23.0,Healthcare,London,Medium,36,388606.73
SME_0340,2025-05-01,595.0,11,10.666666666666666,9.0,False,0.0,True,False,,24.0,Healthcare,London,Medium,36,388606.73
SME_0340,2025-06-01,569.0,10,10.666666666666666,-18.0,True,0.0,True,False,,25.0,Healthcare,London,Medium,36,388606.73
SME_0340,2025-07-01,574.0,4,11.0,-15.0,False,0.0,True,False,,26.0,Healthcare,London,Medium,36,388606.73
SME_0340,2025-08-01,571.0,11,8.333333333333334,-24.0,True,0.0,True,False,,27.0,Healthcare,London,Medium,36,388606.73
SME_0340,2025-09-01,567.0,6,8.333333333333334,-2.0,False,0.0,True,False,,28.0,Healthcare,London,Medium,36,388606.73
SME_0340,2025-10-01,562.0,11,7.0,-12.0,True,0.0,True,False,,29.0,Healthcare,London,Medium,36,388606.73
SME_0340,2025-11-01,559.0,13,9.333333333333334,-12.0,False,0.0,True,False,,30.0,Healthcare,London,Medium,36,388606.73
SME_0340,2025-12-01,565.0,10,10.0,-2.0,False,0.0,True,False,,31.0,Healthcare,London,Medium,36,388606.73
SME_0340,2026-01-01,580.0,13,11.333333333333334,18.0,False,0.0,True,False,,32.0,Healthcare,London,Medium,36,388606.73
SME_0341,2024-08-01,625.0,10,,,False,0.0,True,False,,31.0,Retail,South East,Low,33,646743.24
SME_0341,2024-09-01,621.0,10,10.0,,False,0.0,True,False,,32.0,Retail,South East,Low,33,646743.24
SME_0341,2024-10-01,606.0,13,10.0,,False,0.0,True,False,,33.0,Retail,South East,Low,33,646743.24
SME_0341,2024-11-01,643.0,17,11.0,18.0,True,0.0,True,False,,34.0,Retail,South East,Low,33,646743.24
SME_0341,2024-12-01,633.0,9,13.333333333333334,12.0,False,0.0,True,False,,35.0,Retail,South East,Low,33,646743.24
SME_0341,2025-01-01,628.0,9,13.0,22.0,False,0.0,True,False,,36.0,Retail,South East,Low,33,646743.24
SME_0341,2025-02-01,631.0,10,11.666666666666666,-12.0,False,0.0,True,False,,37.0,Retail,South East,Low,33,646743.24
SME_0341,2025-03-01,639.0,8,9.333333333333334,6.0,False,0.0,True,False,,38.0,Retail,South East,Low,33,646743.24
SME_0341,2025-04-01,642.0,12,9.0,14.0,False,0.0,True,False,,39.0,Retail,South East,Low,33,646743.24
SME_0341,2025-05-01,657.0,15,10.0,26.0,False,0.0,True,False,,40.0,Retail,South East,Low,33,646743.24
SME_0341,2025-06-01,656.0,8,11.666666666666666,17.0,False,0.0,True,False,,41.0,Retail,South East,Low,33,646743.24
SME_0341,2025-07-01,666.0,10,11.666666666666666,24.0,True,0.0,True,False,,42.0,Retail,South East,Low,33,646743.24
SME_0341,2025-08-01,658.0,12,11.0,1.0,False,0.0,True,False,,43.0,Retail,South East,Low,33,646743.24
SME_0341,2025-09-01,673.0,13,10.0,17.0,False,0.0,True,False,,44.0,Retail,South East,Low,33,646743.24
SME_0341,2025-10-01,696.0,20,11.666666666666666,30.0,False,0.0,True,False,,45.0,Retail,South East,Low,33,646743.24
SME_0341,2025-11-01,689.0,9,15.0,31.0,False,0.0,True,False,,46.0,Retail,South East,Low,33,646743.24
SME_0341,2025-12-01,663.0,10,14.0,-10.0,False,0.0,True,False,,47.0,Retail,South East,Low,33,646743.24
SME_0341,2026-01-01,650.0,9,13.0,-46.0,False,0.0,True,False,,48.0,Retail,South East,Low,33,646743.24
SME_0342,2024-08-01,558.0,8,,,False,0.0,True,False,,21.0,Healthcare,Midlands,Medium,35,89020.72
SME_0342,2024-09-01,574.0,11,8.0,,False,0.0,True,False,,22.0,Healthcare,Midlands,Medium,35,89020.72
SME_0342,2024-10-01,556.0,6,9.5,,False,0.0,True,False,,23.0,Healthcare,Midlands,Medium,35,89020.72
SME_0342,2024-11-01,540.0,4,8.333333333333334,-18.0,False,0.0,True,False,,24.0,Healthcare,Midlands,Medium,35,89020.72
SME_0342,2024-12-01,552.0,8,7.0,-22.0,False,0.0,True,False,,25.0,Healthcare,Midlands,Medium,35,89020.72
SME_0342,2025-01-01,547.0,7,6.0,-9.0,False,0.0,True,False,,26.0,Healthcare,Midlands,Medium,35,89020.72
SME_0342,2025-02-01,542.0,6,6.333333333333333,2.0,False,0.0,True,False,,27.0,Healthcare,Midlands,Medium,35,89020.72
SME_0342,2025-03-01,547.0,9,7.0,-5.0,True,54962.83,True,False,,28.0,Healthcare,Midlands,Medium,35,89020.72
SME_0342,2025-04-01,542.0,8,7.333333333333333,-5.0,False,0.0,True,False,,29.0,Healthcare,Midlands,Medium,35,89020.72
SME_0342,2025-05-01,556.0,10,7.666666666666667,14.0,False,0.0,True,False,,30.0,Healthcare,Midlands,Medium,35,89020.72
SME_0342,2025-06-01,563.0,8,9.0,16.0,False,0.0,True,False,,31.0,Healthcare,Midlands,Medium,35,89020.72
SME_0342,2025-07-01,552.0,6,8.666666666666666,10.0,False,0.0,True,False,,32.0,Healthcare,Midlands,Medium,35,89020.72
SME_0342,2025-08-01,537.0,10,8.0,-19.0,False,0.0,True,False,,33.0,Healthcare,Midlands,Medium,35,89020.72
SME_0342,2025-09-01,544.0,7,8.0,-19.0,False,0.0,True,False,,34.0,Healthcare,Midlands,Medium,35,89020.72
SME_0342,2025-10-01,537.0,12,7.666666666666667,-15.0,False,0.0,True,False,,35.0,Healthcare,Midlands,Medium,35,89020.72
SME_0342,2025-11-01,549.0,16,9.666666666666666,12.0,False,0.0,True,False,,36.0,Healthcare,Midlands,Medium,35,89020.72
SME_0342,2025-12-01,538.0,13,11.666666666666666,-6.0,False,0.0,True,False,,37.0,Healthcare,Midlands,Medium,35,89020.72
SME_0342,2026-01-01,544.0,7,13.666666666666666,7.0,False,0.0,True,False,,38.0,Healthcare,Midlands,Medium,35,89020.72
SME_0343,2024-08-01,432.0,1,,,False,0.0,True,False,,28.0,Technology,South East,High,9,231837.92
SME_0343,2024-09-01,442.0,4,1.0,,False,0.0,True,False,,29.0,Technology,South East,High,9,231837.92
SME_0343,2024-10-01,447.0,5,2.5,,False,0.0,True,False,,30.0,Technology,South East,High,9,231837.92
SME_0343,2024-11-01,460.0,7,3.3333333333333335,28.0,False,0.0,True,False,,31.0,Technology,South East,High,9,231837.92
SME_0343,2024-12-01,452.0,5,5.333333333333333,10.0,False,0.0,True,False,,32.0,Technology,South East,High,9,231837.92
SME_0343,2025-01-01,454.0,9,5.666666666666667,7.0,True,0.0,True,False,,33.0,Technology,South East,High,9,231837.92
SME_0343,2025-02-01,464.0,4,7.0,4.0,False,0.0,True,False,,34.0,Technology,South East,High,9,231837.92
SME_0343,2025-03-01,455.0,8,6.0,3.0,False,0.0,True,False,,35.0,Technology,South East,High,9,231837.92
SME_0343,2025-04-01,457.0,4,7.0,3.0,False,0.0,True,False,,36.0,Technology,South East,High,9,231837.92
SME_0343,2025-05-01,431.0,2,5.333333333333333,-33.0,False,0.0,True,False,,37.0,Technology,South East,High,9,231837.92
SME_0343,2025-06-01,447.0,3,4.666666666666667,-8.0,False,0.0,True,False,,38.0,Technology,South East,High,9,231837.92
SME_0343,2025-07-01,446.0,6,3.0,-11.0,False,0.0,True,False,,39.0,Technology,South East,High,9,231837.92
SME_0343,2025-08-01,440.0,4,3.6666666666666665,9.0,False,0.0,True,False,,40.0,Technology,South East,High,9,231837.92
SME_0343,2025-09-01,444.0,2,4.333333333333333,-3.0,False,0.0,True,False,,41.0,Technology,South East,High,9,231837.92
SME_0343,2025-10-01,422.0,3,4.0,-24.0,False,0.0,True,False,,42.0,Technology,South East,High,9,231837.92
SME_0343,2025-11-01,434.0,3,3.0,-6.0,False,0.0,True,False,,43.0,Technology,South East,High,9,231837.92
SME_0343,2025-12-01,429.0,6,2.6666666666666665,-15.0,False,0.0,True,False,,44.0,Technology,South East,High,9,231837.92
SME_0343,2026-01-01,411.0,4,4.0,-11.0,False,0.0,True,False,,45.0,Technology,South East,High,9,231837.92
SME_0344,2024-08-01,505.0,9,,,False,0.0,True,False,,22.0,Services,South East,High,164,241385.48
SME_0344,2024-09-01,492.0,7,9.0,,False,0.0,True,False,,23.0,Services,South East,High,164,241385.48
SME_0344,2024-10-01,513.0,8,8.0,,False,0.0,True,False,,24.0,Services,South East,High,164,241385.48
SME_0344,2024-11-01,517.0,5,8.0,12.0,False,0.0,True,False,,25.0,Services,South East,High,164,241385.48
SME_0344,2024-12-01,512.0,12,6.666666666666667,20.0,False,0.0,True,False,,26.0,Services,South East,High,164,241385.48
SME_0344,2025-01-01,514.0,9,8.333333333333334,1.0,False,0.0,True,False,,27.0,Services,South East,High,164,241385.48
SME_0344,2025-02-01,518.0,11,8.666666666666666,1.0,False,0.0,True,False,,28.0,Services,South East,High,164,241385.48
SME_0344,2025-03-01,545.0,4,10.666666666666666,33.0,False,0.0,True,False,,29.0,Services,South East,High,164,241385.48
SME_0344,2025-04-01,553.0,5,8.0,39.0,False,0.0,True,False,,30.0,Services,South East,High,164,241385.48
SME_0344,2025-05-01,551.0,7,6.666666666666667,33.0,False,0.0,True,False,,31.0,Services,South East,High,164,241385.48
SME_0344,2025-06-01,553.0,5,5.333333333333333,8.0,False,0.0,True,False,,32.0,Services,South East,High,164,241385.48
SME_0344,2025-07-01,551.0,5,5.666666666666667,-2.0,False,0.0,True,False,,33.0,Services,South East,High,164,241385.48
SME_0344,2025-08-01,539.0,6,5.666666666666667,-12.0,False,0.0,True,False,,34.0,Services,South East,High,164,241385.48
SME_0344,2025-09-01,553.0,14,5.333333333333333,0.0,False,0.0,True,False,,35.0,Services,South East,High,164,241385.48
SME_0344,2025-10-01,555.0,6,8.333333333333334,4.0,False,0.0,True,False,,36.0,Services,South East,High,164,241385.48
SME_0344,2025-11-01,536.0,8,8.666666666666666,-3.0,False,0.0,True,False,,37.0,Services,South East,High,164,241385.48
SME_0344,2025-12-01,538.0,2,9.333333333333334,-15.0,False,0.0,True,False,,38.0,Services,South East,High,164,241385.48
SME_0344,2026-01-01,545.0,3,5.333333333333333,-10.0,False,0.0,True,False,,39.0,Services,South East,High,164,241385.48
SME_0345,2024-08-01,632.0,15,,,False,0.0,True,False,,13.0,Technology,South East,Medium,13,450386.36
SME_0345,2024-09-01,637.0,11,15.0,,True,0.0,True,False,,14.0,Technology,South East,Medium,13,450386.36
SME_0345,2024-10-01,623.0,6,13.0,,True,0.0,True,False,,15.0,Technology,South East,Medium,13,450386.36
SME_0345,2024-11-01,614.0,11,10.666666666666666,-18.0,False,0.0,True,False,,16.0,Technology,South East,Medium,13,450386.36
SME_0345,2024-12-01,592.0,12,9.333333333333334,-45.0,False,0.0,True,False,,17.0,Technology,South East,Medium,13,450386.36
SME_0345,2025-01-01,616.0,14,9.666666666666666,-7.0,False,0.0,True,False,,18.0,Technology,South East,Medium,13,450386.36
SME_0345,2025-02-01,617.0,5,12.333333333333334,3.0,False,0.0,True,False,,19.0,Technology,South East,Medium,13,450386.36
SME_0345,2025-03-01,624.0,13,10.333333333333334,32.0,False,0.0,True,False,,20.0,Technology,South East,Medium,13,450386.36
SME_0345,2025-04-01,614.0,10,10.666666666666666,-2.0,True,0.0,True,False,,21.0,Technology,South East,Medium,13,450386.36
SME_0345,2025-05-01,617.0,11,9.333333333333334,0.0,False,0.0,True,False,,22.0,Technology,South East,Medium,13,450386.36
SME_0345,2025-06-01,625.0,10,11.333333333333334,1.0,False,0.0,True,False,,23.0,Technology,South East,Medium,13,450386.36
SME_0345,2025-07-01,630.0,10,10.333333333333334,16.0,False,0.0,True,False,,24.0,Technology,South East,Medium,13,450386.36
SME_0345,2025-08-01,649.0,12,10.333333333333334,32.0,False,0.0,True,False,,25.0,Technology,South East,Medium,13,450386.36
SME_0345,2025-09-01,640.0,10,10.666666666666666,15.0,False,0.0,True,False,,26.0,Technology,South East,Medium,13,450386.36
SME_0345,2025-10-01,635.0,13,10.666666666666666,5.0,True,0.0,True,False,,27.0,Technology,South East,Medium,13,450386.36
SME_0345,2025-11-01,623.0,13,11.666666666666666,-26.0,False,0.0,True,False,,28.0,Technology,South East,Medium,13,450386.36
SME_0345,2025-12-01,626.0,10,12.0,-14.0,False,0.0,True,False,,29.0,Technology,South East,Medium,13,450386.36
SME_0345,2026-01-01,619.0,8,12.0,-16.0,True,0.0,True,False,,30.0,Technology,South East,Medium,13,450386.36
SME_0346,2024-08-01,633.0,8,,,False,0.0,True,False,,24.0,Technology,North West,Medium,80,355013.06
SME_0346,2024-09-01,634.0,12,8.0,,False,0.0,True,False,,25.0,Technology,North West,Medium,80,355013.06
SME_0346,2024-10-01,645.0,8,10.0,,False,0.0,True,False,,26.0,Technology,North West,Medium,80,355013.06
SME_0346,2024-11-01,629.0,11,9.333333333333334,-4.0,False,0.0,True,False,,27.0,Technology,North West,Medium,80,355013.06
SME_0346,2024-12-01,631.0,13,10.333333333333334,-3.0,False,0.0,True,False,,28.0,Technology,North West,Medium,80,355013.06
SME_0346,2025-01-01,621.0,13,10.666666666666666,-24.0,False,0.0,True,False,,29.0,Technology,North West,Medium,80,355013.06
SME_0346,2025-02-01,616.0,12,12.333333333333334,-13.0,False,0.0,True,False,,30.0,Technology,North West,Medium,80,355013.06
SME_0346,2025-03-01,607.0,7,12.666666666666666,-24.0,False,0.0,True,False,,31.0,Technology,North West,Medium,80,355013.06
SME_0346,2025-04-01,632.0,6,10.666666666666666,11.0,True,31402.03,True,False,,32.0,Technology,North West,Medium,80,355013.06
SME_0346,2025-05-01,629.0,9,8.333333333333334,13.0,False,0.0,True,False,,33.0,Technology,North West,Medium,80,355013.06
SME_0346,2025-06-01,631.0,13,7.333333333333333,24.0,False,0.0,True,False,,34.0,Technology,North West,Medium,80,355013.06
SME_0346,2025-07-01,637.0,7,9.333333333333334,5.0,False,0.0,True,False,,35.0,Technology,North West,Medium,80,355013.06
SME_0346,2025-08-01,640.0,9,9.666666666666666,11.0,False,0.0,True,False,,36.0,Technology,North West,Medium,80,355013.06
SME_0346,2025-09-01,633.0,12,9.666666666666666,2.0,False,0.0,True,False,,37.0,Technology,North West,Medium,80,355013.06
SME_0346,2025-10-01,633.0,11,9.333333333333334,-4.0,False,0.0,True,False,,38.0,Technology,North West,Medium,80,355013.06
SME_0346,2025-11-01,650.0,6,10.666666666666666,10.0,False,0.0,True,False,,39.0,Technology,North West,Medium,80,355013.06
SME_0346,2025-12-01,660.0,8,9.666666666666666,27.0,False,0.0,True,False,,40.0,Technology,North West,Medium,80,355013.06
SME_0346,2026-01-01,661.0,15,8.333333333333334,28.0,False,0.0,True,False,,41.0,Technology,North West,Medium,80,355013.06
SME_0347,2024-08-01,716.0,4,,,False,0.0,True,False,,23.0,Healthcare,North West,Low,140,118459.72
SME_0347,2024-09-01,720.0,15,4.0,,False,0.0,True,False,,24.0,Healthcare,North West,Low,140,118459.72
SME_0347,2024-10-01,716.0,18,9.5,,False,0.0,True,False,,25.0,Healthcare,North West,Low,140,118459.72
SME_0347,2024-11-01,710.0,13,12.333333333333334,-6.0,False,0.0,True,False,,26.0,Healthcare,North West,Low,140,118459.72
SME_0347,2024-12-01,692.0,7,15.333333333333334,-28.0,False,0.0,True,False,,27.0,Healthcare,North West,Low,140,118459.72
SME_0347,2025-01-01,693.0,17,12.666666666666666,-23.0,False,0.0,True,False,,28.0,Healthcare,North West,Low,140,118459.72
SME_0347,2025-02-01,669.0,13,12.333333333333334,-41.0,False,0.0,True,False,,29.0,Healthcare,North West,Low,140,118459.72
SME_0347,2025-03-01,667.0,15,12.333333333333334,-25.0,False,0.0,True,False,,30.0,Healthcare,North West,Low,140,118459.72
SME_0347,2025-04-01,696.0,10,15.0,3.0,False,0.0,True,False,,31.0,Healthcare,North West,Low,140,118459.72
SME_0347,2025-05-01,703.0,10,12.666666666666666,34.0,False,0.0,True,False,,32.0,Healthcare,North West,Low,140,118459.72
SME_0347,2025-06-01,692.0,14,11.666666666666666,25.0,False,0.0,True,False,,33.0,Healthcare,North West,Low,140,118459.72
SME_0347,2025-07-01,679.0,11,11.333333333333334,-17.0,False,0.0,True,False,,34.0,Healthcare,North West,Low,140,118459.72
SME_0347,2025-08-01,698.0,11,11.666666666666666,-5.0,False,0.0,True,False,,35.0,Healthcare,North West,Low,140,118459.72
SME_0347,2025-09-01,700.0,3,12.0,8.0,False,0.0,True,False,,36.0,Healthcare,North West,Low,140,118459.72
SME_0347,2025-10-01,701.0,13,8.333333333333334,22.0,True,40441.45,True,False,,37.0,Healthcare,North West,Low,140,118459.72
SME_0347,2025-11-01,707.0,7,9.0,9.0,False,0.0,True,False,,38.0,Healthcare,North West,Low,140,118459.72
SME_0347,2025-12-01,699.0,6,7.666666666666667,-1.0,False,0.0,True,False,,39.0,Healthcare,North West,Low,140,118459.72
SME_0347,2026-01-01,692.0,13,8.666666666666666,-9.0,False,0.0,True,False,,40.0,Healthcare,North West,Low,140,118459.72
SME_0348,2024-08-01,682.0,10,,,False,0.0,True,False,,26.0,Retail,Scotland,Medium,198,141797.05
SME_0348,2024-09-01,673.0,14,10.0,,True,44713.48,True,False,,27.0,Retail,Scotland,Medium,198,141797.05
SME_0348,2024-10-01,667.0,16,12.0,,False,0.0,True,False,,28.0,Retail,Scotland,Medium,198,141797.05
SME_0348,2024-11-01,687.0,15,13.333333333333334,5.0,False,0.0,True,False,,29.0,Retail,Scotland,Medium,198,141797.05
SME_0348,2024-12-01,667.0,10,15.0,-6.0,False,0.0,True,False,,30.0,Retail,Scotland,Medium,198,141797.05
SME_0348,2025-01-01,668.0,10,13.666666666666666,1.0,False,0.0,True,False,,31.0,Retail,Scotland,Medium,198,141797.05
SME_0348,2025-02-01,671.0,9,11.666666666666666,-16.0,False,0.0,True,False,,32.0,Retail,Scotland,Medium,198,141797.05
SME_0348,2025-03-01,676.0,8,9.666666666666666,9.0,False,0.0,True,False,,33.0,Retail,Scotland,Medium,198,141797.05
SME_0348,2025-04-01,710.0,10,9.0,42.0,False,0.0,True,False,,34.0,Retail,Scotland,Medium,198,141797.05
SME_0348,2025-05-01,697.0,12,9.0,26.0,False,0.0,True,False,,35.0,Retail,Scotland,Medium,198,141797.05
SME_0348,2025-06-01,699.0,20,10.0,23.0,False,0.0,True,False,,36.0,Retail,Scotland,Medium,198,141797.05
SME_0348,2025-07-01,679.0,14,14.0,-31.0,True,0.0,True,False,,37.0,Retail,Scotland,Medium,198,141797.05
SME_0348,2025-08-01,669.0,13,15.333333333333334,-28.0,False,0.0,True,False,,38.0,Retail,Scotland,Medium,198,141797.05
SME_0348,2025-09-01,677.0,10,15.666666666666666,-22.0,False,0.0,True,False,,39.0,Retail,Scotland,Medium,198,141797.05
SME_0348,2025-10-01,679.0,20,12.333333333333334,0.0,True,12605.52,True,False,,40.0,Retail,Scotland,Medium,198,141797.05
SME_0348,2025-11-01,687.0,9,14.333333333333334,18.0,False,0.0,True,False,,41.0,Retail,Scotland,Medium,198,141797.05
SME_0348,2025-12-01,693.0,19,13.0,16.0,False,0.0,True,False,,42.0,Retail,Scotland,Medium,198,141797.05
SME_0348,2026-01-01,674.0,8,16.0,-5.0,False,0.0,True,False,,43.0,Retail,Scotland,Medium,198,141797.05
SME_0349,2024-08-01,483.0,8,,,False,0.0,True,False,,8.0,Services,London,High,170,261662.42
SME_0349,2024-09-01,489.0,7,8.0,,False,0.0,True,False,,9.0,Services,London,High,170,261662.42
SME_0349,2024-10-01,482.0,5,7.5,,False,0.0,True,False,,10.0,Services,London,High,170,261662.42
SME_0349,2024-11-01,494.0,5,6.666666666666667,11.0,False,0.0,True,False,,11.0,Services,London,High,170,261662.42
SME_0349,2024-12-01,483.0,8,5.666666666666667,-6.0,False,0.0,True,False,,12.0,Services,London,High,170,261662.42
SME_0349,2025-01-01,492.0,10,6.0,10.0,False,0.0,True,False,,13.0,Services,London,High,170,261662.42
SME_0349,2025-02-01,495.0,10,7.666666666666667,1.0,True,0.0,True,False,,14.0,Services,London,High,170,261662.42
SME_0349,2025-03-01,476.0,2,9.333333333333334,-7.0,False,0.0,True,False,,15.0,Services,London,High,170,261662.42
SME_0349,2025-04-01,480.0,3,7.333333333333333,-12.0,False,0.0,True,False,,16.0,Services,London,High,170,261662.42
SME_0349,2025-05-01,471.0,6,5.0,-24.0,False,0.0,True,False,,17.0,Services,London,High,170,261662.42
SME_0349,2025-06-01,484.0,5,3.6666666666666665,8.0,False,0.0,True,False,,18.0,Services,London,High,170,261662.42
SME_0349,2025-07-01,501.0,3,4.666666666666667,21.0,False,0.0,True,False,,19.0,Services,London,High,170,261662.42
SME_0349,2025-08-01,494.0,5,4.666666666666667,23.0,True,0.0,True,False,,20.0,Services,London,High,170,261662.42
SME_0349,2025-09-01,488.0,2,4.333333333333333,4.0,False,0.0,True,False,,21.0,Services,London,High,170,261662.42
SME_0349,2025-10-01,472.0,5,3.3333333333333335,-29.0,False,0.0,True,False,,22.0,Services,London,High,170,261662.42
SME_0349,2025-11-01,460.0,4,4.0,-34.0,False,0.0,True,False,,23.0,Services,London,High,170,261662.42
SME_0349,2025-12-01,449.0,2,3.6666666666666665,-39.0,False,0.0,True,False,,24.0,Services,London,High,170,261662.42
SME_0349,2026-01-01,459.0,3,3.6666666666666665,-13.0,False,0.0,True,False,,25.0,Services,London,High,170,261662.42
SME_0350,2024-08-01,561.0,11,,,False,0.0,True,False,,24.0,Retail,Midlands,Medium,28,706273.98
SME_0350,2024-09-01,581.0,12,11.0,,False,0.0,True,False,,25.0,Retail,Midlands,Medium,28,706273.98
SME_0350,2024-10-01,564.0,9,11.5,,False,0.0,True,False,,26.0,Retail,Midlands,Medium,28,706273.98
SME_0350,2024-11-01,583.0,11,10.666666666666666,22.0,True,0.0,True,False,,27.0,Retail,Midlands,Medium,28,706273.98
SME_0350,2024-12-01,595.0,7,10.666666666666666,14.0,False,0.0,True,False,,28.0,Retail,Midlands,Medium,28,706273.98
SME_0350,2025-01-01,597.0,11,9.0,33.0,False,0.0,True,False,,29.0,Retail,Midlands,Medium,28,706273.98
SME_0350,2025-02-01,581.0,8,9.666666666666666,-2.0,False,0.0,True,False,,30.0,Retail,Midlands,Medium,28,706273.98
SME_0350,2025-03-01,559.0,10,8.666666666666666,-36.0,False,0.0,True,False,,30.0,Retail,Midlands,Medium,28,706273.98
SME_0350,2025-04-01,566.0,10,9.666666666666666,-31.0,False,0.0,True,False,,32.0,Retail,Midlands,Medium,28,706273.98
SME_0350,2025-05-01,534.0,12,9.333333333333334,-47.0,True,0.0,True,False,,32.0,Retail,Midlands,Medium,28,706273.98
SME_0350,2025-06-01,537.0,10,10.666666666666666,-22.0,False,0.0,True,False,,34.0,Retail,Midlands,Medium,28,706273.98
SME_0350,2025-07-01,555.0,1,10.666666666666666,-11.0,False,0.0,True,False,,34.0,Retail,Midlands,Medium,28,706273.98
SME_0350,2025-08-01,563.0,6,7.666666666666667,29.0,False,0.0,True,False,,36.0,Retail,Midlands,Medium,28,706273.98
SME_0350,2025-09-01,585.0,3,5.666666666666667,48.0,False,0.0,True,False,,37.0,Retail,Midlands,Medium,28,706273.98
SME_0350,2025-10-01,574.0,9,3.3333333333333335,19.0,False,0.0,True,False,,38.0,Retail,Midlands,Medium,28,706273.98
SME_0350,2025-11-01,583.0,4,6.0,20.0,False,0.0,True,False,,39.0,Retail,Midlands,Medium,28,706273.98
SME_0350,2025-12-01,590.0,6,5.333333333333333,5.0,False,0.0,True,False,,40.0,Retail,Midlands,Medium,28,706273.98
SME_0350,2026-01-01,595.0,4,6.333333333333333,21.0,False,0.0,True,False,,41.0,Retail,Midlands,Medium,28,706273.98
SME_0351,2024-08-01,754.0,18,,,False,0.0,True,False,,11.0,Services,North West,Low,197,74467.81
SME_0351,2024-09-01,753.0,13,18.0,,True,47994.82,True,False,,12.0,Services,North West,Low,197,74467.81
SME_0351,2024-10-01,760.0,9,15.5,,False,0.0,True,False,,13.0,Services,North West,Low,197,74467.81
SME_0351,2024-11-01,756.0,10,13.333333333333334,2.0,False,0.0,True,False,,14.0,Services,North West,Low,197,74467.81
SME_0351,2024-12-01,730.0,14,10.666666666666666,-23.0,False,0.0,True,False,,15.0,Services,North West,Low,197,74467.81
SME_0351,2025-01-01,697.0,12,11.0,-63.0,False,0.0,True,False,,16.0,Services,North West,Low,197,74467.81
SME_0351,2025-02-01,685.0,14,12.0,-71.0,True,76863.93,True,False,,17.0,Services,North West,Low,197,74467.81
SME_0351,2025-03-01,688.0,11,13.333333333333334,-42.0,True,22204.76,True,False,,18.0,Services,North West,Low,197,74467.81
SME_0351,2025-04-01,697.0,13,12.333333333333334,0.0,True,19373.1,True,False,,19.0,Services,North West,Low,197,74467.81
SME_0351,2025-05-01,710.0,10,12.666666666666666,25.0,False,0.0,True,False,,20.0,Services,North West,Low,197,74467.81
SME_0351,2025-06-01,732.0,10,11.333333333333334,44.0,False,0.0,True,False,,21.0,Services,North West,Low,197,74467.81
SME_0351,2025-07-01,753.0,14,11.0,56.0,True,21804.88,True,False,,22.0,Services,North West,Low,197,74467.81
SME_0351,2025-08-01,729.0,16,11.333333333333334,19.0,False,0.0,True,False,,23.0,Services,North West,Low,197,74467.81
SME_0351,2025-09-01,722.0,12,13.333333333333334,-10.0,False,0.0,True,False,,24.0,Services,North West,Low,197,74467.81
SME_0351,2025-10-01,741.0,19,14.0,-12.0,False,0.0,True,False,,25.0,Services,North West,Low,197,74467.81
SME_0351,2025-11-01,747.0,18,15.666666666666666,18.0,False,0.0,True,False,,26.0,Services,North West,Low,197,74467.81
SME_0351,2025-12-01,748.0,11,16.333333333333332,26.0,False,0.0,True,False,,27.0,Services,North West,Low,197,74467.81
SME_0351,2026-01-01,744.0,24,16.0,3.0,True,20644.29,True,False,,28.0,Services,North West,Low,197,74467.81
SME_0352,2024-08-01,481.0,7,,,False,0.0,True,True,11.0,29.0,Retail,South East,High,131,345823.79
SME_0352,2024-09-01,476.0,12,7.0,,False,0.0,True,True,10.0,30.0,Retail,South East,High,131,345823.79
SME_0352,2024-10-01,474.0,5,9.5,,True,0.0,True,True,9.0,31.0,Retail,South East,High,131,345823.79
SME_0352,2024-11-01,469.0,12,8.0,-12.0,False,0.0,True,True,8.0,32.0,Retail,South East,High,131,345823.79
SME_0352,2024-12-01,467.0,6,9.666666666666666,-9.0,False,0.0,True,True,7.0,33.0,Retail,South East,High,131,345823.79
SME_0352,2025-01-01,443.0,6,7.666666666666667,-31.0,False,0.0,True,True,6.0,34.0,Retail,South East,High,131,345823.79
SME_0352,2025-02-01,454.0,9,8.0,-15.0,False,0.0,True,True,5.0,35.0,Retail,South East,High,131,345823.79
SME_0352,2025-03-01,477.0,7,7.0,10.0,False,0.0,True,True,4.0,36.0,Retail,South East,High,131,345823.79
SME_0352,2025-04-01,488.0,6,7.333333333333333,45.0,False,0.0,True,True,3.0,37.0,Retail,South East,High,131,345823.79
SME_0352,2025-05-01,487.0,5,7.333333333333333,33.0,False,0.0,True,True,2.0,38.0,Retail,South East,High,131,345823.79
SME_0352,2025-06-01,485.0,5,6.0,8.0,False,0.0,True,True,1.0,39.0,Retail,South East,High,131,345823.79
SME_0352,2025-07-01,485.0,0,5.333333333333333,-3.0,False,0.0,False,True,0.0,40.0,Retail,South East,High,131,345823.79
SME_0352,2025-08-01,485.0,0,3.3333333333333335,-2.0,False,0.0,False,True,-1.0,41.0,Retail,South East,High,131,345823.79
SME_0352,2025-09-01,485.0,0,1.6666666666666667,0.0,False,0.0,False,True,-2.0,42.0,Retail,South East,High,131,345823.79
SME_0352,2025-10-01,485.0,0,0.0,0.0,False,0.0,False,True,-3.0,43.0,Retail,South East,High,131,345823.79
SME_0352,2025-11-01,485.0,0,0.0,0.0,False,0.0,False,True,-4.0,44.0,Retail,South East,High,131,345823.79
SME_0352,2025-12-01,485.0,0,0.0,0.0,False,0.0,False,True,-5.0,45.0,Retail,South East,High,131,345823.79
SME_0352,2026-01-01,485.0,0,0.0,0.0,False,0.0,False,True,-6.0,46.0,Retail,South East,High,131,345823.79
SME_0353,2024-08-01,613.0,13,,,False,0.0,True,True,11.0,29.0,Services,Scotland,Medium,36,826207.67
SME_0353,2024-09-01,613.0,9,13.0,,False,0.0,True,True,10.0,30.0,Services,Scotland,Medium,36,826207.67
SME_0353,2024-10-01,605.0,6,11.0,,False,0.0,True,True,9.0,31.0,Services,Scotland,Medium,36,826207.67
SME_0353,2024-11-01,587.0,9,9.333333333333334,-26.0,False,0.0,True,True,8.0,32.0,Services,Scotland,Medium,36,826207.67
SME_0353,2024-12-01,591.0,16,8.0,-22.0,False,0.0,True,True,7.0,33.0,Services,Scotland,Medium,36,826207.67
SME_0353,2025-01-01,594.0,12,10.333333333333334,-11.0,False,0.0,True,True,6.0,34.0,Services,Scotland,Medium,36,826207.67
SME_0353,2025-02-01,584.0,8,12.333333333333334,-3.0,True,0.0,True,True,5.0,35.0,Services,Scotland,Medium,36,826207.67
SME_0353,2025-03-01,583.0,10,12.0,-8.0,False,0.0,True,True,4.0,36.0,Services,Scotland,Medium,36,826207.67
SME_0353,2025-04-01,574.0,10,10.0,-20.0,False,0.0,True,True,3.0,37.0,Services,Scotland,Medium,36,826207.67
SME_0353,2025-05-01,558.0,7,9.333333333333334,-26.0,False,0.0,True,True,2.0,38.0,Services,Scotland,Medium,36,826207.67
SME_0353,2025-06-01,563.0,12,9.0,-20.0,False,0.0,True,True,1.0,39.0,Services,Scotland,Medium,36,826207.67
SME_0353,2025-07-01,563.0,0,9.666666666666666,-11.0,False,0.0,False,True,0.0,40.0,Services,Scotland,Medium,36,826207.67
SME_0353,2025-08-01,563.0,0,6.333333333333333,5.0,False,0.0,False,True,-1.0,41.0,Services,Scotland,Medium,36,826207.67
SME_0353,2025-09-01,563.0,0,4.0,0.0,False,0.0,False,True,-2.0,42.0,Services,Scotland,Medium,36,826207.67
SME_0353,2025-10-01,563.0,0,0.0,0.0,False,0.0,False,True,-3.0,43.0,Services,Scotland,Medium,36,826207.67
SME_0353,2025-11-01,563.0,0,0.0,0.0,False,0.0,False,True,-4.0,44.0,Services,Scotland,Medium,36,826207.67
SME_0353,2025-12-01,563.0,0,0.0,0.0,False,0.0,False,True,-5.0,45.0,Services,Scotland,Medium,36,826207.67
SME_0353,2026-01-01,563.0,0,0.0,0.0,False,0.0,False,True,-6.0,46.0,Services,Scotland,Medium,36,826207.67
SME_0354,2024-08-01,557.0,10,,,False,0.0,True,False,,23.0,Services,North West,Medium,90,279861.68
SME_0354,2024-09-01,549.0,11,10.0,,False,0.0,True,False,,24.0,Services,North West,Medium,90,279861.68
SME_0354,2024-10-01,558.0,8,10.5,,True,54984.32,True,False,,25.0,Services,North West,Medium,90,279861.68
SME_0354,2024-11-01,573.0,7,9.666666666666666,16.0,False,0.0,True,False,,26.0,Services,North West,Medium,90,279861.68
SME_0354,2024-12-01,575.0,7,8.666666666666666,26.0,False,0.0,True,False,,27.0,Services,North West,Medium,90,279861.68
SME_0354,2025-01-01,564.0,10,7.333333333333333,6.0,False,0.0,True,False,,28.0,Services,North West,Medium,90,279861.68
SME_0354,2025-02-01,592.0,9,8.0,19.0,False,0.0,True,False,,29.0,Services,North West,Medium,90,279861.68
SME_0354,2025-03-01,558.0,8,8.666666666666666,-17.0,False,0.0,True,False,,30.0,Services,North West,Medium,90,279861.68
SME_0354,2025-04-01,565.0,8,9.0,1.0,False,0.0,True,False,,31.0,Services,North West,Medium,90,279861.68
SME_0354,2025-05-01,572.0,13,8.333333333333334,-20.0,False,0.0,True,False,,32.0,Services,North West,Medium,90,279861.68
SME_0354,2025-06-01,576.0,7,9.666666666666666,18.0,False,0.0,True,False,,33.0,Services,North West,Medium,90,279861.68
SME_0354,2025-07-01,568.0,9,9.333333333333334,3.0,False,0.0,True,False,,34.0,Services,North West,Medium,90,279861.68
SME_0354,2025-08-01,566.0,12,9.666666666666666,-6.0,False,0.0,True,False,,35.0,Services,North West,Medium,90,279861.68
SME_0354,2025-09-01,554.0,12,9.333333333333334,-22.0,False,0.0,True,False,,36.0,Services,North West,Medium,90,279861.68
SME_0354,2025-10-01,537.0,13,11.0,-31.0,True,28354.04,True,False,,37.0,Services,North West,Medium,90,279861.68
SME_0354,2025-11-01,550.0,14,12.333333333333334,-16.0,True,0.0,True,False,,38.0,Services,North West,Medium,90,279861.68
SME_0354,2025-12-01,581.0,8,13.0,27.0,True,0.0,True,False,,39.0,Services,North West,Medium,90,279861.68
SME_0354,2026-01-01,578.0,9,11.666666666666666,41.0,False,0.0,True,False,,40.0,Services,North West,Medium,90,279861.68
SME_0355,2024-08-01,604.0,6,,,False,0.0,True,False,,34.0,Services,London,Medium,183,516357.17
SME_0355,2024-09-01,614.0,4,6.0,,False,0.0,True,False,,35.0,Services,London,Medium,183,516357.17
SME_0355,2024-10-01,621.0,13,5.0,,False,0.0,True,False,,36.0,Services,London,Medium,183,516357.17
SME_0355,2024-11-01,616.0,13,7.666666666666667,12.0,False,0.0,True,False,,37.0,Services,London,Medium,183,516357.17
SME_0355,2024-12-01,631.0,13,10.0,17.0,False,0.0,True,False,,38.0,Services,London,Medium,183,516357.17
SME_0355,2025-01-01,633.0,15,13.0,12.0,False,0.0,True,False,,39.0,Services,London,Medium,183,516357.17
SME_0355,2025-02-01,621.0,8,13.666666666666666,5.0,False,0.0,True,False,,40.0,Services,London,Medium,183,516357.17
SME_0355,2025-03-01,624.0,12,12.0,-7.0,False,0.0,True,False,,41.0,Services,London,Medium,183,516357.17
SME_0355,2025-04-01,599.0,10,11.666666666666666,-34.0,False,0.0,True,False,,42.0,Services,London,Medium,183,516357.17
SME_0355,2025-05-01,604.0,6,10.0,-17.0,False,0.0,True,False,,43.0,Services,London,Medium,183,516357.17
SME_0355,2025-06-01,599.0,13,9.333333333333334,-25.0,False,0.0,True,False,,44.0,Services,London,Medium,183,516357.17
SME_0355,2025-07-01,608.0,5,9.666666666666666,9.0,True,0.0,True,False,,45.0,Services,London,Medium,183,516357.17
SME_0355,2025-08-01,627.0,13,8.0,23.0,False,0.0,True,False,,46.0,Services,London,Medium,183,516357.17
SME_0355,2025-09-01,609.0,15,10.333333333333334,10.0,False,0.0,True,False,,47.0,Services,London,Medium,183,516357.17
SME_0355,2025-10-01,588.0,11,11.0,-20.0,False,0.0,True,False,,48.0,Services,London,Medium,183,516357.17
SME_0355,2025-11-01,593.0,13,13.0,-34.0,True,0.0,True,False,,49.0,Services,London,Medium,183,516357.17
SME_0355,2025-12-01,576.0,7,13.0,-33.0,False,0.0,True,False,,50.0,Services,London,Medium,183,516357.17
SME_0355,2026-01-01,597.0,5,10.333333333333334,9.0,False,0.0,True,False,,51.0,Services,London,Medium,183,516357.17
SME_0356,2024-08-01,603.0,10,,,False,0.0,True,False,,20.0,Services,Scotland,Medium,79,188840.81
SME_0356,2024-09-01,607.0,12,10.0,,False,0.0,True,False,,21.0,Services,Scotland,Medium,79,188840.81
SME_0356,2024-10-01,585.0,3,11.0,,False,0.0,True,False,,22.0,Services,Scotland,Medium,79,188840.81
SME_0356,2024-11-01,589.0,19,8.333333333333334,-14.0,False,0.0,True,False,,23.0,Services,Scotland,Medium,79,188840.81
SME_0356,2024-12-01,599.0,15,11.333333333333334,-8.0,True,0.0,True,False,,24.0,Services,Scotland,Medium,79,188840.81
SME_0356,2025-01-01,619.0,15,12.333333333333334,34.0,False,0.0,True,False,,25.0,Services,Scotland,Medium,79,188840.81
SME_0356,2025-02-01,606.0,9,16.333333333333332,17.0,False,0.0,True,False,,26.0,Services,Scotland,Medium,79,188840.81
SME_0356,2025-03-01,611.0,10,13.0,12.0,False,0.0,True,False,,27.0,Services,Scotland,Medium,79,188840.81
SME_0356,2025-04-01,610.0,9,11.333333333333334,-9.0,False,0.0,True,False,,28.0,Services,Scotland,Medium,79,188840.81
SME_0356,2025-05-01,620.0,12,9.333333333333334,14.0,False,0.0,True,False,,29.0,Services,Scotland,Medium,79,188840.81
SME_0356,2025-06-01,618.0,14,10.333333333333334,7.0,False,0.0,True,False,,30.0,Services,Scotland,Medium,79,188840.81
SME_0356,2025-07-01,611.0,8,11.666666666666666,1.0,False,0.0,True,False,,31.0,Services,Scotland,Medium,79,188840.81
SME_0356,2025-08-01,619.0,4,11.333333333333334,-1.0,False,0.0,True,False,,32.0,Services,Scotland,Medium,79,188840.81
SME_0356,2025-09-01,626.0,7,8.666666666666666,8.0,False,0.0,True,False,,33.0,Services,Scotland,Medium,79,188840.81
SME_0356,2025-10-01,642.0,11,6.333333333333333,31.0,False,0.0,True,False,,34.0,Services,Scotland,Medium,79,188840.81
SME_0356,2025-11-01,641.0,14,7.333333333333333,22.0,False,0.0,True,False,,35.0,Services,Scotland,Medium,79,188840.81
SME_0356,2025-12-01,641.0,11,10.666666666666666,15.0,False,0.0,True,False,,36.0,Services,Scotland,Medium,79,188840.81
SME_0356,2026-01-01,635.0,5,12.0,-7.0,False,0.0,True,False,,37.0,Services,Scotland,Medium,79,188840.81
SME_0357,2024-08-01,699.0,14,,,False,0.0,True,False,,2.0,Technology,Scotland,Low,37,384525.02
SME_0357,2024-09-01,708.0,17,14.0,,False,0.0,True,False,,3.0,Technology,Scotland,Low,37,384525.02
SME_0357,2024-10-01,707.0,16,15.5,,False,0.0,True,False,,4.0,Technology,Scotland,Low,37,384525.02
SME_0357,2024-11-01,705.0,18,15.666666666666666,6.0,False,0.0,True,False,,5.0,Technology,Scotland,Low,37,384525.02
SME_0357,2024-12-01,716.0,14,17.0,8.0,False,0.0,True,False,,6.0,Technology,Scotland,Low,37,384525.02
SME_0357,2025-01-01,710.0,22,16.0,3.0,True,0.0,True,False,,7.0,Technology,Scotland,Low,37,384525.02
SME_0357,2025-02-01,701.0,12,18.0,-4.0,False,0.0,True,False,,8.0,Technology,Scotland,Low,37,384525.02
SME_0357,2025-03-01,729.0,11,16.0,13.0,False,0.0,True,False,,9.0,Technology,Scotland,Low,37,384525.02
SME_0357,2025-04-01,742.0,15,15.0,32.0,False,0.0,True,False,,10.0,Technology,Scotland,Low,37,384525.02
SME_0357,2025-05-01,744.0,17,12.666666666666666,43.0,True,34164.26,True,False,,11.0,Technology,Scotland,Low,37,384525.02
SME_0357,2025-06-01,744.0,17,14.333333333333334,15.0,True,9448.59,True,False,,12.0,Technology,Scotland,Low,37,384525.02
SME_0357,2025-07-01,733.0,16,16.333333333333332,-9.0,True,8982.25,True,False,,13.0,Technology,Scotland,Low,37,384525.02
SME_0357,2025-08-01,735.0,11,16.666666666666668,-9.0,True,70788.88,True,False,,14.0,Technology,Scotland,Low,37,384525.02
SME_0357,2025-09-01,731.0,12,14.666666666666666,-13.0,False,0.0,True,False,,15.0,Technology,Scotland,Low,37,384525.02
SME_0357,2025-10-01,724.0,23,13.0,-9.0,False,0.0,True,False,,16.0,Technology,Scotland,Low,37,384525.02
SME_0357,2025-11-01,734.0,13,15.333333333333334,-1.0,True,72970.07,True,False,,17.0,Technology,Scotland,Low,37,384525.02
SME_0357,2025-12-01,727.0,17,16.0,-4.0,True,55480.49,True,False,,18.0,Technology,Scotland,Low,37,384525.02
SME_0357,2026-01-01,719.0,22,17.666666666666668,-5.0,True,74951.15,True,False,,19.0,Technology,Scotland,Low,37,384525.02
SME_0358,2024-08-01,800.0,15,,,False,0.0,True,False,,22.0,Technology,South East,Low,175,128116.34
SME_0358,2024-09-01,810.0,25,15.0,,False,0.0,True,False,,23.0,Technology,South East,Low,175,128116.34
SME_0358,2024-10-01,806.0,22,20.0,,True,80051.1,True,False,,24.0,Technology,South East,Low,175,128116.34
SME_0358,2024-11-01,797.0,15,20.666666666666668,-3.0,False,0.0,True,False,,25.0,Technology,South East,Low,175,128116.34
SME_0358,2024-12-01,802.0,11,20.666666666666668,-8.0,False,0.0,True,False,,26.0,Technology,South East,Low,175,128116.34
SME_0358,2025-01-01,814.0,16,16.0,8.0,False,0.0,True,False,,27.0,Technology,South East,Low,175,128116.34
SME_0358,2025-02-01,823.0,16,14.0,26.0,False,0.0,True,False,,28.0,Technology,South East,Low,175,128116.34
SME_0358,2025-03-01,849.0,21,14.333333333333334,47.0,True,79778.32,True,False,,29.0,Technology,South East,Low,175,128116.34
SME_0358,2025-04-01,828.0,12,17.666666666666668,14.0,False,0.0,True,False,,30.0,Technology,South East,Low,175,128116.34
SME_0358,2025-05-01,817.0,10,16.333333333333332,-6.0,False,0.0,True,False,,31.0,Technology,South East,Low,175,128116.34
SME_0358,2025-06-01,837.0,16,14.333333333333334,-12.0,True,71122.72,True,False,,32.0,Technology,South East,Low,175,128116.34
SME_0358,2025-07-01,844.0,13,12.666666666666666,16.0,False,0.0,True,False,,33.0,Technology,South East,Low,175,128116.34
SME_0358,2025-08-01,850.0,19,13.0,33.0,False,0.0,True,False,,34.0,Technology,South East,Low,175,128116.34
SME_0358,2025-09-01,840.0,15,16.0,3.0,False,0.0,True,False,,35.0,Technology,South East,Low,175,128116.34
SME_0358,2025-10-01,836.0,15,15.666666666666666,-8.0,False,0.0,True,False,,36.0,Technology,South East,Low,175,128116.34
SME_0358,2025-11-01,847.0,10,16.333333333333332,-3.0,False,0.0,True,False,,37.0,Technology,South East,Low,175,128116.34
SME_0358,2025-12-01,812.0,17,13.333333333333334,-28.0,True,63564.64,True,False,,38.0,Technology,South East,Low,175,128116.34
SME_0358,2026-01-01,808.0,14,14.0,-28.0,True,69455.45,True,False,,39.0,Technology,South East,Low,175,128116.34
SME_0359,2024-08-01,647.0,13,,,True,34842.44,True,False,,28.0,Services,Midlands,Medium,190,54774.43
SME_0359,2024-09-01,642.0,11,13.0,,False,0.0,True,False,,29.0,Services,Midlands,Medium,190,54774.43
SME_0359,2024-10-01,662.0,15,12.0,,False,0.0,True,False,,30.0,Services,Midlands,Medium,190,54774.43
SME_0359,2024-11-01,635.0,12,13.0,-12.0,False,0.0,True,False,,31.0,Services,Midlands,Medium,190,54774.43
SME_0359,2024-12-01,625.0,10,12.666666666666666,-17.0,False,0.0,True,False,,32.0,Services,Midlands,Medium,190,54774.43
SME_0359,2025-01-01,621.0,14,12.333333333333334,-41.0,False,0.0,True,False,,33.0,Services,Midlands,Medium,190,54774.43
SME_0359,2025-02-01,626.0,15,12.0,-9.0,False,0.0,True,False,,34.0,Services,Midlands,Medium,190,54774.43
SME_0359,2025-03-01,652.0,13,13.0,27.0,False,0.0,True,False,,35.0,Services,Midlands,Medium,190,54774.43
SME_0359,2025-04-01,652.0,3,14.0,31.0,False,0.0,True,False,,36.0,Services,Midlands,Medium,190,54774.43
SME_0359,2025-05-01,655.0,10,10.333333333333334,29.0,False,0.0,True,False,,37.0,Services,Midlands,Medium,190,54774.43
SME_0359,2025-06-01,652.0,13,8.666666666666666,0.0,True,9353.13,True,False,,38.0,Services,Midlands,Medium,190,54774.43
SME_0359,2025-07-01,665.0,11,8.666666666666666,13.0,True,5695.55,True,False,,39.0,Services,Midlands,Medium,190,54774.43
SME_0359,2025-08-01,658.0,9,11.333333333333334,3.0,False,0.0,True,False,,40.0,Services,Midlands,Medium,190,54774.43
SME_0359,2025-09-01,653.0,11,11.0,1.0,True,0.0,True,False,,41.0,Services,Midlands,Medium,190,54774.43
SME_0359,2025-10-01,649.0,14,10.333333333333334,-16.0,False,0.0,True,False,,42.0,Services,Midlands,Medium,190,54774.43
SME_0359,2025-11-01,633.0,9,11.333333333333334,-25.0,True,0.0,True,False,,43.0,Services,Midlands,Medium,190,54774.43
SME_0359,2025-12-01,634.0,11,11.333333333333334,-19.0,False,0.0,True,False,,44.0,Services,Midlands,Medium,190,54774.43
SME_0359,2026-01-01,615.0,12,11.333333333333334,-34.0,False,0.0,True,False,,45.0,Services,Midlands,Medium,190,54774.43
SME_0360,2024-08-01,735.0,15,,,False,0.0,True,False,,5.0,Services,Midlands,Low,195,960014.1
SME_0360,2024-09-01,734.0,20,15.0,,False,0.0,True,False,,6.0,Services,Midlands,Low,195,960014.1
SME_0360,2024-10-01,745.0,17,17.5,,True,28514.72,True,False,,7.0,Services,Midlands,Low,195,960014.1
SME_0360,2024-11-01,749.0,25,17.333333333333332,14.0,False,0.0,True,False,,8.0,Services,Midlands,Low,195,960014.1
SME_0360,2024-12-01,727.0,17,20.666666666666668,-7.0,False,0.0,True,False,,9.0,Services,Midlands,Low,195,960014.1
SME_0360,2025-01-01,714.0,11,19.666666666666668,-31.0,False,0.0,True,False,,10.0,Services,Midlands,Low,195,960014.1
SME_0360,2025-02-01,754.0,16,17.666666666666668,5.0,False,0.0,True,False,,11.0,Services,Midlands,Low,195,960014.1
SME_0360,2025-03-01,778.0,14,14.666666666666666,51.0,False,0.0,True,False,,11.0,Services,Midlands,Low,195,960014.1
SME_0360,2025-04-01,768.0,24,13.666666666666666,54.0,False,0.0,True,False,,13.0,Services,Midlands,Low,195,960014.1
SME_0360,2025-05-01,769.0,22,18.0,15.0,False,0.0,True,False,,14.0,Services,Midlands,Low,195,960014.1
SME_0360,2025-06-01,768.0,20,20.0,-10.0,False,0.0,True,False,,15.0,Services,Midlands,Low,195,960014.1
SME_0360,2025-07-01,759.0,13,22.0,-9.0,True,79745.31,True,False,,16.0,Services,Midlands,Low,195,960014.1
SME_0360,2025-08-01,762.0,24,18.333333333333332,-7.0,True,63205.5,True,False,,17.0,Services,Midlands,Low,195,960014.1
SME_0360,2025-09-01,765.0,12,19.0,-3.0,False,0.0,True,False,,18.0,Services,Midlands,Low,195,960014.1
SME_0360,2025-10-01,767.0,12,16.333333333333332,8.0,False,0.0,True,False,,19.0,Services,Midlands,Low,195,960014.1
SME_0360,2025-11-01,778.0,15,16.0,16.0,False,0.0,True,False,,20.0,Services,Midlands,Low,195,960014.1
SME_0360,2025-12-01,787.0,14,13.0,22.0,False,0.0,True,False,,21.0,Services,Midlands,Low,195,960014.1
SME_0360,2026-01-01,789.0,17,13.666666666666666,22.0,False,0.0,True,False,,22.0,Services,Midlands,Low,195,960014.1
SME_0361,2024-08-01,669.0,14,,,False,0.0,True,False,,5.0,Healthcare,Midlands,Low,191,180319.24
SME_0361,2024-09-01,662.0,11,14.0,,True,59988.83,True,False,,6.0,Healthcare,Midlands,Low,191,180319.24
SME_0361,2024-10-01,682.0,11,12.5,,False,0.0,True,False,,7.0,Healthcare,Midlands,Low,191,180319.24
SME_0361,2024-11-01,689.0,13,12.0,20.0,False,0.0,True,False,,8.0,Healthcare,Midlands,Low,191,180319.24
SME_0361,2024-12-01,681.0,15,11.666666666666666,19.0,False,0.0,True,False,,9.0,Healthcare,Midlands,Low,191,180319.24
SME_0361,2025-01-01,673.0,17,13.0,-9.0,False,0.0,True,False,,10.0,Healthcare,Midlands,Low,191,180319.24
SME_0361,2025-02-01,667.0,14,15.0,-22.0,False,0.0,True,False,,11.0,Healthcare,Midlands,Low,191,180319.24
SME_0361,2025-03-01,651.0,22,15.333333333333334,-30.0,True,46330.97,True,False,,12.0,Healthcare,Midlands,Low,191,180319.24
SME_0361,2025-04-01,656.0,19,17.666666666666668,-17.0,False,0.0,True,False,,13.0,Healthcare,Midlands,Low,191,180319.24
SME_0361,2025-05-01,661.0,13,18.333333333333332,-6.0,False,0.0,True,False,,14.0,Healthcare,Midlands,Low,191,180319.24
SME_0361,2025-06-01,668.0,15,18.0,17.0,True,7385.95,True,False,,15.0,Healthcare,Midlands,Low,191,180319.24
SME_0361,2025-07-01,667.0,14,15.666666666666666,11.0,False,0.0,True,False,,16.0,Healthcare,Midlands,Low,191,180319.24
SME_0361,2025-08-01,641.0,15,14.0,-20.0,False,0.0,True,False,,17.0,Healthcare,Midlands,Low,191,180319.24
SME_0361,2025-09-01,647.0,19,14.666666666666666,-21.0,False,0.0,True,False,,18.0,Healthcare,Midlands,Low,191,180319.24
SME_0361,2025-10-01,652.0,15,16.0,-15.0,False,0.0,True,False,,19.0,Healthcare,Midlands,Low,191,180319.24
SME_0361,2025-11-01,675.0,13,16.333333333333332,34.0,False,0.0,True,False,,20.0,Healthcare,Midlands,Low,191,180319.24
SME_0361,2025-12-01,687.0,17,15.666666666666666,40.0,False,0.0,True,False,,21.0,Healthcare,Midlands,Low,191,180319.24
SME_0361,2026-01-01,679.0,9,15.0,27.0,False,0.0,True,False,,22.0,Healthcare,Midlands,Low,191,180319.24
SME_0362,2024-08-01,670.0,17,,,False,0.0,True,False,,11.0,Retail,Unknown,Low,174,284221.59
SME_0362,2024-09-01,679.0,8,17.0,,False,0.0,True,False,,12.0,Retail,Unknown,Low,174,284221.59
SME_0362,2024-10-01,699.0,13,12.5,,False,0.0,True,False,,13.0,Retail,Unknown,Low,174,284221.59
SME_0362,2024-11-01,681.0,15,12.666666666666666,11.0,True,41443.48,True,False,,14.0,Retail,Unknown,Low,174,284221.59
SME_0362,2024-12-01,669.0,16,12.0,-10.0,False,0.0,True,False,,15.0,Retail,Unknown,Low,174,284221.59
SME_0362,2025-01-01,689.0,15,14.666666666666666,-10.0,False,0.0,True,False,,16.0,Retail,Unknown,Low,174,284221.59
SME_0362,2025-02-01,707.0,21,15.333333333333334,26.0,False,0.0,True,False,,17.0,Retail,Unknown,Low,174,284221.59
SME_0362,2025-03-01,700.0,16,17.333333333333332,31.0,False,0.0,True,False,,18.0,Retail,Unknown,Low,174,284221.59
SME_0362,2025-04-01,694.0,16,17.333333333333332,5.0,False,0.0,True,False,,19.0,Retail,Unknown,Low,174,284221.59
SME_0362,2025-05-01,694.0,11,17.666666666666668,-13.0,False,0.0,True,False,,20.0,Retail,Unknown,Low,174,284221.59
SME_0362,2025-06-01,693.0,11,14.333333333333334,-7.0,False,0.0,True,False,,21.0,Retail,Unknown,Low,174,284221.59
SME_0362,2025-07-01,693.0,15,12.666666666666666,-1.0,False,0.0,True,False,,22.0,Retail,Unknown,Low,174,284221.59
SME_0362,2025-08-01,702.0,13,12.333333333333334,8.0,False,0.0,True,False,,23.0,Retail,Unknown,Low,174,284221.59
SME_0362,2025-09-01,710.0,21,13.0,17.0,False,0.0,True,False,,24.0,Retail,Unknown,Low,174,284221.59
SME_0362,2025-10-01,720.0,16,16.333333333333332,27.0,False,0.0,True,False,,25.0,Retail,Unknown,Low,174,284221.59
SME_0362,2025-11-01,713.0,10,16.666666666666668,11.0,False,0.0,True,False,,26.0,Retail,Unknown,Low,174,284221.59
SME_0362,2025-12-01,732.0,16,15.666666666666666,22.0,True,65224.18,True,False,,27.0,Retail,Unknown,Low,174,284221.59
SME_0362,2026-01-01,754.0,10,14.0,34.0,False,0.0,True,False,,28.0,Retail,Unknown,Low,174,284221.59
SME_0363,2024-08-01,537.0,11,,,True,0.0,True,False,,31.0,Retail,Scotland,Medium,91,99564.46
SME_0363,2024-09-01,528.0,11,11.0,,False,0.0,True,False,,32.0,Retail,Scotland,Medium,91,99564.46
SME_0363,2024-10-01,530.0,9,11.0,,False,0.0,True,False,,33.0,Retail,Scotland,Medium,91,99564.46
SME_0363,2024-11-01,529.0,10,10.333333333333334,-8.0,False,0.0,True,False,,34.0,Retail,Scotland,Medium,91,99564.46
SME_0363,2024-12-01,531.0,5,10.0,3.0,False,0.0,True,False,,35.0,Retail,Scotland,Medium,91,99564.46
SME_0363,2025-01-01,534.0,6,8.0,4.0,True,48730.54,True,False,,36.0,Retail,Scotland,Medium,91,99564.46
SME_0363,2025-02-01,534.0,5,7.0,5.0,False,0.0,True,False,,37.0,Retail,Scotland,Medium,91,99564.46
SME_0363,2025-03-01,547.0,9,5.333333333333333,16.0,False,0.0,True,False,,38.0,Retail,Scotland,Medium,91,99564.46
SME_0363,2025-04-01,561.0,10,6.666666666666667,27.0,False,0.0,True,False,,39.0,Retail,Scotland,Medium,91,99564.46
SME_0363,2025-05-01,565.0,4,8.0,31.0,False,0.0,True,False,,40.0,Retail,Scotland,Medium,91,99564.46
SME_0363,2025-06-01,567.0,4,7.666666666666667,20.0,False,0.0,True,False,,41.0,Retail,Scotland,Medium,91,99564.46
SME_0363,2025-07-01,583.0,8,6.0,22.0,False,0.0,True,False,,42.0,Retail,Scotland,Medium,91,99564.46
SME_0363,2025-08-01,563.0,9,5.333333333333333,-2.0,False,0.0,True,False,,43.0,Retail,Scotland,Medium,91,99564.46
SME_0363,2025-09-01,587.0,8,7.0,20.0,False,0.0,True,False,,44.0,Retail,Scotland,Medium,91,99564.46
SME_0363,2025-10-01,568.0,7,8.333333333333334,-15.0,False,0.0,True,False,,45.0,Retail,Scotland,Medium,91,99564.46
SME_0363,2025-11-01,560.0,7,8.0,-3.0,False,0.0,True,False,,46.0,Retail,Scotland,Medium,91,99564.46
SME_0363,2025-12-01,559.0,5,7.333333333333333,-28.0,False,0.0,True,False,,47.0,Retail,Scotland,Medium,91,99564.46
SME_0363,2026-01-01,549.0,2,6.333333333333333,-19.0,False,0.0,True,False,,48.0,Retail,Scotland,Medium,91,99564.46
SME_0364,2024-08-01,564.0,6,,,False,0.0,True,False,,20.0,Retail,North West,Medium,39,97160.55
SME_0364,2024-09-01,539.0,2,6.0,,False,0.0,True,False,,21.0,Retail,North West,Medium,39,97160.55
SME_0364,2024-10-01,556.0,9,4.0,,False,0.0,True,False,,22.0,Retail,North West,Medium,39,97160.55
SME_0364,2024-11-01,572.0,5,5.666666666666667,8.0,False,0.0,True,False,,23.0,Retail,North West,Medium,39,97160.55
SME_0364,2024-12-01,574.0,4,5.333333333333333,35.0,False,0.0,True,False,,24.0,Retail,North West,Medium,39,97160.55
SME_0364,2025-01-01,568.0,2,6.0,12.0,False,0.0,True,False,,25.0,Retail,North West,Medium,39,97160.55
SME_0364,2025-02-01,551.0,4,3.6666666666666665,-21.0,True,0.0,True,False,,26.0,Retail,North West,Medium,39,97160.55
SME_0364,2025-03-01,572.0,6,3.3333333333333335,-2.0,False,0.0,True,False,,26.0,Retail,North West,Medium,39,97160.55
SME_0364,2025-04-01,553.0,9,4.0,-15.0,False,0.0,True,False,,27.0,Retail,North West,Medium,39,97160.55
SME_0364,2025-05-01,554.0,15,6.333333333333333,3.0,False,0.0,True,False,,28.0,Retail,North West,Medium,39,97160.55
SME_0364,2025-06-01,536.0,8,10.0,-36.0,False,0.0,True,False,,30.0,Retail,North West,Medium,39,97160.55
SME_0364,2025-07-01,557.0,4,10.666666666666666,4.0,False,0.0,True,False,,30.0,Retail,North West,Medium,39,97160.55
SME_0364,2025-08-01,563.0,7,9.0,9.0,False,0.0,True,False,,32.0,Retail,North West,Medium,39,97160.55
SME_0364,2025-09-01,562.0,8,6.333333333333333,26.0,True,0.0,True,False,,33.0,Retail,North West,Medium,39,97160.55
SME_0364,2025-10-01,562.0,10,6.333333333333333,5.0,False,0.0,True,False,,34.0,Retail,North West,Medium,39,97160.55
SME_0364,2025-11-01,572.0,3,8.333333333333334,9.0,True,27941.05,True,False,,35.0,Retail,North West,Medium,39,97160.55
SME_0364,2025-12-01,558.0,7,7.0,-4.0,False,0.0,True,False,,36.0,Retail,North West,Medium,39,97160.55
SME_0364,2026-01-01,567.0,4,6.666666666666667,5.0,False,0.0,True,False,,37.0,Retail,North West,Medium,39,97160.55
SME_0365,2024-08-01,634.0,12,,,False,0.0,True,False,,35.0,Services,South East,Low,123,322457.45
SME_0365,2024-09-01,653.0,10,12.0,,False,0.0,True,False,,36.0,Services,South East,Low,123,322457.45
SME_0365,2024-10-01,659.0,14,11.0,,True,0.0,True,False,,37.0,Services,South East,Low,123,322457.45
SME_0365,2024-11-01,652.0,11,12.0,18.0,False,0.0,True,False,,38.0,Services,South East,Low,123,322457.45
SME_0365,2024-12-01,649.0,8,11.666666666666666,-4.0,False,0.0,True,False,,39.0,Services,South East,Low,123,322457.45
SME_0365,2025-01-01,637.0,14,11.0,-22.0,False,0.0,True,False,,40.0,Services,South East,Low,123,322457.45
SME_0365,2025-02-01,630.0,14,11.0,-22.0,False,0.0,True,False,,41.0,Services,South East,Low,123,322457.45
SME_0365,2025-03-01,645.0,9,12.0,-4.0,True,24605.03,True,False,,42.0,Services,South East,Low,123,322457.45
SME_0365,2025-04-01,657.0,9,12.333333333333334,20.0,False,0.0,True,False,,43.0,Services,South East,Low,123,322457.45
SME_0365,2025-05-01,649.0,12,10.666666666666666,19.0,False,0.0,True,False,,44.0,Services,South East,Low,123,322457.45
SME_0365,2025-06-01,661.0,12,10.0,16.0,False,0.0,True,False,,45.0,Services,South East,Low,123,322457.45
SME_0365,2025-07-01,658.0,13,11.0,1.0,True,0.0,True,False,,46.0,Services,South East,Low,123,322457.45
SME_0365,2025-08-01,666.0,14,12.333333333333334,17.0,False,0.0,True,False,,47.0,Services,South East,Low,123,322457.45
SME_0365,2025-09-01,672.0,11,13.0,11.0,True,53682.03,True,False,,48.0,Services,South East,Low,123,322457.45
SME_0365,2025-10-01,644.0,11,12.666666666666666,-14.0,True,57540.4,True,False,,49.0,Services,South East,Low,123,322457.45
SME_0365,2025-11-01,651.0,14,12.0,-15.0,False,0.0,True,False,,50.0,Services,South East,Low,123,322457.45
SME_0365,2025-12-01,653.0,9,12.0,-19.0,False,0.0,True,False,,51.0,Services,South East,Low,123,322457.45
SME_0365,2026-01-01,664.0,15,11.333333333333334,20.0,False,0.0,True,False,,52.0,Services,South East,Low,123,322457.45
SME_0366,2024-08-01,747.0,22,,,False,0.0,True,False,,32.0,Manufacturing,South East,Low,44,253976.98
SME_0366,2024-09-01,757.0,18,22.0,,False,0.0,True,False,,33.0,Manufacturing,South East,Low,44,253976.98
SME_0366,2024-10-01,752.0,16,20.0,,False,0.0,True,False,,34.0,Manufacturing,South East,Low,44,253976.98
SME_0366,2024-11-01,750.0,17,18.666666666666668,3.0,False,0.0,True,False,,35.0,Manufacturing,South East,Low,44,253976.98
SME_0366,2024-12-01,756.0,19,17.0,-1.0,False,0.0,True,False,,36.0,Manufacturing,South East,Low,44,253976.98
SME_0366,2025-01-01,756.0,21,17.333333333333332,4.0,True,21400.75,True,False,,37.0,Manufacturing,South East,Low,44,253976.98
SME_0366,2025-02-01,752.0,15,19.0,2.0,False,0.0,True,False,,38.0,Manufacturing,South East,Low,44,253976.98
SME_0366,2025-03-01,752.0,17,18.333333333333332,-4.0,False,0.0,True,False,,39.0,Manufacturing,South East,Low,44,253976.98
SME_0366,2025-04-01,766.0,8,17.666666666666668,10.0,False,0.0,True,False,,40.0,Manufacturing,South East,Low,44,253976.98
SME_0366,2025-05-01,775.0,22,13.333333333333334,23.0,True,75985.1,True,False,,41.0,Manufacturing,South East,Low,44,253976.98
SME_0366,2025-06-01,776.0,12,15.666666666666666,24.0,False,0.0,True,False,,42.0,Manufacturing,South East,Low,44,253976.98
SME_0366,2025-07-01,768.0,18,14.0,2.0,False,0.0,True,False,,43.0,Manufacturing,South East,Low,44,253976.98
SME_0366,2025-08-01,774.0,19,17.333333333333332,-1.0,True,36184.25,True,False,,44.0,Manufacturing,South East,Low,44,253976.98
SME_0366,2025-09-01,799.0,11,16.333333333333332,23.0,False,0.0,True,False,,45.0,Manufacturing,South East,Low,44,253976.98
SME_0366,2025-10-01,798.0,23,16.0,30.0,False,0.0,True,False,,46.0,Manufacturing,South East,Low,44,253976.98
SME_0366,2025-11-01,815.0,21,17.666666666666668,41.0,False,0.0,True,False,,47.0,Manufacturing,South East,Low,44,253976.98
SME_0366,2025-12-01,791.0,13,18.333333333333332,-8.0,True,22877.14,True,False,,48.0,Manufacturing,South East,Low,44,253976.98
SME_0366,2026-01-01,772.0,17,19.0,-26.0,False,0.0,True,False,,49.0,Manufacturing,South East,Low,44,253976.98
SME_0367,2024-08-01,692.0,20,,,False,0.0,True,False,,20.0,Technology,London,Low,95,549424.34
SME_0367,2024-09-01,706.0,22,20.0,,False,0.0,True,False,,21.0,Technology,London,Low,95,549424.34
SME_0367,2024-10-01,721.0,11,21.0,,False,0.0,True,False,,22.0,Technology,London,Low,95,549424.34
SME_0367,2024-11-01,749.0,16,17.666666666666668,57.0,False,0.0,True,False,,23.0,Technology,London,Low,95,549424.34
SME_0367,2024-12-01,731.0,14,16.333333333333332,25.0,False,0.0,True,False,,24.0,Technology,London,Low,95,549424.34
SME_0367,2025-01-01,732.0,5,13.666666666666666,11.0,False,0.0,True,False,,25.0,Technology,London,Low,95,549424.34
SME_0367,2025-02-01,735.0,20,11.666666666666666,-14.0,True,52612.27,True,False,,27.0,Technology,London,Low,95,549424.34
SME_0367,2025-03-01,731.0,17,13.0,0.0,False,0.0,True,False,,27.0,Technology,London,Low,95,549424.34
SME_0367,2025-04-01,711.0,15,14.0,-21.0,False,0.0,True,False,,28.0,Technology,London,Low,95,549424.34
SME_0367,2025-05-01,715.0,10,17.333333333333332,-20.0,False,0.0,True,False,,29.0,Technology,London,Low,95,549424.34
SME_0367,2025-06-01,719.0,14,14.0,-12.0,False,0.0,True,False,,30.0,Technology,London,Low,95,549424.34
SME_0367,2025-07-01,684.0,11,13.0,-27.0,False,0.0,True,False,,31.0,Technology,London,Low,95,549424.34
SME_0367,2025-08-01,681.0,15,11.666666666666666,-34.0,True,35535.55,True,False,,32.0,Technology,London,Low,95,549424.34
SME_0367,2025-09-01,683.0,15,13.333333333333334,-36.0,False,0.0,True,False,,33.0,Technology,London,Low,95,549424.34
SME_0367,2025-10-01,704.0,10,13.666666666666666,20.0,False,0.0,True,False,,34.0,Technology,London,Low,95,549424.34
SME_0367,2025-11-01,695.0,12,13.333333333333334,14.0,False,0.0,True,False,,35.0,Technology,London,Low,95,549424.34
SME_0367,2025-12-01,702.0,16,12.333333333333334,19.0,False,0.0,True,False,,36.0,Technology,London,Low,95,549424.34
SME_0367,2026-01-01,712.0,11,12.666666666666666,8.0,True,59888.39,True,False,,37.0,Technology,London,Low,95,549424.34
SME_0368,2024-08-01,575.0,10,,,False,0.0,True,False,,25.0,Services,Midlands,Medium,131,470986.35
SME_0368,2024-09-01,575.0,9,10.0,,False,0.0,True,False,,26.0,Services,Midlands,Medium,131,470986.35
SME_0368,2024-10-01,580.0,12,9.5,,False,0.0,True,False,,27.0,Services,Midlands,Medium,131,470986.35
SME_0368,2024-11-01,602.0,6,10.333333333333334,27.0,False,0.0,True,False,,28.0,Services,Midlands,Medium,131,470986.35
SME_0368,2024-12-01,595.0,11,9.0,20.0,False,0.0,True,False,,29.0,Services,Midlands,Medium,131,470986.35
SME_0368,2025-01-01,595.0,7,9.666666666666666,15.0,False,0.0,True,False,,30.0,Services,Midlands,Medium,131,470986.35
SME_0368,2025-02-01,607.0,16,8.0,5.0,False,0.0,True,False,,31.0,Services,Midlands,Medium,131,470986.35
SME_0368,2025-03-01,596.0,10,11.333333333333334,1.0,False,0.0,True,False,,32.0,Services,Midlands,Medium,131,470986.35
SME_0368,2025-04-01,579.0,8,11.0,-16.0,False,0.0,True,False,,33.0,Services,Midlands,Medium,131,470986.35
SME_0368,2025-05-01,600.0,13,11.333333333333334,-7.0,True,0.0,True,False,,34.0,Services,Midlands,Medium,131,470986.35
SME_0368,2025-06-01,581.0,8,10.333333333333334,-15.0,False,0.0,True,False,,35.0,Services,Midlands,Medium,131,470986.35
SME_0368,2025-07-01,585.0,8,9.666666666666666,6.0,False,0.0,True,False,,36.0,Services,Midlands,Medium,131,470986.35
SME_0368,2025-08-01,584.0,10,9.666666666666666,-16.0,False,0.0,True,False,,37.0,Services,Midlands,Medium,131,470986.35
SME_0368,2025-09-01,606.0,15,8.666666666666666,25.0,False,0.0,True,False,,38.0,Services,Midlands,Medium,131,470986.35
SME_0368,2025-10-01,620.0,9,11.0,35.0,False,0.0,True,False,,39.0,Services,Midlands,Medium,131,470986.35
SME_0368,2025-11-01,595.0,14,11.333333333333334,11.0,False,0.0,True,False,,40.0,Services,Midlands,Medium,131,470986.35
SME_0368,2025-12-01,588.0,6,12.666666666666666,-18.0,True,0.0,True,False,,41.0,Services,Midlands,Medium,131,470986.35
SME_0368,2026-01-01,598.0,13,9.666666666666666,-22.0,True,0.0,True,False,,42.0,Services,Midlands,Medium,131,470986.35
SME_0369,2024-08-01,682.0,17,,,False,0.0,True,False,,13.0,Manufacturing,Midlands,Low,189,512354.04
SME_0369,2024-09-01,684.0,19,17.0,,False,0.0,True,False,,14.0,Manufacturing,Midlands,Low,189,512354.04
SME_0369,2024-10-01,697.0,17,18.0,,False,0.0,True,False,,15.0,Manufacturing,Midlands,Low,189,512354.04
SME_0369,2024-11-01,701.0,5,17.666666666666668,19.0,False,0.0,True,False,,16.0,Manufacturing,Midlands,Low,189,512354.04
SME_0369,2024-12-01,670.0,17,13.666666666666666,-14.0,False,0.0,True,False,,17.0,Manufacturing,Midlands,Low,189,512354.04
SME_0369,2025-01-01,694.0,15,13.0,-3.0,False,0.0,True,False,,18.0,Manufacturing,Midlands,Low,189,512354.04
SME_0369,2025-02-01,689.0,14,12.333333333333334,-12.0,True,0.0,True,False,,19.0,Manufacturing,Midlands,Low,189,512354.04
SME_0369,2025-03-01,694.0,16,15.333333333333334,24.0,False,0.0,True,False,,20.0,Manufacturing,Midlands,Low,189,512354.04
SME_0369,2025-04-01,696.0,13,15.0,2.0,False,0.0,True,False,,21.0,Manufacturing,Midlands,Low,189,512354.04
SME_0369,2025-05-01,676.0,17,14.333333333333334,-13.0,True,62089.34,True,False,,22.0,Manufacturing,Midlands,Low,189,512354.04
SME_0369,2025-06-01,675.0,15,15.333333333333334,-19.0,True,0.0,True,False,,23.0,Manufacturing,Midlands,Low,189,512354.04
SME_0369,2025-07-01,680.0,20,15.0,-16.0,False,0.0,True,False,,24.0,Manufacturing,Midlands,Low,189,512354.04
SME_0369,2025-08-01,696.0,12,17.333333333333332,20.0,True,0.0,True,False,,25.0,Manufacturing,Midlands,Low,189,512354.04
SME_0369,2025-09-01,684.0,19,15.666666666666666,9.0,True,59641.86,True,False,,26.0,Manufacturing,Midlands,Low,189,512354.04
SME_0369,2025-10-01,689.0,8,17.0,9.0,False,0.0,True,False,,27.0,Manufacturing,Midlands,Low,189,512354.04
SME_0369,2025-11-01,689.0,15,13.0,-7.0,True,67419.72,True,False,,28.0,Manufacturing,Midlands,Low,189,512354.04
SME_0369,2025-12-01,699.0,10,14.0,15.0,True,23314.48,True,False,,29.0,Manufacturing,Midlands,Low,189,512354.04
SME_0369,2026-01-01,702.0,5,11.0,13.0,True,30163.06,True,False,,30.0,Manufacturing,Midlands,Low,189,512354.04
SME_0370,2024-08-01,622.0,10,,,False,0.0,True,False,,4.0,Healthcare,Midlands,Medium,58,424606.18
SME_0370,2024-09-01,621.0,11,10.0,,False,0.0,True,False,,5.0,Healthcare,Midlands,Medium,58,424606.18
SME_0370,2024-10-01,598.0,10,10.5,,True,0.0,True,False,,6.0,Healthcare,Midlands,Medium,58,424606.18
SME_0370,2024-11-01,600.0,8,10.333333333333334,-22.0,False,0.0,True,False,,7.0,Healthcare,Midlands,Medium,58,424606.18
SME_0370,2024-12-01,591.0,13,9.666666666666666,-30.0,False,0.0,True,False,,8.0,Healthcare,Midlands,Medium,58,424606.18
SME_0370,2025-01-01,600.0,11,10.333333333333334,2.0,False,0.0,True,False,,9.0,Healthcare,Midlands,Medium,58,424606.18
SME_0370,2025-02-01,594.0,13,10.666666666666666,-6.0,False,0.0,True,False,,10.0,Healthcare,Midlands,Medium,58,424606.18
SME_0370,2025-03-01,607.0,11,12.333333333333334,16.0,False,0.0,True,False,,11.0,Healthcare,Midlands,Medium,58,424606.18
SME_0370,2025-04-01,606.0,13,11.666666666666666,6.0,False,0.0,True,False,,12.0,Healthcare,Midlands,Medium,58,424606.18
SME_0370,2025-05-01,590.0,14,12.333333333333334,-4.0,False,0.0,True,False,,13.0,Healthcare,Midlands,Medium,58,424606.18
SME_0370,2025-06-01,602.0,9,12.666666666666666,-5.0,False,0.0,True,False,,14.0,Healthcare,Midlands,Medium,58,424606.18
SME_0370,2025-07-01,606.0,9,12.0,0.0,False,0.0,True,False,,15.0,Healthcare,Midlands,Medium,58,424606.18
SME_0370,2025-08-01,602.0,14,10.666666666666666,12.0,False,0.0,True,False,,16.0,Healthcare,Midlands,Medium,58,424606.18
SME_0370,2025-09-01,600.0,8,10.666666666666666,-2.0,False,0.0,True,False,,17.0,Healthcare,Midlands,Medium,58,424606.18
SME_0370,2025-10-01,599.0,8,10.333333333333334,-7.0,False,0.0,True,False,,18.0,Healthcare,Midlands,Medium,58,424606.18
SME_0370,2025-11-01,601.0,8,10.0,-1.0,True,0.0,True,False,,19.0,Healthcare,Midlands,Medium,58,424606.18
SME_0370,2025-12-01,610.0,13,8.0,10.0,False,0.0,True,False,,20.0,Healthcare,Midlands,Medium,58,424606.18
SME_0370,2026-01-01,622.0,13,9.666666666666666,23.0,False,0.0,True,False,,21.0,Healthcare,Midlands,Medium,58,424606.18
SME_0371,2024-08-01,576.0,5,,,False,0.0,True,True,11.0,15.0,Technology,South East,High,51,1144886.31
SME_0371,2024-09-01,580.0,9,5.0,,False,0.0,True,True,10.0,16.0,Technology,South East,High,51,1144886.31
SME_0371,2024-10-01,575.0,8,7.0,,False,0.0,True,True,9.0,17.0,Technology,South East,High,51,1144886.31
SME_0371,2024-11-01,559.0,13,7.333333333333333,-17.0,True,0.0,True,True,8.0,18.0,Technology,South East,High,51,1144886.31
SME_0371,2024-12-01,553.0,16,10.0,-27.0,False,0.0,True,True,7.0,19.0,Technology,South East,High,51,1144886.31
SME_0371,2025-01-01,537.0,12,12.333333333333334,-38.0,False,0.0,True,True,6.0,20.0,Technology,South East,High,51,1144886.31
SME_0371,2025-02-01,545.0,14,13.666666666666666,-14.0,True,0.0,True,True,5.0,21.0,Technology,South East,High,51,1144886.31
SME_0371,2025-03-01,538.0,12,14.0,-15.0,False,0.0,True,True,4.0,22.0,Technology,South East,High,51,1144886.31
SME_0371,2025-04-01,548.0,9,12.666666666666666,11.0,False,0.0,True,True,3.0,23.0,Technology,South East,High,51,1144886.31
SME_0371,2025-05-01,537.0,10,11.666666666666666,-8.0,False,0.0,True,True,2.0,24.0,Technology,South East,High,51,1144886.31
SME_0371,2025-06-01,534.0,6,10.333333333333334,-4.0,False,0.0,True,True,1.0,25.0,Technology,South East,High,51,1144886.31
SME_0371,2025-07-01,534.0,0,8.333333333333334,-14.0,False,0.0,False,True,0.0,26.0,Technology,South East,High,51,1144886.31
SME_0371,2025-08-01,534.0,0,5.333333333333333,-3.0,False,0.0,False,True,-1.0,27.0,Technology,South East,High,51,1144886.31
SME_0371,2025-09-01,534.0,0,2.0,0.0,False,0.0,False,True,-2.0,28.0,Technology,South East,High,51,1144886.31
SME_0371,2025-10-01,534.0,0,0.0,0.0,False,0.0,False,True,-3.0,29.0,Technology,South East,High,51,1144886.31
SME_0371,2025-11-01,534.0,0,0.0,0.0,False,0.0,False,True,-4.0,30.0,Technology,South East,High,51,1144886.31
SME_0371,2025-12-01,534.0,0,0.0,0.0,False,0.0,False,True,-5.0,31.0,Technology,South East,High,51,1144886.31
SME_0371,2026-01-01,534.0,0,0.0,0.0,False,0.0,False,True,-6.0,32.0,Technology,South East,High,51,1144886.31
SME_0372,2024-08-01,615.0,9,,,False,0.0,True,False,,22.0,Retail,Unknown,Low,147,154386.18
SME_0372,2024-09-01,590.0,16,9.0,,False,0.0,True,False,,23.0,Retail,Unknown,Low,147,154386.18
SME_0372,2024-10-01,602.0,13,12.5,,True,0.0,True,False,,24.0,Retail,Unknown,Low,147,154386.18
SME_0372,2024-11-01,611.0,8,12.666666666666666,-4.0,False,0.0,True,False,,25.0,Retail,Unknown,Low,147,154386.18
SME_0372,2024-12-01,625.0,14,12.333333333333334,35.0,False,0.0,True,False,,26.0,Retail,Unknown,Low,147,154386.18
SME_0372,2025-01-01,615.0,8,11.666666666666666,13.0,False,0.0,True,False,,27.0,Retail,Unknown,Low,147,154386.18
SME_0372,2025-02-01,595.0,12,10.0,-16.0,True,58367.88,True,False,,28.0,Retail,Unknown,Low,147,154386.18
SME_0372,2025-03-01,604.0,9,11.333333333333334,-21.0,False,0.0,True,False,,29.0,Retail,Unknown,Low,147,154386.18
SME_0372,2025-04-01,607.0,15,9.666666666666666,-8.0,True,0.0,True,False,,30.0,Retail,Unknown,Low,147,154386.18
SME_0372,2025-05-01,618.0,8,12.0,23.0,False,0.0,True,False,,31.0,Retail,Unknown,Low,147,154386.18
SME_0372,2025-06-01,614.0,7,10.666666666666666,10.0,False,0.0,True,False,,32.0,Retail,Unknown,Low,147,154386.18
SME_0372,2025-07-01,629.0,13,10.0,22.0,False,0.0,True,False,,33.0,Retail,Unknown,Low,147,154386.18
SME_0372,2025-08-01,622.0,11,9.333333333333334,4.0,False,0.0,True,False,,34.0,Retail,Unknown,Low,147,154386.18
SME_0372,2025-09-01,622.0,12,10.333333333333334,8.0,True,0.0,True,False,,35.0,Retail,Unknown,Low,147,154386.18
SME_0372,2025-10-01,618.0,10,12.0,-11.0,True,51846.7,True,False,,36.0,Retail,Unknown,Low,147,154386.18
SME_0372,2025-11-01,618.0,11,11.0,-4.0,False,0.0,True,False,,37.0,Retail,Unknown,Low,147,154386.18
SME_0372,2025-12-01,640.0,8,11.0,18.0,False,0.0,True,False,,38.0,Retail,Unknown,Low,147,154386.18
SME_0372,2026-01-01,657.0,11,9.666666666666666,39.0,True,50839.43,True,False,,39.0,Retail,Unknown,Low,147,154386.18
SME_0373,2024-08-01,580.0,13,,,False,0.0,True,True,4.0,7.0,Manufacturing,London,Medium,2,296937.43
SME_0373,2024-09-01,556.0,7,13.0,,False,0.0,True,True,3.0,8.0,Manufacturing,London,Medium,2,296937.43
SME_0373,2024-10-01,577.0,10,10.0,,False,0.0,True,True,2.0,9.0,Manufacturing,London,Medium,2,296937.43
SME_0373,2024-11-01,595.0,10,10.0,15.0,False,0.0,True,True,1.0,10.0,Manufacturing,London,Medium,2,296937.43
SME_0373,2024-12-01,595.0,0,9.0,39.0,False,0.0,False,True,0.0,11.0,Manufacturing,London,Medium,2,296937.43
SME_0373,2025-01-01,595.0,0,6.666666666666667,18.0,False,0.0,False,True,-1.0,12.0,Manufacturing,London,Medium,2,296937.43
SME_0373,2025-02-01,595.0,0,3.3333333333333335,0.0,False,0.0,False,True,-2.0,13.0,Manufacturing,London,Medium,2,296937.43
SME_0373,2025-03-01,595.0,0,0.0,0.0,False,0.0,False,True,-3.0,14.0,Manufacturing,London,Medium,2,296937.43
SME_0373,2025-04-01,595.0,0,0.0,0.0,False,0.0,False,True,-4.0,15.0,Manufacturing,London,Medium,2,296937.43
SME_0373,2025-05-01,595.0,0,0.0,0.0,False,0.0,False,True,-5.0,16.0,Manufacturing,London,Medium,2,296937.43
SME_0373,2025-06-01,595.0,0,0.0,0.0,False,0.0,False,True,-6.0,17.0,Manufacturing,London,Medium,2,296937.43
SME_0373,2025-07-01,595.0,0,0.0,0.0,False,0.0,False,True,-7.0,18.0,Manufacturing,London,Medium,2,296937.43
SME_0373,2025-08-01,595.0,0,0.0,0.0,False,0.0,False,True,-8.0,19.0,Manufacturing,London,Medium,2,296937.43
SME_0373,2025-09-01,595.0,0,0.0,0.0,False,0.0,False,True,-9.0,20.0,Manufacturing,London,Medium,2,296937.43
SME_0373,2025-10-01,595.0,0,0.0,0.0,False,0.0,False,True,-10.0,21.0,Manufacturing,London,Medium,2,296937.43
SME_0373,2025-11-01,595.0,0,0.0,0.0,False,0.0,False,True,-11.0,22.0,Manufacturing,London,Medium,2,296937.43
SME_0373,2025-12-01,595.0,0,0.0,0.0,False,0.0,False,True,-12.0,23.0,Manufacturing,London,Medium,2,296937.43
SME_0373,2026-01-01,595.0,0,0.0,0.0,False,0.0,False,True,-13.0,24.0,Manufacturing,London,Medium,2,296937.43
SME_0374,2024-08-01,637.0,12,,,False,0.0,True,False,,9.0,Manufacturing,South East,Medium,113,860288.06
SME_0374,2024-09-01,627.0,11,12.0,,True,0.0,True,False,,10.0,Manufacturing,South East,Medium,113,860288.06
SME_0374,2024-10-01,615.0,15,11.5,,False,0.0,True,False,,11.0,Manufacturing,South East,Medium,113,860288.06
SME_0374,2024-11-01,613.0,9,12.666666666666666,-24.0,False,0.0,True,False,,12.0,Manufacturing,South East,Medium,113,860288.06
SME_0374,2024-12-01,614.0,8,11.666666666666666,-13.0,True,0.0,True,False,,13.0,Manufacturing,South East,Medium,113,860288.06
SME_0374,2025-01-01,595.0,14,10.666666666666666,-20.0,False,0.0,True,False,,14.0,Manufacturing,South East,Medium,113,860288.06
SME_0374,2025-02-01,600.0,8,10.333333333333334,-13.0,False,0.0,True,False,,15.0,Manufacturing,South East,Medium,113,860288.06
SME_0374,2025-03-01,619.0,8,10.0,5.0,False,0.0,True,False,,16.0,Manufacturing,South East,Medium,113,860288.06
SME_0374,2025-04-01,624.0,4,10.0,29.0,False,0.0,True,False,,17.0,Manufacturing,South East,Medium,113,860288.06
SME_0374,2025-05-01,604.0,10,6.666666666666667,4.0,False,0.0,True,False,,18.0,Manufacturing,South East,Medium,113,860288.06
SME_0374,2025-06-01,603.0,10,7.333333333333333,-16.0,True,0.0,True,False,,19.0,Manufacturing,South East,Medium,113,860288.06
SME_0374,2025-07-01,622.0,8,8.0,-2.0,False,0.0,True,False,,20.0,Manufacturing,South East,Medium,113,860288.06
SME_0374,2025-08-01,627.0,9,9.333333333333334,23.0,False,0.0,True,False,,21.0,Manufacturing,South East,Medium,113,860288.06
SME_0374,2025-09-01,629.0,15,9.0,26.0,False,0.0,True,False,,22.0,Manufacturing,South East,Medium,113,860288.06
SME_0374,2025-10-01,615.0,12,10.666666666666666,-7.0,True,0.0,True,False,,23.0,Manufacturing,South East,Medium,113,860288.06
SME_0374,2025-11-01,622.0,8,12.0,-5.0,True,0.0,True,False,,24.0,Manufacturing,South East,Medium,113,860288.06
SME_0374,2025-12-01,616.0,6,11.666666666666666,-13.0,False,0.0,True,False,,25.0,Manufacturing,South East,Medium,113,860288.06
SME_0374,2026-01-01,615.0,6,8.666666666666666,0.0,False,0.0,True,False,,26.0,Manufacturing,South East,Medium,113,860288.06
SME_0375,2024-08-01,632.0,12,,,False,0.0,True,False,,2.0,Retail,Unknown,Medium,149,881978.67
SME_0375,2024-09-01,631.0,9,12.0,,False,0.0,True,False,,3.0,Retail,Unknown,Medium,149,881978.67
SME_0375,2024-10-01,619.0,11,10.5,,False,0.0,True,False,,4.0,Retail,Unknown,Medium,149,881978.67
SME_0375,2024-11-01,601.0,10,10.666666666666666,-31.0,False,0.0,True,False,,5.0,Retail,Unknown,Medium,149,881978.67
SME_0375,2024-12-01,606.0,11,10.0,-25.0,False,0.0,True,False,,6.0,Retail,Unknown,Medium,149,881978.67
SME_0375,2025-01-01,598.0,11,10.666666666666666,-21.0,False,0.0,True,False,,7.0,Retail,Unknown,Medium,149,881978.67
SME_0375,2025-02-01,580.0,18,10.666666666666666,-21.0,False,0.0,True,False,,8.0,Retail,Unknown,Medium,149,881978.67
SME_0375,2025-03-01,572.0,9,13.333333333333334,-34.0,False,0.0,True,False,,8.0,Retail,Unknown,Medium,149,881978.67
SME_0375,2025-04-01,568.0,11,12.666666666666666,-30.0,False,0.0,True,False,,9.0,Retail,Unknown,Medium,149,881978.67
SME_0375,2025-05-01,566.0,17,12.666666666666666,-14.0,True,0.0,True,False,,10.0,Retail,Unknown,Medium,149,881978.67
SME_0375,2025-06-01,566.0,12,12.333333333333334,-6.0,False,0.0,True,False,,11.0,Retail,Unknown,Medium,149,881978.67
SME_0375,2025-07-01,559.0,8,13.333333333333334,-9.0,False,0.0,True,False,,12.0,Retail,Unknown,Medium,149,881978.67
SME_0375,2025-08-01,571.0,6,12.333333333333334,5.0,False,0.0,True,False,,14.0,Retail,Unknown,Medium,149,881978.67
SME_0375,2025-09-01,577.0,13,8.666666666666666,11.0,True,18644.96,True,False,,15.0,Retail,Unknown,Medium,149,881978.67
SME_0375,2025-10-01,559.0,7,9.0,0.0,False,0.0,True,False,,16.0,Retail,Unknown,Medium,149,881978.67
SME_0375,2025-11-01,576.0,9,8.666666666666666,5.0,False,0.0,True,False,,17.0,Retail,Unknown,Medium,149,881978.67
SME_0375,2025-12-01,554.0,16,9.666666666666666,-23.0,False,0.0,True,False,,18.0,Retail,Unknown,Medium,149,881978.67
SME_0375,2026-01-01,573.0,4,10.666666666666666,14.0,False,0.0,True,False,,19.0,Retail,Unknown,Medium,149,881978.67
SME_0376,2024-08-01,578.0,6,,,False,0.0,True,True,7.0,27.0,Retail,Midlands,Medium,110,104776.28
SME_0376,2024-09-01,586.0,9,6.0,,False,0.0,True,True,6.0,28.0,Retail,Midlands,Medium,110,104776.28
SME_0376,2024-10-01,583.0,11,7.5,,False,0.0,True,True,5.0,29.0,Retail,Midlands,Medium,110,104776.28
SME_0376,2024-11-01,560.0,10,8.666666666666666,-18.0,False,0.0,True,True,4.0,30.0,Retail,Midlands,Medium,110,104776.28
SME_0376,2024-12-01,565.0,8,10.0,-21.0,False,0.0,True,True,3.0,31.0,Retail,Midlands,Medium,110,104776.28
SME_0376,2025-01-01,574.0,8,9.666666666666666,-9.0,False,0.0,True,True,2.0,32.0,Retail,Midlands,Medium,110,104776.28
SME_0376,2025-02-01,597.0,9,8.666666666666666,37.0,False,0.0,True,True,1.0,33.0,Retail,Midlands,Medium,110,104776.28
SME_0376,2025-03-01,597.0,0,8.333333333333334,32.0,False,0.0,False,True,0.0,34.0,Retail,Midlands,Medium,110,104776.28
SME_0376,2025-04-01,597.0,0,5.666666666666667,23.0,False,0.0,False,True,-1.0,35.0,Retail,Midlands,Medium,110,104776.28
SME_0376,2025-05-01,597.0,0,3.0,0.0,False,0.0,False,True,-2.0,36.0,Retail,Midlands,Medium,110,104776.28
SME_0376,2025-06-01,597.0,0,0.0,0.0,False,0.0,False,True,-3.0,37.0,Retail,Midlands,Medium,110,104776.28
SME_0376,2025-07-01,597.0,0,0.0,0.0,False,0.0,False,True,-4.0,38.0,Retail,Midlands,Medium,110,104776.28
SME_0376,2025-08-01,597.0,0,0.0,0.0,False,0.0,False,True,-5.0,39.0,Retail,Midlands,Medium,110,104776.28
SME_0376,2025-09-01,597.0,0,0.0,0.0,False,0.0,False,True,-6.0,40.0,Retail,Midlands,Medium,110,104776.28
SME_0376,2025-10-01,597.0,0,0.0,0.0,False,0.0,False,True,-7.0,41.0,Retail,Midlands,Medium,110,104776.28
SME_0376,2025-11-01,597.0,0,0.0,0.0,False,0.0,False,True,-8.0,42.0,Retail,Midlands,Medium,110,104776.28
SME_0376,2025-12-01,597.0,0,0.0,0.0,False,0.0,False,True,-9.0,43.0,Retail,Midlands,Medium,110,104776.28
SME_0376,2026-01-01,597.0,0,0.0,0.0,False,0.0,False,True,-10.0,44.0,Retail,Midlands,Medium,110,104776.28
SME_0377,2024-08-01,706.0,16,,,False,0.0,True,False,,33.0,Healthcare,Midlands,Low,77,298572.53
SME_0377,2024-09-01,685.0,11,16.0,,True,6723.08,True,False,,34.0,Healthcare,Midlands,Low,77,298572.53
SME_0377,2024-10-01,711.0,7,13.5,,False,0.0,True,False,,35.0,Healthcare,Midlands,Low,77,298572.53
SME_0377,2024-11-01,704.0,10,11.333333333333334,-2.0,False,0.0,True,False,,36.0,Healthcare,Midlands,Low,77,298572.53
SME_0377,2024-12-01,702.0,18,9.333333333333334,17.0,False,0.0,True,False,,37.0,Healthcare,Midlands,Low,77,298572.53
SME_0377,2025-01-01,685.0,11,11.666666666666666,-26.0,True,0.0,True,False,,38.0,Healthcare,Midlands,Low,77,298572.53
SME_0377,2025-02-01,680.0,20,13.0,-24.0,False,0.0,True,False,,39.0,Healthcare,Midlands,Low,77,298572.53
SME_0377,2025-03-01,668.0,14,16.333333333333332,-34.0,True,0.0,True,False,,40.0,Healthcare,Midlands,Low,77,298572.53
SME_0377,2025-04-01,685.0,18,15.0,0.0,False,0.0,True,False,,41.0,Healthcare,Midlands,Low,77,298572.53
SME_0377,2025-05-01,709.0,9,17.333333333333332,29.0,False,0.0,True,False,,42.0,Healthcare,Midlands,Low,77,298572.53
SME_0377,2025-06-01,699.0,12,13.666666666666666,31.0,False,0.0,True,False,,43.0,Healthcare,Midlands,Low,77,298572.53
SME_0377,2025-07-01,690.0,12,13.0,5.0,False,0.0,True,False,,44.0,Healthcare,Midlands,Low,77,298572.53
SME_0377,2025-08-01,677.0,9,11.0,-32.0,False,0.0,True,False,,45.0,Healthcare,Midlands,Low,77,298572.53
SME_0377,2025-09-01,674.0,9,11.0,-25.0,True,43952.42,True,False,,46.0,Healthcare,Midlands,Low,77,298572.53
SME_0377,2025-10-01,671.0,13,10.0,-19.0,False,0.0,True,False,,47.0,Healthcare,Midlands,Low,77,298572.53
SME_0377,2025-11-01,674.0,17,10.333333333333334,-3.0,False,0.0,True,False,,48.0,Healthcare,Midlands,Low,77,298572.53
SME_0377,2025-12-01,686.0,17,13.0,12.0,False,0.0,True,False,,49.0,Healthcare,Midlands,Low,77,298572.53
SME_0377,2026-01-01,698.0,14,15.666666666666666,27.0,False,0.0,True,False,,50.0,Healthcare,Midlands,Low,77,298572.53
SME_0378,2024-08-01,481.0,2,,,False,0.0,True,False,,30.0,Manufacturing,Unknown,High,165,774765.36
SME_0378,2024-09-01,501.0,5,2.0,,False,0.0,True,False,,31.0,Manufacturing,Unknown,High,165,774765.36
SME_0378,2024-10-01,502.0,2,3.5,,False,0.0,True,False,,32.0,Manufacturing,Unknown,High,165,774765.36
SME_0378,2024-11-01,491.0,5,3.0,10.0,False,0.0,True,False,,33.0,Manufacturing,Unknown,High,165,774765.36
SME_0378,2024-12-01,502.0,4,4.0,1.0,False,0.0,True,False,,34.0,Manufacturing,Unknown,High,165,774765.36
SME_0378,2025-01-01,527.0,6,3.6666666666666665,25.0,False,0.0,True,False,,35.0,Manufacturing,Unknown,High,165,774765.36
SME_0378,2025-02-01,497.0,6,5.0,6.0,False,0.0,True,False,,36.0,Manufacturing,Unknown,High,165,774765.36
SME_0378,2025-03-01,491.0,3,5.333333333333333,-11.0,False,0.0,True,False,,37.0,Manufacturing,Unknown,High,165,774765.36
SME_0378,2025-04-01,493.0,5,5.0,-34.0,False,0.0,True,False,,38.0,Manufacturing,Unknown,High,165,774765.36
SME_0378,2025-05-01,504.0,4,4.666666666666667,7.0,False,0.0,True,False,,39.0,Manufacturing,Unknown,High,165,774765.36
SME_0378,2025-06-01,519.0,6,4.0,28.0,False,0.0,True,False,,40.0,Manufacturing,Unknown,High,165,774765.36
SME_0378,2025-07-01,532.0,3,5.0,39.0,True,34696.73,True,False,,41.0,Manufacturing,Unknown,High,165,774765.36
SME_0378,2025-08-01,540.0,8,4.333333333333333,36.0,False,0.0,True,False,,42.0,Manufacturing,Unknown,High,165,774765.36
SME_0378,2025-09-01,517.0,6,5.666666666666667,-2.0,False,0.0,True,False,,43.0,Manufacturing,Unknown,High,165,774765.36
SME_0378,2025-10-01,519.0,6,5.666666666666667,-13.0,False,0.0,True,False,,44.0,Manufacturing,Unknown,High,165,774765.36
SME_0378,2025-11-01,503.0,7,6.666666666666667,-37.0,False,0.0,True,False,,45.0,Manufacturing,Unknown,High,165,774765.36
SME_0378,2025-12-01,521.0,4,6.333333333333333,4.0,False,0.0,True,False,,46.0,Manufacturing,Unknown,High,165,774765.36
SME_0378,2026-01-01,534.0,0,5.666666666666667,15.0,False,0.0,True,False,,47.0,Manufacturing,Unknown,High,165,774765.36
SME_0379,2024-08-01,686.0,8,,,False,0.0,True,True,12.0,14.0,Manufacturing,Scotland,Low,74,533976.01
SME_0379,2024-09-01,677.0,10,8.0,,False,0.0,True,True,11.0,15.0,Manufacturing,Scotland,Low,74,533976.01
SME_0379,2024-10-01,646.0,10,9.0,,True,0.0,True,True,10.0,16.0,Manufacturing,Scotland,Low,74,533976.01
SME_0379,2024-11-01,674.0,13,9.333333333333334,-12.0,False,0.0,True,True,9.0,17.0,Manufacturing,Scotland,Low,74,533976.01
SME_0379,2024-12-01,664.0,9,11.0,-13.0,False,0.0,True,True,8.0,18.0,Manufacturing,Scotland,Low,74,533976.01
SME_0379,2025-01-01,645.0,13,10.666666666666666,-1.0,False,0.0,True,True,7.0,19.0,Manufacturing,Scotland,Low,74,533976.01
SME_0379,2025-02-01,641.0,20,11.666666666666666,-33.0,False,0.0,True,True,6.0,20.0,Manufacturing,Scotland,Low,74,533976.01
SME_0379,2025-03-01,639.0,12,14.0,-25.0,False,0.0,True,True,5.0,21.0,Manufacturing,Scotland,Low,74,533976.01
SME_0379,2025-04-01,629.0,12,15.0,-16.0,False,0.0,True,True,4.0,22.0,Manufacturing,Scotland,Low,74,533976.01
SME_0379,2025-05-01,643.0,9,14.666666666666666,2.0,True,0.0,True,True,3.0,23.0,Manufacturing,Scotland,Low,74,533976.01
SME_0379,2025-06-01,631.0,13,11.0,-8.0,False,0.0,True,True,2.0,24.0,Manufacturing,Scotland,Low,74,533976.01
SME_0379,2025-07-01,615.0,14,11.333333333333334,-14.0,False,0.0,True,True,1.0,25.0,Manufacturing,Scotland,Low,74,533976.01
SME_0379,2025-08-01,615.0,0,12.0,-28.0,False,0.0,False,True,0.0,26.0,Manufacturing,Scotland,Low,74,533976.01
SME_0379,2025-09-01,615.0,0,9.0,-16.0,False,0.0,False,True,-1.0,27.0,Manufacturing,Scotland,Low,74,533976.01
SME_0379,2025-10-01,615.0,0,4.666666666666667,0.0,False,0.0,False,True,-2.0,28.0,Manufacturing,Scotland,Low,74,533976.01
SME_0379,2025-11-01,615.0,0,0.0,0.0,False,0.0,False,True,-3.0,29.0,Manufacturing,Scotland,Low,74,533976.01
SME_0379,2025-12-01,615.0,0,0.0,0.0,False,0.0,False,True,-4.0,30.0,Manufacturing,Scotland,Low,74,533976.01
SME_0379,2026-01-01,615.0,0,0.0,0.0,False,0.0,False,True,-5.0,31.0,Manufacturing,Scotland,Low,74,533976.01
SME_0380,2024-08-01,562.0,8,,,False,0.0,True,False,,22.0,Technology,South East,Medium,142,373337.46
SME_0380,2024-09-01,565.0,6,8.0,,False,0.0,True,False,,23.0,Technology,South East,Medium,142,373337.46
SME_0380,2024-10-01,576.0,10,7.0,,False,0.0,True,False,,24.0,Technology,South East,Medium,142,373337.46
SME_0380,2024-11-01,579.0,10,8.0,17.0,False,0.0,True,False,,25.0,Technology,South East,Medium,142,373337.46
SME_0380,2024-12-01,557.0,8,8.666666666666666,-8.0,False,0.0,True,False,,26.0,Technology,South East,Medium,142,373337.46
SME_0380,2025-01-01,546.0,6,9.333333333333334,-30.0,False,0.0,True,False,,27.0,Technology,South East,Medium,142,373337.46
SME_0380,2025-02-01,560.0,8,8.0,-19.0,False,0.0,True,False,,28.0,Technology,South East,Medium,142,373337.46
SME_0380,2025-03-01,551.0,9,7.333333333333333,-6.0,False,0.0,True,False,,29.0,Technology,South East,Medium,142,373337.46
SME_0380,2025-04-01,554.0,9,7.666666666666667,8.0,False,0.0,True,False,,30.0,Technology,South East,Medium,142,373337.46
SME_0380,2025-05-01,555.0,6,8.666666666666666,-5.0,False,0.0,True,False,,31.0,Technology,South East,Medium,142,373337.46
SME_0380,2025-06-01,563.0,7,8.0,12.0,False,0.0,True,False,,32.0,Technology,South East,Medium,142,373337.46
SME_0380,2025-07-01,571.0,3,7.333333333333333,17.0,False,0.0,True,False,,33.0,Technology,South East,Medium,142,373337.46
SME_0380,2025-08-01,553.0,8,5.333333333333333,-2.0,False,0.0,True,False,,34.0,Technology,South East,Medium,142,373337.46
SME_0380,2025-09-01,552.0,9,6.0,-11.0,False,0.0,True,False,,35.0,Technology,South East,Medium,142,373337.46
SME_0380,2025-10-01,565.0,10,6.666666666666667,-6.0,False,0.0,True,False,,36.0,Technology,South East,Medium,142,373337.46
SME_0380,2025-11-01,583.0,10,9.0,30.0,True,34128.38,True,False,,37.0,Technology,South East,Medium,142,373337.46
SME_0380,2025-12-01,572.0,16,9.666666666666666,20.0,False,0.0,True,False,,38.0,Technology,South East,Medium,142,373337.46
SME_0380,2026-01-01,572.0,11,12.0,7.0,True,0.0,True,False,,39.0,Technology,South East,Medium,142,373337.46
SME_0381,2024-08-01,550.0,4,,,False,0.0,True,False,,35.0,Services,Scotland,High,93,242303.06
SME_0381,2024-09-01,549.0,8,4.0,,False,0.0,True,False,,36.0,Services,Scotland,High,93,242303.06
SME_0381,2024-10-01,574.0,7,6.0,,False,0.0,True,False,,37.0,Services,Scotland,High,93,242303.06
SME_0381,2024-11-01,580.0,8,6.333333333333333,30.0,False,0.0,True,False,,38.0,Services,Scotland,High,93,242303.06
SME_0381,2024-12-01,593.0,9,7.666666666666667,44.0,False,0.0,True,False,,39.0,Services,Scotland,High,93,242303.06
SME_0381,2025-01-01,590.0,5,8.0,16.0,False,0.0,True,False,,40.0,Services,Scotland,High,93,242303.06
SME_0381,2025-02-01,593.0,9,7.333333333333333,13.0,False,0.0,True,False,,41.0,Services,Scotland,High,93,242303.06
SME_0381,2025-03-01,587.0,4,7.666666666666667,-6.0,False,0.0,True,False,,42.0,Services,Scotland,High,93,242303.06
SME_0381,2025-04-01,584.0,3,6.0,-6.0,False,0.0,True,False,,43.0,Services,Scotland,High,93,242303.06
SME_0381,2025-05-01,567.0,3,5.333333333333333,-26.0,False,0.0,True,False,,44.0,Services,Scotland,High,93,242303.06
SME_0381,2025-06-01,565.0,9,3.3333333333333335,-22.0,False,0.0,True,False,,45.0,Services,Scotland,High,93,242303.06
SME_0381,2025-07-01,560.0,8,5.0,-24.0,False,0.0,True,False,,46.0,Services,Scotland,High,93,242303.06
SME_0381,2025-08-01,554.0,6,6.666666666666667,-13.0,False,0.0,True,False,,47.0,Services,Scotland,High,93,242303.06
SME_0381,2025-09-01,553.0,7,7.666666666666667,-12.0,True,0.0,True,False,,48.0,Services,Scotland,High,93,242303.06
SME_0381,2025-10-01,551.0,12,7.0,-9.0,False,0.0,True,False,,49.0,Services,Scotland,High,93,242303.06
SME_0381,2025-11-01,571.0,7,8.333333333333334,17.0,False,0.0,True,False,,50.0,Services,Scotland,High,93,242303.06
SME_0381,2025-12-01,574.0,9,8.666666666666666,21.0,False,0.0,True,False,,51.0,Services,Scotland,High,93,242303.06
SME_0381,2026-01-01,547.0,9,9.333333333333334,-4.0,False,0.0,True,False,,52.0,Services,Scotland,High,93,242303.06
SME_0382,2024-08-01,604.0,12,,,False,0.0,True,False,,22.0,Healthcare,London,Medium,6,256940.45
SME_0382,2024-09-01,603.0,13,12.0,,False,0.0,True,False,,23.0,Healthcare,London,Medium,6,256940.45
SME_0382,2024-10-01,615.0,13,12.5,,True,0.0,True,False,,24.0,Healthcare,London,Medium,6,256940.45
SME_0382,2024-11-01,594.0,8,12.666666666666666,-10.0,False,0.0,True,False,,25.0,Healthcare,London,Medium,6,256940.45
SME_0382,2024-12-01,592.0,14,11.333333333333334,-11.0,False,0.0,True,False,,26.0,Healthcare,London,Medium,6,256940.45
SME_0382,2025-01-01,588.0,12,11.666666666666666,-27.0,True,37042.07,True,False,,27.0,Healthcare,London,Medium,6,256940.45
SME_0382,2025-02-01,586.0,13,11.333333333333334,-8.0,False,0.0,True,False,,28.0,Healthcare,London,Medium,6,256940.45
SME_0382,2025-03-01,602.0,16,13.0,10.0,False,0.0,True,False,,29.0,Healthcare,London,Medium,6,256940.45
SME_0382,2025-04-01,615.0,15,13.666666666666666,27.0,False,0.0,True,False,,30.0,Healthcare,London,Medium,6,256940.45
SME_0382,2025-05-01,594.0,7,14.666666666666666,8.0,False,0.0,True,False,,31.0,Healthcare,London,Medium,6,256940.45
SME_0382,2025-06-01,597.0,11,12.666666666666666,-5.0,False,0.0,True,False,,32.0,Healthcare,London,Medium,6,256940.45
SME_0382,2025-07-01,610.0,13,11.0,-5.0,False,0.0,True,False,,33.0,Healthcare,London,Medium,6,256940.45
SME_0382,2025-08-01,620.0,10,10.333333333333334,26.0,False,0.0,True,False,,34.0,Healthcare,London,Medium,6,256940.45
SME_0382,2025-09-01,623.0,11,11.333333333333334,26.0,False,0.0,True,False,,35.0,Healthcare,London,Medium,6,256940.45
SME_0382,2025-10-01,612.0,10,11.333333333333334,2.0,False,0.0,True,False,,36.0,Healthcare,London,Medium,6,256940.45
SME_0382,2025-11-01,614.0,13,10.333333333333334,-6.0,False,0.0,True,False,,37.0,Healthcare,London,Medium,6,256940.45
SME_0382,2025-12-01,626.0,13,11.333333333333334,3.0,False,0.0,True,False,,38.0,Healthcare,London,Medium,6,256940.45
SME_0382,2026-01-01,632.0,9,12.0,20.0,True,0.0,True,False,,39.0,Healthcare,London,Medium,6,256940.45
SME_0383,2024-08-01,710.0,10,,,False,0.0,True,False,,11.0,Technology,Scotland,Low,106,463063.45
SME_0383,2024-09-01,705.0,11,10.0,,False,0.0,True,False,,12.0,Technology,Scotland,Low,106,463063.45
SME_0383,2024-10-01,692.0,12,10.5,,False,0.0,True,False,,13.0,Technology,Scotland,Low,106,463063.45
SME_0383,2024-11-01,700.0,16,11.0,-10.0,False,0.0,True,False,,14.0,Technology,Scotland,Low,106,463063.45
SME_0383,2024-12-01,697.0,9,13.0,-8.0,False,0.0,True,False,,15.0,Technology,Scotland,Low,106,463063.45
SME_0383,2025-01-01,692.0,9,12.333333333333334,0.0,False,0.0,True,False,,16.0,Technology,Scotland,Low,106,463063.45
SME_0383,2025-02-01,672.0,16,11.333333333333334,-28.0,True,0.0,True,False,,17.0,Technology,Scotland,Low,106,463063.45
SME_0383,2025-03-01,651.0,5,11.333333333333334,-46.0,False,0.0,True,False,,18.0,Technology,Scotland,Low,106,463063.45
SME_0383,2025-04-01,636.0,10,10.0,-56.0,False,0.0,True,False,,19.0,Technology,Scotland,Low,106,463063.45
SME_0383,2025-05-01,636.0,18,10.333333333333334,-36.0,False,0.0,True,False,,20.0,Technology,Scotland,Low,106,463063.45
SME_0383,2025-06-01,629.0,9,11.0,-22.0,False,0.0,True,False,,21.0,Technology,Scotland,Low,106,463063.45
SME_0383,2025-07-01,622.0,11,12.333333333333334,-14.0,False,0.0,True,False,,22.0,Technology,Scotland,Low,106,463063.45
SME_0383,2025-08-01,637.0,9,12.666666666666666,1.0,False,0.0,True,False,,23.0,Technology,Scotland,Low,106,463063.45
SME_0383,2025-09-01,625.0,17,9.666666666666666,-4.0,False,0.0,True,False,,24.0,Technology,Scotland,Low,106,463063.45
SME_0383,2025-10-01,631.0,12,12.333333333333334,9.0,True,0.0,True,False,,25.0,Technology,Scotland,Low,106,463063.45
SME_0383,2025-11-01,630.0,16,12.666666666666666,-7.0,False,0.0,True,False,,26.0,Technology,Scotland,Low,106,463063.45
SME_0383,2025-12-01,636.0,5,15.0,11.0,False,0.0,True,False,,27.0,Technology,Scotland,Low,106,463063.45
SME_0383,2026-01-01,621.0,10,11.0,-10.0,False,0.0,True,False,,28.0,Technology,Scotland,Low,106,463063.45
SME_0384,2024-08-01,578.0,9,,,True,35081.58,True,False,,13.0,Services,Scotland,Medium,10,244984.63
SME_0384,2024-09-01,571.0,5,9.0,,False,0.0,True,False,,14.0,Services,Scotland,Medium,10,244984.63
SME_0384,2024-10-01,534.0,10,7.0,,False,0.0,True,False,,15.0,Services,Scotland,Medium,10,244984.63
SME_0384,2024-11-01,516.0,7,8.0,-62.0,False,0.0,True,False,,16.0,Services,Scotland,Medium,10,244984.63
SME_0384,2024-12-01,522.0,9,7.333333333333333,-49.0,False,0.0,True,False,,17.0,Services,Scotland,Medium,10,244984.63
SME_0384,2025-01-01,544.0,8,8.666666666666666,10.0,False,0.0,True,False,,18.0,Services,Scotland,Medium,10,244984.63
SME_0384,2025-02-01,529.0,7,8.0,13.0,False,0.0,True,False,,19.0,Services,Scotland,Medium,10,244984.63
SME_0384,2025-03-01,522.0,12,8.0,0.0,False,0.0,True,False,,20.0,Services,Scotland,Medium,10,244984.63
SME_0384,2025-04-01,527.0,6,9.0,-17.0,True,0.0,True,False,,21.0,Services,Scotland,Medium,10,244984.63
SME_0384,2025-05-01,531.0,7,8.333333333333334,2.0,False,0.0,True,False,,22.0,Services,Scotland,Medium,10,244984.63
SME_0384,2025-06-01,517.0,5,8.333333333333334,-5.0,False,0.0,True,False,,23.0,Services,Scotland,Medium,10,244984.63
SME_0384,2025-07-01,518.0,4,6.0,-9.0,False,0.0,True,False,,24.0,Services,Scotland,Medium,10,244984.63
SME_0384,2025-08-01,521.0,5,5.333333333333333,-10.0,False,0.0,True,False,,25.0,Services,Scotland,Medium,10,244984.63
SME_0384,2025-09-01,530.0,5,4.666666666666667,13.0,False,0.0,True,False,,26.0,Services,Scotland,Medium,10,244984.63
SME_0384,2025-10-01,542.0,4,4.666666666666667,24.0,False,0.0,True,False,,27.0,Services,Scotland,Medium,10,244984.63
SME_0384,2025-11-01,536.0,3,4.666666666666667,15.0,False,0.0,True,False,,28.0,Services,Scotland,Medium,10,244984.63
SME_0384,2025-12-01,541.0,9,4.0,11.0,False,0.0,True,False,,29.0,Services,Scotland,Medium,10,244984.63
SME_0384,2026-01-01,549.0,1,5.333333333333333,7.0,False,0.0,True,False,,30.0,Services,Scotland,Medium,10,244984.63
SME_0385,2024-08-01,673.0,12,,,False,0.0,True,False,,27.0,Manufacturing,Scotland,Low,186,376471.64
SME_0385,2024-09-01,669.0,13,12.0,,False,0.0,True,False,,28.0,Manufacturing,Scotland,Low,186,376471.64
SME_0385,2024-10-01,657.0,6,12.5,,False,0.0,True,False,,29.0,Manufacturing,Scotland,Low,186,376471.64
SME_0385,2024-11-01,663.0,12,10.333333333333334,-10.0,False,0.0,True,False,,30.0,Manufacturing,Scotland,Low,186,376471.64
SME_0385,2024-12-01,662.0,7,10.333333333333334,-7.0,False,0.0,True,False,,31.0,Manufacturing,Scotland,Low,186,376471.64
SME_0385,2025-01-01,685.0,13,8.333333333333334,28.0,False,0.0,True,False,,32.0,Manufacturing,Scotland,Low,186,376471.64
SME_0385,2025-02-01,695.0,23,10.666666666666666,32.0,True,0.0,True,False,,33.0,Manufacturing,Scotland,Low,186,376471.64
SME_0385,2025-03-01,684.0,17,14.333333333333334,22.0,False,0.0,True,False,,34.0,Manufacturing,Scotland,Low,186,376471.64
SME_0385,2025-04-01,661.0,9,17.666666666666668,-24.0,False,0.0,True,False,,35.0,Manufacturing,Scotland,Low,186,376471.64
SME_0385,2025-05-01,664.0,14,16.333333333333332,-31.0,True,0.0,True,False,,36.0,Manufacturing,Scotland,Low,186,376471.64
SME_0385,2025-06-01,661.0,11,13.333333333333334,-23.0,False,0.0,True,False,,37.0,Manufacturing,Scotland,Low,186,376471.64
SME_0385,2025-07-01,678.0,18,11.333333333333334,17.0,True,47028.72,True,False,,38.0,Manufacturing,Scotland,Low,186,376471.64
SME_0385,2025-08-01,677.0,14,14.333333333333334,13.0,False,0.0,True,False,,39.0,Manufacturing,Scotland,Low,186,376471.64
SME_0385,2025-09-01,661.0,16,14.333333333333334,0.0,True,43763.26,True,False,,40.0,Manufacturing,Scotland,Low,186,376471.64
SME_0385,2025-10-01,663.0,23,16.0,-15.0,False,0.0,True,False,,41.0,Manufacturing,Scotland,Low,186,376471.64
SME_0385,2025-11-01,661.0,14,17.666666666666668,-16.0,False,0.0,True,False,,42.0,Manufacturing,Scotland,Low,186,376471.64
SME_0385,2025-12-01,661.0,17,17.666666666666668,0.0,False,0.0,True,False,,43.0,Manufacturing,Scotland,Low,186,376471.64
SME_0385,2026-01-01,652.0,12,18.0,-11.0,False,0.0,True,False,,44.0,Manufacturing,Scotland,Low,186,376471.64
SME_0386,2024-08-01,575.0,12,,,False,0.0,True,True,16.0,17.0,Healthcare,Scotland,Medium,120,352102.86
SME_0386,2024-09-01,568.0,13,12.0,,False,0.0,True,True,15.0,18.0,Healthcare,Scotland,Medium,120,352102.86
SME_0386,2024-10-01,566.0,11,12.5,,False,0.0,True,True,14.0,19.0,Healthcare,Scotland,Medium,120,352102.86
SME_0386,2024-11-01,577.0,14,12.0,2.0,True,26539.61,True,True,13.0,20.0,Healthcare,Scotland,Medium,120,352102.86
SME_0386,2024-12-01,594.0,10,12.666666666666666,26.0,False,0.0,True,True,12.0,21.0,Healthcare,Scotland,Medium,120,352102.86
SME_0386,2025-01-01,588.0,6,11.666666666666666,22.0,False,0.0,True,True,11.0,22.0,Healthcare,Scotland,Medium,120,352102.86
SME_0386,2025-02-01,584.0,8,10.0,7.0,False,0.0,True,True,10.0,23.0,Healthcare,Scotland,Medium,120,352102.86
SME_0386,2025-03-01,576.0,7,8.0,-18.0,False,0.0,True,True,9.0,24.0,Healthcare,Scotland,Medium,120,352102.86
SME_0386,2025-04-01,585.0,11,7.0,-3.0,False,0.0,True,True,8.0,25.0,Healthcare,Scotland,Medium,120,352102.86
SME_0386,2025-05-01,584.0,19,8.666666666666666,0.0,False,0.0,True,True,7.0,26.0,Healthcare,Scotland,Medium,120,352102.86
SME_0386,2025-06-01,607.0,12,12.333333333333334,31.0,False,0.0,True,True,6.0,27.0,Healthcare,Scotland,Medium,120,352102.86
SME_0386,2025-07-01,590.0,7,14.0,5.0,True,9719.04,True,True,5.0,28.0,Healthcare,Scotland,Medium,120,352102.86
SME_0386,2025-08-01,595.0,7,12.666666666666666,11.0,False,0.0,True,True,4.0,29.0,Healthcare,Scotland,Medium,120,352102.86
SME_0386,2025-09-01,588.0,12,8.666666666666666,-19.0,False,0.0,True,True,3.0,30.0,Healthcare,Scotland,Medium,120,352102.86
SME_0386,2025-10-01,598.0,9,8.666666666666666,8.0,True,43170.47,True,True,2.0,31.0,Healthcare,Scotland,Medium,120,352102.86
SME_0386,2025-11-01,578.0,11,9.333333333333334,-17.0,True,0.0,True,True,1.0,32.0,Healthcare,Scotland,Medium,120,352102.86
SME_0386,2025-12-01,578.0,0,10.666666666666666,-10.0,False,0.0,False,True,0.0,33.0,Healthcare,Scotland,Medium,120,352102.86
SME_0386,2026-01-01,578.0,0,6.666666666666667,-20.0,False,0.0,False,True,-1.0,34.0,Healthcare,Scotland,Medium,120,352102.86
SME_0387,2024-08-01,616.0,9,,,False,0.0,True,False,,30.0,Technology,South East,Medium,75,194245.92
SME_0387,2024-09-01,623.0,17,9.0,,False,0.0,True,False,,31.0,Technology,South East,Medium,75,194245.92
SME_0387,2024-10-01,605.0,14,13.0,,True,0.0,True,False,,32.0,Technology,South East,Medium,75,194245.92
SME_0387,2024-11-01,596.0,10,13.333333333333334,-20.0,False,0.0,True,False,,33.0,Technology,South East,Medium,75,194245.92
SME_0387,2024-12-01,601.0,9,13.666666666666666,-22.0,False,0.0,True,False,,34.0,Technology,South East,Medium,75,194245.92
SME_0387,2025-01-01,581.0,13,11.0,-24.0,True,0.0,True,False,,35.0,Technology,South East,Medium,75,194245.92
SME_0387,2025-02-01,585.0,13,10.666666666666666,-11.0,False,0.0,True,False,,36.0,Technology,South East,Medium,75,194245.92
SME_0387,2025-03-01,586.0,11,11.666666666666666,-15.0,False,0.0,True,False,,37.0,Technology,South East,Medium,75,194245.92
SME_0387,2025-04-01,579.0,9,12.333333333333334,-2.0,False,0.0,True,False,,38.0,Technology,South East,Medium,75,194245.92
SME_0387,2025-05-01,589.0,8,11.0,4.0,False,0.0,True,False,,39.0,Technology,South East,Medium,75,194245.92
SME_0387,2025-06-01,586.0,12,9.333333333333334,0.0,False,0.0,True,False,,40.0,Technology,South East,Medium,75,194245.92
SME_0387,2025-07-01,596.0,6,9.666666666666666,17.0,False,0.0,True,False,,41.0,Technology,South East,Medium,75,194245.92
SME_0387,2025-08-01,590.0,9,8.666666666666666,1.0,False,0.0,True,False,,42.0,Technology,South East,Medium,75,194245.92
SME_0387,2025-09-01,588.0,8,9.0,2.0,False,0.0,True,False,,43.0,Technology,South East,Medium,75,194245.92
SME_0387,2025-10-01,579.0,8,7.666666666666667,-17.0,False,0.0,True,False,,44.0,Technology,South East,Medium,75,194245.92
SME_0387,2025-11-01,572.0,9,8.333333333333334,-18.0,False,0.0,True,False,,45.0,Technology,South East,Medium,75,194245.92
SME_0387,2025-12-01,569.0,7,8.333333333333334,-19.0,True,0.0,True,False,,46.0,Technology,South East,Medium,75,194245.92
SME_0387,2026-01-01,585.0,9,8.0,6.0,False,0.0,True,False,,47.0,Technology,South East,Medium,75,194245.92
SME_0388,2024-08-01,646.0,13,,,True,19463.19,True,False,,31.0,Healthcare,South East,Medium,97,539006.15
SME_0388,2024-09-01,638.0,11,13.0,,False,0.0,True,False,,32.0,Healthcare,South East,Medium,97,539006.15
SME_0388,2024-10-01,638.0,16,12.0,,False,0.0,True,False,,33.0,Healthcare,South East,Medium,97,539006.15
SME_0388,2024-11-01,613.0,8,13.333333333333334,-33.0,False,0.0,True,False,,34.0,Healthcare,South East,Medium,97,539006.15
SME_0388,2024-12-01,610.0,12,11.666666666666666,-28.0,False,0.0,True,False,,35.0,Healthcare,South East,Medium,97,539006.15
SME_0388,2025-01-01,592.0,13,12.0,-46.0,False,0.0,True,False,,36.0,Healthcare,South East,Medium,97,539006.15
SME_0388,2025-02-01,617.0,11,11.0,4.0,False,0.0,True,False,,37.0,Healthcare,South East,Medium,97,539006.15
SME_0388,2025-03-01,609.0,7,12.0,-1.0,False,0.0,True,False,,38.0,Healthcare,South East,Medium,97,539006.15
SME_0388,2025-04-01,601.0,12,10.333333333333334,9.0,False,0.0,True,False,,39.0,Healthcare,South East,Medium,97,539006.15
SME_0388,2025-05-01,611.0,10,10.0,-6.0,False,0.0,True,False,,40.0,Healthcare,South East,Medium,97,539006.15
SME_0388,2025-06-01,612.0,11,9.666666666666666,3.0,False,0.0,True,False,,41.0,Healthcare,South East,Medium,97,539006.15
SME_0388,2025-07-01,619.0,7,11.0,18.0,False,0.0,True,False,,42.0,Healthcare,South East,Medium,97,539006.15
SME_0388,2025-08-01,647.0,14,9.333333333333334,36.0,True,0.0,True,False,,43.0,Healthcare,South East,Medium,97,539006.15
SME_0388,2025-09-01,664.0,16,10.666666666666666,52.0,False,0.0,True,False,,44.0,Healthcare,South East,Medium,97,539006.15
SME_0388,2025-10-01,641.0,11,12.333333333333334,22.0,False,0.0,True,False,,45.0,Healthcare,South East,Medium,97,539006.15
SME_0388,2025-11-01,614.0,10,13.666666666666666,-33.0,False,0.0,True,False,,46.0,Healthcare,South East,Medium,97,539006.15
SME_0388,2025-12-01,648.0,10,12.333333333333334,-16.0,False,0.0,True,False,,47.0,Healthcare,South East,Medium,97,539006.15
SME_0388,2026-01-01,663.0,4,10.333333333333334,22.0,False,0.0,True,False,,48.0,Healthcare,South East,Medium,97,539006.15
SME_0389,2024-08-01,580.0,10,,,False,0.0,True,False,,2.0,Retail,Unknown,Medium,124,3210211.54
SME_0389,2024-09-01,573.0,6,10.0,,False,0.0,True,False,,3.0,Retail,Unknown,Medium,124,3210211.54
SME_0389,2024-10-01,554.0,12,8.0,,False,0.0,True,False,,4.0,Retail,Unknown,Medium,124,3210211.54
SME_0389,2024-11-01,542.0,10,9.333333333333334,-38.0,False,0.0,True,False,,5.0,Retail,Unknown,Medium,124,3210211.54
SME_0389,2024-12-01,549.0,9,9.333333333333334,-24.0,True,0.0,True,False,,6.0,Retail,Unknown,Medium,124,3210211.54
SME_0389,2025-01-01,548.0,10,10.333333333333334,-6.0,True,0.0,True,False,,7.0,Retail,Unknown,Medium,124,3210211.54
SME_0389,2025-02-01,561.0,11,9.666666666666666,19.0,False,0.0,True,False,,8.0,Retail,Unknown,Medium,124,3210211.54
SME_0389,2025-03-01,562.0,9,10.0,13.0,False,0.0,True,False,,9.0,Retail,Unknown,Medium,124,3210211.54
SME_0389,2025-04-01,558.0,13,10.0,10.0,False,0.0,True,False,,10.0,Retail,Unknown,Medium,124,3210211.54
SME_0389,2025-05-01,574.0,12,11.0,13.0,True,52406.35,True,False,,11.0,Retail,Unknown,Medium,124,3210211.54
SME_0389,2025-06-01,572.0,9,11.333333333333334,10.0,False,0.0,True,False,,12.0,Retail,Unknown,Medium,124,3210211.54
SME_0389,2025-07-01,561.0,3,11.333333333333334,3.0,False,0.0,True,False,,13.0,Retail,Unknown,Medium,124,3210211.54
SME_0389,2025-08-01,568.0,12,8.0,-6.0,True,0.0,True,False,,14.0,Retail,Unknown,Medium,124,3210211.54
SME_0389,2025-09-01,569.0,10,8.0,-3.0,False,0.0,True,False,,15.0,Retail,Unknown,Medium,124,3210211.54
SME_0389,2025-10-01,559.0,11,8.333333333333334,-2.0,False,0.0,True,False,,16.0,Retail,Unknown,Medium,124,3210211.54
SME_0389,2025-11-01,574.0,12,11.0,6.0,False,0.0,True,False,,17.0,Retail,Unknown,Medium,124,3210211.54
SME_0389,2025-12-01,579.0,13,11.0,10.0,False,0.0,True,False,,18.0,Retail,Unknown,Medium,124,3210211.54
SME_0389,2026-01-01,570.0,14,12.0,11.0,False,0.0,True,False,,19.0,Retail,Unknown,Medium,124,3210211.54
SME_0390,2024-08-01,660.0,8,,,False,0.0,True,False,,26.0,Technology,Midlands,Low,52,88157.79
SME_0390,2024-09-01,667.0,9,8.0,,False,0.0,True,False,,27.0,Technology,Midlands,Low,52,88157.79
SME_0390,2024-10-01,662.0,13,8.5,,False,0.0,True,False,,28.0,Technology,Midlands,Low,52,88157.79
SME_0390,2024-11-01,659.0,14,10.0,-1.0,False,0.0,True,False,,29.0,Technology,Midlands,Low,52,88157.79
SME_0390,2024-12-01,667.0,13,12.0,0.0,True,0.0,True,False,,30.0,Technology,Midlands,Low,52,88157.79
SME_0390,2025-01-01,666.0,10,13.333333333333334,4.0,False,0.0,True,False,,31.0,Technology,Midlands,Low,52,88157.79
SME_0390,2025-02-01,664.0,8,12.333333333333334,5.0,False,0.0,True,False,,32.0,Technology,Midlands,Low,52,88157.79
SME_0390,2025-03-01,671.0,11,10.333333333333334,4.0,False,0.0,True,False,,33.0,Technology,Midlands,Low,52,88157.79
SME_0390,2025-04-01,668.0,8,9.666666666666666,2.0,False,0.0,True,False,,34.0,Technology,Midlands,Low,52,88157.79
SME_0390,2025-05-01,648.0,9,9.0,-16.0,False,0.0,True,False,,35.0,Technology,Midlands,Low,52,88157.79
SME_0390,2025-06-01,650.0,16,9.333333333333334,-21.0,False,0.0,True,False,,36.0,Technology,Midlands,Low,52,88157.79
SME_0390,2025-07-01,643.0,12,11.0,-25.0,False,0.0,True,False,,37.0,Technology,Midlands,Low,52,88157.79
SME_0390,2025-08-01,639.0,12,12.333333333333334,-9.0,False,0.0,True,False,,38.0,Technology,Midlands,Low,52,88157.79
SME_0390,2025-09-01,647.0,10,13.333333333333334,-3.0,False,0.0,True,False,,39.0,Technology,Midlands,Low,52,88157.79
SME_0390,2025-10-01,649.0,12,11.333333333333334,6.0,True,36249.66,True,False,,40.0,Technology,Midlands,Low,52,88157.79
SME_0390,2025-11-01,644.0,11,11.333333333333334,5.0,False,0.0,True,False,,41.0,Technology,Midlands,Low,52,88157.79
SME_0390,2025-12-01,631.0,10,11.0,-16.0,False,0.0,True,False,,42.0,Technology,Midlands,Low,52,88157.79
SME_0390,2026-01-01,635.0,17,11.0,-14.0,False,0.0,True,False,,43.0,Technology,Midlands,Low,52,88157.79
SME_0391,2024-08-01,570.0,10,,,False,0.0,True,False,,14.0,Services,North West,Medium,58,386346.93
SME_0391,2024-09-01,554.0,5,10.0,,False,0.0,True,False,,15.0,Services,North West,Medium,58,386346.93
SME_0391,2024-10-01,582.0,10,7.5,,False,0.0,True,False,,16.0,Services,North West,Medium,58,386346.93
SME_0391,2024-11-01,565.0,8,8.333333333333334,-5.0,False,0.0,True,False,,17.0,Services,North West,Medium,58,386346.93
SME_0391,2024-12-01,563.0,9,7.666666666666667,9.0,True,0.0,True,False,,18.0,Services,North West,Medium,58,386346.93
SME_0391,2025-01-01,545.0,11,9.0,-37.0,False,0.0,True,False,,19.0,Services,North West,Medium,58,386346.93
SME_0391,2025-02-01,542.0,5,9.333333333333334,-23.0,False,0.0,True,False,,20.0,Services,North West,Medium,58,386346.93
SME_0391,2025-03-01,539.0,7,8.333333333333334,-24.0,False,0.0,True,False,,21.0,Services,North West,Medium,58,386346.93
SME_0391,2025-04-01,543.0,2,7.666666666666667,-2.0,False,0.0,True,False,,22.0,Services,North West,Medium,58,386346.93
SME_0391,2025-05-01,546.0,5,4.666666666666667,4.0,True,0.0,True,False,,23.0,Services,North West,Medium,58,386346.93
SME_0391,2025-06-01,530.0,6,4.666666666666667,-9.0,False,0.0,True,False,,24.0,Services,North West,Medium,58,386346.93
SME_0391,2025-07-01,532.0,8,4.333333333333333,-11.0,False,0.0,True,False,,25.0,Services,North West,Medium,58,386346.93
SME_0391,2025-08-01,497.0,6,6.333333333333333,-49.0,False,0.0,True,False,,26.0,Services,North West,Medium,58,386346.93
SME_0391,2025-09-01,508.0,3,6.666666666666667,-22.0,False,0.0,True,False,,27.0,Services,North West,Medium,58,386346.93
SME_0391,2025-10-01,524.0,6,5.666666666666667,-8.0,False,0.0,True,False,,28.0,Services,North West,Medium,58,386346.93
SME_0391,2025-11-01,520.0,6,5.0,23.0,False,0.0,True,False,,29.0,Services,North West,Medium,58,386346.93
SME_0391,2025-12-01,515.0,10,5.0,7.0,True,0.0,True,False,,30.0,Services,North West,Medium,58,386346.93
SME_0391,2026-01-01,539.0,7,7.333333333333333,15.0,False,0.0,True,False,,31.0,Services,North West,Medium,58,386346.93
SME_0392,2024-08-01,608.0,8,,,False,0.0,True,False,,19.0,Retail,Scotland,Low,84,184532.13
SME_0392,2024-09-01,602.0,9,8.0,,False,0.0,True,False,,20.0,Retail,Scotland,Low,84,184532.13
SME_0392,2024-10-01,591.0,13,8.5,,False,0.0,True,False,,21.0,Retail,Scotland,Low,84,184532.13
SME_0392,2024-11-01,582.0,11,10.0,-26.0,False,0.0,True,False,,22.0,Retail,Scotland,Low,84,184532.13
SME_0392,2024-12-01,564.0,8,11.0,-38.0,False,0.0,True,False,,23.0,Retail,Scotland,Low,84,184532.13
SME_0392,2025-01-01,570.0,9,10.666666666666666,-21.0,False,0.0,True,False,,24.0,Retail,Scotland,Low,84,184532.13
SME_0392,2025-02-01,586.0,9,9.333333333333334,4.0,False,0.0,True,False,,25.0,Retail,Scotland,Low,84,184532.13
SME_0392,2025-03-01,569.0,8,8.666666666666666,5.0,False,0.0,True,False,,26.0,Retail,Scotland,Low,84,184532.13
SME_0392,2025-04-01,571.0,13,8.666666666666666,1.0,False,0.0,True,False,,27.0,Retail,Scotland,Low,84,184532.13
SME_0392,2025-05-01,555.0,14,10.0,-31.0,False,0.0,True,False,,28.0,Retail,Scotland,Low,84,184532.13
SME_0392,2025-06-01,597.0,15,11.666666666666666,28.0,True,0.0,True,False,,29.0,Retail,Scotland,Low,84,184532.13
SME_0392,2025-07-01,610.0,11,14.0,39.0,False,0.0,True,False,,30.0,Retail,Scotland,Low,84,184532.13
SME_0392,2025-08-01,592.0,9,13.333333333333334,37.0,False,0.0,True,False,,31.0,Retail,Scotland,Low,84,184532.13
SME_0392,2025-09-01,583.0,9,11.666666666666666,-14.0,False,0.0,True,False,,32.0,Retail,Scotland,Low,84,184532.13
SME_0392,2025-10-01,592.0,9,9.666666666666666,-18.0,False,0.0,True,False,,33.0,Retail,Scotland,Low,84,184532.13
SME_0392,2025-11-01,583.0,6,9.0,-9.0,True,19850.7,True,False,,34.0,Retail,Scotland,Low,84,184532.13
SME_0392,2025-12-01,598.0,17,8.0,15.0,False,0.0,True,False,,35.0,Retail,Scotland,Low,84,184532.13
SME_0392,2026-01-01,602.0,13,10.666666666666666,10.0,False,0.0,True,False,,36.0,Retail,Scotland,Low,84,184532.13
SME_0393,2024-08-01,592.0,13,,,False,0.0,True,False,,10.0,Services,Scotland,Medium,52,541473.52
SME_0393,2024-09-01,591.0,10,13.0,,False,0.0,True,False,,11.0,Services,Scotland,Medium,52,541473.52
SME_0393,2024-10-01,600.0,11,11.5,,True,0.0,True,False,,12.0,Services,Scotland,Medium,52,541473.52
SME_0393,2024-11-01,597.0,11,11.333333333333334,5.0,True,52538.02,True,False,,13.0,Services,Scotland,Medium,52,541473.52
SME_0393,2024-12-01,601.0,12,10.666666666666666,10.0,False,0.0,True,False,,14.0,Services,Scotland,Medium,52,541473.52
SME_0393,2025-01-01,595.0,12,11.333333333333334,-5.0,True,0.0,True,False,,15.0,Services,Scotland,Medium,52,541473.52
SME_0393,2025-02-01,606.0,8,11.666666666666666,9.0,True,0.0,True,False,,16.0,Services,Scotland,Medium,52,541473.52
SME_0393,2025-03-01,587.0,15,10.666666666666666,-14.0,False,0.0,True,False,,17.0,Services,Scotland,Medium,52,541473.52
SME_0393,2025-04-01,587.0,12,11.666666666666666,-8.0,False,0.0,True,False,,18.0,Services,Scotland,Medium,52,541473.52
SME_0393,2025-05-01,593.0,14,11.666666666666666,-13.0,False,0.0,True,False,,19.0,Services,Scotland,Medium,52,541473.52
SME_0393,2025-06-01,624.0,9,13.666666666666666,37.0,False,0.0,True,False,,20.0,Services,Scotland,Medium,52,541473.52
SME_0393,2025-07-01,606.0,11,11.666666666666666,19.0,False,0.0,True,False,,21.0,Services,Scotland,Medium,52,541473.52
SME_0393,2025-08-01,617.0,8,11.333333333333334,24.0,False,0.0,True,False,,22.0,Services,Scotland,Medium,52,541473.52
SME_0393,2025-09-01,619.0,18,9.333333333333334,-5.0,True,0.0,True,False,,23.0,Services,Scotland,Medium,52,541473.52
SME_0393,2025-10-01,602.0,10,12.333333333333334,-4.0,True,31492.81,True,False,,24.0,Services,Scotland,Medium,52,541473.52
SME_0393,2025-11-01,624.0,11,12.0,7.0,False,0.0,True,False,,25.0,Services,Scotland,Medium,52,541473.52
SME_0393,2025-12-01,614.0,13,13.0,-5.0,False,0.0,True,False,,26.0,Services,Scotland,Medium,52,541473.52
SME_0393,2026-01-01,630.0,10,11.333333333333334,28.0,False,0.0,True,False,,27.0,Services,Scotland,Medium,52,541473.52
SME_0394,2024-08-01,511.0,6,,,False,0.0,True,False,,14.0,Services,London,Medium,151,294246.4
SME_0394,2024-09-01,476.0,9,6.0,,False,0.0,True,False,,15.0,Services,London,Medium,151,294246.4
SME_0394,2024-10-01,474.0,3,7.5,,False,0.0,True,False,,16.0,Services,London,Medium,151,294246.4
SME_0394,2024-11-01,462.0,9,6.0,-49.0,False,0.0,True,False,,17.0,Services,London,Medium,151,294246.4
SME_0394,2024-12-01,476.0,8,7.0,0.0,False,0.0,True,False,,18.0,Services,London,Medium,151,294246.4
SME_0394,2025-01-01,497.0,5,6.666666666666667,23.0,False,0.0,True,False,,19.0,Services,London,Medium,151,294246.4
SME_0394,2025-02-01,512.0,4,7.333333333333333,50.0,False,0.0,True,False,,20.0,Services,London,Medium,151,294246.4
SME_0394,2025-03-01,500.0,9,5.666666666666667,24.0,False,0.0,True,False,,21.0,Services,London,Medium,151,294246.4
SME_0394,2025-04-01,491.0,4,6.0,-6.0,False,0.0,True,False,,22.0,Services,London,Medium,151,294246.4
SME_0394,2025-05-01,516.0,8,5.666666666666667,4.0,False,0.0,True,False,,23.0,Services,London,Medium,151,294246.4
SME_0394,2025-06-01,518.0,5,7.0,18.0,True,0.0,True,False,,24.0,Services,London,Medium,151,294246.4
SME_0394,2025-07-01,522.0,6,5.666666666666667,31.0,False,0.0,True,False,,25.0,Services,London,Medium,151,294246.4
SME_0394,2025-08-01,541.0,6,6.333333333333333,25.0,False,0.0,True,False,,26.0,Services,London,Medium,151,294246.4
SME_0394,2025-09-01,533.0,4,5.666666666666667,15.0,False,0.0,True,False,,27.0,Services,London,Medium,151,294246.4
SME_0394,2025-10-01,538.0,12,5.333333333333333,16.0,False,0.0,True,False,,28.0,Services,London,Medium,151,294246.4
SME_0394,2025-11-01,546.0,7,7.333333333333333,5.0,False,0.0,True,False,,29.0,Services,London,Medium,151,294246.4
SME_0394,2025-12-01,542.0,1,7.666666666666667,9.0,False,0.0,True,False,,30.0,Services,London,Medium,151,294246.4
SME_0394,2026-01-01,527.0,7,6.666666666666667,-11.0,False,0.0,True,False,,31.0,Services,London,Medium,151,294246.4
SME_0395,2024-08-01,422.0,2,,,False,0.0,True,True,13.0,13.0,Retail,Unknown,High,21,361907.85
SME_0395,2024-09-01,428.0,1,2.0,,False,0.0,True,True,12.0,14.0,Retail,Unknown,High,21,361907.85
SME_0395,2024-10-01,429.0,3,1.5,,False,0.0,True,True,11.0,15.0,Retail,Unknown,High,21,361907.85
SME_0395,2024-11-01,437.0,2,2.0,15.0,False,0.0,True,True,10.0,16.0,Retail,Unknown,High,21,361907.85
SME_0395,2024-12-01,424.0,2,2.0,-4.0,False,0.0,True,True,9.0,17.0,Retail,Unknown,High,21,361907.85
SME_0395,2025-01-01,414.0,5,2.3333333333333335,-15.0,True,0.0,True,True,8.0,18.0,Retail,Unknown,High,21,361907.85
SME_0395,2025-02-01,405.0,2,3.0,-32.0,True,0.0,True,True,7.0,19.0,Retail,Unknown,High,21,361907.85
SME_0395,2025-03-01,400.0,5,3.0,-24.0,True,0.0,True,True,6.0,20.0,Retail,Unknown,High,21,361907.85
SME_0395,2025-04-01,424.0,5,4.0,10.0,True,0.0,True,True,5.0,21.0,Retail,Unknown,High,21,361907.85
SME_0395,2025-05-01,416.0,3,4.0,11.0,False,0.0,True,True,4.0,22.0,Retail,Unknown,High,21,361907.85
SME_0395,2025-06-01,405.0,1,4.333333333333333,5.0,False,0.0,True,True,3.0,23.0,Retail,Unknown,High,21,361907.85
SME_0395,2025-07-01,410.0,1,3.0,-14.0,False,0.0,True,True,2.0,24.0,Retail,Unknown,High,21,361907.85
SME_0395,2025-08-01,424.0,2,1.6666666666666667,8.0,False,0.0,True,True,1.0,25.0,Retail,Unknown,High,21,361907.85
SME_0395,2025-09-01,424.0,0,1.3333333333333333,19.0,False,0.0,False,True,0.0,26.0,Retail,Unknown,High,21,361907.85
SME_0395,2025-10-01,424.0,0,1.0,14.0,False,0.0,False,True,-1.0,27.0,Retail,Unknown,High,21,361907.85
SME_0395,2025-11-01,424.0,0,0.6666666666666666,0.0,False,0.0,False,True,-2.0,28.0,Retail,Unknown,High,21,361907.85
SME_0395,2025-12-01,424.0,0,0.0,0.0,False,0.0,False,True,-3.0,29.0,Retail,Unknown,High,21,361907.85
SME_0395,2026-01-01,424.0,0,0.0,0.0,False,0.0,False,True,-4.0,30.0,Retail,Unknown,High,21,361907.85
SME_0396,2024-08-01,659.0,12,,,False,0.0,True,True,9.0,3.0,Manufacturing,North West,Medium,165,888721.34
SME_0396,2024-09-01,648.0,11,12.0,,False,0.0,True,True,8.0,4.0,Manufacturing,North West,Medium,165,888721.34
SME_0396,2024-10-01,638.0,10,11.5,,False,0.0,True,True,7.0,5.0,Manufacturing,North West,Medium,165,888721.34
SME_0396,2024-11-01,643.0,12,11.0,-16.0,False,0.0,True,True,6.0,6.0,Manufacturing,North West,Medium,165,888721.34
SME_0396,2024-12-01,633.0,17,11.0,-15.0,False,0.0,True,True,5.0,7.0,Manufacturing,North West,Medium,165,888721.34
SME_0396,2025-01-01,623.0,13,13.0,-15.0,False,0.0,True,True,4.0,8.0,Manufacturing,North West,Medium,165,888721.34
SME_0396,2025-02-01,605.0,6,14.0,-38.0,False,0.0,True,True,3.0,9.0,Manufacturing,North West,Medium,165,888721.34
SME_0396,2025-03-01,610.0,15,12.0,-23.0,False,0.0,True,True,2.0,10.0,Manufacturing,North West,Medium,165,888721.34
SME_0396,2025-04-01,585.0,15,11.333333333333334,-38.0,False,0.0,True,True,1.0,11.0,Manufacturing,North West,Medium,165,888721.34
SME_0396,2025-05-01,585.0,0,12.0,-20.0,False,0.0,False,True,0.0,12.0,Manufacturing,North West,Medium,165,888721.34
SME_0396,2025-06-01,585.0,0,10.0,-25.0,False,0.0,False,True,-1.0,13.0,Manufacturing,North West,Medium,165,888721.34
SME_0396,2025-07-01,585.0,0,5.0,0.0,False,0.0,False,True,-2.0,14.0,Manufacturing,North West,Medium,165,888721.34
SME_0396,2025-08-01,585.0,0,0.0,0.0,False,0.0,False,True,-3.0,15.0,Manufacturing,North West,Medium,165,888721.34
SME_0396,2025-09-01,585.0,0,0.0,0.0,False,0.0,False,True,-4.0,16.0,Manufacturing,North West,Medium,165,888721.34
SME_0396,2025-10-01,585.0,0,0.0,0.0,False,0.0,False,True,-5.0,17.0,Manufacturing,North West,Medium,165,888721.34
SME_0396,2025-11-01,585.0,0,0.0,0.0,False,0.0,False,True,-6.0,18.0,Manufacturing,North West,Medium,165,888721.34
SME_0396,2025-12-01,585.0,0,0.0,0.0,False,0.0,False,True,-7.0,19.0,Manufacturing,North West,Medium,165,888721.34
SME_0396,2026-01-01,585.0,0,0.0,0.0,False,0.0,False,True,-8.0,20.0,Manufacturing,North West,Medium,165,888721.34
SME_0397,2024-08-01,635.0,15,,,True,47124.71,True,False,,28.0,Technology,South East,Medium,70,399951.29
SME_0397,2024-09-01,649.0,8,15.0,,False,0.0,True,False,,30.0,Technology,South East,Medium,70,399951.29
SME_0397,2024-10-01,621.0,10,11.5,,False,0.0,True,False,,30.0,Technology,South East,Medium,70,399951.29
SME_0397,2024-11-01,629.0,9,11.0,-6.0,False,0.0,True,False,,32.0,Technology,South East,Medium,70,399951.29
SME_0397,2024-12-01,642.0,13,9.0,-7.0,True,0.0,True,False,,32.0,Technology,South East,Medium,70,399951.29
SME_0397,2025-01-01,621.0,12,10.666666666666666,0.0,True,0.0,True,False,,34.0,Technology,South East,Medium,70,399951.29
SME_0397,2025-02-01,598.0,7,11.333333333333334,-31.0,False,0.0,True,False,,35.0,Technology,South East,Medium,70,399951.29
SME_0397,2025-03-01,617.0,16,10.666666666666666,-25.0,False,0.0,True,False,,35.0,Technology,South East,Medium,70,399951.29
SME_0397,2025-04-01,624.0,4,11.666666666666666,3.0,False,0.0,True,False,,36.0,Technology,South East,Medium,70,399951.29
SME_0397,2025-05-01,624.0,17,9.0,26.0,False,0.0,True,False,,37.0,Technology,South East,Medium,70,399951.29
SME_0397,2025-06-01,615.0,13,12.333333333333334,-2.0,False,0.0,True,False,,38.0,Technology,South East,Medium,70,399951.29
SME_0397,2025-07-01,614.0,7,11.333333333333334,-10.0,False,0.0,True,False,,39.0,Technology,South East,Medium,70,399951.29
SME_0397,2025-08-01,624.0,4,12.333333333333334,0.0,False,0.0,True,False,,40.0,Technology,South East,Medium,70,399951.29
SME_0397,2025-09-01,608.0,10,8.0,-7.0,False,0.0,True,False,,41.0,Technology,South East,Medium,70,399951.29
SME_0397,2025-10-01,606.0,15,7.0,-8.0,False,0.0,True,False,,42.0,Technology,South East,Medium,70,399951.29
SME_0397,2025-11-01,607.0,12,9.666666666666666,-17.0,False,0.0,True,False,,43.0,Technology,South East,Medium,70,399951.29
SME_0397,2025-12-01,633.0,8,12.333333333333334,25.0,False,0.0,True,False,,44.0,Technology,South East,Medium,70,399951.29
SME_0397,2026-01-01,627.0,4,11.666666666666666,21.0,True,13140.51,True,False,,45.0,Technology,South East,Medium,70,399951.29
SME_0398,2024-08-01,600.0,7,,,False,0.0,True,False,,6.0,Manufacturing,North West,Medium,112,817230.98
SME_0398,2024-09-01,591.0,8,7.0,,False,0.0,True,False,,7.0,Manufacturing,North West,Medium,112,817230.98
SME_0398,2024-10-01,584.0,12,7.5,,False,0.0,True,False,,8.0,Manufacturing,North West,Medium,112,817230.98
SME_0398,2024-11-01,589.0,11,9.0,-11.0,False,0.0,True,False,,9.0,Manufacturing,North West,Medium,112,817230.98
SME_0398,2024-12-01,599.0,14,10.333333333333334,8.0,False,0.0,True,False,,10.0,Manufacturing,North West,Medium,112,817230.98
SME_0398,2025-01-01,596.0,10,12.333333333333334,12.0,True,54676.01,True,False,,11.0,Manufacturing,North West,Medium,112,817230.98
SME_0398,2025-02-01,617.0,6,11.666666666666666,28.0,False,0.0,True,False,,12.0,Manufacturing,North West,Medium,112,817230.98
SME_0398,2025-03-01,646.0,12,10.0,47.0,False,0.0,True,False,,13.0,Manufacturing,North West,Medium,112,817230.98
SME_0398,2025-04-01,633.0,16,9.333333333333334,37.0,False,0.0,True,False,,14.0,Manufacturing,North West,Medium,112,817230.98
SME_0398,2025-05-01,634.0,7,11.333333333333334,17.0,False,0.0,True,False,,15.0,Manufacturing,North West,Medium,112,817230.98
SME_0398,2025-06-01,615.0,5,11.666666666666666,-31.0,False,0.0,True,False,,16.0,Manufacturing,North West,Medium,112,817230.98
SME_0398,2025-07-01,614.0,9,9.333333333333334,-19.0,False,0.0,True,False,,17.0,Manufacturing,North West,Medium,112,817230.98
SME_0398,2025-08-01,603.0,9,7.0,-31.0,False,0.0,True,False,,18.0,Manufacturing,North West,Medium,112,817230.98
SME_0398,2025-09-01,604.0,10,7.666666666666667,-11.0,False,0.0,True,False,,19.0,Manufacturing,North West,Medium,112,817230.98
SME_0398,2025-10-01,591.0,20,9.333333333333334,-23.0,True,0.0,True,False,,20.0,Manufacturing,North West,Medium,112,817230.98
SME_0398,2025-11-01,601.0,10,13.0,-2.0,False,0.0,True,False,,21.0,Manufacturing,North West,Medium,112,817230.98
SME_0398,2025-12-01,603.0,11,13.333333333333334,-1.0,True,0.0,True,False,,22.0,Manufacturing,North West,Medium,112,817230.98
SME_0398,2026-01-01,611.0,12,13.666666666666666,20.0,False,0.0,True,False,,23.0,Manufacturing,North West,Medium,112,817230.98
SME_0399,2024-08-01,591.0,11,,,False,0.0,True,False,,14.0,Manufacturing,Midlands,Low,32,48250.09
SME_0399,2024-09-01,583.0,8,11.0,,False,0.0,True,False,,15.0,Manufacturing,Midlands,Low,32,48250.09
SME_0399,2024-10-01,594.0,8,9.5,,False,0.0,True,False,,16.0,Manufacturing,Midlands,Low,32,48250.09
SME_0399,2024-11-01,585.0,10,9.0,-6.0,False,0.0,True,False,,17.0,Manufacturing,Midlands,Low,32,48250.09
SME_0399,2024-12-01,572.0,8,8.666666666666666,-11.0,False,0.0,True,False,,18.0,Manufacturing,Midlands,Low,32,48250.09
SME_0399,2025-01-01,593.0,8,8.666666666666666,-1.0,True,0.0,True,False,,19.0,Manufacturing,Midlands,Low,32,48250.09
SME_0399,2025-02-01,595.0,14,8.666666666666666,10.0,False,0.0,True,False,,20.0,Manufacturing,Midlands,Low,32,48250.09
SME_0399,2025-03-01,588.0,6,10.0,16.0,False,0.0,True,False,,21.0,Manufacturing,Midlands,Low,32,48250.09
SME_0399,2025-04-01,576.0,13,9.333333333333334,-17.0,False,0.0,True,False,,22.0,Manufacturing,Midlands,Low,32,48250.09
SME_0399,2025-05-01,597.0,12,11.0,2.0,True,50270.83,True,False,,23.0,Manufacturing,Midlands,Low,32,48250.09
SME_0399,2025-06-01,602.0,8,10.333333333333334,14.0,False,0.0,True,False,,24.0,Manufacturing,Midlands,Low,32,48250.09
SME_0399,2025-07-01,598.0,14,11.0,22.0,False,0.0,True,False,,25.0,Manufacturing,Midlands,Low,32,48250.09
SME_0399,2025-08-01,616.0,11,11.333333333333334,19.0,False,0.0,True,False,,26.0,Manufacturing,Midlands,Low,32,48250.09
SME_0399,2025-09-01,623.0,5,11.0,21.0,False,0.0,True,False,,27.0,Manufacturing,Midlands,Low,32,48250.09
SME_0399,2025-10-01,635.0,15,10.0,37.0,False,0.0,True,False,,28.0,Manufacturing,Midlands,Low,32,48250.09
SME_0399,2025-11-01,634.0,10,10.333333333333334,18.0,False,0.0,True,False,,29.0,Manufacturing,Midlands,Low,32,48250.09
SME_0399,2025-12-01,644.0,7,10.0,21.0,False,0.0,True,False,,30.0,Manufacturing,Midlands,Low,32,48250.09
SME_0399,2026-01-01,619.0,11,10.666666666666666,-16.0,False,0.0,True,False,,31.0,Manufacturing,Midlands,Low,32,48250.09
SME_0400,2024-08-01,624.0,7,,,False,0.0,True,True,6.0,8.0,Manufacturing,London,Medium,77,1201855.02
SME_0400,2024-09-01,611.0,9,7.0,,False,0.0,True,True,5.0,9.0,Manufacturing,London,Medium,77,1201855.02
SME_0400,2024-10-01,633.0,14,8.0,,False,0.0,True,True,4.0,10.0,Manufacturing,London,Medium,77,1201855.02
SME_0400,2024-11-01,615.0,16,10.0,-9.0,False,0.0,True,True,3.0,11.0,Manufacturing,London,Medium,77,1201855.02
SME_0400,2024-12-01,594.0,17,13.0,-17.0,True,0.0,True,True,2.0,12.0,Manufacturing,London,Medium,77,1201855.02
SME_0400,2025-01-01,572.0,13,15.666666666666666,-61.0,True,18243.74,True,True,1.0,13.0,Manufacturing,London,Medium,77,1201855.02
SME_0400,2025-02-01,572.0,0,15.333333333333334,-43.0,False,0.0,False,True,0.0,14.0,Manufacturing,London,Medium,77,1201855.02
SME_0400,2025-03-01,572.0,0,10.0,-22.0,False,0.0,False,True,-1.0,15.0,Manufacturing,London,Medium,77,1201855.02
SME_0400,2025-04-01,572.0,0,4.333333333333333,0.0,False,0.0,False,True,-2.0,16.0,Manufacturing,London,Medium,77,1201855.02
SME_0400,2025-05-01,572.0,0,0.0,0.0,False,0.0,False,True,-3.0,17.0,Manufacturing,London,Medium,77,1201855.02
SME_0400,2025-06-01,572.0,0,0.0,0.0,False,0.0,False,True,-4.0,18.0,Manufacturing,London,Medium,77,1201855.02
SME_0400,2025-07-01,572.0,0,0.0,0.0,False,0.0,False,True,-5.0,19.0,Manufacturing,London,Medium,77,1201855.02
SME_0400,2025-08-01,572.0,0,0.0,0.0,False,0.0,False,True,-6.0,20.0,Manufacturing,London,Medium,77,1201855.02
SME_0400,2025-09-01,572.0,0,0.0,0.0,False,0.0,False,True,-7.0,21.0,Manufacturing,London,Medium,77,1201855.02
SME_0400,2025-10-01,572.0,0,0.0,0.0,False,0.0,False,True,-8.0,22.0,Manufacturing,London,Medium,77,1201855.02
SME_0400,2025-11-01,572.0,0,0.0,0.0,False,0.0,False,True,-9.0,23.0,Manufacturing,London,Medium,77,1201855.02
SME_0400,2025-12-01,572.0,0,0.0,0.0,False,0.0,False,True,-10.0,24.0,Manufacturing,London,Medium,77,1201855.02
SME_0400,2026-01-01,572.0,0,0.0,0.0,False,0.0,False,True,-11.0,25.0,Manufacturing,London,Medium,77,1201855.02
SME_0401,2024-08-01,662.0,10,,,False,0.0,True,False,,7.0,Manufacturing,London,Low,151,521611.68
SME_0401,2024-09-01,668.0,13,10.0,,True,58279.51,True,False,,8.0,Manufacturing,London,Low,151,521611.68
SME_0401,2024-10-01,686.0,6,11.5,,False,0.0,True,False,,9.0,Manufacturing,London,Low,151,521611.68
SME_0401,2024-11-01,677.0,10,9.666666666666666,15.0,False,0.0,True,False,,10.0,Manufacturing,London,Low,151,521611.68
SME_0401,2024-12-01,673.0,12,9.666666666666666,5.0,False,0.0,True,False,,11.0,Manufacturing,London,Low,151,521611.68
SME_0401,2025-01-01,692.0,11,9.333333333333334,6.0,True,0.0,True,False,,12.0,Manufacturing,London,Low,151,521611.68
SME_0401,2025-02-01,684.0,17,11.0,7.0,False,0.0,True,False,,13.0,Manufacturing,London,Low,151,521611.68
SME_0401,2025-03-01,692.0,16,13.333333333333334,19.0,False,0.0,True,False,,14.0,Manufacturing,London,Low,151,521611.68
SME_0401,2025-04-01,716.0,14,14.666666666666666,24.0,False,0.0,True,False,,15.0,Manufacturing,London,Low,151,521611.68
SME_0401,2025-05-01,701.0,17,15.666666666666666,17.0,False,0.0,True,False,,16.0,Manufacturing,London,Low,151,521611.68
SME_0401,2025-06-01,706.0,14,15.666666666666666,14.0,True,34228.55,True,False,,17.0,Manufacturing,London,Low,151,521611.68
SME_0401,2025-07-01,714.0,14,15.0,-2.0,False,0.0,True,False,,18.0,Manufacturing,London,Low,151,521611.68
SME_0401,2025-08-01,721.0,14,15.0,20.0,False,0.0,True,False,,19.0,Manufacturing,London,Low,151,521611.68
SME_0401,2025-09-01,722.0,19,14.0,16.0,False,0.0,True,False,,20.0,Manufacturing,London,Low,151,521611.68
SME_0401,2025-10-01,731.0,15,15.666666666666666,17.0,False,0.0,True,False,,21.0,Manufacturing,London,Low,151,521611.68
SME_0401,2025-11-01,717.0,14,16.0,-4.0,False,0.0,True,False,,22.0,Manufacturing,London,Low,151,521611.68
SME_0401,2025-12-01,714.0,16,16.0,-8.0,False,0.0,True,False,,23.0,Manufacturing,London,Low,151,521611.68
SME_0401,2026-01-01,711.0,8,15.0,-20.0,False,0.0,True,False,,24.0,Manufacturing,London,Low,151,521611.68
SME_0402,2024-08-01,584.0,8,,,True,26224.36,True,False,,14.0,Healthcare,Midlands,Medium,54,765535.4
SME_0402,2024-09-01,597.0,12,8.0,,False,0.0,True,False,,15.0,Healthcare,Midlands,Medium,54,765535.4
SME_0402,2024-10-01,607.0,9,10.0,,False,0.0,True,False,,16.0,Healthcare,Midlands,Medium,54,765535.4
SME_0402,2024-11-01,595.0,10,9.666666666666666,11.0,False,0.0,True,False,,17.0,Healthcare,Midlands,Medium,54,765535.4
SME_0402,2024-12-01,615.0,14,10.333333333333334,18.0,False,0.0,True,False,,18.0,Healthcare,Midlands,Medium,54,765535.4
SME_0402,2025-01-01,620.0,8,11.0,13.0,False,0.0,True,False,,19.0,Healthcare,Midlands,Medium,54,765535.4
SME_0402,2025-02-01,594.0,9,10.666666666666666,-1.0,False,0.0,True,False,,20.0,Healthcare,Midlands,Medium,54,765535.4
SME_0402,2025-03-01,597.0,11,10.333333333333334,-18.0,False,0.0,True,False,,21.0,Healthcare,Midlands,Medium,54,765535.4
SME_0402,2025-04-01,607.0,9,9.333333333333334,-13.0,False,0.0,True,False,,22.0,Healthcare,Midlands,Medium,54,765535.4
SME_0402,2025-05-01,596.0,9,9.666666666666666,2.0,True,31142.14,True,False,,23.0,Healthcare,Midlands,Medium,54,765535.4
SME_0402,2025-06-01,606.0,3,9.666666666666666,9.0,False,0.0,True,False,,24.0,Healthcare,Midlands,Medium,54,765535.4
SME_0402,2025-07-01,606.0,14,7.0,-1.0,False,0.0,True,False,,25.0,Healthcare,Midlands,Medium,54,765535.4
SME_0402,2025-08-01,606.0,9,8.666666666666666,10.0,False,0.0,True,False,,26.0,Healthcare,Midlands,Medium,54,765535.4
SME_0402,2025-09-01,602.0,14,8.666666666666666,-4.0,False,0.0,True,False,,27.0,Healthcare,Midlands,Medium,54,765535.4
SME_0402,2025-10-01,588.0,16,12.333333333333334,-18.0,False,0.0,True,False,,28.0,Healthcare,Midlands,Medium,54,765535.4
SME_0402,2025-11-01,572.0,11,13.0,-34.0,False,0.0,True,False,,29.0,Healthcare,Midlands,Medium,54,765535.4
SME_0402,2025-12-01,571.0,7,13.666666666666666,-31.0,True,0.0,True,False,,30.0,Healthcare,Midlands,Medium,54,765535.4
SME_0402,2026-01-01,571.0,9,11.333333333333334,-17.0,False,0.0,True,False,,31.0,Healthcare,Midlands,Medium,54,765535.4
SME_0403,2024-08-01,503.0,3,,,False,0.0,True,False,,33.0,Technology,Scotland,Medium,27,106243.08
SME_0403,2024-09-01,505.0,7,3.0,,False,0.0,True,False,,34.0,Technology,Scotland,Medium,27,106243.08
SME_0403,2024-10-01,514.0,8,5.0,,False,0.0,True,False,,35.0,Technology,Scotland,Medium,27,106243.08
SME_0403,2024-11-01,499.0,8,6.0,-4.0,False,0.0,True,False,,36.0,Technology,Scotland,Medium,27,106243.08
SME_0403,2024-12-01,485.0,5,7.666666666666667,-20.0,False,0.0,True,False,,37.0,Technology,Scotland,Medium,27,106243.08
SME_0403,2025-01-01,520.0,4,7.0,6.0,False,0.0,True,False,,38.0,Technology,Scotland,Medium,27,106243.08
SME_0403,2025-02-01,509.0,5,5.666666666666667,10.0,False,0.0,True,False,,39.0,Technology,Scotland,Medium,27,106243.08
SME_0403,2025-03-01,507.0,4,4.666666666666667,22.0,False,0.0,True,False,,40.0,Technology,Scotland,Medium,27,106243.08
SME_0403,2025-04-01,502.0,7,4.333333333333333,-18.0,False,0.0,True,False,,41.0,Technology,Scotland,Medium,27,106243.08
SME_0403,2025-05-01,515.0,3,5.333333333333333,6.0,False,0.0,True,False,,42.0,Technology,Scotland,Medium,27,106243.08
SME_0403,2025-06-01,494.0,7,4.666666666666667,-13.0,False,0.0,True,False,,43.0,Technology,Scotland,Medium,27,106243.08
SME_0403,2025-07-01,490.0,1,5.666666666666667,-12.0,False,0.0,True,False,,44.0,Technology,Scotland,Medium,27,106243.08
SME_0403,2025-08-01,505.0,6,3.6666666666666665,-10.0,False,0.0,True,False,,45.0,Technology,Scotland,Medium,27,106243.08
SME_0403,2025-09-01,506.0,7,4.666666666666667,12.0,False,0.0,True,False,,46.0,Technology,Scotland,Medium,27,106243.08
SME_0403,2025-10-01,507.0,6,4.666666666666667,17.0,False,0.0,True,False,,47.0,Technology,Scotland,Medium,27,106243.08
SME_0403,2025-11-01,511.0,3,6.333333333333333,6.0,False,0.0,True,False,,48.0,Technology,Scotland,Medium,27,106243.08
SME_0403,2025-12-01,512.0,7,5.333333333333333,6.0,False,0.0,True,False,,49.0,Technology,Scotland,Medium,27,106243.08
SME_0403,2026-01-01,512.0,6,5.333333333333333,5.0,False,0.0,True,False,,50.0,Technology,Scotland,Medium,27,106243.08
SME_0404,2024-08-01,478.0,12,,,True,0.0,True,False,,34.0,Retail,South East,Medium,104,132472.38
SME_0404,2024-09-01,468.0,4,12.0,,False,0.0,True,False,,35.0,Retail,South East,Medium,104,132472.38
SME_0404,2024-10-01,464.0,6,8.0,,False,0.0,True,False,,36.0,Retail,South East,Medium,104,132472.38
SME_0404,2024-11-01,462.0,8,7.333333333333333,-16.0,False,0.0,True,False,,37.0,Retail,South East,Medium,104,132472.38
SME_0404,2024-12-01,470.0,7,6.0,2.0,True,0.0,True,False,,38.0,Retail,South East,Medium,104,132472.38
SME_0404,2025-01-01,475.0,6,7.0,11.0,False,0.0,True,False,,39.0,Retail,South East,Medium,104,132472.38
SME_0404,2025-02-01,471.0,6,7.0,9.0,False,0.0,True,False,,40.0,Retail,South East,Medium,104,132472.38
SME_0404,2025-03-01,476.0,6,6.333333333333333,6.0,False,0.0,True,False,,41.0,Retail,South East,Medium,104,132472.38
SME_0404,2025-04-01,481.0,2,6.0,6.0,False,0.0,True,False,,42.0,Retail,South East,Medium,104,132472.38
SME_0404,2025-05-01,501.0,8,4.666666666666667,30.0,False,0.0,True,False,,43.0,Retail,South East,Medium,104,132472.38
SME_0404,2025-06-01,488.0,4,5.333333333333333,12.0,False,0.0,True,False,,44.0,Retail,South East,Medium,104,132472.38
SME_0404,2025-07-01,497.0,5,4.666666666666667,16.0,False,0.0,True,False,,45.0,Retail,South East,Medium,104,132472.38
SME_0404,2025-08-01,500.0,6,5.666666666666667,-1.0,False,0.0,True,False,,46.0,Retail,South East,Medium,104,132472.38
SME_0404,2025-09-01,507.0,4,5.0,19.0,False,0.0,True,False,,47.0,Retail,South East,Medium,104,132472.38
SME_0404,2025-10-01,519.0,6,5.0,22.0,False,0.0,True,False,,48.0,Retail,South East,Medium,104,132472.38
SME_0404,2025-11-01,514.0,7,5.333333333333333,14.0,False,0.0,True,False,,49.0,Retail,South East,Medium,104,132472.38
SME_0404,2025-12-01,510.0,4,5.666666666666667,3.0,False,0.0,True,False,,50.0,Retail,South East,Medium,104,132472.38
SME_0404,2026-01-01,514.0,5,5.666666666666667,-5.0,False,0.0,True,False,,51.0,Retail,South East,Medium,104,132472.38
SME_0405,2024-08-01,662.0,14,,,False,0.0,True,False,,14.0,Healthcare,South East,Medium,33,413628.93
SME_0405,2024-09-01,641.0,16,14.0,,False,0.0,True,False,,15.0,Healthcare,South East,Medium,33,413628.93
SME_0405,2024-10-01,644.0,8,15.0,,False,0.0,True,False,,16.0,Healthcare,South East,Medium,33,413628.93
SME_0405,2024-11-01,659.0,16,12.666666666666666,-3.0,False,0.0,True,False,,17.0,Healthcare,South East,Medium,33,413628.93
SME_0405,2024-12-01,662.0,10,13.333333333333334,21.0,False,0.0,True,False,,18.0,Healthcare,South East,Medium,33,413628.93
SME_0405,2025-01-01,671.0,10,11.333333333333334,27.0,False,0.0,True,False,,19.0,Healthcare,South East,Medium,33,413628.93
SME_0405,2025-02-01,668.0,10,12.0,9.0,False,0.0,True,False,,20.0,Healthcare,South East,Medium,33,413628.93
SME_0405,2025-03-01,677.0,10,10.0,15.0,False,0.0,True,False,,21.0,Healthcare,South East,Medium,33,413628.93
SME_0405,2025-04-01,692.0,11,10.0,21.0,True,0.0,True,False,,22.0,Healthcare,South East,Medium,33,413628.93
SME_0405,2025-05-01,707.0,14,10.333333333333334,39.0,False,0.0,True,False,,23.0,Healthcare,South East,Medium,33,413628.93
SME_0405,2025-06-01,697.0,12,11.666666666666666,20.0,False,0.0,True,False,,24.0,Healthcare,South East,Medium,33,413628.93
SME_0405,2025-07-01,697.0,13,12.333333333333334,5.0,False,0.0,True,False,,25.0,Healthcare,South East,Medium,33,413628.93
SME_0405,2025-08-01,688.0,11,13.0,-19.0,False,0.0,True,False,,26.0,Healthcare,South East,Medium,33,413628.93
SME_0405,2025-09-01,681.0,18,12.0,-16.0,False,0.0,True,False,,27.0,Healthcare,South East,Medium,33,413628.93
SME_0405,2025-10-01,684.0,12,14.0,-13.0,True,39275.93,True,False,,28.0,Healthcare,South East,Medium,33,413628.93
SME_0405,2025-11-01,684.0,11,13.666666666666666,-4.0,False,0.0,True,False,,29.0,Healthcare,South East,Medium,33,413628.93
SME_0405,2025-12-01,694.0,16,13.666666666666666,13.0,False,0.0,True,False,,30.0,Healthcare,South East,Medium,33,413628.93
SME_0405,2026-01-01,675.0,9,13.0,-9.0,True,24091.57,True,False,,31.0,Healthcare,South East,Medium,33,413628.93
SME_0406,2024-08-01,702.0,12,,,False,0.0,True,False,,19.0,Healthcare,London,Low,63,403650.09
SME_0406,2024-09-01,700.0,13,12.0,,False,0.0,True,False,,20.0,Healthcare,London,Low,63,403650.09
SME_0406,2024-10-01,706.0,13,12.5,,True,50497.52,True,False,,21.0,Healthcare,London,Low,63,403650.09
SME_0406,2024-11-01,706.0,17,12.666666666666666,4.0,False,0.0,True,False,,22.0,Healthcare,London,Low,63,403650.09
SME_0406,2024-12-01,693.0,5,14.333333333333334,-7.0,True,0.0,True,False,,23.0,Healthcare,London,Low,63,403650.09
SME_0406,2025-01-01,716.0,14,11.666666666666666,10.0,False,0.0,True,False,,24.0,Healthcare,London,Low,63,403650.09
SME_0406,2025-02-01,738.0,10,12.0,32.0,True,18097.06,True,False,,25.0,Healthcare,London,Low,63,403650.09
SME_0406,2025-03-01,737.0,21,9.666666666666666,44.0,False,0.0,True,False,,26.0,Healthcare,London,Low,63,403650.09
SME_0406,2025-04-01,749.0,14,15.0,33.0,False,0.0,True,False,,27.0,Healthcare,London,Low,63,403650.09
SME_0406,2025-05-01,755.0,12,15.0,17.0,False,0.0,True,False,,28.0,Healthcare,London,Low,63,403650.09
SME_0406,2025-06-01,743.0,18,15.666666666666666,6.0,False,0.0,True,False,,29.0,Healthcare,London,Low,63,403650.09
SME_0406,2025-07-01,740.0,11,14.666666666666666,-9.0,True,32309.65,True,False,,30.0,Healthcare,London,Low,63,403650.09
SME_0406,2025-08-01,742.0,16,13.666666666666666,-13.0,False,0.0,True,False,,31.0,Healthcare,London,Low,63,403650.09
SME_0406,2025-09-01,747.0,13,15.0,4.0,True,73909.63,True,False,,32.0,Healthcare,London,Low,63,403650.09
SME_0406,2025-10-01,730.0,14,13.333333333333334,-10.0,False,0.0,True,False,,33.0,Healthcare,London,Low,63,403650.09
SME_0406,2025-11-01,717.0,14,14.333333333333334,-25.0,False,0.0,True,False,,34.0,Healthcare,London,Low,63,403650.09
SME_0406,2025-12-01,714.0,17,13.666666666666666,-33.0,False,0.0,True,False,,35.0,Healthcare,London,Low,63,403650.09
SME_0406,2026-01-01,714.0,21,15.0,-16.0,True,18674.74,True,False,,36.0,Healthcare,London,Low,63,403650.09
SME_0407,2024-08-01,584.0,5,,,False,0.0,True,False,,36.0,Manufacturing,Unknown,Medium,90,389519.58
SME_0407,2024-09-01,585.0,5,5.0,,False,0.0,True,False,,37.0,Manufacturing,Unknown,Medium,90,389519.58
SME_0407,2024-10-01,588.0,10,5.0,,False,0.0,True,False,,38.0,Manufacturing,Unknown,Medium,90,389519.58
SME_0407,2024-11-01,582.0,9,6.666666666666667,-2.0,False,0.0,True,False,,39.0,Manufacturing,Unknown,Medium,90,389519.58
SME_0407,2024-12-01,573.0,7,8.0,-12.0,False,0.0,True,False,,40.0,Manufacturing,Unknown,Medium,90,389519.58
SME_0407,2025-01-01,583.0,3,8.666666666666666,-5.0,False,0.0,True,False,,41.0,Manufacturing,Unknown,Medium,90,389519.58
SME_0407,2025-02-01,571.0,9,6.333333333333333,-11.0,False,0.0,True,False,,42.0,Manufacturing,Unknown,Medium,90,389519.58
SME_0407,2025-03-01,570.0,15,6.333333333333333,-3.0,False,0.0,True,False,,43.0,Manufacturing,Unknown,Medium,90,389519.58
SME_0407,2025-04-01,583.0,7,9.0,0.0,False,0.0,True,False,,44.0,Manufacturing,Unknown,Medium,90,389519.58
SME_0407,2025-05-01,575.0,7,10.333333333333334,4.0,False,0.0,True,False,,45.0,Manufacturing,Unknown,Medium,90,389519.58
SME_0407,2025-06-01,588.0,11,9.666666666666666,18.0,False,0.0,True,False,,46.0,Manufacturing,Unknown,Medium,90,389519.58
SME_0407,2025-07-01,587.0,4,8.333333333333334,4.0,False,0.0,True,False,,47.0,Manufacturing,Unknown,Medium,90,389519.58
SME_0407,2025-08-01,617.0,8,7.333333333333333,42.0,False,0.0,True,False,,48.0,Manufacturing,Unknown,Medium,90,389519.58
SME_0407,2025-09-01,596.0,9,7.666666666666667,8.0,False,0.0,True,False,,49.0,Manufacturing,Unknown,Medium,90,389519.58
SME_0407,2025-10-01,592.0,3,7.0,5.0,False,0.0,True,False,,50.0,Manufacturing,Unknown,Medium,90,389519.58
SME_0407,2025-11-01,572.0,6,6.666666666666667,-45.0,False,0.0,True,False,,51.0,Manufacturing,Unknown,Medium,90,389519.58
SME_0407,2025-12-01,579.0,1,6.0,-17.0,False,0.0,True,False,,52.0,Manufacturing,Unknown,Medium,90,389519.58
SME_0407,2026-01-01,583.0,5,3.3333333333333335,-9.0,False,0.0,True,False,,53.0,Manufacturing,Unknown,Medium,90,389519.58
SME_0408,2024-08-01,455.0,3,,,False,0.0,True,False,,9.0,Technology,Midlands,High,113,550879.47
SME_0408,2024-09-01,447.0,3,3.0,,False,0.0,True,False,,10.0,Technology,Midlands,High,113,550879.47
SME_0408,2024-10-01,420.0,7,3.0,,False,0.0,True,False,,11.0,Technology,Midlands,High,113,550879.47
SME_0408,2024-11-01,434.0,7,4.333333333333333,-21.0,False,0.0,True,False,,12.0,Technology,Midlands,High,113,550879.47
SME_0408,2024-12-01,435.0,1,5.666666666666667,-12.0,False,0.0,True,False,,13.0,Technology,Midlands,High,113,550879.47
SME_0408,2025-01-01,434.0,4,5.0,14.0,False,0.0,True,False,,14.0,Technology,Midlands,High,113,550879.47
SME_0408,2025-02-01,453.0,2,4.0,19.0,False,0.0,True,False,,15.0,Technology,Midlands,High,113,550879.47
SME_0408,2025-03-01,446.0,4,2.3333333333333335,11.0,False,0.0,True,False,,16.0,Technology,Midlands,High,113,550879.47
SME_0408,2025-04-01,466.0,6,3.3333333333333335,32.0,False,0.0,True,False,,17.0,Technology,Midlands,High,113,550879.47
SME_0408,2025-05-01,475.0,9,4.0,22.0,False,0.0,True,False,,18.0,Technology,Midlands,High,113,550879.47
SME_0408,2025-06-01,479.0,2,6.333333333333333,33.0,False,0.0,True,False,,19.0,Technology,Midlands,High,113,550879.47
SME_0408,2025-07-01,468.0,6,5.666666666666667,2.0,False,0.0,True,False,,20.0,Technology,Midlands,High,113,550879.47
SME_0408,2025-08-01,460.0,3,5.666666666666667,-15.0,False,0.0,True,False,,21.0,Technology,Midlands,High,113,550879.47
SME_0408,2025-09-01,455.0,2,3.6666666666666665,-24.0,False,0.0,True,False,,22.0,Technology,Midlands,High,113,550879.47
SME_0408,2025-10-01,451.0,2,3.6666666666666665,-17.0,False,0.0,True,False,,23.0,Technology,Midlands,High,113,550879.47
SME_0408,2025-11-01,445.0,3,2.3333333333333335,-15.0,False,0.0,True,False,,24.0,Technology,Midlands,High,113,550879.47
SME_0408,2025-12-01,427.0,3,2.3333333333333335,-28.0,False,0.0,True,False,,25.0,Technology,Midlands,High,113,550879.47
SME_0408,2026-01-01,440.0,1,2.6666666666666665,-11.0,False,0.0,True,False,,26.0,Technology,Midlands,High,113,550879.47
SME_0409,2024-08-01,475.0,2,,,False,0.0,True,False,,34.0,Retail,London,High,128,57056.6
SME_0409,2024-09-01,451.0,4,2.0,,False,0.0,True,False,,35.0,Retail,London,High,128,57056.6
SME_0409,2024-10-01,452.0,0,3.0,,False,0.0,True,False,,36.0,Retail,London,High,128,57056.6
SME_0409,2024-11-01,453.0,2,2.0,-22.0,True,0.0,True,False,,37.0,Retail,London,High,128,57056.6
SME_0409,2024-12-01,444.0,3,2.0,-7.0,False,0.0,True,False,,38.0,Retail,London,High,128,57056.6
SME_0409,2025-01-01,429.0,4,1.6666666666666667,-23.0,False,0.0,True,False,,39.0,Retail,London,High,128,57056.6
SME_0409,2025-02-01,439.0,6,3.0,-14.0,False,0.0,True,False,,40.0,Retail,London,High,128,57056.6
SME_0409,2025-03-01,453.0,8,4.333333333333333,9.0,False,0.0,True,False,,41.0,Retail,London,High,128,57056.6
SME_0409,2025-04-01,475.0,5,6.0,46.0,False,0.0,True,False,,42.0,Retail,London,High,128,57056.6
SME_0409,2025-05-01,478.0,4,6.333333333333333,39.0,False,0.0,True,False,,43.0,Retail,London,High,128,57056.6
SME_0409,2025-06-01,484.0,5,5.666666666666667,31.0,False,0.0,True,False,,44.0,Retail,London,High,128,57056.6
SME_0409,2025-07-01,498.0,2,4.666666666666667,23.0,False,0.0,True,False,,45.0,Retail,London,High,128,57056.6
SME_0409,2025-08-01,485.0,4,3.6666666666666665,7.0,False,0.0,True,False,,46.0,Retail,London,High,128,57056.6
SME_0409,2025-09-01,475.0,7,3.6666666666666665,-9.0,False,0.0,True,False,,47.0,Retail,London,High,128,57056.6
SME_0409,2025-10-01,466.0,3,4.333333333333333,-32.0,False,0.0,True,False,,48.0,Retail,London,High,128,57056.6
SME_0409,2025-11-01,474.0,5,4.666666666666667,-11.0,False,0.0,True,False,,49.0,Retail,London,High,128,57056.6
SME_0409,2025-12-01,469.0,3,5.0,-6.0,False,0.0,True,False,,50.0,Retail,London,High,128,57056.6
SME_0409,2026-01-01,468.0,2,3.6666666666666665,2.0,False,0.0,True,False,,51.0,Retail,London,High,128,57056.6
SME_0410,2024-08-01,645.0,14,,,False,0.0,True,False,,5.0,Healthcare,Scotland,Low,135,767855.19
SME_0410,2024-09-01,626.0,11,14.0,,False,0.0,True,False,,6.0,Healthcare,Scotland,Low,135,767855.19
SME_0410,2024-10-01,623.0,15,12.5,,False,0.0,True,False,,7.0,Healthcare,Scotland,Low,135,767855.19
SME_0410,2024-11-01,613.0,18,13.333333333333334,-32.0,True,0.0,True,False,,8.0,Healthcare,Scotland,Low,135,767855.19
SME_0410,2024-12-01,615.0,15,14.666666666666666,-11.0,False,0.0,True,False,,9.0,Healthcare,Scotland,Low,135,767855.19
SME_0410,2025-01-01,609.0,10,16.0,-14.0,False,0.0,True,False,,10.0,Healthcare,Scotland,Low,135,767855.19
SME_0410,2025-02-01,594.0,10,14.333333333333334,-19.0,False,0.0,True,False,,11.0,Healthcare,Scotland,Low,135,767855.19
SME_0410,2025-03-01,608.0,12,11.666666666666666,-7.0,False,0.0,True,False,,12.0,Healthcare,Scotland,Low,135,767855.19
SME_0410,2025-04-01,635.0,15,10.666666666666666,26.0,False,0.0,True,False,,13.0,Healthcare,Scotland,Low,135,767855.19
SME_0410,2025-05-01,635.0,18,12.333333333333334,41.0,False,0.0,True,False,,14.0,Healthcare,Scotland,Low,135,767855.19
SME_0410,2025-06-01,631.0,10,15.0,23.0,False,0.0,True,False,,15.0,Healthcare,Scotland,Low,135,767855.19
SME_0410,2025-07-01,637.0,10,14.333333333333334,2.0,False,0.0,True,False,,16.0,Healthcare,Scotland,Low,135,767855.19
SME_0410,2025-08-01,620.0,8,12.666666666666666,-15.0,False,0.0,True,False,,17.0,Healthcare,Scotland,Low,135,767855.19
SME_0410,2025-09-01,609.0,8,9.333333333333334,-22.0,False,0.0,True,False,,18.0,Healthcare,Scotland,Low,135,767855.19
SME_0410,2025-10-01,601.0,7,8.666666666666666,-36.0,False,0.0,True,False,,19.0,Healthcare,Scotland,Low,135,767855.19
SME_0410,2025-11-01,615.0,13,7.666666666666667,-5.0,True,0.0,True,False,,20.0,Healthcare,Scotland,Low,135,767855.19
SME_0410,2025-12-01,626.0,12,9.333333333333334,17.0,False,0.0,True,False,,21.0,Healthcare,Scotland,Low,135,767855.19
SME_0410,2026-01-01,621.0,9,10.666666666666666,20.0,False,0.0,True,False,,22.0,Healthcare,Scotland,Low,135,767855.19
SME_0411,2024-08-01,608.0,13,,,False,0.0,True,False,,9.0,Services,London,Medium,169,345434.36
SME_0411,2024-09-01,613.0,8,13.0,,False,0.0,True,False,,10.0,Services,London,Medium,169,345434.36
SME_0411,2024-10-01,617.0,10,10.5,,True,17599.42,True,False,,11.0,Services,London,Medium,169,345434.36
SME_0411,2024-11-01,604.0,7,10.333333333333334,-4.0,False,0.0,True,False,,12.0,Services,London,Medium,169,345434.36
SME_0411,2024-12-01,603.0,10,8.333333333333334,-10.0,True,45467.24,True,False,,13.0,Services,London,Medium,169,345434.36
SME_0411,2025-01-01,595.0,12,9.0,-22.0,True,0.0,True,False,,14.0,Services,London,Medium,169,345434.36
SME_0411,2025-02-01,618.0,7,9.666666666666666,14.0,False,0.0,True,False,,15.0,Services,London,Medium,169,345434.36
SME_0411,2025-03-01,627.0,7,9.666666666666666,24.0,False,0.0,True,False,,16.0,Services,London,Medium,169,345434.36
SME_0411,2025-04-01,611.0,8,8.666666666666666,16.0,False,0.0,True,False,,17.0,Services,London,Medium,169,345434.36
SME_0411,2025-05-01,612.0,10,7.333333333333333,-6.0,False,0.0,True,False,,18.0,Services,London,Medium,169,345434.36
SME_0411,2025-06-01,633.0,13,8.333333333333334,6.0,False,0.0,True,False,,19.0,Services,London,Medium,169,345434.36
SME_0411,2025-07-01,639.0,8,10.333333333333334,28.0,False,0.0,True,False,,20.0,Services,London,Medium,169,345434.36
SME_0411,2025-08-01,645.0,10,10.333333333333334,33.0,True,0.0,True,False,,21.0,Services,London,Medium,169,345434.36
SME_0411,2025-09-01,646.0,8,10.333333333333334,13.0,False,0.0,True,False,,22.0,Services,London,Medium,169,345434.36
SME_0411,2025-10-01,629.0,17,8.666666666666666,-10.0,True,37349.94,True,False,,23.0,Services,London,Medium,169,345434.36
SME_0411,2025-11-01,631.0,14,11.666666666666666,-14.0,False,0.0,True,False,,24.0,Services,London,Medium,169,345434.36
SME_0411,2025-12-01,599.0,10,13.0,-47.0,False,0.0,True,False,,25.0,Services,London,Medium,169,345434.36
SME_0411,2026-01-01,608.0,13,13.666666666666666,-21.0,False,0.0,True,False,,26.0,Services,London,Medium,169,345434.36
SME_0412,2024-08-01,575.0,8,,,False,0.0,True,False,,13.0,Services,Midlands,Medium,14,265558.71
SME_0412,2024-09-01,558.0,8,8.0,,False,0.0,True,False,,14.0,Services,Midlands,Medium,14,265558.71
SME_0412,2024-10-01,580.0,5,8.0,,False,0.0,True,False,,15.0,Services,Midlands,Medium,14,265558.71
SME_0412,2024-11-01,552.0,14,7.0,-23.0,False,0.0,True,False,,16.0,Services,Midlands,Medium,14,265558.71
SME_0412,2024-12-01,559.0,9,9.0,1.0,False,0.0,True,False,,17.0,Services,Midlands,Medium,14,265558.71
SME_0412,2025-01-01,586.0,13,9.333333333333334,6.0,True,0.0,True,False,,18.0,Services,Midlands,Medium,14,265558.71
SME_0412,2025-02-01,601.0,11,12.0,49.0,False,0.0,True,False,,19.0,Services,Midlands,Medium,14,265558.71
SME_0412,2025-03-01,601.0,8,11.0,42.0,False,0.0,True,False,,20.0,Services,Midlands,Medium,14,265558.71
SME_0412,2025-04-01,608.0,12,10.666666666666666,22.0,False,0.0,True,False,,21.0,Services,Midlands,Medium,14,265558.71
SME_0412,2025-05-01,596.0,9,10.333333333333334,-5.0,True,0.0,True,False,,22.0,Services,Midlands,Medium,14,265558.71
SME_0412,2025-06-01,608.0,6,9.666666666666666,7.0,False,0.0,True,False,,23.0,Services,Midlands,Medium,14,265558.71
SME_0412,2025-07-01,590.0,10,9.0,-18.0,False,0.0,True,False,,24.0,Services,Midlands,Medium,14,265558.71
SME_0412,2025-08-01,595.0,11,8.333333333333334,-1.0,False,0.0,True,False,,25.0,Services,Midlands,Medium,14,265558.71
SME_0412,2025-09-01,580.0,6,9.0,-28.0,True,11831.28,True,False,,26.0,Services,Midlands,Medium,14,265558.71
SME_0412,2025-10-01,583.0,12,9.0,-7.0,False,0.0,True,False,,27.0,Services,Midlands,Medium,14,265558.71
SME_0412,2025-11-01,582.0,12,9.666666666666666,-13.0,False,0.0,True,False,,28.0,Services,Midlands,Medium,14,265558.71
SME_0412,2025-12-01,579.0,6,10.0,-1.0,False,0.0,True,False,,29.0,Services,Midlands,Medium,14,265558.71
SME_0412,2026-01-01,581.0,11,10.0,-2.0,False,0.0,True,False,,30.0,Services,Midlands,Medium,14,265558.71
SME_0413,2024-08-01,558.0,8,,,False,0.0,True,False,,2.0,Retail,Scotland,Medium,73,93656.0
SME_0413,2024-09-01,559.0,12,8.0,,False,0.0,True,False,,3.0,Retail,Scotland,Medium,73,93656.0
SME_0413,2024-10-01,578.0,10,10.0,,False,0.0,True,False,,4.0,Retail,Scotland,Medium,73,93656.0
SME_0413,2024-11-01,566.0,10,10.0,8.0,False,0.0,True,False,,5.0,Retail,Scotland,Medium,73,93656.0
SME_0413,2024-12-01,571.0,8,10.666666666666666,12.0,False,0.0,True,False,,6.0,Retail,Scotland,Medium,73,93656.0
SME_0413,2025-01-01,575.0,5,9.333333333333334,-3.0,False,0.0,True,False,,7.0,Retail,Scotland,Medium,73,93656.0
SME_0413,2025-02-01,594.0,14,7.666666666666667,28.0,False,0.0,True,False,,8.0,Retail,Scotland,Medium,73,93656.0
SME_0413,2025-03-01,606.0,7,9.0,35.0,True,0.0,True,False,,9.0,Retail,Scotland,Medium,73,93656.0
SME_0413,2025-04-01,605.0,9,8.666666666666666,30.0,False,0.0,True,False,,10.0,Retail,Scotland,Medium,73,93656.0
SME_0413,2025-05-01,564.0,4,10.0,-30.0,False,0.0,True,False,,11.0,Retail,Scotland,Medium,73,93656.0
SME_0413,2025-06-01,570.0,9,6.666666666666667,-36.0,False,0.0,True,False,,12.0,Retail,Scotland,Medium,73,93656.0
SME_0413,2025-07-01,571.0,9,7.333333333333333,-34.0,False,0.0,True,False,,13.0,Retail,Scotland,Medium,73,93656.0
SME_0413,2025-08-01,572.0,10,7.333333333333333,8.0,True,11743.99,True,False,,14.0,Retail,Scotland,Medium,73,93656.0
SME_0413,2025-09-01,567.0,7,9.333333333333334,-3.0,True,0.0,True,False,,15.0,Retail,Scotland,Medium,73,93656.0
SME_0413,2025-10-01,570.0,4,8.666666666666666,-1.0,False,0.0,True,False,,16.0,Retail,Scotland,Medium,73,93656.0
SME_0413,2025-11-01,574.0,3,7.0,2.0,False,0.0,True,False,,17.0,Retail,Scotland,Medium,73,93656.0
SME_0413,2025-12-01,572.0,12,4.666666666666667,5.0,False,0.0,True,False,,18.0,Retail,Scotland,Medium,73,93656.0
SME_0413,2026-01-01,567.0,3,6.333333333333333,-3.0,False,0.0,True,False,,19.0,Retail,Scotland,Medium,73,93656.0
SME_0414,2024-08-01,609.0,9,,,False,0.0,True,False,,30.0,Healthcare,Midlands,Medium,1,507086.49
SME_0414,2024-09-01,588.0,7,9.0,,False,0.0,True,False,,31.0,Healthcare,Midlands,Medium,1,507086.49
SME_0414,2024-10-01,616.0,9,8.0,,False,0.0,True,False,,32.0,Healthcare,Midlands,Medium,1,507086.49
SME_0414,2024-11-01,592.0,15,8.333333333333334,-17.0,False,0.0,True,False,,33.0,Healthcare,Midlands,Medium,1,507086.49
SME_0414,2024-12-01,598.0,11,10.333333333333334,10.0,False,0.0,True,False,,34.0,Healthcare,Midlands,Medium,1,507086.49
SME_0414,2025-01-01,597.0,12,11.666666666666666,-19.0,False,0.0,True,False,,35.0,Healthcare,Midlands,Medium,1,507086.49
SME_0414,2025-02-01,587.0,12,12.666666666666666,-5.0,False,0.0,True,False,,36.0,Healthcare,Midlands,Medium,1,507086.49
SME_0414,2025-03-01,591.0,11,11.666666666666666,-7.0,True,0.0,True,False,,37.0,Healthcare,Midlands,Medium,1,507086.49
SME_0414,2025-04-01,583.0,10,11.666666666666666,-14.0,False,0.0,True,False,,38.0,Healthcare,Midlands,Medium,1,507086.49
SME_0414,2025-05-01,590.0,13,11.0,3.0,True,0.0,True,False,,39.0,Healthcare,Midlands,Medium,1,507086.49
SME_0414,2025-06-01,596.0,12,11.333333333333334,5.0,False,0.0,True,False,,40.0,Healthcare,Midlands,Medium,1,507086.49
SME_0414,2025-07-01,589.0,12,11.666666666666666,6.0,False,0.0,True,False,,41.0,Healthcare,Midlands,Medium,1,507086.49
SME_0414,2025-08-01,579.0,11,12.333333333333334,-11.0,False,0.0,True,False,,42.0,Healthcare,Midlands,Medium,1,507086.49
SME_0414,2025-09-01,605.0,15,11.666666666666666,9.0,False,0.0,True,False,,43.0,Healthcare,Midlands,Medium,1,507086.49
SME_0414,2025-10-01,586.0,12,12.666666666666666,-3.0,False,0.0,True,False,,44.0,Healthcare,Midlands,Medium,1,507086.49
SME_0414,2025-11-01,596.0,10,12.666666666666666,17.0,False,0.0,True,False,,45.0,Healthcare,Midlands,Medium,1,507086.49
SME_0414,2025-12-01,610.0,14,12.333333333333334,5.0,False,0.0,True,False,,46.0,Healthcare,Midlands,Medium,1,507086.49
SME_0414,2026-01-01,595.0,16,12.0,9.0,False,0.0,True,False,,47.0,Healthcare,Midlands,Medium,1,507086.49
SME_0415,2024-08-01,616.0,9,,,False,0.0,True,False,,31.0,Retail,Scotland,Low,2,48556.52
SME_0415,2024-09-01,614.0,10,9.0,,True,8862.31,True,False,,32.0,Retail,Scotland,Low,2,48556.52
SME_0415,2024-10-01,615.0,10,9.5,,False,0.0,True,False,,33.0,Retail,Scotland,Low,2,48556.52
SME_0415,2024-11-01,614.0,9,9.666666666666666,-2.0,True,0.0,True,False,,34.0,Retail,Scotland,Low,2,48556.52
SME_0415,2024-12-01,616.0,12,9.666666666666666,2.0,False,0.0,True,False,,35.0,Retail,Scotland,Low,2,48556.52
SME_0415,2025-01-01,592.0,11,10.333333333333334,-23.0,False,0.0,True,False,,36.0,Retail,Scotland,Low,2,48556.52
SME_0415,2025-02-01,588.0,5,10.666666666666666,-26.0,False,0.0,True,False,,37.0,Retail,Scotland,Low,2,48556.52
SME_0415,2025-03-01,601.0,8,9.333333333333334,-15.0,False,0.0,True,False,,38.0,Retail,Scotland,Low,2,48556.52
SME_0415,2025-04-01,595.0,11,8.0,3.0,False,0.0,True,False,,39.0,Retail,Scotland,Low,2,48556.52
SME_0415,2025-05-01,604.0,11,8.0,16.0,False,0.0,True,False,,40.0,Retail,Scotland,Low,2,48556.52
SME_0415,2025-06-01,599.0,12,10.0,-2.0,False,0.0,True,False,,41.0,Retail,Scotland,Low,2,48556.52
SME_0415,2025-07-01,589.0,16,11.333333333333334,-6.0,False,0.0,True,False,,42.0,Retail,Scotland,Low,2,48556.52
SME_0415,2025-08-01,581.0,8,13.0,-23.0,False,0.0,True,False,,43.0,Retail,Scotland,Low,2,48556.52
SME_0415,2025-09-01,593.0,9,12.0,-6.0,False,0.0,True,False,,44.0,Retail,Scotland,Low,2,48556.52
SME_0415,2025-10-01,600.0,10,11.0,11.0,False,0.0,True,False,,45.0,Retail,Scotland,Low,2,48556.52
SME_0415,2025-11-01,613.0,14,9.0,32.0,False,0.0,True,False,,46.0,Retail,Scotland,Low,2,48556.52
SME_0415,2025-12-01,608.0,13,11.0,15.0,False,0.0,True,False,,47.0,Retail,Scotland,Low,2,48556.52
SME_0415,2026-01-01,602.0,10,12.333333333333334,2.0,False,0.0,True,False,,48.0,Retail,Scotland,Low,2,48556.52
SME_0416,2024-08-01,494.0,5,,,False,0.0,True,False,,14.0,Retail,Scotland,High,43,441504.99
SME_0416,2024-09-01,494.0,8,5.0,,False,0.0,True,False,,15.0,Retail,Scotland,High,43,441504.99
SME_0416,2024-10-01,511.0,7,6.5,,False,0.0,True,False,,16.0,Retail,Scotland,High,43,441504.99
SME_0416,2024-11-01,503.0,11,6.666666666666667,9.0,False,0.0,True,False,,17.0,Retail,Scotland,High,43,441504.99
SME_0416,2024-12-01,518.0,7,8.666666666666666,24.0,False,0.0,True,False,,18.0,Retail,Scotland,High,43,441504.99
SME_0416,2025-01-01,524.0,5,8.333333333333334,13.0,False,0.0,True,False,,19.0,Retail,Scotland,High,43,441504.99
SME_0416,2025-02-01,514.0,1,7.666666666666667,11.0,False,0.0,True,False,,20.0,Retail,Scotland,High,43,441504.99
SME_0416,2025-03-01,513.0,6,4.333333333333333,-5.0,False,0.0,True,False,,21.0,Retail,Scotland,High,43,441504.99
SME_0416,2025-04-01,538.0,9,4.0,14.0,False,0.0,True,False,,22.0,Retail,Scotland,High,43,441504.99
SME_0416,2025-05-01,532.0,5,5.333333333333333,18.0,False,0.0,True,False,,23.0,Retail,Scotland,High,43,441504.99
SME_0416,2025-06-01,534.0,4,6.666666666666667,21.0,False,0.0,True,False,,24.0,Retail,Scotland,High,43,441504.99
SME_0416,2025-07-01,527.0,6,6.0,-11.0,False,0.0,True,False,,25.0,Retail,Scotland,High,43,441504.99
SME_0416,2025-08-01,498.0,7,5.0,-34.0,False,0.0,True,False,,26.0,Retail,Scotland,High,43,441504.99
SME_0416,2025-09-01,478.0,0,5.666666666666667,-56.0,False,0.0,True,False,,27.0,Retail,Scotland,High,43,441504.99
SME_0416,2025-10-01,495.0,4,4.333333333333333,-32.0,False,0.0,True,False,,28.0,Retail,Scotland,High,43,441504.99
SME_0416,2025-11-01,501.0,4,3.6666666666666665,3.0,False,0.0,True,False,,29.0,Retail,Scotland,High,43,441504.99
SME_0416,2025-12-01,498.0,7,2.6666666666666665,20.0,False,0.0,True,False,,30.0,Retail,Scotland,High,43,441504.99
SME_0416,2026-01-01,499.0,4,5.0,4.0,True,0.0,True,False,,31.0,Retail,Scotland,High,43,441504.99
SME_0417,2024-08-01,520.0,5,,,False,0.0,True,False,,30.0,Retail,North West,High,120,82519.44
SME_0417,2024-09-01,488.0,3,5.0,,False,0.0,True,False,,31.0,Retail,North West,High,120,82519.44
SME_0417,2024-10-01,485.0,9,4.0,,False,0.0,True,False,,32.0,Retail,North West,High,120,82519.44
SME_0417,2024-11-01,471.0,5,5.666666666666667,-49.0,False,0.0,True,False,,33.0,Retail,North West,High,120,82519.44
SME_0417,2024-12-01,470.0,6,5.666666666666667,-18.0,True,0.0,True,False,,34.0,Retail,North West,High,120,82519.44
SME_0417,2025-01-01,479.0,10,6.666666666666667,-6.0,True,0.0,True,False,,35.0,Retail,North West,High,120,82519.44
SME_0417,2025-02-01,460.0,3,7.0,-11.0,False,0.0,True,False,,36.0,Retail,North West,High,120,82519.44
SME_0417,2025-03-01,480.0,5,6.333333333333333,10.0,False,0.0,True,False,,37.0,Retail,North West,High,120,82519.44
SME_0417,2025-04-01,484.0,3,6.0,5.0,False,0.0,True,False,,38.0,Retail,North West,High,120,82519.44
SME_0417,2025-05-01,488.0,4,3.6666666666666665,28.0,False,0.0,True,False,,39.0,Retail,North West,High,120,82519.44
SME_0417,2025-06-01,516.0,8,4.0,36.0,False,0.0,True,False,,40.0,Retail,North West,High,120,82519.44
SME_0417,2025-07-01,518.0,5,5.0,34.0,False,0.0,True,False,,41.0,Retail,North West,High,120,82519.44
SME_0417,2025-08-01,517.0,6,5.666666666666667,29.0,False,0.0,True,False,,42.0,Retail,North West,High,120,82519.44
SME_0417,2025-09-01,513.0,8,6.333333333333333,-3.0,False,0.0,True,False,,43.0,Retail,North West,High,120,82519.44
SME_0417,2025-10-01,498.0,2,6.333333333333333,-20.0,False,0.0,True,False,,44.0,Retail,North West,High,120,82519.44
SME_0417,2025-11-01,485.0,9,5.333333333333333,-32.0,False,0.0,True,False,,45.0,Retail,North West,High,120,82519.44
SME_0417,2025-12-01,497.0,3,6.333333333333333,-16.0,False,0.0,True,False,,46.0,Retail,North West,High,120,82519.44
SME_0417,2026-01-01,495.0,6,4.666666666666667,-3.0,False,0.0,True,False,,47.0,Retail,North West,High,120,82519.44
SME_0418,2024-08-01,708.0,17,,,False,0.0,True,False,,28.0,Technology,London,Low,179,423851.0
SME_0418,2024-09-01,721.0,22,17.0,,False,0.0,True,False,,29.0,Technology,London,Low,179,423851.0
SME_0418,2024-10-01,714.0,11,19.5,,True,73936.34,True,False,,30.0,Technology,London,Low,179,423851.0
SME_0418,2024-11-01,700.0,21,16.666666666666668,-8.0,True,44711.34,True,False,,31.0,Technology,London,Low,179,423851.0
SME_0418,2024-12-01,695.0,12,18.0,-26.0,False,0.0,True,False,,32.0,Technology,London,Low,179,423851.0
SME_0418,2025-01-01,690.0,17,14.666666666666666,-24.0,False,0.0,True,False,,33.0,Technology,London,Low,179,423851.0
SME_0418,2025-02-01,686.0,8,16.666666666666668,-14.0,False,0.0,True,False,,34.0,Technology,London,Low,179,423851.0
SME_0418,2025-03-01,672.0,22,12.333333333333334,-23.0,True,63740.66,True,False,,35.0,Technology,London,Low,179,423851.0
SME_0418,2025-04-01,652.0,21,15.666666666666666,-38.0,True,0.0,True,False,,36.0,Technology,London,Low,179,423851.0
SME_0418,2025-05-01,653.0,15,17.0,-33.0,True,0.0,True,False,,37.0,Technology,London,Low,179,423851.0
SME_0418,2025-06-01,639.0,9,19.333333333333332,-33.0,False,0.0,True,False,,38.0,Technology,London,Low,179,423851.0
SME_0418,2025-07-01,659.0,17,15.0,7.0,False,0.0,True,False,,39.0,Technology,London,Low,179,423851.0
SME_0418,2025-08-01,631.0,11,13.666666666666666,-22.0,True,13083.42,True,False,,40.0,Technology,London,Low,179,423851.0
SME_0418,2025-09-01,650.0,20,12.333333333333334,11.0,False,0.0,True,False,,41.0,Technology,London,Low,179,423851.0
SME_0418,2025-10-01,643.0,19,16.0,-16.0,False,0.0,True,False,,42.0,Technology,London,Low,179,423851.0
SME_0418,2025-11-01,668.0,12,16.666666666666668,37.0,False,0.0,True,False,,43.0,Technology,London,Low,179,423851.0
SME_0418,2025-12-01,668.0,12,17.0,18.0,True,0.0,True,False,,44.0,Technology,London,Low,179,423851.0
SME_0418,2026-01-01,656.0,17,14.333333333333334,13.0,False,0.0,True,False,,45.0,Technology,London,Low,179,423851.0
SME_0419,2024-08-01,469.0,7,,,False,0.0,True,True,11.0,29.0,Retail,London,High,154,225782.55
SME_0419,2024-09-01,459.0,6,7.0,,False,0.0,True,True,10.0,30.0,Retail,London,High,154,225782.55
SME_0419,2024-10-01,468.0,6,6.5,,False,0.0,True,True,9.0,31.0,Retail,London,High,154,225782.55
SME_0419,2024-11-01,476.0,5,6.333333333333333,7.0,False,0.0,True,True,8.0,32.0,Retail,London,High,154,225782.55
SME_0419,2024-12-01,477.0,4,5.666666666666667,18.0,False,0.0,True,True,7.0,33.0,Retail,London,High,154,225782.55
SME_0419,2025-01-01,481.0,2,5.0,13.0,True,0.0,True,True,6.0,34.0,Retail,London,High,154,225782.55
SME_0419,2025-02-01,473.0,4,3.6666666666666665,-3.0,False,0.0,True,True,5.0,35.0,Retail,London,High,154,225782.55
SME_0419,2025-03-01,492.0,2,3.3333333333333335,15.0,False,0.0,True,True,4.0,36.0,Retail,London,High,154,225782.55
SME_0419,2025-04-01,497.0,4,2.6666666666666665,16.0,False,0.0,True,True,3.0,37.0,Retail,London,High,154,225782.55
SME_0419,2025-05-01,515.0,5,3.3333333333333335,42.0,False,0.0,True,True,2.0,38.0,Retail,London,High,154,225782.55
SME_0419,2025-06-01,534.0,4,3.6666666666666665,42.0,False,0.0,True,True,1.0,39.0,Retail,London,High,154,225782.55
SME_0419,2025-07-01,534.0,0,4.333333333333333,37.0,False,0.0,False,True,0.0,40.0,Retail,London,High,154,225782.55
SME_0419,2025-08-01,534.0,0,3.0,19.0,False,0.0,False,True,-1.0,41.0,Retail,London,High,154,225782.55
SME_0419,2025-09-01,534.0,0,1.3333333333333333,0.0,False,0.0,False,True,-2.0,42.0,Retail,London,High,154,225782.55
SME_0419,2025-10-01,534.0,0,0.0,0.0,False,0.0,False,True,-3.0,43.0,Retail,London,High,154,225782.55
SME_0419,2025-11-01,534.0,0,0.0,0.0,False,0.0,False,True,-4.0,44.0,Retail,London,High,154,225782.55
SME_0419,2025-12-01,534.0,0,0.0,0.0,False,0.0,False,True,-5.0,45.0,Retail,London,High,154,225782.55
SME_0419,2026-01-01,534.0,0,0.0,0.0,False,0.0,False,True,-6.0,46.0,Retail,London,High,154,225782.55
SME_0420,2024-08-01,648.0,19,,,False,0.0,True,False,,29.0,Healthcare,Scotland,Low,129,1005285.0
SME_0420,2024-09-01,652.0,13,19.0,,False,0.0,True,False,,30.0,Healthcare,Scotland,Low,129,1005285.0
SME_0420,2024-10-01,650.0,21,16.0,,False,0.0,True,False,,31.0,Healthcare,Scotland,Low,129,1005285.0
SME_0420,2024-11-01,636.0,12,17.666666666666668,-12.0,False,0.0,True,False,,32.0,Healthcare,Scotland,Low,129,1005285.0
SME_0420,2024-12-01,624.0,14,15.333333333333334,-28.0,False,0.0,True,False,,33.0,Healthcare,Scotland,Low,129,1005285.0
SME_0420,2025-01-01,638.0,15,15.666666666666666,-12.0,True,0.0,True,False,,34.0,Healthcare,Scotland,Low,129,1005285.0
SME_0420,2025-02-01,651.0,12,13.666666666666666,15.0,False,0.0,True,False,,35.0,Healthcare,Scotland,Low,129,1005285.0
SME_0420,2025-03-01,658.0,14,13.666666666666666,34.0,True,47071.16,True,False,,36.0,Healthcare,Scotland,Low,129,1005285.0
SME_0420,2025-04-01,665.0,14,13.666666666666666,27.0,False,0.0,True,False,,37.0,Healthcare,Scotland,Low,129,1005285.0
SME_0420,2025-05-01,664.0,17,13.333333333333334,13.0,True,0.0,True,False,,38.0,Healthcare,Scotland,Low,129,1005285.0
SME_0420,2025-06-01,682.0,13,15.0,24.0,True,13210.83,True,False,,39.0,Healthcare,Scotland,Low,129,1005285.0
SME_0420,2025-07-01,689.0,15,14.666666666666666,24.0,True,6956.39,True,False,,40.0,Healthcare,Scotland,Low,129,1005285.0
SME_0420,2025-08-01,677.0,12,15.0,13.0,False,0.0,True,False,,41.0,Healthcare,Scotland,Low,129,1005285.0
SME_0420,2025-09-01,679.0,21,13.333333333333334,-3.0,False,0.0,True,False,,42.0,Healthcare,Scotland,Low,129,1005285.0
SME_0420,2025-10-01,675.0,12,16.0,-14.0,False,0.0,True,False,,43.0,Healthcare,Scotland,Low,129,1005285.0
SME_0420,2025-11-01,677.0,13,15.0,0.0,False,0.0,True,False,,44.0,Healthcare,Scotland,Low,129,1005285.0
SME_0420,2025-12-01,691.0,11,15.333333333333334,12.0,False,0.0,True,False,,45.0,Healthcare,Scotland,Low,129,1005285.0
SME_0420,2026-01-01,688.0,12,12.0,13.0,False,0.0,True,False,,46.0,Healthcare,Scotland,Low,129,1005285.0
SME_0421,2024-08-01,651.0,13,,,False,0.0,True,False,,21.0,Services,Midlands,Medium,155,318335.69
SME_0421,2024-09-01,650.0,9,13.0,,False,0.0,True,False,,22.0,Services,Midlands,Medium,155,318335.69
SME_0421,2024-10-01,647.0,13,11.0,,False,0.0,True,False,,23.0,Services,Midlands,Medium,155,318335.69
SME_0421,2024-11-01,662.0,12,11.666666666666666,11.0,False,0.0,True,False,,24.0,Services,Midlands,Medium,155,318335.69
SME_0421,2024-12-01,668.0,18,11.333333333333334,18.0,False,0.0,True,False,,25.0,Services,Midlands,Medium,155,318335.69
SME_0421,2025-01-01,683.0,11,14.333333333333334,36.0,False,0.0,True,False,,26.0,Services,Midlands,Medium,155,318335.69
SME_0421,2025-02-01,650.0,8,13.666666666666666,-12.0,False,0.0,True,False,,27.0,Services,Midlands,Medium,155,318335.69
SME_0421,2025-03-01,628.0,18,12.333333333333334,-40.0,False,0.0,True,False,,28.0,Services,Midlands,Medium,155,318335.69
SME_0421,2025-04-01,610.0,11,12.333333333333334,-73.0,False,0.0,True,False,,29.0,Services,Midlands,Medium,155,318335.69
SME_0421,2025-05-01,601.0,13,12.333333333333334,-49.0,False,0.0,True,False,,30.0,Services,Midlands,Medium,155,318335.69
SME_0421,2025-06-01,614.0,10,14.0,-14.0,False,0.0,True,False,,31.0,Services,Midlands,Medium,155,318335.69
SME_0421,2025-07-01,634.0,9,11.333333333333334,24.0,False,0.0,True,False,,32.0,Services,Midlands,Medium,155,318335.69
SME_0421,2025-08-01,664.0,7,10.666666666666666,63.0,False,0.0,True,False,,33.0,Services,Midlands,Medium,155,318335.69
SME_0421,2025-09-01,667.0,7,8.666666666666666,53.0,False,0.0,True,False,,34.0,Services,Midlands,Medium,155,318335.69
SME_0421,2025-10-01,656.0,14,7.666666666666667,22.0,False,0.0,True,False,,35.0,Services,Midlands,Medium,155,318335.69
SME_0421,2025-11-01,653.0,11,9.333333333333334,-11.0,False,0.0,True,False,,36.0,Services,Midlands,Medium,155,318335.69
SME_0421,2025-12-01,642.0,15,10.666666666666666,-25.0,False,0.0,True,False,,37.0,Services,Midlands,Medium,155,318335.69
SME_0421,2026-01-01,631.0,11,13.333333333333334,-25.0,True,62096.31,True,False,,38.0,Services,Midlands,Medium,155,318335.69
SME_0422,2024-08-01,556.0,9,,,True,0.0,True,False,,5.0,Retail,North West,Medium,35,164135.82
SME_0422,2024-09-01,579.0,8,9.0,,False,0.0,True,False,,6.0,Retail,North West,Medium,35,164135.82
SME_0422,2024-10-01,576.0,7,8.5,,False,0.0,True,False,,7.0,Retail,North West,Medium,35,164135.82
SME_0422,2024-11-01,571.0,10,8.0,15.0,False,0.0,True,False,,8.0,Retail,North West,Medium,35,164135.82
SME_0422,2024-12-01,566.0,3,8.333333333333334,-13.0,True,0.0,True,False,,9.0,Retail,North West,Medium,35,164135.82
SME_0422,2025-01-01,584.0,3,6.666666666666667,8.0,False,0.0,True,False,,10.0,Retail,North West,Medium,35,164135.82
SME_0422,2025-02-01,582.0,5,5.333333333333333,11.0,False,0.0,True,False,,11.0,Retail,North West,Medium,35,164135.82
SME_0422,2025-03-01,574.0,4,3.6666666666666665,8.0,False,0.0,True,False,,12.0,Retail,North West,Medium,35,164135.82
SME_0422,2025-04-01,579.0,7,4.0,-5.0,False,0.0,True,False,,13.0,Retail,North West,Medium,35,164135.82
SME_0422,2025-05-01,575.0,3,5.333333333333333,-7.0,True,0.0,True,False,,14.0,Retail,North West,Medium,35,164135.82
SME_0422,2025-06-01,599.0,10,4.666666666666667,25.0,False,0.0,True,False,,15.0,Retail,North West,Medium,35,164135.82
SME_0422,2025-07-01,589.0,8,6.666666666666667,10.0,False,0.0,True,False,,16.0,Retail,North West,Medium,35,164135.82
SME_0422,2025-08-01,575.0,5,7.0,0.0,False,0.0,True,False,,17.0,Retail,North West,Medium,35,164135.82
SME_0422,2025-09-01,579.0,5,7.666666666666667,-20.0,True,0.0,True,False,,18.0,Retail,North West,Medium,35,164135.82
SME_0422,2025-10-01,577.0,9,6.0,-12.0,False,0.0,True,False,,19.0,Retail,North West,Medium,35,164135.82
SME_0422,2025-11-01,553.0,7,6.333333333333333,-22.0,False,0.0,True,False,,20.0,Retail,North West,Medium,35,164135.82
SME_0422,2025-12-01,557.0,8,7.0,-22.0,False,0.0,True,False,,21.0,Retail,North West,Medium,35,164135.82
SME_0422,2026-01-01,549.0,7,8.0,-28.0,True,0.0,True,False,,22.0,Retail,North West,Medium,35,164135.82
SME_0423,2024-08-01,721.0,15,,,False,0.0,True,True,5.0,33.0,Retail,London,Low,168,266659.71
SME_0423,2024-09-01,709.0,13,15.0,,False,0.0,True,True,4.0,34.0,Retail,London,Low,168,266659.71
SME_0423,2024-10-01,686.0,12,14.0,,False,0.0,True,True,3.0,35.0,Retail,London,Low,168,266659.71
SME_0423,2024-11-01,702.0,12,13.333333333333334,-19.0,True,51183.19,True,True,2.0,36.0,Retail,London,Low,168,266659.71
SME_0423,2024-12-01,675.0,10,12.333333333333334,-34.0,False,0.0,True,True,1.0,37.0,Retail,London,Low,168,266659.71
SME_0423,2025-01-01,675.0,0,11.333333333333334,-11.0,False,0.0,False,True,0.0,38.0,Retail,London,Low,168,266659.71
SME_0423,2025-02-01,675.0,0,7.333333333333333,-27.0,False,0.0,False,True,-1.0,39.0,Retail,London,Low,168,266659.71
SME_0423,2025-03-01,675.0,0,3.3333333333333335,0.0,False,0.0,False,True,-2.0,40.0,Retail,London,Low,168,266659.71
SME_0423,2025-04-01,675.0,0,0.0,0.0,False,0.0,False,True,-3.0,41.0,Retail,London,Low,168,266659.71
SME_0423,2025-05-01,675.0,0,0.0,0.0,False,0.0,False,True,-4.0,42.0,Retail,London,Low,168,266659.71
SME_0423,2025-06-01,675.0,0,0.0,0.0,False,0.0,False,True,-5.0,43.0,Retail,London,Low,168,266659.71
SME_0423,2025-07-01,675.0,0,0.0,0.0,False,0.0,False,True,-6.0,44.0,Retail,London,Low,168,266659.71
SME_0423,2025-08-01,675.0,0,0.0,0.0,False,0.0,False,True,-7.0,45.0,Retail,London,Low,168,266659.71
SME_0423,2025-09-01,675.0,0,0.0,0.0,False,0.0,False,True,-8.0,46.0,Retail,London,Low,168,266659.71
SME_0423,2025-10-01,675.0,0,0.0,0.0,False,0.0,False,True,-9.0,47.0,Retail,London,Low,168,266659.71
SME_0423,2025-11-01,675.0,0,0.0,0.0,False,0.0,False,True,-10.0,48.0,Retail,London,Low,168,266659.71
SME_0423,2025-12-01,675.0,0,0.0,0.0,False,0.0,False,True,-11.0,49.0,Retail,London,Low,168,266659.71
SME_0423,2026-01-01,675.0,0,0.0,0.0,False,0.0,False,True,-12.0,50.0,Retail,London,Low,168,266659.71
SME_0424,2024-08-01,565.0,12,,,False,0.0,True,False,,22.0,Retail,Scotland,Medium,178,823360.14
SME_0424,2024-09-01,560.0,6,12.0,,False,0.0,True,False,,23.0,Retail,Scotland,Medium,178,823360.14
SME_0424,2024-10-01,549.0,11,9.0,,False,0.0,True,False,,24.0,Retail,Scotland,Medium,178,823360.14
SME_0424,2024-11-01,545.0,5,9.666666666666666,-20.0,False,0.0,True,False,,25.0,Retail,Scotland,Medium,178,823360.14
SME_0424,2024-12-01,575.0,13,7.333333333333333,15.0,False,0.0,True,False,,26.0,Retail,Scotland,Medium,178,823360.14
SME_0424,2025-01-01,548.0,7,9.666666666666666,-1.0,False,0.0,True,False,,27.0,Retail,Scotland,Medium,178,823360.14
SME_0424,2025-02-01,542.0,7,8.333333333333334,-3.0,False,0.0,True,False,,28.0,Retail,Scotland,Medium,178,823360.14
SME_0424,2025-03-01,556.0,8,9.0,-19.0,False,0.0,True,False,,29.0,Retail,Scotland,Medium,178,823360.14
SME_0424,2025-04-01,538.0,7,7.333333333333333,-10.0,False,0.0,True,False,,30.0,Retail,Scotland,Medium,178,823360.14
SME_0424,2025-05-01,527.0,8,7.333333333333333,-15.0,False,0.0,True,False,,31.0,Retail,Scotland,Medium,178,823360.14
SME_0424,2025-06-01,530.0,9,7.666666666666667,-26.0,False,0.0,True,False,,32.0,Retail,Scotland,Medium,178,823360.14
SME_0424,2025-07-01,548.0,6,8.0,10.0,False,0.0,True,False,,33.0,Retail,Scotland,Medium,178,823360.14
SME_0424,2025-08-01,543.0,7,7.666666666666667,16.0,False,0.0,True,False,,34.0,Retail,Scotland,Medium,178,823360.14
SME_0424,2025-09-01,546.0,7,7.333333333333333,16.0,False,0.0,True,False,,35.0,Retail,Scotland,Medium,178,823360.14
SME_0424,2025-10-01,542.0,4,6.666666666666667,-6.0,False,0.0,True,False,,36.0,Retail,Scotland,Medium,178,823360.14
SME_0424,2025-11-01,535.0,5,6.0,-8.0,False,0.0,True,False,,37.0,Retail,Scotland,Medium,178,823360.14
SME_0424,2025-12-01,549.0,5,5.333333333333333,3.0,True,0.0,True,False,,38.0,Retail,Scotland,Medium,178,823360.14
SME_0424,2026-01-01,535.0,5,4.666666666666667,-7.0,False,0.0,True,False,,39.0,Retail,Scotland,Medium,178,823360.14
SME_0425,2024-08-01,713.0,14,,,True,25299.97,True,False,,33.0,Services,South East,Low,19,639286.3
SME_0425,2024-09-01,717.0,11,14.0,,False,0.0,True,False,,34.0,Services,South East,Low,19,639286.3
SME_0425,2024-10-01,713.0,23,12.5,,False,0.0,True,False,,35.0,Services,South East,Low,19,639286.3
SME_0425,2024-11-01,714.0,13,16.0,1.0,True,0.0,True,False,,36.0,Services,South East,Low,19,639286.3
SME_0425,2024-12-01,729.0,16,15.666666666666666,12.0,False,0.0,True,False,,37.0,Services,South East,Low,19,639286.3
SME_0425,2025-01-01,732.0,15,17.333333333333332,19.0,True,29831.05,True,False,,38.0,Services,South East,Low,19,639286.3
SME_0425,2025-02-01,737.0,11,14.666666666666666,23.0,False,0.0,True,False,,39.0,Services,South East,Low,19,639286.3
SME_0425,2025-03-01,739.0,15,14.0,10.0,False,0.0,True,False,,40.0,Services,South East,Low,19,639286.3
SME_0425,2025-04-01,738.0,14,13.666666666666666,6.0,False,0.0,True,False,,41.0,Services,South East,Low,19,639286.3
SME_0425,2025-05-01,720.0,14,13.333333333333334,-17.0,True,9256.05,True,False,,42.0,Services,South East,Low,19,639286.3
SME_0425,2025-06-01,725.0,16,14.333333333333334,-14.0,True,40487.78,True,False,,43.0,Services,South East,Low,19,639286.3
SME_0425,2025-07-01,723.0,13,14.666666666666666,-15.0,False,0.0,True,False,,44.0,Services,South East,Low,19,639286.3
SME_0425,2025-08-01,724.0,16,14.333333333333334,4.0,False,0.0,True,False,,45.0,Services,South East,Low,19,639286.3
SME_0425,2025-09-01,746.0,12,15.0,21.0,False,0.0,True,False,,46.0,Services,South East,Low,19,639286.3
SME_0425,2025-10-01,760.0,18,13.666666666666666,37.0,False,0.0,True,False,,47.0,Services,South East,Low,19,639286.3
SME_0425,2025-11-01,768.0,15,15.333333333333334,44.0,False,0.0,True,False,,48.0,Services,South East,Low,19,639286.3
SME_0425,2025-12-01,741.0,17,15.0,-5.0,False,0.0,True,False,,49.0,Services,South East,Low,19,639286.3
SME_0425,2026-01-01,741.0,13,16.666666666666668,-19.0,False,0.0,True,False,,50.0,Services,South East,Low,19,639286.3
SME_0426,2024-08-01,677.0,8,,,False,0.0,True,False,,35.0,Technology,London,Medium,94,255874.58
SME_0426,2024-09-01,646.0,9,8.0,,False,0.0,True,False,,36.0,Technology,London,Medium,94,255874.58
SME_0426,2024-10-01,643.0,14,8.5,,True,0.0,True,False,,37.0,Technology,London,Medium,94,255874.58
SME_0426,2024-11-01,641.0,10,10.333333333333334,-36.0,False,0.0,True,False,,38.0,Technology,London,Medium,94,255874.58
SME_0426,2024-12-01,639.0,12,11.0,-7.0,False,0.0,True,False,,39.0,Technology,London,Medium,94,255874.58
SME_0426,2025-01-01,641.0,10,12.0,-2.0,False,0.0,True,False,,40.0,Technology,London,Medium,94,255874.58
SME_0426,2025-02-01,627.0,18,10.666666666666666,-14.0,True,0.0,True,False,,41.0,Technology,London,Medium,94,255874.58
SME_0426,2025-03-01,614.0,7,13.333333333333334,-25.0,False,0.0,True,False,,42.0,Technology,London,Medium,94,255874.58
SME_0426,2025-04-01,602.0,10,11.666666666666666,-39.0,True,0.0,True,False,,43.0,Technology,London,Medium,94,255874.58
SME_0426,2025-05-01,606.0,8,11.666666666666666,-21.0,False,0.0,True,False,,44.0,Technology,London,Medium,94,255874.58
SME_0426,2025-06-01,608.0,15,8.333333333333334,-6.0,True,0.0,True,False,,45.0,Technology,London,Medium,94,255874.58
SME_0426,2025-07-01,607.0,4,11.0,5.0,False,0.0,True,False,,46.0,Technology,London,Medium,94,255874.58
SME_0426,2025-08-01,618.0,16,9.0,12.0,False,0.0,True,False,,47.0,Technology,London,Medium,94,255874.58
SME_0426,2025-09-01,602.0,9,11.666666666666666,-6.0,False,0.0,True,False,,48.0,Technology,London,Medium,94,255874.58
SME_0426,2025-10-01,607.0,10,9.666666666666666,0.0,False,0.0,True,False,,49.0,Technology,London,Medium,94,255874.58
SME_0426,2025-11-01,601.0,13,11.666666666666666,-17.0,False,0.0,True,False,,50.0,Technology,London,Medium,94,255874.58
SME_0426,2025-12-01,612.0,14,10.666666666666666,10.0,False,0.0,True,False,,51.0,Technology,London,Medium,94,255874.58
SME_0426,2026-01-01,620.0,15,12.333333333333334,13.0,False,0.0,True,False,,52.0,Technology,London,Medium,94,255874.58
SME_0427,2024-08-01,505.0,5,,,False,0.0,True,False,,8.0,Retail,Midlands,High,166,218075.53
SME_0427,2024-09-01,502.0,6,5.0,,False,0.0,True,False,,9.0,Retail,Midlands,High,166,218075.53
SME_0427,2024-10-01,495.0,8,5.5,,False,0.0,True,False,,10.0,Retail,Midlands,High,166,218075.53
SME_0427,2024-11-01,503.0,9,6.333333333333333,-2.0,True,0.0,True,False,,11.0,Retail,Midlands,High,166,218075.53
SME_0427,2024-12-01,515.0,8,7.666666666666667,13.0,True,0.0,True,False,,12.0,Retail,Midlands,High,166,218075.53
SME_0427,2025-01-01,523.0,7,8.333333333333334,28.0,False,0.0,True,False,,13.0,Retail,Midlands,High,166,218075.53
SME_0427,2025-02-01,511.0,6,8.0,8.0,False,0.0,True,False,,14.0,Retail,Midlands,High,166,218075.53
SME_0427,2025-03-01,511.0,5,7.0,-4.0,False,0.0,True,False,,15.0,Retail,Midlands,High,166,218075.53
SME_0427,2025-04-01,508.0,5,6.0,-15.0,False,0.0,True,False,,16.0,Retail,Midlands,High,166,218075.53
SME_0427,2025-05-01,509.0,10,5.333333333333333,-2.0,False,0.0,True,False,,17.0,Retail,Midlands,High,166,218075.53
SME_0427,2025-06-01,507.0,4,6.666666666666667,-4.0,False,0.0,True,False,,18.0,Retail,Midlands,High,166,218075.53
SME_0427,2025-07-01,542.0,4,6.333333333333333,34.0,False,0.0,True,False,,19.0,Retail,Midlands,High,166,218075.53
SME_0427,2025-08-01,534.0,7,6.0,25.0,False,0.0,True,False,,20.0,Retail,Midlands,High,166,218075.53
SME_0427,2025-09-01,528.0,2,5.0,21.0,False,0.0,True,False,,21.0,Retail,Midlands,High,166,218075.53
SME_0427,2025-10-01,512.0,5,4.333333333333333,-30.0,False,0.0,True,False,,22.0,Retail,Midlands,High,166,218075.53
SME_0427,2025-11-01,500.0,3,4.666666666666667,-34.0,False,0.0,True,False,,23.0,Retail,Midlands,High,166,218075.53
SME_0427,2025-12-01,515.0,3,3.3333333333333335,-13.0,True,0.0,True,False,,24.0,Retail,Midlands,High,166,218075.53
SME_0427,2026-01-01,517.0,4,3.6666666666666665,5.0,False,0.0,True,False,,25.0,Retail,Midlands,High,166,218075.53
SME_0428,2024-08-01,639.0,8,,,True,53828.56,True,False,,15.0,Technology,South East,Low,95,103997.47
SME_0428,2024-09-01,649.0,15,8.0,,False,0.0,True,False,,16.0,Technology,South East,Low,95,103997.47
SME_0428,2024-10-01,652.0,11,11.5,,False,0.0,True,False,,17.0,Technology,South East,Low,95,103997.47
SME_0428,2024-11-01,660.0,13,11.333333333333334,21.0,True,47395.3,True,False,,18.0,Technology,South East,Low,95,103997.47
SME_0428,2024-12-01,669.0,12,13.0,20.0,False,0.0,True,False,,19.0,Technology,South East,Low,95,103997.47
SME_0428,2025-01-01,669.0,8,12.0,17.0,True,0.0,True,False,,20.0,Technology,South East,Low,95,103997.47
SME_0428,2025-02-01,687.0,11,11.0,27.0,False,0.0,True,False,,21.0,Technology,South East,Low,95,103997.47
SME_0428,2025-03-01,682.0,6,10.333333333333334,13.0,False,0.0,True,False,,22.0,Technology,South East,Low,95,103997.47
SME_0428,2025-04-01,694.0,13,8.333333333333334,25.0,False,0.0,True,False,,23.0,Technology,South East,Low,95,103997.47
SME_0428,2025-05-01,702.0,9,10.0,15.0,False,0.0,True,False,,24.0,Technology,South East,Low,95,103997.47
SME_0428,2025-06-01,677.0,15,9.333333333333334,-5.0,False,0.0,True,False,,25.0,Technology,South East,Low,95,103997.47
SME_0428,2025-07-01,684.0,14,12.333333333333334,-10.0,False,0.0,True,False,,26.0,Technology,South East,Low,95,103997.47
SME_0428,2025-08-01,669.0,18,12.666666666666666,-33.0,True,28467.93,True,False,,27.0,Technology,South East,Low,95,103997.47
SME_0428,2025-09-01,672.0,17,15.666666666666666,-5.0,False,0.0,True,False,,28.0,Technology,South East,Low,95,103997.47
SME_0428,2025-10-01,647.0,7,16.333333333333332,-37.0,False,0.0,True,False,,29.0,Technology,South East,Low,95,103997.47
SME_0428,2025-11-01,652.0,14,14.0,-17.0,False,0.0,True,False,,30.0,Technology,South East,Low,95,103997.47
SME_0428,2025-12-01,639.0,15,12.666666666666666,-33.0,False,0.0,True,False,,31.0,Technology,South East,Low,95,103997.47
SME_0428,2026-01-01,638.0,16,12.0,-9.0,False,0.0,True,False,,32.0,Technology,South East,Low,95,103997.47
SME_0429,2024-08-01,511.0,6,,,False,0.0,True,False,,8.0,Retail,Scotland,Medium,168,373169.13
SME_0429,2024-09-01,516.0,9,6.0,,True,23931.32,True,False,,9.0,Retail,Scotland,Medium,168,373169.13
SME_0429,2024-10-01,536.0,5,7.5,,False,0.0,True,False,,10.0,Retail,Scotland,Medium,168,373169.13
SME_0429,2024-11-01,543.0,6,6.666666666666667,32.0,False,0.0,True,False,,11.0,Retail,Scotland,Medium,168,373169.13
SME_0429,2024-12-01,531.0,8,6.666666666666667,15.0,False,0.0,True,False,,12.0,Retail,Scotland,Medium,168,373169.13
SME_0429,2025-01-01,533.0,8,6.333333333333333,-3.0,True,0.0,True,False,,13.0,Retail,Scotland,Medium,168,373169.13
SME_0429,2025-02-01,534.0,4,7.333333333333333,-9.0,False,0.0,True,False,,14.0,Retail,Scotland,Medium,168,373169.13
SME_0429,2025-03-01,527.0,2,6.666666666666667,-4.0,False,0.0,True,False,,15.0,Retail,Scotland,Medium,168,373169.13
SME_0429,2025-04-01,520.0,6,4.666666666666667,-13.0,False,0.0,True,False,,16.0,Retail,Scotland,Medium,168,373169.13
SME_0429,2025-05-01,530.0,4,4.0,-4.0,False,0.0,True,False,,17.0,Retail,Scotland,Medium,168,373169.13
SME_0429,2025-06-01,522.0,6,4.0,-5.0,False,0.0,True,False,,18.0,Retail,Scotland,Medium,168,373169.13
SME_0429,2025-07-01,511.0,2,5.333333333333333,-9.0,False,0.0,True,False,,19.0,Retail,Scotland,Medium,168,373169.13
SME_0429,2025-08-01,508.0,5,4.0,-22.0,False,0.0,True,False,,20.0,Retail,Scotland,Medium,168,373169.13
SME_0429,2025-09-01,528.0,5,4.333333333333333,6.0,False,0.0,True,False,,21.0,Retail,Scotland,Medium,168,373169.13
SME_0429,2025-10-01,512.0,9,4.0,1.0,False,0.0,True,False,,22.0,Retail,Scotland,Medium,168,373169.13
SME_0429,2025-11-01,503.0,5,6.333333333333333,-5.0,False,0.0,True,False,,23.0,Retail,Scotland,Medium,168,373169.13
SME_0429,2025-12-01,503.0,5,6.333333333333333,-25.0,False,0.0,True,False,,24.0,Retail,Scotland,Medium,168,373169.13
SME_0429,2026-01-01,506.0,6,6.333333333333333,-6.0,False,0.0,True,False,,25.0,Retail,Scotland,Medium,168,373169.13
SME_0430,2024-08-01,622.0,20,,,False,0.0,True,False,,3.0,Technology,London,Medium,187,83753.03
SME_0430,2024-09-01,611.0,14,20.0,,True,48605.92,True,False,,4.0,Technology,London,Medium,187,83753.03
SME_0430,2024-10-01,611.0,13,17.0,,False,0.0,True,False,,5.0,Technology,London,Medium,187,83753.03
SME_0430,2024-11-01,622.0,16,15.666666666666666,0.0,False,0.0,True,False,,6.0,Technology,London,Medium,187,83753.03
SME_0430,2024-12-01,641.0,15,14.333333333333334,30.0,False,0.0,True,False,,7.0,Technology,London,Medium,187,83753.03
SME_0430,2025-01-01,641.0,8,14.666666666666666,30.0,False,0.0,True,False,,8.0,Technology,London,Medium,187,83753.03
SME_0430,2025-02-01,653.0,15,13.0,31.0,False,0.0,True,False,,9.0,Technology,London,Medium,187,83753.03
SME_0430,2025-03-01,654.0,17,12.666666666666666,13.0,False,0.0,True,False,,10.0,Technology,London,Medium,187,83753.03
SME_0430,2025-04-01,652.0,16,13.333333333333334,11.0,True,48800.0,True,False,,11.0,Technology,London,Medium,187,83753.03
SME_0430,2025-05-01,654.0,15,16.0,1.0,True,0.0,True,False,,12.0,Technology,London,Medium,187,83753.03
SME_0430,2025-06-01,633.0,8,16.0,-21.0,False,0.0,True,False,,13.0,Technology,London,Medium,187,83753.03
SME_0430,2025-07-01,627.0,13,13.0,-25.0,True,32428.3,True,False,,14.0,Technology,London,Medium,187,83753.03
SME_0430,2025-08-01,632.0,16,12.0,-22.0,False,0.0,True,False,,15.0,Technology,London,Medium,187,83753.03
SME_0430,2025-09-01,632.0,15,12.333333333333334,-1.0,True,0.0,True,False,,16.0,Technology,London,Medium,187,83753.03
SME_0430,2025-10-01,646.0,11,14.666666666666666,19.0,False,0.0,True,False,,17.0,Technology,London,Medium,187,83753.03
SME_0430,2025-11-01,640.0,9,14.0,8.0,False,0.0,True,False,,18.0,Technology,London,Medium,187,83753.03
SME_0430,2025-12-01,647.0,8,11.666666666666666,15.0,False,0.0,True,False,,19.0,Technology,London,Medium,187,83753.03
SME_0430,2026-01-01,642.0,13,9.333333333333334,-4.0,False,0.0,True,False,,20.0,Technology,London,Medium,187,83753.03
SME_0431,2024-08-01,703.0,10,,,False,0.0,True,False,,35.0,Healthcare,Midlands,Low,95,705456.64
SME_0431,2024-09-01,705.0,12,10.0,,False,0.0,True,False,,36.0,Healthcare,Midlands,Low,95,705456.64
SME_0431,2024-10-01,709.0,14,11.0,,False,0.0,True,False,,37.0,Healthcare,Midlands,Low,95,705456.64
SME_0431,2024-11-01,699.0,17,12.0,-4.0,False,0.0,True,False,,38.0,Healthcare,Midlands,Low,95,705456.64
SME_0431,2024-12-01,688.0,8,14.333333333333334,-17.0,False,0.0,True,False,,39.0,Healthcare,Midlands,Low,95,705456.64
SME_0431,2025-01-01,669.0,7,13.0,-40.0,False,0.0,True,False,,40.0,Healthcare,Midlands,Low,95,705456.64
SME_0431,2025-02-01,668.0,11,10.666666666666666,-31.0,False,0.0,True,False,,41.0,Healthcare,Midlands,Low,95,705456.64
SME_0431,2025-03-01,672.0,12,8.666666666666666,-16.0,False,0.0,True,False,,42.0,Healthcare,Midlands,Low,95,705456.64
SME_0431,2025-04-01,680.0,13,10.0,11.0,False,0.0,True,False,,43.0,Healthcare,Midlands,Low,95,705456.64
SME_0431,2025-05-01,683.0,10,12.0,15.0,False,0.0,True,False,,44.0,Healthcare,Midlands,Low,95,705456.64
SME_0431,2025-06-01,656.0,6,11.666666666666666,-16.0,False,0.0,True,False,,45.0,Healthcare,Midlands,Low,95,705456.64
SME_0431,2025-07-01,665.0,11,9.666666666666666,-15.0,False,0.0,True,False,,46.0,Healthcare,Midlands,Low,95,705456.64
SME_0431,2025-08-01,673.0,17,9.0,-10.0,False,0.0,True,False,,47.0,Healthcare,Midlands,Low,95,705456.64
SME_0431,2025-09-01,686.0,13,11.333333333333334,30.0,False,0.0,True,False,,48.0,Healthcare,Midlands,Low,95,705456.64
SME_0431,2025-10-01,691.0,12,13.666666666666666,26.0,False,0.0,True,False,,49.0,Healthcare,Midlands,Low,95,705456.64
SME_0431,2025-11-01,683.0,12,14.0,10.0,False,0.0,True,False,,50.0,Healthcare,Midlands,Low,95,705456.64
SME_0431,2025-12-01,698.0,15,12.333333333333334,12.0,False,0.0,True,False,,51.0,Healthcare,Midlands,Low,95,705456.64
SME_0431,2026-01-01,706.0,12,13.0,15.0,False,0.0,True,False,,52.0,Healthcare,Midlands,Low,95,705456.64
SME_0432,2024-08-01,664.0,17,,,True,0.0,True,False,,33.0,Technology,North West,Medium,12,410743.66
SME_0432,2024-09-01,665.0,12,17.0,,False,0.0,True,False,,34.0,Technology,North West,Medium,12,410743.66
SME_0432,2024-10-01,651.0,12,14.5,,False,0.0,True,False,,35.0,Technology,North West,Medium,12,410743.66
SME_0432,2024-11-01,652.0,12,13.666666666666666,-12.0,False,0.0,True,False,,36.0,Technology,North West,Medium,12,410743.66
SME_0432,2024-12-01,629.0,15,12.0,-36.0,True,0.0,True,False,,37.0,Technology,North West,Medium,12,410743.66
SME_0432,2025-01-01,639.0,16,13.0,-12.0,False,0.0,True,False,,38.0,Technology,North West,Medium,12,410743.66
SME_0432,2025-02-01,635.0,13,14.333333333333334,-17.0,False,0.0,True,False,,39.0,Technology,North West,Medium,12,410743.66
SME_0432,2025-03-01,648.0,19,14.666666666666666,19.0,False,0.0,True,False,,40.0,Technology,North West,Medium,12,410743.66
SME_0432,2025-04-01,643.0,11,16.0,4.0,False,0.0,True,False,,41.0,Technology,North West,Medium,12,410743.66
SME_0432,2025-05-01,647.0,22,14.333333333333334,12.0,True,0.0,True,False,,42.0,Technology,North West,Medium,12,410743.66
SME_0432,2025-06-01,662.0,10,17.333333333333332,14.0,False,0.0,True,False,,43.0,Technology,North West,Medium,12,410743.66
SME_0432,2025-07-01,642.0,9,14.333333333333334,-1.0,False,0.0,True,False,,44.0,Technology,North West,Medium,12,410743.66
SME_0432,2025-08-01,644.0,11,13.666666666666666,-3.0,False,0.0,True,False,,45.0,Technology,North West,Medium,12,410743.66
SME_0432,2025-09-01,648.0,14,10.0,-14.0,False,0.0,True,False,,46.0,Technology,North West,Medium,12,410743.66
SME_0432,2025-10-01,644.0,16,11.333333333333334,2.0,False,0.0,True,False,,47.0,Technology,North West,Medium,12,410743.66
SME_0432,2025-11-01,640.0,12,13.666666666666666,-4.0,False,0.0,True,False,,48.0,Technology,North West,Medium,12,410743.66
SME_0432,2025-12-01,634.0,8,14.0,-14.0,False,0.0,True,False,,49.0,Technology,North West,Medium,12,410743.66
SME_0432,2026-01-01,618.0,12,12.0,-26.0,False,0.0,True,False,,50.0,Technology,North West,Medium,12,410743.66
SME_0433,2024-08-01,603.0,8,,,False,0.0,True,False,,34.0,Services,South East,Medium,68,2136522.95
SME_0433,2024-09-01,576.0,14,8.0,,False,0.0,True,False,,35.0,Services,South East,Medium,68,2136522.95
SME_0433,2024-10-01,571.0,12,11.0,,False,0.0,True,False,,36.0,Services,South East,Medium,68,2136522.95
SME_0433,2024-11-01,574.0,14,11.333333333333334,-29.0,False,0.0,True,False,,37.0,Services,South East,Medium,68,2136522.95
SME_0433,2024-12-01,578.0,12,13.333333333333334,2.0,False,0.0,True,False,,38.0,Services,South East,Medium,68,2136522.95
SME_0433,2025-01-01,568.0,5,12.666666666666666,-3.0,False,0.0,True,False,,39.0,Services,South East,Medium,68,2136522.95
SME_0433,2025-02-01,558.0,10,10.333333333333334,-16.0,True,56590.39,True,False,,40.0,Services,South East,Medium,68,2136522.95
SME_0433,2025-03-01,566.0,12,9.0,-12.0,False,0.0,True,False,,41.0,Services,South East,Medium,68,2136522.95
SME_0433,2025-04-01,572.0,6,9.0,4.0,True,0.0,True,False,,42.0,Services,South East,Medium,68,2136522.95
SME_0433,2025-05-01,563.0,9,9.333333333333334,5.0,True,0.0,True,False,,43.0,Services,South East,Medium,68,2136522.95
SME_0433,2025-06-01,568.0,12,9.0,2.0,True,32131.27,True,False,,44.0,Services,South East,Medium,68,2136522.95
SME_0433,2025-07-01,565.0,8,9.0,-7.0,False,0.0,True,False,,45.0,Services,South East,Medium,68,2136522.95
SME_0433,2025-08-01,579.0,9,9.666666666666666,16.0,False,0.0,True,False,,46.0,Services,South East,Medium,68,2136522.95
SME_0433,2025-09-01,592.0,14,9.666666666666666,24.0,True,31697.11,True,False,,47.0,Services,South East,Medium,68,2136522.95
SME_0433,2025-10-01,578.0,11,10.333333333333334,13.0,False,0.0,True,False,,48.0,Services,South East,Medium,68,2136522.95
SME_0433,2025-11-01,583.0,11,11.333333333333334,4.0,False,0.0,True,False,,49.0,Services,South East,Medium,68,2136522.95
SME_0433,2025-12-01,584.0,14,12.0,-8.0,False,0.0,True,False,,50.0,Services,South East,Medium,68,2136522.95
SME_0433,2026-01-01,575.0,18,12.0,-3.0,False,0.0,True,False,,51.0,Services,South East,Medium,68,2136522.95
SME_0434,2024-08-01,701.0,15,,,False,0.0,True,False,,32.0,Technology,Midlands,Low,43,166304.35
SME_0434,2024-09-01,695.0,12,15.0,,False,0.0,True,False,,33.0,Technology,Midlands,Low,43,166304.35
SME_0434,2024-10-01,683.0,11,13.5,,False,0.0,True,False,,34.0,Technology,Midlands,Low,43,166304.35
SME_0434,2024-11-01,689.0,18,12.666666666666666,-12.0,True,71846.0,True,False,,35.0,Technology,Midlands,Low,43,166304.35
SME_0434,2024-12-01,718.0,10,13.666666666666666,23.0,False,0.0,True,False,,36.0,Technology,Midlands,Low,43,166304.35
SME_0434,2025-01-01,733.0,17,13.0,50.0,False,0.0,True,False,,37.0,Technology,Midlands,Low,43,166304.35
SME_0434,2025-02-01,732.0,14,15.0,43.0,False,0.0,True,False,,38.0,Technology,Midlands,Low,43,166304.35
SME_0434,2025-03-01,728.0,13,13.666666666666666,10.0,False,0.0,True,False,,39.0,Technology,Midlands,Low,43,166304.35
SME_0434,2025-04-01,716.0,20,14.666666666666666,-17.0,False,0.0,True,False,,40.0,Technology,Midlands,Low,43,166304.35
SME_0434,2025-05-01,722.0,13,15.666666666666666,-10.0,False,0.0,True,False,,41.0,Technology,Midlands,Low,43,166304.35
SME_0434,2025-06-01,704.0,14,15.333333333333334,-24.0,False,0.0,True,False,,42.0,Technology,Midlands,Low,43,166304.35
SME_0434,2025-07-01,698.0,13,15.666666666666666,-18.0,False,0.0,True,False,,43.0,Technology,Midlands,Low,43,166304.35
SME_0434,2025-08-01,698.0,11,13.333333333333334,-24.0,True,47797.52,True,False,,44.0,Technology,Midlands,Low,43,166304.35
SME_0434,2025-09-01,692.0,10,12.666666666666666,-12.0,True,50423.02,True,False,,45.0,Technology,Midlands,Low,43,166304.35
SME_0434,2025-10-01,678.0,11,11.333333333333334,-20.0,True,41227.35,True,False,,46.0,Technology,Midlands,Low,43,166304.35
SME_0434,2025-11-01,675.0,17,10.666666666666666,-23.0,False,0.0,True,False,,47.0,Technology,Midlands,Low,43,166304.35
SME_0434,2025-12-01,683.0,10,12.666666666666666,-9.0,False,0.0,True,False,,48.0,Technology,Midlands,Low,43,166304.35
SME_0434,2026-01-01,694.0,15,12.666666666666666,16.0,False,0.0,True,False,,49.0,Technology,Midlands,Low,43,166304.35
SME_0435,2024-08-01,651.0,7,,,False,0.0,True,False,,24.0,Retail,Scotland,Low,95,333602.46
SME_0435,2024-09-01,643.0,10,7.0,,True,0.0,True,False,,25.0,Retail,Scotland,Low,95,333602.46
SME_0435,2024-10-01,669.0,13,8.5,,False,0.0,True,False,,26.0,Retail,Scotland,Low,95,333602.46
SME_0435,2024-11-01,667.0,15,10.0,16.0,False,0.0,True,False,,27.0,Retail,Scotland,Low,95,333602.46
SME_0435,2024-12-01,664.0,12,12.666666666666666,21.0,False,0.0,True,False,,28.0,Retail,Scotland,Low,95,333602.46
SME_0435,2025-01-01,687.0,8,13.333333333333334,18.0,False,0.0,True,False,,29.0,Retail,Scotland,Low,95,333602.46
SME_0435,2025-02-01,668.0,12,11.666666666666666,1.0,True,0.0,True,False,,30.0,Retail,Scotland,Low,95,333602.46
SME_0435,2025-03-01,651.0,10,10.666666666666666,-13.0,False,0.0,True,False,,31.0,Retail,Scotland,Low,95,333602.46
SME_0435,2025-04-01,642.0,12,10.0,-45.0,True,0.0,True,False,,32.0,Retail,Scotland,Low,95,333602.46
SME_0435,2025-05-01,638.0,8,11.333333333333334,-30.0,False,0.0,True,False,,33.0,Retail,Scotland,Low,95,333602.46
SME_0435,2025-06-01,629.0,10,10.0,-22.0,True,44551.76,True,False,,34.0,Retail,Scotland,Low,95,333602.46
SME_0435,2025-07-01,622.0,11,10.0,-20.0,True,10259.32,True,False,,35.0,Retail,Scotland,Low,95,333602.46
SME_0435,2025-08-01,617.0,8,9.666666666666666,-21.0,False,0.0,True,False,,36.0,Retail,Scotland,Low,95,333602.46
SME_0435,2025-09-01,606.0,12,9.666666666666666,-23.0,False,0.0,True,False,,37.0,Retail,Scotland,Low,95,333602.46
SME_0435,2025-10-01,599.0,14,10.333333333333334,-23.0,True,56066.66,True,False,,38.0,Retail,Scotland,Low,95,333602.46
SME_0435,2025-11-01,615.0,13,11.333333333333334,-2.0,False,0.0,True,False,,39.0,Retail,Scotland,Low,95,333602.46
SME_0435,2025-12-01,605.0,11,13.0,-1.0,False,0.0,True,False,,40.0,Retail,Scotland,Low,95,333602.46
SME_0435,2026-01-01,600.0,14,12.666666666666666,1.0,True,0.0,True,False,,41.0,Retail,Scotland,Low,95,333602.46
SME_0436,2024-08-01,659.0,14,,,False,0.0,True,False,,19.0,Retail,North West,Low,117,1604221.93
SME_0436,2024-09-01,655.0,20,14.0,,False,0.0,True,False,,20.0,Retail,North West,Low,117,1604221.93
SME_0436,2024-10-01,653.0,19,17.0,,True,0.0,True,False,,21.0,Retail,North West,Low,117,1604221.93
SME_0436,2024-11-01,681.0,16,17.666666666666668,22.0,False,0.0,True,False,,22.0,Retail,North West,Low,117,1604221.93
SME_0436,2024-12-01,670.0,18,18.333333333333332,15.0,False,0.0,True,False,,23.0,Retail,North West,Low,117,1604221.93
SME_0436,2025-01-01,657.0,12,17.666666666666668,4.0,False,0.0,True,False,,24.0,Retail,North West,Low,117,1604221.93
SME_0436,2025-02-01,663.0,14,15.333333333333334,-18.0,True,24846.0,True,False,,25.0,Retail,North West,Low,117,1604221.93
SME_0436,2025-03-01,661.0,14,14.666666666666666,-9.0,False,0.0,True,False,,26.0,Retail,North West,Low,117,1604221.93
SME_0436,2025-04-01,674.0,15,13.333333333333334,17.0,True,0.0,True,False,,27.0,Retail,North West,Low,117,1604221.93
SME_0436,2025-05-01,681.0,13,14.333333333333334,18.0,True,63781.28,True,False,,28.0,Retail,North West,Low,117,1604221.93
SME_0436,2025-06-01,681.0,12,14.0,20.0,False,0.0,True,False,,29.0,Retail,North West,Low,117,1604221.93
SME_0436,2025-07-01,664.0,18,13.333333333333334,-10.0,False,0.0,True,False,,30.0,Retail,North West,Low,117,1604221.93
SME_0436,2025-08-01,657.0,17,14.333333333333334,-24.0,False,0.0,True,False,,31.0,Retail,North West,Low,117,1604221.93
SME_0436,2025-09-01,667.0,17,15.666666666666666,-14.0,False,0.0,True,False,,32.0,Retail,North West,Low,117,1604221.93
SME_0436,2025-10-01,668.0,15,17.333333333333332,4.0,False,0.0,True,False,,33.0,Retail,North West,Low,117,1604221.93
SME_0436,2025-11-01,678.0,10,16.333333333333332,21.0,False,0.0,True,False,,34.0,Retail,North West,Low,117,1604221.93
SME_0436,2025-12-01,679.0,10,14.0,12.0,False,0.0,True,False,,35.0,Retail,North West,Low,117,1604221.93
SME_0436,2026-01-01,665.0,15,11.666666666666666,-3.0,False,0.0,True,False,,36.0,Retail,North West,Low,117,1604221.93
SME_0437,2024-08-01,607.0,11,,,False,0.0,True,False,,36.0,Retail,London,Medium,93,860821.11
SME_0437,2024-09-01,591.0,14,11.0,,False,0.0,True,False,,37.0,Retail,London,Medium,93,860821.11
SME_0437,2024-10-01,589.0,9,12.5,,False,0.0,True,False,,38.0,Retail,London,Medium,93,860821.11
SME_0437,2024-11-01,592.0,10,11.333333333333334,-15.0,False,0.0,True,False,,39.0,Retail,London,Medium,93,860821.11
SME_0437,2024-12-01,594.0,12,11.0,3.0,True,0.0,True,False,,40.0,Retail,London,Medium,93,860821.11
SME_0437,2025-01-01,586.0,16,10.333333333333334,-3.0,False,0.0,True,False,,41.0,Retail,London,Medium,93,860821.11
SME_0437,2025-02-01,585.0,7,12.666666666666666,-7.0,False,0.0,True,False,,42.0,Retail,London,Medium,93,860821.11
SME_0437,2025-03-01,605.0,8,11.666666666666666,11.0,False,0.0,True,False,,43.0,Retail,London,Medium,93,860821.11
SME_0437,2025-04-01,580.0,16,10.333333333333334,-6.0,False,0.0,True,False,,44.0,Retail,London,Medium,93,860821.11
SME_0437,2025-05-01,583.0,9,10.333333333333334,-2.0,False,0.0,True,False,,45.0,Retail,London,Medium,93,860821.11
SME_0437,2025-06-01,574.0,9,11.0,-31.0,True,0.0,True,False,,46.0,Retail,London,Medium,93,860821.11
SME_0437,2025-07-01,586.0,15,11.333333333333334,6.0,False,0.0,True,False,,47.0,Retail,London,Medium,93,860821.11
SME_0437,2025-08-01,614.0,12,11.0,31.0,True,12083.62,True,False,,48.0,Retail,London,Medium,93,860821.11
SME_0437,2025-09-01,600.0,11,12.0,26.0,False,0.0,True,False,,49.0,Retail,London,Medium,93,860821.11
SME_0437,2025-10-01,608.0,12,12.666666666666666,22.0,True,0.0,True,False,,50.0,Retail,London,Medium,93,860821.11
SME_0437,2025-11-01,599.0,6,11.666666666666666,-15.0,False,0.0,True,False,,51.0,Retail,London,Medium,93,860821.11
SME_0437,2025-12-01,590.0,16,9.666666666666666,-10.0,True,0.0,True,False,,52.0,Retail,London,Medium,93,860821.11
SME_0437,2026-01-01,590.0,8,11.333333333333334,-18.0,False,0.0,True,False,,53.0,Retail,London,Medium,93,860821.11
SME_0438,2024-08-01,679.0,11,,,False,0.0,True,False,,20.0,Services,Midlands,Low,39,224636.01
SME_0438,2024-09-01,684.0,22,11.0,,False,0.0,True,False,,21.0,Services,Midlands,Low,39,224636.01
SME_0438,2024-10-01,702.0,16,16.5,,False,0.0,True,False,,22.0,Services,Midlands,Low,39,224636.01
SME_0438,2024-11-01,701.0,10,16.333333333333332,22.0,False,0.0,True,False,,23.0,Services,Midlands,Low,39,224636.01
SME_0438,2024-12-01,672.0,17,16.0,-12.0,False,0.0,True,False,,24.0,Services,Midlands,Low,39,224636.01
SME_0438,2025-01-01,658.0,12,14.333333333333334,-44.0,False,0.0,True,False,,25.0,Services,Midlands,Low,39,224636.01
SME_0438,2025-02-01,655.0,12,13.0,-46.0,False,0.0,True,False,,26.0,Services,Midlands,Low,39,224636.01
SME_0438,2025-03-01,652.0,9,13.666666666666666,-20.0,True,10136.34,True,False,,27.0,Services,Midlands,Low,39,224636.01
SME_0438,2025-04-01,647.0,20,11.0,-11.0,False,0.0,True,False,,28.0,Services,Midlands,Low,39,224636.01
SME_0438,2025-05-01,657.0,12,13.666666666666666,2.0,False,0.0,True,False,,29.0,Services,Midlands,Low,39,224636.01
SME_0438,2025-06-01,684.0,17,13.666666666666666,32.0,False,0.0,True,False,,30.0,Services,Midlands,Low,39,224636.01
SME_0438,2025-07-01,683.0,13,16.333333333333332,36.0,False,0.0,True,False,,31.0,Services,Midlands,Low,39,224636.01
SME_0438,2025-08-01,680.0,21,14.0,23.0,False,0.0,True,False,,32.0,Services,Midlands,Low,39,224636.01
SME_0438,2025-09-01,704.0,12,17.0,20.0,False,0.0,True,False,,33.0,Services,Midlands,Low,39,224636.01
SME_0438,2025-10-01,722.0,9,15.333333333333334,39.0,False,0.0,True,False,,34.0,Services,Midlands,Low,39,224636.01
SME_0438,2025-11-01,683.0,14,14.0,3.0,False,0.0,True,False,,35.0,Services,Midlands,Low,39,224636.01
SME_0438,2025-12-01,678.0,13,11.666666666666666,-26.0,False,0.0,True,False,,36.0,Services,Midlands,Low,39,224636.01
SME_0438,2026-01-01,663.0,10,12.0,-59.0,False,0.0,True,False,,37.0,Services,Midlands,Low,39,224636.01
SME_0439,2024-08-01,481.0,10,,,True,0.0,True,True,8.0,24.0,Technology,North West,Medium,60,301346.23
SME_0439,2024-09-01,495.0,12,10.0,,False,0.0,True,True,7.0,25.0,Technology,North West,Medium,60,301346.23
SME_0439,2024-10-01,514.0,5,11.0,,False,0.0,True,True,6.0,26.0,Technology,North West,Medium,60,301346.23
SME_0439,2024-11-01,506.0,5,9.0,25.0,False,0.0,True,True,5.0,27.0,Technology,North West,Medium,60,301346.23
SME_0439,2024-12-01,486.0,9,7.333333333333333,-9.0,False,0.0,True,True,4.0,28.0,Technology,North West,Medium,60,301346.23
SME_0439,2025-01-01,494.0,6,6.333333333333333,-20.0,True,0.0,True,True,3.0,29.0,Technology,North West,Medium,60,301346.23
SME_0439,2025-02-01,471.0,3,6.666666666666667,-35.0,True,0.0,True,True,2.0,30.0,Technology,North West,Medium,60,301346.23
SME_0439,2025-03-01,491.0,2,6.0,5.0,True,0.0,True,True,1.0,31.0,Technology,North West,Medium,60,301346.23
SME_0439,2025-04-01,491.0,0,3.6666666666666665,-3.0,False,0.0,False,True,0.0,32.0,Technology,North West,Medium,60,301346.23
SME_0439,2025-05-01,491.0,0,1.6666666666666667,20.0,False,0.0,False,True,-1.0,33.0,Technology,North West,Medium,60,301346.23
SME_0439,2025-06-01,491.0,0,0.6666666666666666,0.0,False,0.0,False,True,-2.0,34.0,Technology,North West,Medium,60,301346.23
SME_0439,2025-07-01,491.0,0,0.0,0.0,False,0.0,False,True,-3.0,35.0,Technology,North West,Medium,60,301346.23
SME_0439,2025-08-01,491.0,0,0.0,0.0,False,0.0,False,True,-4.0,36.0,Technology,North West,Medium,60,301346.23
SME_0439,2025-09-01,491.0,0,0.0,0.0,False,0.0,False,True,-5.0,37.0,Technology,North West,Medium,60,301346.23
SME_0439,2025-10-01,491.0,0,0.0,0.0,False,0.0,False,True,-6.0,38.0,Technology,North West,Medium,60,301346.23
SME_0439,2025-11-01,491.0,0,0.0,0.0,False,0.0,False,True,-7.0,39.0,Technology,North West,Medium,60,301346.23
SME_0439,2025-12-01,491.0,0,0.0,0.0,False,0.0,False,True,-8.0,40.0,Technology,North West,Medium,60,301346.23
SME_0439,2026-01-01,491.0,0,0.0,0.0,False,0.0,False,True,-9.0,41.0,Technology,North West,Medium,60,301346.23
SME_0440,2024-08-01,594.0,10,,,False,0.0,True,True,13.0,8.0,Services,London,Medium,136,345833.8
SME_0440,2024-09-01,599.0,12,10.0,,False,0.0,True,True,12.0,9.0,Services,London,Medium,136,345833.8
SME_0440,2024-10-01,608.0,19,11.0,,False,0.0,True,True,11.0,10.0,Services,London,Medium,136,345833.8
SME_0440,2024-11-01,609.0,9,13.666666666666666,15.0,False,0.0,True,True,10.0,11.0,Services,London,Medium,136,345833.8
SME_0440,2024-12-01,597.0,9,13.333333333333334,-2.0,False,0.0,True,True,9.0,12.0,Services,London,Medium,136,345833.8
SME_0440,2025-01-01,589.0,9,12.333333333333334,-19.0,False,0.0,True,True,8.0,13.0,Services,London,Medium,136,345833.8
SME_0440,2025-02-01,599.0,10,9.0,-10.0,False,0.0,True,True,7.0,14.0,Services,London,Medium,136,345833.8
SME_0440,2025-03-01,597.0,7,9.333333333333334,0.0,False,0.0,True,True,6.0,15.0,Services,London,Medium,136,345833.8
SME_0440,2025-04-01,576.0,8,8.666666666666666,-13.0,False,0.0,True,True,5.0,16.0,Services,London,Medium,136,345833.8
SME_0440,2025-05-01,571.0,7,8.333333333333334,-28.0,False,0.0,True,True,4.0,17.0,Services,London,Medium,136,345833.8
SME_0440,2025-06-01,582.0,8,7.333333333333333,-15.0,False,0.0,True,True,3.0,18.0,Services,London,Medium,136,345833.8
SME_0440,2025-07-01,575.0,12,7.666666666666667,-1.0,False,0.0,True,True,2.0,19.0,Services,London,Medium,136,345833.8
SME_0440,2025-08-01,565.0,13,9.0,-6.0,False,0.0,True,True,1.0,20.0,Services,London,Medium,136,345833.8
SME_0440,2025-09-01,565.0,0,11.0,-17.0,False,0.0,False,True,0.0,21.0,Services,London,Medium,136,345833.8
SME_0440,2025-10-01,565.0,0,8.333333333333334,-10.0,False,0.0,False,True,-1.0,22.0,Services,London,Medium,136,345833.8
SME_0440,2025-11-01,565.0,0,4.333333333333333,0.0,False,0.0,False,True,-2.0,23.0,Services,London,Medium,136,345833.8
SME_0440,2025-12-01,565.0,0,0.0,0.0,False,0.0,False,True,-3.0,24.0,Services,London,Medium,136,345833.8
SME_0440,2026-01-01,565.0,0,0.0,0.0,False,0.0,False,True,-4.0,25.0,Services,London,Medium,136,345833.8
SME_0441,2024-08-01,600.0,14,,,False,0.0,True,False,,27.0,Technology,North West,High,6,367412.28
SME_0441,2024-09-01,600.0,6,14.0,,False,0.0,True,False,,28.0,Technology,North West,High,6,367412.28
SME_0441,2024-10-01,598.0,11,10.0,,True,0.0,True,False,,29.0,Technology,North West,High,6,367412.28
SME_0441,2024-11-01,598.0,9,10.333333333333334,-2.0,False,0.0,True,False,,30.0,Technology,North West,High,6,367412.28
SME_0441,2024-12-01,581.0,6,8.666666666666666,-19.0,False,0.0,True,False,,31.0,Technology,North West,High,6,367412.28
SME_0441,2025-01-01,569.0,7,8.666666666666666,-29.0,False,0.0,True,False,,32.0,Technology,North West,High,6,367412.28
SME_0441,2025-02-01,572.0,8,7.333333333333333,-26.0,True,37281.49,True,False,,33.0,Technology,North West,High,6,367412.28
SME_0441,2025-03-01,552.0,9,7.0,-29.0,False,0.0,True,False,,34.0,Technology,North West,High,6,367412.28
SME_0441,2025-04-01,566.0,6,8.0,-3.0,False,0.0,True,False,,35.0,Technology,North West,High,6,367412.28
SME_0441,2025-05-01,575.0,5,7.666666666666667,3.0,False,0.0,True,False,,36.0,Technology,North West,High,6,367412.28
SME_0441,2025-06-01,581.0,8,6.666666666666667,29.0,False,0.0,True,False,,37.0,Technology,North West,High,6,367412.28
SME_0441,2025-07-01,587.0,7,6.333333333333333,21.0,True,0.0,True,False,,38.0,Technology,North West,High,6,367412.28
SME_0441,2025-08-01,585.0,7,6.666666666666667,10.0,False,0.0,True,False,,39.0,Technology,North West,High,6,367412.28
SME_0441,2025-09-01,584.0,7,7.333333333333333,3.0,False,0.0,True,False,,40.0,Technology,North West,High,6,367412.28
SME_0441,2025-10-01,576.0,6,7.0,-11.0,False,0.0,True,False,,41.0,Technology,North West,High,6,367412.28
SME_0441,2025-11-01,567.0,7,6.666666666666667,-18.0,False,0.0,True,False,,42.0,Technology,North West,High,6,367412.28
SME_0441,2025-12-01,560.0,2,6.666666666666667,-24.0,False,0.0,True,False,,43.0,Technology,North West,High,6,367412.28
SME_0441,2026-01-01,553.0,5,5.0,-23.0,False,0.0,True,False,,44.0,Technology,North West,High,6,367412.28
SME_0442,2024-08-01,527.0,9,,,False,0.0,True,False,,30.0,Retail,Scotland,Medium,43,171861.09
SME_0442,2024-09-01,512.0,5,9.0,,False,0.0,True,False,,31.0,Retail,Scotland,Medium,43,171861.09
SME_0442,2024-10-01,,7,7.0,,False,0.0,True,False,,32.0,Retail,Scotland,Medium,43,171861.09
SME_0442,2024-11-01,484.0,10,7.0,-43.0,False,0.0,True,False,,33.0,Retail,Scotland,Medium,43,171861.09
SME_0442,2024-12-01,483.0,7,7.333333333333333,-29.0,False,0.0,True,False,,34.0,Retail,Scotland,Medium,43,171861.09
SME_0442,2025-01-01,468.0,6,8.0,,False,0.0,True,False,,35.0,Retail,Scotland,Medium,43,171861.09
SME_0442,2025-02-01,491.0,8,7.666666666666667,7.0,False,0.0,True,False,,36.0,Retail,Scotland,Medium,43,171861.09
SME_0442,2025-03-01,488.0,12,7.0,5.0,False,0.0,True,False,,37.0,Retail,Scotland,Medium,43,171861.09
SME_0442,2025-04-01,526.0,5,8.666666666666666,58.0,False,0.0,True,False,,38.0,Retail,Scotland,Medium,43,171861.09
SME_0442,2025-05-01,535.0,8,8.333333333333334,44.0,False,0.0,True,False,,39.0,Retail,Scotland,Medium,43,171861.09
SME_0442,2025-06-01,554.0,10,8.333333333333334,66.0,False,0.0,True,False,,40.0,Retail,Scotland,Medium,43,171861.09
SME_0442,2025-07-01,540.0,7,7.666666666666667,14.0,True,0.0,True,False,,41.0,Retail,Scotland,Medium,43,171861.09
SME_0442,2025-08-01,523.0,8,8.333333333333334,-12.0,False,0.0,True,False,,42.0,Retail,Scotland,Medium,43,171861.09
SME_0442,2025-09-01,535.0,7,8.333333333333334,-19.0,True,0.0,True,False,,43.0,Retail,Scotland,Medium,43,171861.09
SME_0442,2025-10-01,540.0,10,7.333333333333333,0.0,False,0.0,True,False,,44.0,Retail,Scotland,Medium,43,171861.09
SME_0442,2025-11-01,525.0,5,8.333333333333334,2.0,False,0.0,True,False,,45.0,Retail,Scotland,Medium,43,171861.09
SME_0442,2025-12-01,507.0,2,7.333333333333333,-28.0,False,0.0,True,False,,46.0,Retail,Scotland,Medium,43,171861.09
SME_0442,2026-01-01,499.0,1,5.666666666666667,-41.0,False,0.0,True,False,,47.0,Retail,Scotland,Medium,43,171861.09
SME_0443,2024-08-01,591.0,11,,,True,0.0,True,False,,25.0,Technology,South East,Medium,178,325678.99
SME_0443,2024-09-01,575.0,11,11.0,,False,0.0,True,False,,26.0,Technology,South East,Medium,178,325678.99
SME_0443,2024-10-01,556.0,5,11.0,,False,0.0,True,False,,27.0,Technology,South East,Medium,178,325678.99
SME_0443,2024-11-01,569.0,8,9.0,-22.0,False,0.0,True,False,,28.0,Technology,South East,Medium,178,325678.99
SME_0443,2024-12-01,574.0,15,8.0,-1.0,True,0.0,True,False,,29.0,Technology,South East,Medium,178,325678.99
SME_0443,2025-01-01,582.0,7,9.333333333333334,26.0,False,0.0,True,False,,30.0,Technology,South East,Medium,178,325678.99
SME_0443,2025-02-01,589.0,24,10.0,20.0,True,57594.34,True,False,,31.0,Technology,South East,Medium,178,325678.99
SME_0443,2025-03-01,587.0,9,15.333333333333334,13.0,False,0.0,True,False,,32.0,Technology,South East,Medium,178,325678.99
SME_0443,2025-04-01,594.0,9,13.333333333333334,12.0,True,0.0,True,False,,33.0,Technology,South East,Medium,178,325678.99
SME_0443,2025-05-01,614.0,17,14.0,25.0,False,0.0,True,False,,34.0,Technology,South East,Medium,178,325678.99
SME_0443,2025-06-01,608.0,11,11.666666666666666,21.0,False,0.0,True,False,,35.0,Technology,South East,Medium,178,325678.99
SME_0443,2025-07-01,611.0,8,12.333333333333334,17.0,False,0.0,True,False,,36.0,Technology,South East,Medium,178,325678.99
SME_0443,2025-08-01,617.0,9,12.0,3.0,True,33122.24,True,False,,37.0,Technology,South East,Medium,178,325678.99
SME_0443,2025-09-01,609.0,13,9.333333333333334,1.0,False,0.0,True,False,,38.0,Technology,South East,Medium,178,325678.99
SME_0443,2025-10-01,600.0,11,10.0,-11.0,False,0.0,True,False,,39.0,Technology,South East,Medium,178,325678.99
SME_0443,2025-11-01,603.0,13,11.0,-14.0,True,5398.29,True,False,,40.0,Technology,South East,Medium,178,325678.99
SME_0443,2025-12-01,618.0,18,12.333333333333334,9.0,True,64692.87,True,False,,41.0,Technology,South East,Medium,178,325678.99
SME_0443,2026-01-01,622.0,11,14.0,22.0,False,0.0,True,False,,42.0,Technology,South East,Medium,178,325678.99
SME_0444,2024-08-01,501.0,11,,,False,0.0,True,False,,18.0,Retail,London,High,20,78405.44
SME_0444,2024-09-01,509.0,5,11.0,,True,0.0,True,False,,20.0,Retail,London,High,20,78405.44
SME_0444,2024-10-01,526.0,9,8.0,,False,0.0,True,False,,20.0,Retail,London,High,20,78405.44
SME_0444,2024-11-01,536.0,8,8.333333333333334,35.0,True,0.0,True,False,,22.0,Retail,London,High,20,78405.44
SME_0444,2024-12-01,542.0,7,7.333333333333333,33.0,False,0.0,True,False,,23.0,Retail,London,High,20,78405.44
SME_0444,2025-01-01,544.0,5,8.0,18.0,False,0.0,True,False,,24.0,Retail,London,High,20,78405.44
SME_0444,2025-02-01,511.0,10,6.666666666666667,-25.0,False,0.0,True,False,,25.0,Retail,London,High,20,78405.44
SME_0444,2025-03-01,493.0,7,7.333333333333333,-49.0,False,0.0,True,False,,25.0,Retail,London,High,20,78405.44
SME_0444,2025-04-01,488.0,4,7.333333333333333,-56.0,False,0.0,True,False,,26.0,Retail,London,High,20,78405.44
SME_0444,2025-05-01,495.0,10,7.0,-16.0,False,0.0,True,False,,27.0,Retail,London,High,20,78405.44
SME_0444,2025-06-01,512.0,3,7.0,19.0,False,0.0,True,False,,28.0,Retail,London,High,20,78405.44
SME_0444,2025-07-01,511.0,6,5.666666666666667,23.0,False,0.0,True,False,,29.0,Retail,London,High,20,78405.44
SME_0444,2025-08-01,516.0,10,6.333333333333333,21.0,False,0.0,True,False,,30.0,Retail,London,High,20,78405.44
SME_0444,2025-09-01,525.0,7,6.333333333333333,13.0,False,0.0,True,False,,32.0,Retail,London,High,20,78405.44
SME_0444,2025-10-01,518.0,6,7.666666666666667,7.0,False,0.0,True,False,,32.0,Retail,London,High,20,78405.44
SME_0444,2025-11-01,517.0,5,7.666666666666667,1.0,False,0.0,True,False,,34.0,Retail,London,High,20,78405.44
SME_0444,2025-12-01,507.0,4,6.0,-18.0,False,0.0,True,False,,34.0,Retail,London,High,20,78405.44
SME_0444,2026-01-01,478.0,4,5.0,-40.0,False,0.0,True,False,,36.0,Retail,London,High,20,78405.44
SME_0445,2024-08-01,705.0,17,,,False,0.0,True,True,12.0,8.0,Retail,South East,Low,83,438639.15
SME_0445,2024-09-01,701.0,14,17.0,,False,0.0,True,True,11.0,9.0,Retail,South East,Low,83,438639.15
SME_0445,2024-10-01,716.0,9,15.5,,False,0.0,True,True,10.0,10.0,Retail,South East,Low,83,438639.15
SME_0445,2024-11-01,714.0,10,13.333333333333334,9.0,False,0.0,True,True,9.0,11.0,Retail,South East,Low,83,438639.15
SME_0445,2024-12-01,691.0,7,11.0,-10.0,False,0.0,True,True,8.0,12.0,Retail,South East,Low,83,438639.15
SME_0445,2025-01-01,697.0,13,8.666666666666666,-19.0,False,0.0,True,True,7.0,13.0,Retail,South East,Low,83,438639.15
SME_0445,2025-02-01,702.0,12,10.0,-12.0,False,0.0,True,True,6.0,14.0,Retail,South East,Low,83,438639.15
SME_0445,2025-03-01,689.0,13,10.666666666666666,-2.0,True,34611.93,True,True,5.0,15.0,Retail,South East,Low,83,438639.15
SME_0445,2025-04-01,694.0,14,12.666666666666666,-3.0,False,0.0,True,True,4.0,16.0,Retail,South East,Low,83,438639.15
SME_0445,2025-05-01,706.0,11,13.0,4.0,False,0.0,True,True,3.0,17.0,Retail,South East,Low,83,438639.15
SME_0445,2025-06-01,729.0,10,12.666666666666666,40.0,False,0.0,True,True,2.0,18.0,Retail,South East,Low,83,438639.15
SME_0445,2025-07-01,732.0,13,11.666666666666666,38.0,False,0.0,True,True,1.0,19.0,Retail,South East,Low,83,438639.15
SME_0445,2025-08-01,732.0,0,11.333333333333334,26.0,False,0.0,False,True,0.0,20.0,Retail,South East,Low,83,438639.15
SME_0445,2025-09-01,732.0,0,7.666666666666667,3.0,False,0.0,False,True,-1.0,21.0,Retail,South East,Low,83,438639.15
SME_0445,2025-10-01,732.0,0,4.333333333333333,0.0,False,0.0,False,True,-2.0,22.0,Retail,South East,Low,83,438639.15
SME_0445,2025-11-01,732.0,0,0.0,0.0,False,0.0,False,True,-3.0,23.0,Retail,South East,Low,83,438639.15
SME_0445,2025-12-01,732.0,0,0.0,0.0,False,0.0,False,True,-4.0,24.0,Retail,South East,Low,83,438639.15
SME_0445,2026-01-01,732.0,0,0.0,0.0,False,0.0,False,True,-5.0,25.0,Retail,South East,Low,83,438639.15
SME_0446,2024-08-01,624.0,13,,,False,0.0,True,False,,2.0,Technology,Midlands,Medium,42,485880.04
SME_0446,2024-09-01,618.0,9,13.0,,False,0.0,True,False,,3.0,Technology,Midlands,Medium,42,485880.04
SME_0446,2024-10-01,610.0,15,11.0,,False,0.0,True,False,,4.0,Technology,Midlands,Medium,42,485880.04
SME_0446,2024-11-01,609.0,5,12.333333333333334,-15.0,False,0.0,True,False,,5.0,Technology,Midlands,Medium,42,485880.04
SME_0446,2024-12-01,607.0,14,9.666666666666666,-11.0,False,0.0,True,False,,6.0,Technology,Midlands,Medium,42,485880.04
SME_0446,2025-01-01,616.0,9,11.333333333333334,6.0,False,0.0,True,False,,7.0,Technology,Midlands,Medium,42,485880.04
SME_0446,2025-02-01,591.0,6,9.333333333333334,-18.0,False,0.0,True,False,,8.0,Technology,Midlands,Medium,42,485880.04
SME_0446,2025-03-01,618.0,11,9.666666666666666,11.0,False,0.0,True,False,,9.0,Technology,Midlands,Medium,42,485880.04
SME_0446,2025-04-01,633.0,13,8.666666666666666,17.0,False,0.0,True,False,,10.0,Technology,Midlands,Medium,42,485880.04
SME_0446,2025-05-01,631.0,12,10.0,40.0,True,0.0,True,False,,11.0,Technology,Midlands,Medium,42,485880.04
SME_0446,2025-06-01,622.0,10,12.0,4.0,True,0.0,True,False,,12.0,Technology,Midlands,Medium,42,485880.04
SME_0446,2025-07-01,627.0,8,11.666666666666666,-6.0,False,0.0,True,False,,13.0,Technology,Midlands,Medium,42,485880.04
SME_0446,2025-08-01,657.0,13,10.0,26.0,False,0.0,True,False,,14.0,Technology,Midlands,Medium,42,485880.04
SME_0446,2025-09-01,673.0,15,10.333333333333334,51.0,False,0.0,True,False,,15.0,Technology,Midlands,Medium,42,485880.04
SME_0446,2025-10-01,678.0,10,12.0,51.0,False,0.0,True,False,,16.0,Technology,Midlands,Medium,42,485880.04
SME_0446,2025-11-01,663.0,13,12.666666666666666,6.0,False,0.0,True,False,,17.0,Technology,Midlands,Medium,42,485880.04
SME_0446,2025-12-01,677.0,9,12.666666666666666,4.0,False,0.0,True,False,,18.0,Technology,Midlands,Medium,42,485880.04
SME_0446,2026-01-01,677.0,14,10.666666666666666,-1.0,False,0.0,True,False,,19.0,Technology,Midlands,Medium,42,485880.04
SME_0447,2024-08-01,665.0,17,,,False,0.0,True,False,,23.0,Healthcare,London,Low,21,308158.04
SME_0447,2024-09-01,642.0,9,17.0,,False,0.0,True,False,,24.0,Healthcare,London,Low,21,308158.04
SME_0447,2024-10-01,634.0,19,13.0,,False,0.0,True,False,,25.0,Healthcare,London,Low,21,308158.04
SME_0447,2024-11-01,644.0,15,15.0,-21.0,False,0.0,True,False,,26.0,Healthcare,London,Low,21,308158.04
SME_0447,2024-12-01,654.0,16,14.333333333333334,12.0,False,0.0,True,False,,27.0,Healthcare,London,Low,21,308158.04
SME_0447,2025-01-01,667.0,12,16.666666666666668,33.0,False,0.0,True,False,,28.0,Healthcare,London,Low,21,308158.04
SME_0447,2025-02-01,672.0,14,14.333333333333334,28.0,False,0.0,True,False,,29.0,Healthcare,London,Low,21,308158.04
SME_0447,2025-03-01,661.0,13,14.0,7.0,True,0.0,True,False,,30.0,Healthcare,London,Low,21,308158.04
SME_0447,2025-04-01,672.0,11,13.0,5.0,True,0.0,True,False,,31.0,Healthcare,London,Low,21,308158.04
SME_0447,2025-05-01,670.0,13,12.666666666666666,-2.0,False,0.0,True,False,,32.0,Healthcare,London,Low,21,308158.04
SME_0447,2025-06-01,694.0,14,12.333333333333334,33.0,True,57704.87,True,False,,33.0,Healthcare,London,Low,21,308158.04
SME_0447,2025-07-01,681.0,7,12.666666666666666,9.0,False,0.0,True,False,,34.0,Healthcare,London,Low,21,308158.04
SME_0447,2025-08-01,668.0,14,11.333333333333334,-2.0,False,0.0,True,False,,35.0,Healthcare,London,Low,21,308158.04
SME_0447,2025-09-01,680.0,12,11.666666666666666,-14.0,False,0.0,True,False,,36.0,Healthcare,London,Low,21,308158.04
SME_0447,2025-10-01,688.0,11,11.0,7.0,False,0.0,True,False,,37.0,Healthcare,London,Low,21,308158.04
SME_0447,2025-11-01,661.0,7,12.333333333333334,-7.0,False,0.0,True,False,,38.0,Healthcare,London,Low,21,308158.04
SME_0447,2025-12-01,671.0,12,10.0,-9.0,True,62832.36,True,False,,39.0,Healthcare,London,Low,21,308158.04
SME_0447,2026-01-01,653.0,20,10.0,-35.0,False,0.0,True,False,,40.0,Healthcare,London,Low,21,308158.04
SME_0448,2024-08-01,607.0,12,,,False,0.0,True,True,14.0,25.0,Services,North West,Medium,85,92504.89
SME_0448,2024-09-01,594.0,7,12.0,,False,0.0,True,True,13.0,26.0,Services,North West,Medium,85,92504.89
SME_0448,2024-10-01,590.0,6,9.5,,False,0.0,True,True,12.0,27.0,Services,North West,Medium,85,92504.89
SME_0448,2024-11-01,604.0,8,8.333333333333334,-3.0,False,0.0,True,True,11.0,28.0,Services,North West,Medium,85,92504.89
SME_0448,2024-12-01,597.0,12,7.0,3.0,True,8099.34,True,True,10.0,29.0,Services,North West,Medium,85,92504.89
SME_0448,2025-01-01,605.0,9,8.666666666666666,15.0,True,0.0,True,True,9.0,30.0,Services,North West,Medium,85,92504.89
SME_0448,2025-02-01,579.0,15,9.666666666666666,-25.0,False,0.0,True,True,8.0,31.0,Services,North West,Medium,85,92504.89
SME_0448,2025-03-01,589.0,8,12.0,-8.0,False,0.0,True,True,7.0,32.0,Services,North West,Medium,85,92504.89
SME_0448,2025-04-01,599.0,8,10.666666666666666,-6.0,False,0.0,True,True,6.0,33.0,Services,North West,Medium,85,92504.89
SME_0448,2025-05-01,599.0,12,10.333333333333334,20.0,True,54425.74,True,True,5.0,34.0,Services,North West,Medium,85,92504.89
SME_0448,2025-06-01,589.0,7,9.333333333333334,0.0,False,0.0,True,True,4.0,35.0,Services,North West,Medium,85,92504.89
SME_0448,2025-07-01,583.0,6,9.0,-16.0,False,0.0,True,True,3.0,36.0,Services,North West,Medium,85,92504.89
SME_0448,2025-08-01,568.0,6,8.333333333333334,-31.0,False,0.0,True,True,2.0,37.0,Services,North West,Medium,85,92504.89
SME_0448,2025-09-01,562.0,11,6.333333333333333,-27.0,False,0.0,True,True,1.0,38.0,Services,North West,Medium,85,92504.89
SME_0448,2025-10-01,562.0,0,7.666666666666667,-21.0,False,0.0,False,True,0.0,39.0,Services,North West,Medium,85,92504.89
SME_0448,2025-11-01,562.0,0,5.666666666666667,-6.0,False,0.0,False,True,-1.0,40.0,Services,North West,Medium,85,92504.89
SME_0448,2025-12-01,562.0,0,3.6666666666666665,0.0,False,0.0,False,True,-2.0,41.0,Services,North West,Medium,85,92504.89
SME_0448,2026-01-01,562.0,0,0.0,0.0,False,0.0,False,True,-3.0,42.0,Services,North West,Medium,85,92504.89
SME_0449,2024-08-01,549.0,13,,,False,0.0,True,False,,28.0,Retail,Scotland,Medium,104,690149.81
SME_0449,2024-09-01,546.0,6,13.0,,False,0.0,True,False,,29.0,Retail,Scotland,Medium,104,690149.81
SME_0449,2024-10-01,543.0,6,9.5,,True,0.0,True,False,,30.0,Retail,Scotland,Medium,104,690149.81
SME_0449,2024-11-01,571.0,11,8.333333333333334,22.0,False,0.0,True,False,,31.0,Retail,Scotland,Medium,104,690149.81
SME_0449,2024-12-01,595.0,7,7.666666666666667,49.0,False,0.0,True,False,,32.0,Retail,Scotland,Medium,104,690149.81
SME_0449,2025-01-01,596.0,5,8.0,53.0,False,0.0,True,False,,33.0,Retail,Scotland,Medium,104,690149.81
SME_0449,2025-02-01,585.0,9,7.666666666666667,14.0,True,0.0,True,False,,34.0,Retail,Scotland,Medium,104,690149.81
SME_0449,2025-03-01,579.0,11,7.0,-16.0,False,0.0,True,False,,35.0,Retail,Scotland,Medium,104,690149.81
SME_0449,2025-04-01,559.0,7,8.333333333333334,-37.0,False,0.0,True,False,,36.0,Retail,Scotland,Medium,104,690149.81
SME_0449,2025-05-01,559.0,14,9.0,-26.0,False,0.0,True,False,,37.0,Retail,Scotland,Medium,104,690149.81
SME_0449,2025-06-01,550.0,17,10.666666666666666,-29.0,False,0.0,True,False,,38.0,Retail,Scotland,Medium,104,690149.81
SME_0449,2025-07-01,552.0,7,12.666666666666666,-7.0,False,0.0,True,False,,39.0,Retail,Scotland,Medium,104,690149.81
SME_0449,2025-08-01,570.0,8,12.666666666666666,11.0,False,0.0,True,False,,40.0,Retail,Scotland,Medium,104,690149.81
SME_0449,2025-09-01,547.0,15,10.666666666666666,-3.0,False,0.0,True,False,,41.0,Retail,Scotland,Medium,104,690149.81
SME_0449,2025-10-01,531.0,19,10.0,-21.0,True,0.0,True,False,,42.0,Retail,Scotland,Medium,104,690149.81
SME_0449,2025-11-01,534.0,13,14.0,-36.0,False,0.0,True,False,,43.0,Retail,Scotland,Medium,104,690149.81
SME_0449,2025-12-01,523.0,4,15.666666666666666,-24.0,False,0.0,True,False,,44.0,Retail,Scotland,Medium,104,690149.81
SME_0449,2026-01-01,523.0,9,12.0,-8.0,False,0.0,True,False,,45.0,Retail,Scotland,Medium,104,690149.81
SME_0450,2024-08-01,605.0,13,,,True,50297.89,True,False,,34.0,Services,South East,Medium,36,448435.93
SME_0450,2024-09-01,616.0,11,13.0,,False,0.0,True,False,,35.0,Services,South East,Medium,36,448435.93
SME_0450,2024-10-01,628.0,5,12.0,,True,37012.16,True,False,,36.0,Services,South East,Medium,36,448435.93
SME_0450,2024-11-01,593.0,9,9.666666666666666,-12.0,False,0.0,True,False,,37.0,Services,South East,Medium,36,448435.93
SME_0450,2024-12-01,613.0,13,8.333333333333334,-3.0,False,0.0,True,False,,38.0,Services,South East,Medium,36,448435.93
SME_0450,2025-01-01,618.0,4,9.0,-10.0,False,0.0,True,False,,39.0,Services,South East,Medium,36,448435.93
SME_0450,2025-02-01,607.0,11,8.666666666666666,14.0,True,5659.24,True,False,,40.0,Services,South East,Medium,36,448435.93
SME_0450,2025-03-01,615.0,8,9.333333333333334,2.0,False,0.0,True,False,,41.0,Services,South East,Medium,36,448435.93
SME_0450,2025-04-01,597.0,12,7.666666666666667,-21.0,False,0.0,True,False,,42.0,Services,South East,Medium,36,448435.93
SME_0450,2025-05-01,612.0,11,10.333333333333334,5.0,False,0.0,True,False,,43.0,Services,South East,Medium,36,448435.93
SME_0450,2025-06-01,623.0,13,10.333333333333334,8.0,False,0.0,True,False,,44.0,Services,South East,Medium,36,448435.93
SME_0450,2025-07-01,593.0,5,12.0,-4.0,True,46152.88,True,False,,45.0,Services,South East,Medium,36,448435.93
SME_0450,2025-08-01,607.0,10,9.666666666666666,-5.0,False,0.0,True,False,,46.0,Services,South East,Medium,36,448435.93
SME_0450,2025-09-01,618.0,10,9.333333333333334,-5.0,False,0.0,True,False,,47.0,Services,South East,Medium,36,448435.93
SME_0450,2025-10-01,630.0,10,8.333333333333334,37.0,True,0.0,True,False,,48.0,Services,South East,Medium,36,448435.93
SME_0450,2025-11-01,614.0,11,10.0,7.0,False,0.0,True,False,,49.0,Services,South East,Medium,36,448435.93
SME_0450,2025-12-01,631.0,11,10.333333333333334,13.0,False,0.0,True,False,,50.0,Services,South East,Medium,36,448435.93
SME_0450,2026-01-01,633.0,15,10.666666666666666,3.0,False,0.0,True,False,,51.0,Services,South East,Medium,36,448435.93
SME_0451,2024-08-01,551.0,10,,,False,0.0,True,False,,18.0,Retail,Unknown,Medium,16,173296.06
SME_0451,2024-09-01,541.0,11,10.0,,False,0.0,True,False,,19.0,Retail,Unknown,Medium,16,173296.06
SME_0451,2024-10-01,545.0,4,10.5,,False,0.0,True,False,,20.0,Retail,Unknown,Medium,16,173296.06
SME_0451,2024-11-01,552.0,11,8.333333333333334,1.0,True,30459.14,True,False,,21.0,Retail,Unknown,Medium,16,173296.06
SME_0451,2024-12-01,555.0,6,8.666666666666666,14.0,False,0.0,True,False,,22.0,Retail,Unknown,Medium,16,173296.06
SME_0451,2025-01-01,544.0,4,7.0,-1.0,True,0.0,True,False,,23.0,Retail,Unknown,Medium,16,173296.06
SME_0451,2025-02-01,551.0,4,7.0,-1.0,False,0.0,True,False,,25.0,Retail,Unknown,Medium,16,173296.06
SME_0451,2025-03-01,566.0,10,4.666666666666667,11.0,False,0.0,True,False,,25.0,Retail,Unknown,Medium,16,173296.06
SME_0451,2025-04-01,573.0,5,6.0,29.0,False,0.0,True,False,,26.0,Retail,Unknown,Medium,16,173296.06
SME_0451,2025-05-01,562.0,7,6.333333333333333,11.0,False,0.0,True,False,,27.0,Retail,Unknown,Medium,16,173296.06
SME_0451,2025-06-01,573.0,8,7.333333333333333,7.0,False,0.0,True,False,,28.0,Retail,Unknown,Medium,16,173296.06
SME_0451,2025-07-01,581.0,7,6.666666666666667,8.0,True,0.0,True,False,,29.0,Retail,Unknown,Medium,16,173296.06
SME_0451,2025-08-01,584.0,7,7.333333333333333,22.0,False,0.0,True,False,,30.0,Retail,Unknown,Medium,16,173296.06
SME_0451,2025-09-01,588.0,10,7.333333333333333,15.0,False,0.0,True,False,,31.0,Retail,Unknown,Medium,16,173296.06
SME_0451,2025-10-01,587.0,11,8.0,6.0,True,0.0,True,False,,32.0,Retail,Unknown,Medium,16,173296.06
SME_0451,2025-11-01,567.0,7,9.333333333333334,-17.0,False,0.0,True,False,,33.0,Retail,Unknown,Medium,16,173296.06
SME_0451,2025-12-01,590.0,2,9.333333333333334,2.0,False,0.0,True,False,,34.0,Retail,Unknown,Medium,16,173296.06
SME_0451,2026-01-01,582.0,9,6.666666666666667,-5.0,False,0.0,True,False,,35.0,Retail,Unknown,Medium,16,173296.06
SME_0452,2024-08-01,695.0,9,,,False,0.0,True,False,,30.0,Healthcare,London,Low,27,317826.53
SME_0452,2024-09-01,724.0,14,9.0,,False,0.0,True,False,,31.0,Healthcare,London,Low,27,317826.53
SME_0452,2024-10-01,716.0,17,11.5,,False,0.0,True,False,,32.0,Healthcare,London,Low,27,317826.53
SME_0452,2024-11-01,688.0,18,13.333333333333334,-7.0,False,0.0,True,False,,33.0,Healthcare,London,Low,27,317826.53
SME_0452,2024-12-01,675.0,23,16.333333333333332,-49.0,False,0.0,True,False,,34.0,Healthcare,London,Low,27,317826.53
SME_0452,2025-01-01,669.0,7,19.333333333333332,-47.0,False,0.0,True,False,,35.0,Healthcare,London,Low,27,317826.53
SME_0452,2025-02-01,678.0,16,16.0,-10.0,False,0.0,True,False,,36.0,Healthcare,London,Low,27,317826.53
SME_0452,2025-03-01,690.0,14,15.333333333333334,15.0,False,0.0,True,False,,37.0,Healthcare,London,Low,27,317826.53
SME_0452,2025-04-01,663.0,15,12.333333333333334,-6.0,False,0.0,True,False,,38.0,Healthcare,London,Low,27,317826.53
SME_0452,2025-05-01,669.0,13,15.0,-9.0,True,0.0,True,False,,39.0,Healthcare,London,Low,27,317826.53
SME_0452,2025-06-01,667.0,13,14.0,-23.0,True,39688.32,True,False,,40.0,Healthcare,London,Low,27,317826.53
SME_0452,2025-07-01,649.0,17,13.666666666666666,-14.0,False,0.0,True,False,,41.0,Healthcare,London,Low,27,317826.53
SME_0452,2025-08-01,657.0,21,14.333333333333334,-12.0,False,0.0,True,False,,42.0,Healthcare,London,Low,27,317826.53
SME_0452,2025-09-01,663.0,10,17.0,-4.0,True,0.0,True,False,,43.0,Healthcare,London,Low,27,317826.53
SME_0452,2025-10-01,670.0,13,16.0,21.0,False,0.0,True,False,,44.0,Healthcare,London,Low,27,317826.53
SME_0452,2025-11-01,696.0,18,14.666666666666666,39.0,True,37514.62,True,False,,45.0,Healthcare,London,Low,27,317826.53
SME_0452,2025-12-01,683.0,11,13.666666666666666,20.0,False,0.0,True,False,,46.0,Healthcare,London,Low,27,317826.53
SME_0452,2026-01-01,692.0,8,14.0,22.0,False,0.0,True,False,,47.0,Healthcare,London,Low,27,317826.53
SME_0453,2024-08-01,742.0,17,,,False,0.0,True,False,,26.0,Technology,Scotland,Low,130,137529.21
SME_0453,2024-09-01,732.0,12,17.0,,False,0.0,True,False,,27.0,Technology,Scotland,Low,130,137529.21
SME_0453,2024-10-01,736.0,13,14.5,,False,0.0,True,False,,28.0,Technology,Scotland,Low,130,137529.21
SME_0453,2024-11-01,740.0,10,14.0,-2.0,False,0.0,True,False,,29.0,Technology,Scotland,Low,130,137529.21
SME_0453,2024-12-01,763.0,22,11.666666666666666,31.0,False,0.0,True,False,,30.0,Technology,Scotland,Low,130,137529.21
SME_0453,2025-01-01,746.0,19,15.0,10.0,False,0.0,True,False,,31.0,Technology,Scotland,Low,130,137529.21
SME_0453,2025-02-01,771.0,25,17.0,31.0,False,0.0,True,False,,32.0,Technology,Scotland,Low,130,137529.21
SME_0453,2025-03-01,767.0,21,22.0,4.0,False,0.0,True,False,,33.0,Technology,Scotland,Low,130,137529.21
SME_0453,2025-04-01,780.0,15,21.666666666666668,34.0,False,0.0,True,False,,34.0,Technology,Scotland,Low,130,137529.21
SME_0453,2025-05-01,780.0,18,20.333333333333332,9.0,True,73485.16,True,False,,35.0,Technology,Scotland,Low,130,137529.21
SME_0453,2025-06-01,782.0,17,18.0,15.0,False,0.0,True,False,,36.0,Technology,Scotland,Low,130,137529.21
SME_0453,2025-07-01,765.0,10,16.666666666666668,-15.0,False,0.0,True,False,,37.0,Technology,Scotland,Low,130,137529.21
SME_0453,2025-08-01,753.0,15,15.0,-27.0,False,0.0,True,False,,38.0,Technology,Scotland,Low,130,137529.21
SME_0453,2025-09-01,732.0,15,14.0,-50.0,True,55423.86,True,False,,39.0,Technology,Scotland,Low,130,137529.21
SME_0453,2025-10-01,743.0,15,13.333333333333334,-22.0,False,0.0,True,False,,40.0,Technology,Scotland,Low,130,137529.21
SME_0453,2025-11-01,746.0,19,15.0,-7.0,True,78484.67,True,False,,41.0,Technology,Scotland,Low,130,137529.21
SME_0453,2025-12-01,758.0,9,16.333333333333332,26.0,False,0.0,True,False,,42.0,Technology,Scotland,Low,130,137529.21
SME_0453,2026-01-01,753.0,17,14.333333333333334,10.0,False,0.0,True,False,,43.0,Technology,Scotland,Low,130,137529.21
SME_0454,2024-08-01,595.0,10,,,False,0.0,True,False,,11.0,Retail,South East,Medium,172,149783.04
SME_0454,2024-09-01,581.0,12,10.0,,False,0.0,True,False,,12.0,Retail,South East,Medium,172,149783.04
SME_0454,2024-10-01,595.0,8,11.0,,False,0.0,True,False,,13.0,Retail,South East,Medium,172,149783.04
SME_0454,2024-11-01,593.0,8,10.0,-2.0,True,0.0,True,False,,14.0,Retail,South East,Medium,172,149783.04
SME_0454,2024-12-01,597.0,8,9.333333333333334,16.0,False,0.0,True,False,,15.0,Retail,South East,Medium,172,149783.04
SME_0454,2025-01-01,621.0,7,8.0,26.0,False,0.0,True,False,,16.0,Retail,South East,Medium,172,149783.04
SME_0454,2025-02-01,627.0,10,7.666666666666667,34.0,False,0.0,True,False,,17.0,Retail,South East,Medium,172,149783.04
SME_0454,2025-03-01,614.0,13,8.333333333333334,17.0,True,0.0,True,False,,18.0,Retail,South East,Medium,172,149783.04
SME_0454,2025-04-01,591.0,13,10.0,-30.0,False,0.0,True,False,,19.0,Retail,South East,Medium,172,149783.04
SME_0454,2025-05-01,584.0,6,12.0,-43.0,False,0.0,True,False,,20.0,Retail,South East,Medium,172,149783.04
SME_0454,2025-06-01,586.0,7,10.666666666666666,-28.0,False,0.0,True,False,,21.0,Retail,South East,Medium,172,149783.04
SME_0454,2025-07-01,575.0,11,8.666666666666666,-16.0,False,0.0,True,False,,22.0,Retail,South East,Medium,172,149783.04
SME_0454,2025-08-01,588.0,9,8.0,4.0,False,0.0,True,False,,23.0,Retail,South East,Medium,172,149783.04
SME_0454,2025-09-01,586.0,12,9.0,0.0,True,12082.02,True,False,,24.0,Retail,South East,Medium,172,149783.04
SME_0454,2025-10-01,587.0,16,10.666666666666666,12.0,False,0.0,True,False,,25.0,Retail,South East,Medium,172,149783.04
SME_0454,2025-11-01,588.0,6,12.333333333333334,0.0,False,0.0,True,False,,26.0,Retail,South East,Medium,172,149783.04
SME_0454,2025-12-01,581.0,12,11.333333333333334,-5.0,False,0.0,True,False,,27.0,Retail,South East,Medium,172,149783.04
SME_0454,2026-01-01,576.0,6,11.333333333333334,-11.0,False,0.0,True,False,,28.0,Retail,South East,Medium,172,149783.04
SME_0455,2024-08-01,612.0,11,,,False,0.0,True,False,,31.0,Retail,Scotland,High,36,208898.47
SME_0455,2024-09-01,614.0,10,11.0,,False,0.0,True,False,,32.0,Retail,Scotland,High,36,208898.47
SME_0455,2024-10-01,599.0,10,10.5,,False,0.0,True,False,,33.0,Retail,Scotland,High,36,208898.47
SME_0455,2024-11-01,576.0,11,10.333333333333334,-36.0,False,0.0,True,False,,34.0,Retail,Scotland,High,36,208898.47
SME_0455,2024-12-01,594.0,7,10.333333333333334,-20.0,False,0.0,True,False,,35.0,Retail,Scotland,High,36,208898.47
SME_0455,2025-01-01,580.0,5,9.333333333333334,-19.0,False,0.0,True,False,,36.0,Retail,Scotland,High,36,208898.47
SME_0455,2025-02-01,581.0,15,7.666666666666667,5.0,False,0.0,True,False,,37.0,Retail,Scotland,High,36,208898.47
SME_0455,2025-03-01,594.0,8,9.0,0.0,True,23275.66,True,False,,38.0,Retail,Scotland,High,36,208898.47
SME_0455,2025-04-01,609.0,8,9.333333333333334,29.0,False,0.0,True,False,,39.0,Retail,Scotland,High,36,208898.47
SME_0455,2025-05-01,586.0,13,10.333333333333334,5.0,False,0.0,True,False,,40.0,Retail,Scotland,High,36,208898.47
SME_0455,2025-06-01,600.0,8,9.666666666666666,6.0,False,0.0,True,False,,41.0,Retail,Scotland,High,36,208898.47
SME_0455,2025-07-01,605.0,12,9.666666666666666,-4.0,False,0.0,True,False,,42.0,Retail,Scotland,High,36,208898.47
SME_0455,2025-08-01,610.0,8,11.0,24.0,False,0.0,True,False,,43.0,Retail,Scotland,High,36,208898.47
SME_0455,2025-09-01,617.0,8,9.333333333333334,17.0,False,0.0,True,False,,44.0,Retail,Scotland,High,36,208898.47
SME_0455,2025-10-01,629.0,13,9.333333333333334,24.0,False,0.0,True,False,,45.0,Retail,Scotland,High,36,208898.47
SME_0455,2025-11-01,617.0,12,9.666666666666666,7.0,False,0.0,True,False,,46.0,Retail,Scotland,High,36,208898.47
SME_0455,2025-12-01,597.0,9,11.0,-20.0,False,0.0,True,False,,47.0,Retail,Scotland,High,36,208898.47
SME_0455,2026-01-01,611.0,13,11.333333333333334,-18.0,False,0.0,True,False,,48.0,Retail,Scotland,High,36,208898.47
SME_0456,2024-08-01,489.0,7,,,False,0.0,True,False,,3.0,Retail,North West,High,64,655308.01
SME_0456,2024-09-01,459.0,11,7.0,,False,0.0,True,False,,4.0,Retail,North West,High,64,655308.01
SME_0456,2024-10-01,456.0,3,9.0,,False,0.0,True,False,,5.0,Retail,North West,High,64,655308.01
SME_0456,2024-11-01,456.0,6,7.0,-33.0,False,0.0,True,False,,6.0,Retail,North West,High,64,655308.01
SME_0456,2024-12-01,466.0,7,6.666666666666667,7.0,True,0.0,True,False,,7.0,Retail,North West,High,64,655308.01
SME_0456,2025-01-01,456.0,2,5.333333333333333,0.0,False,0.0,True,False,,8.0,Retail,North West,High,64,655308.01
SME_0456,2025-02-01,459.0,4,5.0,3.0,False,0.0,True,False,,9.0,Retail,North West,High,64,655308.01
SME_0456,2025-03-01,464.0,4,4.333333333333333,-2.0,True,0.0,True,False,,10.0,Retail,North West,High,64,655308.01
SME_0456,2025-04-01,468.0,3,3.3333333333333335,12.0,False,0.0,True,False,,11.0,Retail,North West,High,64,655308.01
SME_0456,2025-05-01,468.0,3,3.6666666666666665,9.0,False,0.0,True,False,,12.0,Retail,North West,High,64,655308.01
SME_0456,2025-06-01,474.0,2,3.3333333333333335,10.0,False,0.0,True,False,,13.0,Retail,North West,High,64,655308.01
SME_0456,2025-07-01,437.0,4,2.6666666666666665,-31.0,False,0.0,True,False,,14.0,Retail,North West,High,64,655308.01
SME_0456,2025-08-01,444.0,9,3.0,-24.0,False,0.0,True,False,,15.0,Retail,North West,High,64,655308.01
SME_0456,2025-09-01,457.0,10,5.0,-17.0,True,0.0,True,False,,16.0,Retail,North West,High,64,655308.01
SME_0456,2025-10-01,468.0,3,7.666666666666667,31.0,False,0.0,True,False,,17.0,Retail,North West,High,64,655308.01
SME_0456,2025-11-01,486.0,4,7.333333333333333,42.0,False,0.0,True,False,,18.0,Retail,North West,High,64,655308.01
SME_0456,2025-12-01,495.0,5,5.666666666666667,38.0,False,0.0,True,False,,19.0,Retail,North West,High,64,655308.01
SME_0456,2026-01-01,504.0,6,4.0,36.0,False,0.0,True,False,,20.0,Retail,North West,High,64,655308.01
SME_0457,2024-08-01,657.0,12,,,False,0.0,True,False,,22.0,Healthcare,South East,Medium,69,217739.85
SME_0457,2024-09-01,626.0,18,12.0,,False,0.0,True,False,,23.0,Healthcare,South East,Medium,69,217739.85
SME_0457,2024-10-01,614.0,13,15.0,,False,0.0,True,False,,24.0,Healthcare,South East,Medium,69,217739.85
SME_0457,2024-11-01,643.0,9,14.333333333333334,-14.0,False,0.0,True,False,,25.0,Healthcare,South East,Medium,69,217739.85
SME_0457,2024-12-01,644.0,12,13.333333333333334,18.0,False,0.0,True,False,,26.0,Healthcare,South East,Medium,69,217739.85
SME_0457,2025-01-01,652.0,14,11.333333333333334,38.0,False,0.0,True,False,,27.0,Healthcare,South East,Medium,69,217739.85
SME_0457,2025-02-01,644.0,10,11.666666666666666,1.0,False,0.0,True,False,,28.0,Healthcare,South East,Medium,69,217739.85
SME_0457,2025-03-01,655.0,12,12.0,11.0,False,0.0,True,False,,29.0,Healthcare,South East,Medium,69,217739.85
SME_0457,2025-04-01,661.0,14,12.0,9.0,False,0.0,True,False,,30.0,Healthcare,South East,Medium,69,217739.85
SME_0457,2025-05-01,667.0,11,12.0,23.0,False,0.0,True,False,,31.0,Healthcare,South East,Medium,69,217739.85
SME_0457,2025-06-01,652.0,8,12.333333333333334,-3.0,False,0.0,True,False,,32.0,Healthcare,South East,Medium,69,217739.85
SME_0457,2025-07-01,647.0,11,11.0,-14.0,False,0.0,True,False,,33.0,Healthcare,South East,Medium,69,217739.85
SME_0457,2025-08-01,660.0,9,10.0,-7.0,False,0.0,True,False,,34.0,Healthcare,South East,Medium,69,217739.85
SME_0457,2025-09-01,665.0,12,9.333333333333334,13.0,False,0.0,True,False,,35.0,Healthcare,South East,Medium,69,217739.85
SME_0457,2025-10-01,682.0,14,10.666666666666666,35.0,False,0.0,True,False,,36.0,Healthcare,South East,Medium,69,217739.85
SME_0457,2025-11-01,676.0,11,11.666666666666666,16.0,False,0.0,True,False,,37.0,Healthcare,South East,Medium,69,217739.85
SME_0457,2025-12-01,679.0,14,12.333333333333334,14.0,False,0.0,True,False,,38.0,Healthcare,South East,Medium,69,217739.85
SME_0457,2026-01-01,679.0,15,13.0,-3.0,False,0.0,True,False,,39.0,Healthcare,South East,Medium,69,217739.85
SME_0458,2024-08-01,666.0,8,,,False,0.0,True,False,,34.0,Manufacturing,South East,Low,72,613041.36
SME_0458,2024-09-01,681.0,11,8.0,,False,0.0,True,False,,35.0,Manufacturing,South East,Low,72,613041.36
SME_0458,2024-10-01,687.0,12,9.5,,False,0.0,True,False,,36.0,Manufacturing,South East,Low,72,613041.36
SME_0458,2024-11-01,699.0,10,10.333333333333334,33.0,False,0.0,True,False,,37.0,Manufacturing,South East,Low,72,613041.36
SME_0458,2024-12-01,684.0,13,11.0,3.0,False,0.0,True,False,,38.0,Manufacturing,South East,Low,72,613041.36
SME_0458,2025-01-01,683.0,13,11.666666666666666,-4.0,False,0.0,True,False,,39.0,Manufacturing,South East,Low,72,613041.36
SME_0458,2025-02-01,663.0,9,12.0,-36.0,False,0.0,True,False,,40.0,Manufacturing,South East,Low,72,613041.36
SME_0458,2025-03-01,654.0,13,11.666666666666666,-30.0,True,28040.63,True,False,,41.0,Manufacturing,South East,Low,72,613041.36
SME_0458,2025-04-01,633.0,16,11.666666666666666,-50.0,False,0.0,True,False,,42.0,Manufacturing,South East,Low,72,613041.36
SME_0458,2025-05-01,633.0,13,12.666666666666666,-30.0,True,0.0,True,False,,43.0,Manufacturing,South East,Low,72,613041.36
SME_0458,2025-06-01,625.0,16,14.0,-29.0,True,13626.12,True,False,,44.0,Manufacturing,South East,Low,72,613041.36
SME_0458,2025-07-01,635.0,4,15.0,2.0,False,0.0,True,False,,45.0,Manufacturing,South East,Low,72,613041.36
SME_0458,2025-08-01,645.0,9,11.0,12.0,False,0.0,True,False,,46.0,Manufacturing,South East,Low,72,613041.36
SME_0458,2025-09-01,651.0,15,9.666666666666666,26.0,False,0.0,True,False,,47.0,Manufacturing,South East,Low,72,613041.36
SME_0458,2025-10-01,653.0,12,9.333333333333334,18.0,False,0.0,True,False,,48.0,Manufacturing,South East,Low,72,613041.36
SME_0458,2025-11-01,653.0,15,12.0,8.0,True,30384.78,True,False,,49.0,Manufacturing,South East,Low,72,613041.36
SME_0458,2025-12-01,645.0,12,14.0,-6.0,False,0.0,True,False,,50.0,Manufacturing,South East,Low,72,613041.36
SME_0458,2026-01-01,631.0,13,13.0,-22.0,False,0.0,True,False,,51.0,Manufacturing,South East,Low,72,613041.36
SME_0459,2024-08-01,696.0,11,,,False,0.0,True,False,,24.0,Technology,Scotland,Low,49,257386.47
SME_0459,2024-09-01,695.0,9,11.0,,True,0.0,True,False,,25.0,Technology,Scotland,Low,49,257386.47
SME_0459,2024-10-01,695.0,19,10.0,,True,0.0,True,False,,26.0,Technology,Scotland,Low,49,257386.47
SME_0459,2024-11-01,663.0,15,13.0,-33.0,True,0.0,True,False,,27.0,Technology,Scotland,Low,49,257386.47
SME_0459,2024-12-01,658.0,6,14.333333333333334,-37.0,False,0.0,True,False,,28.0,Technology,Scotland,Low,49,257386.47
SME_0459,2025-01-01,662.0,18,13.333333333333334,-33.0,False,0.0,True,False,,29.0,Technology,Scotland,Low,49,257386.47
SME_0459,2025-02-01,671.0,23,13.0,8.0,False,0.0,True,False,,30.0,Technology,Scotland,Low,49,257386.47
SME_0459,2025-03-01,674.0,12,15.666666666666666,16.0,False,0.0,True,False,,31.0,Technology,Scotland,Low,49,257386.47
SME_0459,2025-04-01,665.0,18,17.666666666666668,3.0,False,0.0,True,False,,32.0,Technology,Scotland,Low,49,257386.47
SME_0459,2025-05-01,682.0,13,17.666666666666668,11.0,False,0.0,True,False,,33.0,Technology,Scotland,Low,49,257386.47
SME_0459,2025-06-01,664.0,19,14.333333333333334,-10.0,False,0.0,True,False,,34.0,Technology,Scotland,Low,49,257386.47
SME_0459,2025-07-01,651.0,19,16.666666666666668,-14.0,False,0.0,True,False,,35.0,Technology,Scotland,Low,49,257386.47
SME_0459,2025-08-01,657.0,15,17.0,-25.0,False,0.0,True,False,,36.0,Technology,Scotland,Low,49,257386.47
SME_0459,2025-09-01,652.0,14,17.666666666666668,-12.0,False,0.0,True,False,,37.0,Technology,Scotland,Low,49,257386.47
SME_0459,2025-10-01,670.0,24,16.0,19.0,True,50229.96,True,False,,38.0,Technology,Scotland,Low,49,257386.47
SME_0459,2025-11-01,669.0,19,17.666666666666668,12.0,False,0.0,True,False,,39.0,Technology,Scotland,Low,49,257386.47
SME_0459,2025-12-01,677.0,16,19.0,25.0,False,0.0,True,False,,40.0,Technology,Scotland,Low,49,257386.47
SME_0459,2026-01-01,659.0,10,19.666666666666668,-11.0,False,0.0,True,False,,41.0,Technology,Scotland,Low,49,257386.47
SME_0460,2024-08-01,563.0,16,,,True,0.0,True,True,5.0,34.0,Services,North West,Medium,11,411681.02
SME_0460,2024-09-01,559.0,7,16.0,,False,0.0,True,True,4.0,35.0,Services,North West,Medium,11,411681.02
SME_0460,2024-10-01,568.0,13,11.5,,False,0.0,True,True,3.0,36.0,Services,North West,Medium,11,411681.02
SME_0460,2024-11-01,572.0,11,12.0,9.0,False,0.0,True,True,2.0,37.0,Services,North West,Medium,11,411681.02
SME_0460,2024-12-01,585.0,9,10.333333333333334,26.0,False,0.0,True,True,1.0,38.0,Services,North West,Medium,11,411681.02
SME_0460,2025-01-01,585.0,0,11.0,17.0,False,0.0,False,True,0.0,39.0,Services,North West,Medium,11,411681.02
SME_0460,2025-02-01,585.0,0,6.666666666666667,13.0,False,0.0,False,True,-1.0,40.0,Services,North West,Medium,11,411681.02
SME_0460,2025-03-01,585.0,0,3.0,0.0,False,0.0,False,True,-2.0,41.0,Services,North West,Medium,11,411681.02
SME_0460,2025-04-01,585.0,0,0.0,0.0,False,0.0,False,True,-3.0,42.0,Services,North West,Medium,11,411681.02
SME_0460,2025-05-01,585.0,0,0.0,0.0,False,0.0,False,True,-4.0,43.0,Services,North West,Medium,11,411681.02
SME_0460,2025-06-01,585.0,0,0.0,0.0,False,0.0,False,True,-5.0,44.0,Services,North West,Medium,11,411681.02
SME_0460,2025-07-01,585.0,0,0.0,0.0,False,0.0,False,True,-6.0,45.0,Services,North West,Medium,11,411681.02
SME_0460,2025-08-01,585.0,0,0.0,0.0,False,0.0,False,True,-7.0,46.0,Services,North West,Medium,11,411681.02
SME_0460,2025-09-01,585.0,0,0.0,0.0,False,0.0,False,True,-8.0,47.0,Services,North West,Medium,11,411681.02
SME_0460,2025-10-01,585.0,0,0.0,0.0,False,0.0,False,True,-9.0,48.0,Services,North West,Medium,11,411681.02
SME_0460,2025-11-01,585.0,0,0.0,0.0,False,0.0,False,True,-10.0,49.0,Services,North West,Medium,11,411681.02
SME_0460,2025-12-01,585.0,0,0.0,0.0,False,0.0,False,True,-11.0,50.0,Services,North West,Medium,11,411681.02
SME_0460,2026-01-01,585.0,0,0.0,0.0,False,0.0,False,True,-12.0,51.0,Services,North West,Medium,11,411681.02
SME_0461,2024-08-01,681.0,19,,,False,0.0,True,False,,3.0,Services,Scotland,Low,105,346436.77
SME_0461,2024-09-01,676.0,14,19.0,,False,0.0,True,False,,4.0,Services,Scotland,Low,105,346436.77
SME_0461,2024-10-01,685.0,11,16.5,,False,0.0,True,False,,5.0,Services,Scotland,Low,105,346436.77
SME_0461,2024-11-01,,22,14.666666666666666,,True,27408.72,True,False,,6.0,Services,Scotland,Low,105,346436.77
SME_0461,2024-12-01,678.0,16,15.666666666666666,2.0,False,0.0,True,False,,7.0,Services,Scotland,Low,105,346436.77
SME_0461,2025-01-01,696.0,21,16.333333333333332,11.0,False,0.0,True,False,,8.0,Services,Scotland,Low,105,346436.77
SME_0461,2025-02-01,687.0,18,19.666666666666668,,False,0.0,True,False,,9.0,Services,Scotland,Low,105,346436.77
SME_0461,2025-03-01,669.0,12,18.333333333333332,-9.0,False,0.0,True,False,,10.0,Services,Scotland,Low,105,346436.77
SME_0461,2025-04-01,678.0,8,17.0,-18.0,False,0.0,True,False,,11.0,Services,Scotland,Low,105,346436.77
SME_0461,2025-05-01,673.0,6,12.666666666666666,-14.0,False,0.0,True,False,,12.0,Services,Scotland,Low,105,346436.77
SME_0461,2025-06-01,670.0,4,8.666666666666666,1.0,False,0.0,True,False,,13.0,Services,Scotland,Low,105,346436.77
SME_0461,2025-07-01,666.0,22,6.0,-12.0,True,40485.5,True,False,,14.0,Services,Scotland,Low,105,346436.77
SME_0461,2025-08-01,670.0,11,10.666666666666666,-3.0,False,0.0,True,False,,15.0,Services,Scotland,Low,105,346436.77
SME_0461,2025-09-01,659.0,13,12.333333333333334,-11.0,True,0.0,True,False,,16.0,Services,Scotland,Low,105,346436.77
SME_0461,2025-10-01,673.0,15,15.333333333333334,7.0,False,0.0,True,False,,17.0,Services,Scotland,Low,105,346436.77
SME_0461,2025-11-01,657.0,9,13.0,-13.0,False,0.0,True,False,,18.0,Services,Scotland,Low,105,346436.77
SME_0461,2025-12-01,649.0,10,12.333333333333334,-10.0,False,0.0,True,False,,19.0,Services,Scotland,Low,105,346436.77
SME_0461,2026-01-01,657.0,23,11.333333333333334,-16.0,True,64750.71,True,False,,20.0,Services,Scotland,Low,105,346436.77
SME_0462,2024-08-01,591.0,13,,,False,0.0,True,True,17.0,20.0,Retail,North West,Medium,72,653582.72
SME_0462,2024-09-01,601.0,12,13.0,,True,0.0,True,True,16.0,21.0,Retail,North West,Medium,72,653582.72
SME_0462,2024-10-01,617.0,8,12.5,,False,0.0,True,True,15.0,22.0,Retail,North West,Medium,72,653582.72
SME_0462,2024-11-01,615.0,10,11.0,24.0,False,0.0,True,True,14.0,23.0,Retail,North West,Medium,72,653582.72
SME_0462,2024-12-01,590.0,8,10.0,-11.0,False,0.0,True,True,13.0,24.0,Retail,North West,Medium,72,653582.72
SME_0462,2025-01-01,594.0,10,8.666666666666666,-23.0,True,0.0,True,True,12.0,25.0,Retail,North West,Medium,72,653582.72
SME_0462,2025-02-01,585.0,11,9.333333333333334,-30.0,False,0.0,True,True,11.0,26.0,Retail,North West,Medium,72,653582.72
SME_0462,2025-03-01,563.0,13,9.666666666666666,-27.0,False,0.0,True,True,10.0,27.0,Retail,North West,Medium,72,653582.72
SME_0462,2025-04-01,578.0,14,11.333333333333334,-16.0,False,0.0,True,True,9.0,28.0,Retail,North West,Medium,72,653582.72
SME_0462,2025-05-01,571.0,15,12.666666666666666,-14.0,False,0.0,True,True,8.0,29.0,Retail,North West,Medium,72,653582.72
SME_0462,2025-06-01,589.0,9,14.0,26.0,False,0.0,True,True,7.0,30.0,Retail,North West,Medium,72,653582.72
SME_0462,2025-07-01,589.0,9,12.666666666666666,11.0,True,0.0,True,True,6.0,31.0,Retail,North West,Medium,72,653582.72
SME_0462,2025-08-01,575.0,6,11.0,4.0,False,0.0,True,True,5.0,32.0,Retail,North West,Medium,72,653582.72
SME_0462,2025-09-01,576.0,14,8.0,-13.0,False,0.0,True,True,4.0,33.0,Retail,North West,Medium,72,653582.72
SME_0462,2025-10-01,568.0,16,9.666666666666666,-21.0,True,0.0,True,True,3.0,34.0,Retail,North West,Medium,72,653582.72
SME_0462,2025-11-01,583.0,15,12.0,8.0,False,0.0,True,True,2.0,35.0,Retail,North West,Medium,72,653582.72
SME_0462,2025-12-01,571.0,8,15.0,-5.0,False,0.0,True,True,1.0,36.0,Retail,North West,Medium,72,653582.72
SME_0462,2026-01-01,571.0,0,13.0,3.0,False,0.0,False,True,0.0,37.0,Retail,North West,Medium,72,653582.72
SME_0463,2024-08-01,730.0,14,,,False,0.0,True,False,,28.0,Healthcare,Scotland,Low,69,266647.06
SME_0463,2024-09-01,725.0,11,14.0,,False,0.0,True,False,,29.0,Healthcare,Scotland,Low,69,266647.06
SME_0463,2024-10-01,724.0,15,12.5,,False,0.0,True,False,,30.0,Healthcare,Scotland,Low,69,266647.06
SME_0463,2024-11-01,720.0,17,13.333333333333334,-10.0,False,0.0,True,False,,31.0,Healthcare,Scotland,Low,69,266647.06
SME_0463,2024-12-01,724.0,12,14.333333333333334,-1.0,True,0.0,True,False,,32.0,Healthcare,Scotland,Low,69,266647.06
SME_0463,2025-01-01,740.0,15,14.666666666666666,16.0,False,0.0,True,False,,33.0,Healthcare,Scotland,Low,69,266647.06
SME_0463,2025-02-01,715.0,15,14.666666666666666,-5.0,False,0.0,True,False,,34.0,Healthcare,Scotland,Low,69,266647.06
SME_0463,2025-03-01,703.0,17,14.0,-21.0,False,0.0,True,False,,35.0,Healthcare,Scotland,Low,69,266647.06
SME_0463,2025-04-01,708.0,13,15.666666666666666,-32.0,False,0.0,True,False,,36.0,Healthcare,Scotland,Low,69,266647.06
SME_0463,2025-05-01,714.0,15,15.0,-1.0,False,0.0,True,False,,37.0,Healthcare,Scotland,Low,69,266647.06
SME_0463,2025-06-01,698.0,18,15.0,-5.0,False,0.0,True,False,,38.0,Healthcare,Scotland,Low,69,266647.06
SME_0463,2025-07-01,700.0,12,15.333333333333334,-8.0,False,0.0,True,False,,39.0,Healthcare,Scotland,Low,69,266647.06
SME_0463,2025-08-01,711.0,17,15.0,-3.0,True,61115.01,True,False,,40.0,Healthcare,Scotland,Low,69,266647.06
SME_0463,2025-09-01,715.0,14,15.666666666666666,17.0,False,0.0,True,False,,41.0,Healthcare,Scotland,Low,69,266647.06
SME_0463,2025-10-01,716.0,16,14.333333333333334,16.0,False,0.0,True,False,,42.0,Healthcare,Scotland,Low,69,266647.06
SME_0463,2025-11-01,724.0,17,15.666666666666666,13.0,True,0.0,True,False,,43.0,Healthcare,Scotland,Low,69,266647.06
SME_0463,2025-12-01,730.0,20,15.666666666666666,15.0,False,0.0,True,False,,44.0,Healthcare,Scotland,Low,69,266647.06
SME_0463,2026-01-01,734.0,17,17.666666666666668,18.0,False,0.0,True,False,,45.0,Healthcare,Scotland,Low,69,266647.06
SME_0464,2024-08-01,588.0,13,,,False,0.0,True,False,,24.0,Manufacturing,Scotland,Medium,53,94890.11
SME_0464,2024-09-01,581.0,11,13.0,,False,0.0,True,False,,25.0,Manufacturing,Scotland,Medium,53,94890.11
SME_0464,2024-10-01,594.0,9,12.0,,False,0.0,True,False,,26.0,Manufacturing,Scotland,Medium,53,94890.11
SME_0464,2024-11-01,612.0,9,11.0,24.0,False,0.0,True,False,,27.0,Manufacturing,Scotland,Medium,53,94890.11
SME_0464,2024-12-01,604.0,7,9.666666666666666,23.0,False,0.0,True,False,,28.0,Manufacturing,Scotland,Medium,53,94890.11
SME_0464,2025-01-01,595.0,9,8.333333333333334,1.0,False,0.0,True,False,,29.0,Manufacturing,Scotland,Medium,53,94890.11
SME_0464,2025-02-01,594.0,8,8.333333333333334,-18.0,False,0.0,True,False,,30.0,Manufacturing,Scotland,Medium,53,94890.11
SME_0464,2025-03-01,606.0,5,8.0,2.0,False,0.0,True,False,,31.0,Manufacturing,Scotland,Medium,53,94890.11
SME_0464,2025-04-01,602.0,6,7.333333333333333,7.0,False,0.0,True,False,,32.0,Manufacturing,Scotland,Medium,53,94890.11
SME_0464,2025-05-01,606.0,8,6.333333333333333,12.0,False,0.0,True,False,,33.0,Manufacturing,Scotland,Medium,53,94890.11
SME_0464,2025-06-01,594.0,9,6.333333333333333,-12.0,False,0.0,True,False,,34.0,Manufacturing,Scotland,Medium,53,94890.11
SME_0464,2025-07-01,597.0,9,7.666666666666667,-5.0,False,0.0,True,False,,35.0,Manufacturing,Scotland,Medium,53,94890.11
SME_0464,2025-08-01,584.0,7,8.666666666666666,-22.0,False,0.0,True,False,,36.0,Manufacturing,Scotland,Medium,53,94890.11
SME_0464,2025-09-01,570.0,11,8.333333333333334,-24.0,False,0.0,True,False,,37.0,Manufacturing,Scotland,Medium,53,94890.11
SME_0464,2025-10-01,603.0,9,9.0,6.0,False,0.0,True,False,,38.0,Manufacturing,Scotland,Medium,53,94890.11
SME_0464,2025-11-01,605.0,8,9.0,21.0,True,0.0,True,False,,39.0,Manufacturing,Scotland,Medium,53,94890.11
SME_0464,2025-12-01,602.0,8,9.333333333333334,32.0,False,0.0,True,False,,40.0,Manufacturing,Scotland,Medium,53,94890.11
SME_0464,2026-01-01,602.0,18,8.333333333333334,-1.0,False,0.0,True,False,,41.0,Manufacturing,Scotland,Medium,53,94890.11
SME_0465,2024-08-01,615.0,15,,,False,0.0,True,False,,32.0,Services,Scotland,Medium,185,117625.73
SME_0465,2024-09-01,633.0,10,15.0,,False,0.0,True,False,,33.0,Services,Scotland,Medium,185,117625.73
SME_0465,2024-10-01,626.0,13,12.5,,False,0.0,True,False,,34.0,Services,Scotland,Medium,185,117625.73
SME_0465,2024-11-01,641.0,13,12.666666666666666,26.0,True,55200.67,True,False,,35.0,Services,Scotland,Medium,185,117625.73
SME_0465,2024-12-01,631.0,12,12.0,-2.0,False,0.0,True,False,,36.0,Services,Scotland,Medium,185,117625.73
SME_0465,2025-01-01,618.0,11,12.666666666666666,-8.0,False,0.0,True,False,,37.0,Services,Scotland,Medium,185,117625.73
SME_0465,2025-02-01,606.0,18,12.0,-35.0,False,0.0,True,False,,38.0,Services,Scotland,Medium,185,117625.73
SME_0465,2025-03-01,614.0,13,13.666666666666666,-17.0,True,0.0,True,False,,39.0,Services,Scotland,Medium,185,117625.73
SME_0465,2025-04-01,622.0,8,14.0,4.0,False,0.0,True,False,,40.0,Services,Scotland,Medium,185,117625.73
SME_0465,2025-05-01,630.0,11,13.0,24.0,True,0.0,True,False,,41.0,Services,Scotland,Medium,185,117625.73
SME_0465,2025-06-01,626.0,9,10.666666666666666,12.0,False,0.0,True,False,,42.0,Services,Scotland,Medium,185,117625.73
SME_0465,2025-07-01,599.0,8,9.333333333333334,-23.0,False,0.0,True,False,,43.0,Services,Scotland,Medium,185,117625.73
SME_0465,2025-08-01,587.0,13,9.333333333333334,-43.0,False,0.0,True,False,,44.0,Services,Scotland,Medium,185,117625.73
SME_0465,2025-09-01,608.0,10,10.0,-18.0,False,0.0,True,False,,45.0,Services,Scotland,Medium,185,117625.73
SME_0465,2025-10-01,597.0,10,10.333333333333334,-2.0,False,0.0,True,False,,46.0,Services,Scotland,Medium,185,117625.73
SME_0465,2025-11-01,590.0,10,11.0,3.0,False,0.0,True,False,,47.0,Services,Scotland,Medium,185,117625.73
SME_0465,2025-12-01,598.0,9,10.0,-10.0,False,0.0,True,False,,48.0,Services,Scotland,Medium,185,117625.73
SME_0465,2026-01-01,599.0,11,9.666666666666666,2.0,False,0.0,True,False,,49.0,Services,Scotland,Medium,185,117625.73
SME_0466,2024-08-01,615.0,10,,,False,0.0,True,False,,17.0,Services,North West,Low,122,241186.67
SME_0466,2024-09-01,622.0,13,10.0,,False,0.0,True,False,,18.0,Services,North West,Low,122,241186.67
SME_0466,2024-10-01,612.0,13,11.5,,False,0.0,True,False,,19.0,Services,North West,Low,122,241186.67
SME_0466,2024-11-01,605.0,11,12.0,-10.0,False,0.0,True,False,,20.0,Services,North West,Low,122,241186.67
SME_0466,2024-12-01,615.0,17,12.333333333333334,-7.0,True,5736.9,True,False,,21.0,Services,North West,Low,122,241186.67
SME_0466,2025-01-01,623.0,12,13.666666666666666,11.0,False,0.0,True,False,,22.0,Services,North West,Low,122,241186.67
SME_0466,2025-02-01,639.0,9,13.333333333333334,34.0,False,0.0,True,False,,23.0,Services,North West,Low,122,241186.67
SME_0466,2025-03-01,651.0,19,12.666666666666666,36.0,False,0.0,True,False,,24.0,Services,North West,Low,122,241186.67
SME_0466,2025-04-01,628.0,14,13.333333333333334,5.0,False,0.0,True,False,,25.0,Services,North West,Low,122,241186.67
SME_0466,2025-05-01,624.0,14,14.0,-15.0,False,0.0,True,False,,26.0,Services,North West,Low,122,241186.67
SME_0466,2025-06-01,625.0,18,15.666666666666666,-26.0,False,0.0,True,False,,27.0,Services,North West,Low,122,241186.67
SME_0466,2025-07-01,638.0,9,15.333333333333334,10.0,True,24798.68,True,False,,28.0,Services,North West,Low,122,241186.67
SME_0466,2025-08-01,633.0,15,13.666666666666666,9.0,False,0.0,True,False,,29.0,Services,North West,Low,122,241186.67
SME_0466,2025-09-01,646.0,13,14.0,21.0,False,0.0,True,False,,30.0,Services,North West,Low,122,241186.67
SME_0466,2025-10-01,642.0,10,12.333333333333334,4.0,True,0.0,True,False,,31.0,Services,North West,Low,122,241186.67
SME_0466,2025-11-01,645.0,6,12.666666666666666,12.0,False,0.0,True,False,,32.0,Services,North West,Low,122,241186.67
SME_0466,2025-12-01,659.0,16,9.666666666666666,13.0,False,0.0,True,False,,33.0,Services,North West,Low,122,241186.67
SME_0466,2026-01-01,634.0,14,10.666666666666666,-8.0,True,8858.52,True,False,,34.0,Services,North West,Low,122,241186.67
SME_0467,2024-08-01,426.0,3,,,False,0.0,True,False,,25.0,Services,North West,High,84,82640.08
SME_0467,2024-09-01,448.0,5,3.0,,False,0.0,True,False,,26.0,Services,North West,High,84,82640.08
SME_0467,2024-10-01,429.0,3,4.0,,False,0.0,True,False,,27.0,Services,North West,High,84,82640.08
SME_0467,2024-11-01,443.0,8,3.6666666666666665,17.0,False,0.0,True,False,,28.0,Services,North West,High,84,82640.08
SME_0467,2024-12-01,415.0,4,5.333333333333333,-33.0,False,0.0,True,False,,29.0,Services,North West,High,84,82640.08
SME_0467,2025-01-01,424.0,6,5.0,-5.0,False,0.0,True,False,,30.0,Services,North West,High,84,82640.08
SME_0467,2025-02-01,419.0,9,6.0,-24.0,False,0.0,True,False,,31.0,Services,North West,High,84,82640.08
SME_0467,2025-03-01,416.0,7,6.333333333333333,1.0,False,0.0,True,False,,32.0,Services,North West,High,84,82640.08
SME_0467,2025-04-01,424.0,7,7.333333333333333,0.0,False,0.0,True,False,,33.0,Services,North West,High,84,82640.08
SME_0467,2025-05-01,429.0,6,7.666666666666667,10.0,False,0.0,True,False,,34.0,Services,North West,High,84,82640.08
SME_0467,2025-06-01,437.0,4,6.666666666666667,21.0,False,0.0,True,False,,35.0,Services,North West,High,84,82640.08
SME_0467,2025-07-01,445.0,4,5.666666666666667,21.0,False,0.0,True,False,,36.0,Services,North West,High,84,82640.08
SME_0467,2025-08-01,456.0,2,4.666666666666667,27.0,False,0.0,True,False,,37.0,Services,North West,High,84,82640.08
SME_0467,2025-09-01,464.0,4,3.3333333333333335,27.0,False,0.0,True,False,,38.0,Services,North West,High,84,82640.08
SME_0467,2025-10-01,474.0,3,3.3333333333333335,29.0,False,0.0,True,False,,39.0,Services,North West,High,84,82640.08
SME_0467,2025-11-01,453.0,2,3.0,-3.0,False,0.0,True,False,,40.0,Services,North West,High,84,82640.08
SME_0467,2025-12-01,454.0,2,3.0,-10.0,False,0.0,True,False,,41.0,Services,North West,High,84,82640.08
SME_0467,2026-01-01,455.0,2,2.3333333333333335,-19.0,False,0.0,True,False,,42.0,Services,North West,High,84,82640.08
SME_0468,2024-08-01,686.0,11,,,False,0.0,True,False,,16.0,Healthcare,South East,Medium,41,518287.73
SME_0468,2024-09-01,702.0,12,11.0,,False,0.0,True,False,,17.0,Healthcare,South East,Medium,41,518287.73
SME_0468,2024-10-01,705.0,12,11.5,,True,33464.75,True,False,,18.0,Healthcare,South East,Medium,41,518287.73
SME_0468,2024-11-01,691.0,19,11.666666666666666,5.0,False,0.0,True,False,,19.0,Healthcare,South East,Medium,41,518287.73
SME_0468,2024-12-01,658.0,15,14.333333333333334,-44.0,False,0.0,True,False,,20.0,Healthcare,South East,Medium,41,518287.73
SME_0468,2025-01-01,657.0,12,15.333333333333334,-48.0,False,0.0,True,False,,21.0,Healthcare,South East,Medium,41,518287.73
SME_0468,2025-02-01,,15,15.333333333333334,,False,0.0,True,False,,22.0,Healthcare,South East,Medium,41,518287.73
SME_0468,2025-03-01,684.0,12,14.0,26.0,False,0.0,True,False,,23.0,Healthcare,South East,Medium,41,518287.73
SME_0468,2025-04-01,691.0,16,13.0,34.0,False,0.0,True,False,,24.0,Healthcare,South East,Medium,41,518287.73
SME_0468,2025-05-01,681.0,16,14.333333333333334,,False,0.0,True,False,,25.0,Healthcare,South East,Medium,41,518287.73
SME_0468,2025-06-01,681.0,10,14.666666666666666,-3.0,False,0.0,True,False,,26.0,Healthcare,South East,Medium,41,518287.73
SME_0468,2025-07-01,666.0,10,14.0,-25.0,False,0.0,True,False,,27.0,Healthcare,South East,Medium,41,518287.73
SME_0468,2025-08-01,683.0,17,12.0,2.0,True,22564.49,True,False,,28.0,Healthcare,South East,Medium,41,518287.73
SME_0468,2025-09-01,666.0,14,12.333333333333334,-15.0,False,0.0,True,False,,29.0,Healthcare,South East,Medium,41,518287.73
SME_0468,2025-10-01,674.0,13,13.666666666666666,8.0,False,0.0,True,False,,30.0,Healthcare,South East,Medium,41,518287.73
SME_0468,2025-11-01,657.0,11,14.666666666666666,-26.0,False,0.0,True,False,,31.0,Healthcare,South East,Medium,41,518287.73
SME_0468,2025-12-01,679.0,12,12.666666666666666,13.0,False,0.0,True,False,,32.0,Healthcare,South East,Medium,41,518287.73
SME_0468,2026-01-01,666.0,9,12.0,-8.0,False,0.0,True,False,,33.0,Healthcare,South East,Medium,41,518287.73
SME_0469,2024-08-01,408.0,5,,,False,0.0,True,True,7.0,32.0,Retail,North West,High,160,136477.95
SME_0469,2024-09-01,386.0,4,5.0,,False,0.0,True,True,6.0,33.0,Retail,North West,High,160,136477.95
SME_0469,2024-10-01,389.0,4,4.5,,False,0.0,True,True,5.0,34.0,Retail,North West,High,160,136477.95
SME_0469,2024-11-01,368.0,2,4.333333333333333,-40.0,False,0.0,True,True,4.0,35.0,Retail,North West,High,160,136477.95
SME_0469,2024-12-01,374.0,4,3.3333333333333335,-12.0,True,0.0,True,True,3.0,36.0,Retail,North West,High,160,136477.95
SME_0469,2025-01-01,374.0,2,3.3333333333333335,-15.0,False,0.0,True,True,2.0,37.0,Retail,North West,High,160,136477.95
SME_0469,2025-02-01,385.0,0,2.6666666666666665,17.0,False,0.0,True,True,1.0,38.0,Retail,North West,High,160,136477.95
SME_0469,2025-03-01,385.0,0,2.0,11.0,False,0.0,False,True,0.0,39.0,Retail,North West,High,160,136477.95
SME_0469,2025-04-01,385.0,0,0.6666666666666666,11.0,False,0.0,False,True,-1.0,40.0,Retail,North West,High,160,136477.95
SME_0469,2025-05-01,385.0,0,0.0,0.0,False,0.0,False,True,-2.0,41.0,Retail,North West,High,160,136477.95
SME_0469,2025-06-01,385.0,0,0.0,0.0,False,0.0,False,True,-3.0,42.0,Retail,North West,High,160,136477.95
SME_0469,2025-07-01,385.0,0,0.0,0.0,False,0.0,False,True,-4.0,43.0,Retail,North West,High,160,136477.95
SME_0469,2025-08-01,385.0,0,0.0,0.0,False,0.0,False,True,-5.0,44.0,Retail,North West,High,160,136477.95
SME_0469,2025-09-01,385.0,0,0.0,0.0,False,0.0,False,True,-6.0,45.0,Retail,North West,High,160,136477.95
SME_0469,2025-10-01,385.0,0,0.0,0.0,False,0.0,False,True,-7.0,46.0,Retail,North West,High,160,136477.95
SME_0469,2025-11-01,385.0,0,0.0,0.0,False,0.0,False,True,-8.0,47.0,Retail,North West,High,160,136477.95
SME_0469,2025-12-01,385.0,0,0.0,0.0,False,0.0,False,True,-9.0,48.0,Retail,North West,High,160,136477.95
SME_0469,2026-01-01,385.0,0,0.0,0.0,False,0.0,False,True,-10.0,49.0,Retail,North West,High,160,136477.95
SME_0470,2024-08-01,511.0,5,,,False,0.0,True,False,,5.0,Services,London,Medium,177,1982759.88
SME_0470,2024-09-01,506.0,7,5.0,,False,0.0,True,False,,6.0,Services,London,Medium,177,1982759.88
SME_0470,2024-10-01,522.0,4,6.0,,False,0.0,True,False,,7.0,Services,London,Medium,177,1982759.88
SME_0470,2024-11-01,515.0,8,5.333333333333333,4.0,False,0.0,True,False,,8.0,Services,London,Medium,177,1982759.88
SME_0470,2024-12-01,520.0,5,6.333333333333333,14.0,False,0.0,True,False,,9.0,Services,London,Medium,177,1982759.88
SME_0470,2025-01-01,518.0,9,5.666666666666667,-4.0,False,0.0,True,False,,10.0,Services,London,Medium,177,1982759.88
SME_0470,2025-02-01,521.0,10,7.333333333333333,6.0,False,0.0,True,False,,11.0,Services,London,Medium,177,1982759.88
SME_0470,2025-03-01,509.0,7,8.0,-11.0,True,0.0,True,False,,12.0,Services,London,Medium,177,1982759.88
SME_0470,2025-04-01,519.0,11,8.666666666666666,1.0,False,0.0,True,False,,13.0,Services,London,Medium,177,1982759.88
SME_0470,2025-05-01,515.0,10,9.333333333333334,-6.0,False,0.0,True,False,,14.0,Services,London,Medium,177,1982759.88
SME_0470,2025-06-01,501.0,6,9.333333333333334,-8.0,False,0.0,True,False,,15.0,Services,London,Medium,177,1982759.88
SME_0470,2025-07-01,510.0,4,9.0,-9.0,False,0.0,True,False,,16.0,Services,London,Medium,177,1982759.88
SME_0470,2025-08-01,526.0,1,6.666666666666667,11.0,True,0.0,True,False,,17.0,Services,London,Medium,177,1982759.88
SME_0470,2025-09-01,529.0,7,3.6666666666666665,28.0,True,0.0,True,False,,18.0,Services,London,Medium,177,1982759.88
SME_0470,2025-10-01,512.0,6,4.0,2.0,True,0.0,True,False,,19.0,Services,London,Medium,177,1982759.88
SME_0470,2025-11-01,541.0,4,4.666666666666667,15.0,False,0.0,True,False,,20.0,Services,London,Medium,177,1982759.88
SME_0470,2025-12-01,536.0,6,5.666666666666667,7.0,False,0.0,True,False,,21.0,Services,London,Medium,177,1982759.88
SME_0470,2026-01-01,530.0,8,5.333333333333333,18.0,True,0.0,True,False,,22.0,Services,London,Medium,177,1982759.88
SME_0471,2024-08-01,572.0,9,,,False,0.0,True,True,5.0,10.0,Manufacturing,Scotland,Medium,7,82225.07
SME_0471,2024-09-01,565.0,9,9.0,,False,0.0,True,True,4.0,11.0,Manufacturing,Scotland,Medium,7,82225.07
SME_0471,2024-10-01,574.0,11,9.0,,False,0.0,True,True,3.0,12.0,Manufacturing,Scotland,Medium,7,82225.07
SME_0471,2024-11-01,590.0,9,9.666666666666666,18.0,False,0.0,True,True,2.0,13.0,Manufacturing,Scotland,Medium,7,82225.07
SME_0471,2024-12-01,600.0,7,9.666666666666666,35.0,True,0.0,True,True,1.0,14.0,Manufacturing,Scotland,Medium,7,82225.07
SME_0471,2025-01-01,600.0,0,9.0,26.0,False,0.0,False,True,0.0,15.0,Manufacturing,Scotland,Medium,7,82225.07
SME_0471,2025-02-01,600.0,0,5.333333333333333,10.0,False,0.0,False,True,-1.0,16.0,Manufacturing,Scotland,Medium,7,82225.07
SME_0471,2025-03-01,600.0,0,2.3333333333333335,0.0,False,0.0,False,True,-2.0,17.0,Manufacturing,Scotland,Medium,7,82225.07
SME_0471,2025-04-01,600.0,0,0.0,0.0,False,0.0,False,True,-3.0,18.0,Manufacturing,Scotland,Medium,7,82225.07
SME_0471,2025-05-01,600.0,0,0.0,0.0,False,0.0,False,True,-4.0,19.0,Manufacturing,Scotland,Medium,7,82225.07
SME_0471,2025-06-01,600.0,0,0.0,0.0,False,0.0,False,True,-5.0,20.0,Manufacturing,Scotland,Medium,7,82225.07
SME_0471,2025-07-01,600.0,0,0.0,0.0,False,0.0,False,True,-6.0,21.0,Manufacturing,Scotland,Medium,7,82225.07
SME_0471,2025-08-01,600.0,0,0.0,0.0,False,0.0,False,True,-7.0,22.0,Manufacturing,Scotland,Medium,7,82225.07
SME_0471,2025-09-01,600.0,0,0.0,0.0,False,0.0,False,True,-8.0,23.0,Manufacturing,Scotland,Medium,7,82225.07
SME_0471,2025-10-01,600.0,0,0.0,0.0,False,0.0,False,True,-9.0,24.0,Manufacturing,Scotland,Medium,7,82225.07
SME_0471,2025-11-01,600.0,0,0.0,0.0,False,0.0,False,True,-10.0,25.0,Manufacturing,Scotland,Medium,7,82225.07
SME_0471,2025-12-01,600.0,0,0.0,0.0,False,0.0,False,True,-11.0,26.0,Manufacturing,Scotland,Medium,7,82225.07
SME_0471,2026-01-01,600.0,0,0.0,0.0,False,0.0,False,True,-12.0,27.0,Manufacturing,Scotland,Medium,7,82225.07
SME_0472,2024-08-01,676.0,10,,,False,0.0,True,True,12.0,4.0,Services,Midlands,Low,186,459199.72
SME_0472,2024-09-01,678.0,17,10.0,,True,33436.95,True,True,11.0,5.0,Services,Midlands,Low,186,459199.72
SME_0472,2024-10-01,662.0,12,13.5,,True,64295.35,True,True,10.0,6.0,Services,Midlands,Low,186,459199.72
SME_0472,2024-11-01,643.0,15,13.0,-33.0,False,0.0,True,True,9.0,7.0,Services,Midlands,Low,186,459199.72
SME_0472,2024-12-01,633.0,13,14.666666666666666,-45.0,False,0.0,True,True,8.0,8.0,Services,Midlands,Low,186,459199.72
SME_0472,2025-01-01,626.0,11,13.333333333333334,-36.0,True,0.0,True,True,7.0,9.0,Services,Midlands,Low,186,459199.72
SME_0472,2025-02-01,613.0,16,13.0,-30.0,False,0.0,True,True,6.0,10.0,Services,Midlands,Low,186,459199.72
SME_0472,2025-03-01,635.0,11,13.333333333333334,2.0,False,0.0,True,True,5.0,11.0,Services,Midlands,Low,186,459199.72
SME_0472,2025-04-01,651.0,14,12.666666666666666,25.0,False,0.0,True,True,4.0,12.0,Services,Midlands,Low,186,459199.72
SME_0472,2025-05-01,639.0,7,13.666666666666666,26.0,False,0.0,True,True,3.0,13.0,Services,Midlands,Low,186,459199.72
SME_0472,2025-06-01,617.0,15,10.666666666666666,-18.0,False,0.0,True,True,2.0,14.0,Services,Midlands,Low,186,459199.72
SME_0472,2025-07-01,632.0,14,12.0,-19.0,False,0.0,True,True,1.0,15.0,Services,Midlands,Low,186,459199.72
SME_0472,2025-08-01,632.0,0,12.0,-7.0,False,0.0,False,True,0.0,16.0,Services,Midlands,Low,186,459199.72
SME_0472,2025-09-01,632.0,0,9.666666666666666,15.0,False,0.0,False,True,-1.0,17.0,Services,Midlands,Low,186,459199.72
SME_0472,2025-10-01,632.0,0,4.666666666666667,0.0,False,0.0,False,True,-2.0,18.0,Services,Midlands,Low,186,459199.72
SME_0472,2025-11-01,632.0,0,0.0,0.0,False,0.0,False,True,-3.0,19.0,Services,Midlands,Low,186,459199.72
SME_0472,2025-12-01,632.0,0,0.0,0.0,False,0.0,False,True,-4.0,20.0,Services,Midlands,Low,186,459199.72
SME_0472,2026-01-01,632.0,0,0.0,0.0,False,0.0,False,True,-5.0,21.0,Services,Midlands,Low,186,459199.72
SME_0473,2024-08-01,490.0,5,,,False,0.0,True,False,,26.0,Retail,London,High,140,106575.84
SME_0473,2024-09-01,497.0,6,5.0,,False,0.0,True,False,,27.0,Retail,London,High,140,106575.84
SME_0473,2024-10-01,501.0,6,5.5,,False,0.0,True,False,,28.0,Retail,London,High,140,106575.84
SME_0473,2024-11-01,502.0,6,5.666666666666667,12.0,False,0.0,True,False,,29.0,Retail,London,High,140,106575.84
SME_0473,2024-12-01,500.0,7,6.0,3.0,True,0.0,True,False,,30.0,Retail,London,High,140,106575.84
SME_0473,2025-01-01,497.0,5,6.333333333333333,-4.0,False,0.0,True,False,,31.0,Retail,London,High,140,106575.84
SME_0473,2025-02-01,474.0,5,6.0,-28.0,False,0.0,True,False,,32.0,Retail,London,High,140,106575.84
SME_0473,2025-03-01,481.0,9,5.666666666666667,-19.0,True,0.0,True,False,,33.0,Retail,London,High,140,106575.84
SME_0473,2025-04-01,473.0,4,6.333333333333333,-24.0,False,0.0,True,False,,34.0,Retail,London,High,140,106575.84
SME_0473,2025-05-01,496.0,5,6.0,22.0,False,0.0,True,False,,35.0,Retail,London,High,140,106575.84
SME_0473,2025-06-01,495.0,7,6.0,14.0,False,0.0,True,False,,36.0,Retail,London,High,140,106575.84
SME_0473,2025-07-01,521.0,4,5.333333333333333,48.0,True,28624.47,True,False,,37.0,Retail,London,High,140,106575.84
SME_0473,2025-08-01,499.0,4,5.333333333333333,3.0,True,0.0,True,False,,38.0,Retail,London,High,140,106575.84
SME_0473,2025-09-01,470.0,7,5.0,-25.0,False,0.0,True,False,,39.0,Retail,London,High,140,106575.84
SME_0473,2025-10-01,487.0,9,5.0,-34.0,False,0.0,True,False,,40.0,Retail,London,High,140,106575.84
SME_0473,2025-11-01,489.0,3,6.666666666666667,-10.0,False,0.0,True,False,,41.0,Retail,London,High,140,106575.84
SME_0473,2025-12-01,511.0,3,6.333333333333333,41.0,False,0.0,True,False,,42.0,Retail,London,High,140,106575.84
SME_0473,2026-01-01,506.0,3,5.0,19.0,False,0.0,True,False,,43.0,Retail,London,High,140,106575.84
SME_0474,2024-08-01,455.0,4,,,True,0.0,True,True,6.0,9.0,Retail,London,High,20,172275.94
SME_0474,2024-09-01,449.0,6,4.0,,False,0.0,True,True,5.0,10.0,Retail,London,High,20,172275.94
SME_0474,2024-10-01,457.0,9,5.0,,True,0.0,True,True,4.0,11.0,Retail,London,High,20,172275.94
SME_0474,2024-11-01,472.0,4,6.333333333333333,17.0,False,0.0,True,True,3.0,12.0,Retail,London,High,20,172275.94
SME_0474,2024-12-01,463.0,9,6.333333333333333,14.0,False,0.0,True,True,2.0,13.0,Retail,London,High,20,172275.94
SME_0474,2025-01-01,479.0,6,7.333333333333333,22.0,False,0.0,True,True,1.0,14.0,Retail,London,High,20,172275.94
SME_0474,2025-02-01,479.0,0,6.333333333333333,7.0,False,0.0,False,True,0.0,15.0,Retail,London,High,20,172275.94
SME_0474,2025-03-01,479.0,0,5.0,16.0,False,0.0,False,True,-1.0,16.0,Retail,London,High,20,172275.94
SME_0474,2025-04-01,479.0,0,2.0,0.0,False,0.0,False,True,-2.0,17.0,Retail,London,High,20,172275.94
SME_0474,2025-05-01,479.0,0,0.0,0.0,False,0.0,False,True,-3.0,18.0,Retail,London,High,20,172275.94
SME_0474,2025-06-01,479.0,0,0.0,0.0,False,0.0,False,True,-4.0,19.0,Retail,London,High,20,172275.94
SME_0474,2025-07-01,479.0,0,0.0,0.0,False,0.0,False,True,-5.0,20.0,Retail,London,High,20,172275.94
SME_0474,2025-08-01,479.0,0,0.0,0.0,False,0.0,False,True,-6.0,21.0,Retail,London,High,20,172275.94
SME_0474,2025-09-01,479.0,0,0.0,0.0,False,0.0,False,True,-7.0,22.0,Retail,London,High,20,172275.94
SME_0474,2025-10-01,479.0,0,0.0,0.0,False,0.0,False,True,-8.0,23.0,Retail,London,High,20,172275.94
SME_0474,2025-11-01,479.0,0,0.0,0.0,False,0.0,False,True,-9.0,24.0,Retail,London,High,20,172275.94
SME_0474,2025-12-01,479.0,0,0.0,0.0,False,0.0,False,True,-10.0,25.0,Retail,London,High,20,172275.94
SME_0474,2026-01-01,479.0,0,0.0,0.0,False,0.0,False,True,-11.0,26.0,Retail,London,High,20,172275.94
SME_0475,2024-08-01,640.0,17,,,False,0.0,True,False,,12.0,Retail,Scotland,Low,150,431468.98
SME_0475,2024-09-01,662.0,10,17.0,,False,0.0,True,False,,13.0,Retail,Scotland,Low,150,431468.98
SME_0475,2024-10-01,641.0,17,13.5,,False,0.0,True,False,,14.0,Retail,Scotland,Low,150,431468.98
SME_0475,2024-11-01,637.0,23,14.666666666666666,-3.0,False,0.0,True,False,,15.0,Retail,Scotland,Low,150,431468.98
SME_0475,2024-12-01,640.0,11,16.666666666666668,-22.0,False,0.0,True,False,,16.0,Retail,Scotland,Low,150,431468.98
SME_0475,2025-01-01,651.0,19,17.0,10.0,False,0.0,True,False,,17.0,Retail,Scotland,Low,150,431468.98
SME_0475,2025-02-01,662.0,12,17.666666666666668,25.0,False,0.0,True,False,,18.0,Retail,Scotland,Low,150,431468.98
SME_0475,2025-03-01,675.0,10,14.0,35.0,False,0.0,True,False,,19.0,Retail,Scotland,Low,150,431468.98
SME_0475,2025-04-01,689.0,11,13.666666666666666,38.0,False,0.0,True,False,,20.0,Retail,Scotland,Low,150,431468.98
SME_0475,2025-05-01,684.0,7,11.0,22.0,False,0.0,True,False,,21.0,Retail,Scotland,Low,150,431468.98
SME_0475,2025-06-01,662.0,24,9.333333333333334,-13.0,False,0.0,True,False,,22.0,Retail,Scotland,Low,150,431468.98
SME_0475,2025-07-01,664.0,11,14.0,-25.0,False,0.0,True,False,,23.0,Retail,Scotland,Low,150,431468.98
SME_0475,2025-08-01,660.0,17,14.0,-24.0,False,0.0,True,False,,24.0,Retail,Scotland,Low,150,431468.98
SME_0475,2025-09-01,664.0,9,17.333333333333332,2.0,False,0.0,True,False,,25.0,Retail,Scotland,Low,150,431468.98
SME_0475,2025-10-01,661.0,14,12.333333333333334,-3.0,False,0.0,True,False,,26.0,Retail,Scotland,Low,150,431468.98
SME_0475,2025-11-01,662.0,7,13.333333333333334,2.0,False,0.0,True,False,,27.0,Retail,Scotland,Low,150,431468.98
SME_0475,2025-12-01,664.0,19,10.0,0.0,True,34881.29,True,False,,28.0,Retail,Scotland,Low,150,431468.98
SME_0475,2026-01-01,672.0,20,13.333333333333334,11.0,True,12525.53,True,False,,29.0,Retail,Scotland,Low,150,431468.98
SME_0476,2024-08-01,527.0,7,,,False,0.0,True,False,,30.0,Manufacturing,South East,Medium,22,45459.84
SME_0476,2024-09-01,509.0,12,7.0,,True,0.0,True,False,,31.0,Manufacturing,South East,Medium,22,45459.84
SME_0476,2024-10-01,522.0,9,9.5,,False,0.0,True,False,,32.0,Manufacturing,South East,Medium,22,45459.84
SME_0476,2024-11-01,540.0,9,9.333333333333334,13.0,True,0.0,True,False,,33.0,Manufacturing,South East,Medium,22,45459.84
SME_0476,2024-12-01,546.0,6,10.0,37.0,False,0.0,True,False,,34.0,Manufacturing,South East,Medium,22,45459.84
SME_0476,2025-01-01,550.0,4,8.0,28.0,False,0.0,True,False,,35.0,Manufacturing,South East,Medium,22,45459.84
SME_0476,2025-02-01,577.0,2,6.333333333333333,37.0,False,0.0,True,False,,36.0,Manufacturing,South East,Medium,22,45459.84
SME_0476,2025-03-01,548.0,6,4.0,2.0,False,0.0,True,False,,37.0,Manufacturing,South East,Medium,22,45459.84
SME_0476,2025-04-01,557.0,8,4.0,7.0,False,0.0,True,False,,38.0,Manufacturing,South East,Medium,22,45459.84
SME_0476,2025-05-01,546.0,7,5.333333333333333,-31.0,False,0.0,True,False,,39.0,Manufacturing,South East,Medium,22,45459.84
SME_0476,2025-06-01,527.0,5,7.0,-21.0,True,0.0,True,False,,40.0,Manufacturing,South East,Medium,22,45459.84
SME_0476,2025-07-01,529.0,6,6.666666666666667,-28.0,False,0.0,True,False,,41.0,Manufacturing,South East,Medium,22,45459.84
SME_0476,2025-08-01,540.0,9,6.0,-6.0,False,0.0,True,False,,42.0,Manufacturing,South East,Medium,22,45459.84
SME_0476,2025-09-01,545.0,9,6.666666666666667,18.0,True,0.0,True,False,,43.0,Manufacturing,South East,Medium,22,45459.84
SME_0476,2025-10-01,548.0,5,8.0,19.0,True,35305.13,True,False,,44.0,Manufacturing,South East,Medium,22,45459.84
SME_0476,2025-11-01,541.0,11,7.666666666666667,1.0,False,0.0,True,False,,45.0,Manufacturing,South East,Medium,22,45459.84
SME_0476,2025-12-01,535.0,9,8.333333333333334,-10.0,False,0.0,True,False,,46.0,Manufacturing,South East,Medium,22,45459.84
SME_0476,2026-01-01,519.0,3,8.333333333333334,-29.0,False,0.0,True,False,,47.0,Manufacturing,South East,Medium,22,45459.84
SME_0477,2024-08-01,702.0,18,,,False,0.0,True,True,15.0,14.0,Manufacturing,Scotland,Low,11,496497.09
SME_0477,2024-09-01,681.0,18,18.0,,False,0.0,True,True,14.0,15.0,Manufacturing,Scotland,Low,11,496497.09
SME_0477,2024-10-01,668.0,10,18.0,,False,0.0,True,True,13.0,16.0,Manufacturing,Scotland,Low,11,496497.09
SME_0477,2024-11-01,639.0,10,15.333333333333334,-63.0,False,0.0,True,True,12.0,17.0,Manufacturing,Scotland,Low,11,496497.09
SME_0477,2024-12-01,667.0,16,12.666666666666666,-14.0,False,0.0,True,True,11.0,18.0,Manufacturing,Scotland,Low,11,496497.09
SME_0477,2025-01-01,690.0,20,12.0,22.0,False,0.0,True,True,10.0,19.0,Manufacturing,Scotland,Low,11,496497.09
SME_0477,2025-02-01,687.0,17,15.333333333333334,48.0,False,0.0,True,True,9.0,20.0,Manufacturing,Scotland,Low,11,496497.09
SME_0477,2025-03-01,690.0,9,17.666666666666668,23.0,False,0.0,True,True,8.0,21.0,Manufacturing,Scotland,Low,11,496497.09
SME_0477,2025-04-01,688.0,16,15.333333333333334,-2.0,False,0.0,True,True,7.0,22.0,Manufacturing,Scotland,Low,11,496497.09
SME_0477,2025-05-01,700.0,17,14.0,13.0,True,0.0,True,True,6.0,23.0,Manufacturing,Scotland,Low,11,496497.09
SME_0477,2025-06-01,700.0,17,14.0,10.0,False,0.0,True,True,5.0,24.0,Manufacturing,Scotland,Low,11,496497.09
SME_0477,2025-07-01,708.0,21,16.666666666666668,20.0,True,18257.6,True,True,4.0,25.0,Manufacturing,Scotland,Low,11,496497.09
SME_0477,2025-08-01,697.0,8,18.333333333333332,-3.0,False,0.0,True,True,3.0,26.0,Manufacturing,Scotland,Low,11,496497.09
SME_0477,2025-09-01,693.0,15,15.333333333333334,-7.0,False,0.0,True,True,2.0,27.0,Manufacturing,Scotland,Low,11,496497.09
SME_0477,2025-10-01,689.0,23,14.666666666666666,-19.0,True,0.0,True,True,1.0,28.0,Manufacturing,Scotland,Low,11,496497.09
SME_0477,2025-11-01,689.0,0,15.333333333333334,-8.0,False,0.0,False,True,0.0,29.0,Manufacturing,Scotland,Low,11,496497.09
SME_0477,2025-12-01,689.0,0,12.666666666666666,-4.0,False,0.0,False,True,-1.0,30.0,Manufacturing,Scotland,Low,11,496497.09
SME_0477,2026-01-01,689.0,0,7.666666666666667,0.0,False,0.0,False,True,-2.0,31.0,Manufacturing,Scotland,Low,11,496497.09
SME_0478,2024-08-01,575.0,14,,,True,0.0,True,False,,6.0,Services,Scotland,Medium,23,1519641.04
SME_0478,2024-09-01,567.0,12,14.0,,False,0.0,True,False,,7.0,Services,Scotland,Medium,23,1519641.04
SME_0478,2024-10-01,563.0,9,13.0,,False,0.0,True,False,,8.0,Services,Scotland,Medium,23,1519641.04
SME_0478,2024-11-01,577.0,13,11.666666666666666,2.0,False,0.0,True,False,,9.0,Services,Scotland,Medium,23,1519641.04
SME_0478,2024-12-01,574.0,12,11.333333333333334,7.0,False,0.0,True,False,,10.0,Services,Scotland,Medium,23,1519641.04
SME_0478,2025-01-01,576.0,11,11.333333333333334,13.0,False,0.0,True,False,,11.0,Services,Scotland,Medium,23,1519641.04
SME_0478,2025-02-01,582.0,12,12.0,5.0,False,0.0,True,False,,12.0,Services,Scotland,Medium,23,1519641.04
SME_0478,2025-03-01,587.0,13,11.666666666666666,13.0,False,0.0,True,False,,13.0,Services,Scotland,Medium,23,1519641.04
SME_0478,2025-04-01,613.0,12,12.0,37.0,False,0.0,True,False,,14.0,Services,Scotland,Medium,23,1519641.04
SME_0478,2025-05-01,629.0,14,12.333333333333334,47.0,False,0.0,True,False,,15.0,Services,Scotland,Medium,23,1519641.04
SME_0478,2025-06-01,624.0,5,13.0,37.0,False,0.0,True,False,,16.0,Services,Scotland,Medium,23,1519641.04
SME_0478,2025-07-01,634.0,8,10.333333333333334,21.0,False,0.0,True,False,,17.0,Services,Scotland,Medium,23,1519641.04
SME_0478,2025-08-01,643.0,12,9.0,14.0,False,0.0,True,False,,18.0,Services,Scotland,Medium,23,1519641.04
SME_0478,2025-09-01,634.0,6,8.333333333333334,10.0,False,0.0,True,False,,19.0,Services,Scotland,Medium,23,1519641.04
SME_0478,2025-10-01,628.0,10,8.666666666666666,-6.0,False,0.0,True,False,,20.0,Services,Scotland,Medium,23,1519641.04
SME_0478,2025-11-01,614.0,13,9.333333333333334,-29.0,True,53425.29,True,False,,21.0,Services,Scotland,Medium,23,1519641.04
SME_0478,2025-12-01,608.0,7,9.666666666666666,-26.0,False,0.0,True,False,,22.0,Services,Scotland,Medium,23,1519641.04
SME_0478,2026-01-01,594.0,11,10.0,-34.0,False,0.0,True,False,,23.0,Services,Scotland,Medium,23,1519641.04
SME_0479,2024-08-01,653.0,8,,,False,0.0,True,False,,2.0,Services,London,Medium,92,253939.88
SME_0479,2024-09-01,647.0,11,8.0,,False,0.0,True,False,,3.0,Services,London,Medium,92,253939.88
SME_0479,2024-10-01,664.0,14,9.5,,False,0.0,True,False,,4.0,Services,London,Medium,92,253939.88
SME_0479,2024-11-01,689.0,11,11.0,36.0,True,19462.37,True,False,,5.0,Services,London,Medium,92,253939.88
SME_0479,2024-12-01,673.0,12,12.0,26.0,False,0.0,True,False,,6.0,Services,London,Medium,92,253939.88
SME_0479,2025-01-01,674.0,8,12.333333333333334,10.0,False,0.0,True,False,,7.0,Services,London,Medium,92,253939.88
SME_0479,2025-02-01,663.0,10,10.333333333333334,-26.0,True,22102.52,True,False,,8.0,Services,London,Medium,92,253939.88
SME_0479,2025-03-01,666.0,10,10.0,-7.0,False,0.0,True,False,,9.0,Services,London,Medium,92,253939.88
SME_0479,2025-04-01,647.0,8,9.333333333333334,-27.0,False,0.0,True,False,,10.0,Services,London,Medium,92,253939.88
SME_0479,2025-05-01,647.0,20,9.333333333333334,-16.0,False,0.0,True,False,,11.0,Services,London,Medium,92,253939.88
SME_0479,2025-06-01,664.0,16,12.666666666666666,-2.0,True,0.0,True,False,,12.0,Services,London,Medium,92,253939.88
SME_0479,2025-07-01,652.0,14,14.666666666666666,5.0,True,66650.65,True,False,,13.0,Services,London,Medium,92,253939.88
SME_0479,2025-08-01,658.0,10,16.666666666666668,11.0,False,0.0,True,False,,14.0,Services,London,Medium,92,253939.88
SME_0479,2025-09-01,661.0,9,13.333333333333334,-3.0,False,0.0,True,False,,15.0,Services,London,Medium,92,253939.88
SME_0479,2025-10-01,660.0,16,11.0,8.0,False,0.0,True,False,,16.0,Services,London,Medium,92,253939.88
SME_0479,2025-11-01,660.0,11,11.666666666666666,2.0,False,0.0,True,False,,17.0,Services,London,Medium,92,253939.88
SME_0479,2025-12-01,665.0,8,12.0,4.0,False,0.0,True,False,,18.0,Services,London,Medium,92,253939.88
SME_0479,2026-01-01,674.0,14,11.666666666666666,14.0,False,0.0,True,False,,19.0,Services,London,Medium,92,253939.88
SME_0480,2024-08-01,734.0,14,,,False,0.0,True,False,,9.0,Manufacturing,North West,Low,124,504429.55
SME_0480,2024-09-01,735.0,11,14.0,,False,0.0,True,False,,10.0,Manufacturing,North West,Low,124,504429.55
SME_0480,2024-10-01,735.0,20,12.5,,True,65268.6,True,False,,11.0,Manufacturing,North West,Low,124,504429.55
SME_0480,2024-11-01,719.0,13,15.0,-15.0,True,14593.23,True,False,,12.0,Manufacturing,North West,Low,124,504429.55
SME_0480,2024-12-01,725.0,20,14.666666666666666,-10.0,False,0.0,True,False,,13.0,Manufacturing,North West,Low,124,504429.55
SME_0480,2025-01-01,718.0,14,17.666666666666668,-17.0,False,0.0,True,False,,14.0,Manufacturing,North West,Low,124,504429.55
SME_0480,2025-02-01,731.0,10,15.666666666666666,12.0,False,0.0,True,False,,15.0,Manufacturing,North West,Low,124,504429.55
SME_0480,2025-03-01,738.0,16,14.666666666666666,13.0,False,0.0,True,False,,16.0,Manufacturing,North West,Low,124,504429.55
SME_0480,2025-04-01,727.0,18,13.333333333333334,9.0,False,0.0,True,False,,17.0,Manufacturing,North West,Low,124,504429.55
SME_0480,2025-05-01,711.0,18,14.666666666666666,-20.0,False,0.0,True,False,,18.0,Manufacturing,North West,Low,124,504429.55
SME_0480,2025-06-01,709.0,14,17.333333333333332,-29.0,False,0.0,True,False,,19.0,Manufacturing,North West,Low,124,504429.55
SME_0480,2025-07-01,698.0,15,16.666666666666668,-29.0,True,32330.44,True,False,,20.0,Manufacturing,North West,Low,124,504429.55
SME_0480,2025-08-01,706.0,9,15.666666666666666,-5.0,False,0.0,True,False,,21.0,Manufacturing,North West,Low,124,504429.55
SME_0480,2025-09-01,702.0,18,12.666666666666666,-7.0,False,0.0,True,False,,22.0,Manufacturing,North West,Low,124,504429.55
SME_0480,2025-10-01,730.0,15,14.0,32.0,True,0.0,True,False,,23.0,Manufacturing,North West,Low,124,504429.55
SME_0480,2025-11-01,743.0,13,14.0,37.0,False,0.0,True,False,,24.0,Manufacturing,North West,Low,124,504429.55
SME_0480,2025-12-01,726.0,14,15.333333333333334,24.0,True,0.0,True,False,,25.0,Manufacturing,North West,Low,124,504429.55
SME_0480,2026-01-01,721.0,16,14.0,-9.0,False,0.0,True,False,,26.0,Manufacturing,North West,Low,124,504429.55
SME_0481,2024-08-01,575.0,5,,,True,55375.28,True,False,,33.0,Manufacturing,London,Medium,82,757626.81
SME_0481,2024-09-01,573.0,7,5.0,,False,0.0,True,False,,34.0,Manufacturing,London,Medium,82,757626.81
SME_0481,2024-10-01,590.0,11,6.0,,False,0.0,True,False,,35.0,Manufacturing,London,Medium,82,757626.81
SME_0481,2024-11-01,597.0,10,7.666666666666667,22.0,False,0.0,True,False,,36.0,Manufacturing,London,Medium,82,757626.81
SME_0481,2024-12-01,596.0,12,9.333333333333334,23.0,False,0.0,True,False,,37.0,Manufacturing,London,Medium,82,757626.81
SME_0481,2025-01-01,606.0,9,11.0,16.0,False,0.0,True,False,,38.0,Manufacturing,London,Medium,82,757626.81
SME_0481,2025-02-01,617.0,10,10.333333333333334,20.0,False,0.0,True,False,,39.0,Manufacturing,London,Medium,82,757626.81
SME_0481,2025-03-01,623.0,10,10.333333333333334,27.0,False,0.0,True,False,,40.0,Manufacturing,London,Medium,82,757626.81
SME_0481,2025-04-01,610.0,5,9.666666666666666,4.0,False,0.0,True,False,,41.0,Manufacturing,London,Medium,82,757626.81
SME_0481,2025-05-01,611.0,6,8.333333333333334,-6.0,False,0.0,True,False,,42.0,Manufacturing,London,Medium,82,757626.81
SME_0481,2025-06-01,624.0,11,7.0,1.0,False,0.0,True,False,,43.0,Manufacturing,London,Medium,82,757626.81
SME_0481,2025-07-01,624.0,8,7.333333333333333,14.0,True,0.0,True,False,,44.0,Manufacturing,London,Medium,82,757626.81
SME_0481,2025-08-01,617.0,11,8.333333333333334,6.0,False,0.0,True,False,,45.0,Manufacturing,London,Medium,82,757626.81
SME_0481,2025-09-01,610.0,11,10.0,-14.0,False,0.0,True,False,,46.0,Manufacturing,London,Medium,82,757626.81
SME_0481,2025-10-01,613.0,14,10.0,-11.0,False,0.0,True,False,,47.0,Manufacturing,London,Medium,82,757626.81
SME_0481,2025-11-01,603.0,11,12.0,-14.0,False,0.0,True,False,,48.0,Manufacturing,London,Medium,82,757626.81
SME_0481,2025-12-01,580.0,9,12.0,-30.0,False,0.0,True,False,,49.0,Manufacturing,London,Medium,82,757626.81
SME_0481,2026-01-01,575.0,10,11.333333333333334,-38.0,False,0.0,True,False,,50.0,Manufacturing,London,Medium,82,757626.81
SME_0482,2024-08-01,500.0,9,,,False,0.0,True,False,,20.0,Retail,South East,High,25,213187.81
SME_0482,2024-09-01,493.0,5,9.0,,False,0.0,True,False,,21.0,Retail,South East,High,25,213187.81
SME_0482,2024-10-01,499.0,7,7.0,,True,0.0,True,False,,22.0,Retail,South East,High,25,213187.81
SME_0482,2024-11-01,504.0,6,7.0,4.0,False,0.0,True,False,,23.0,Retail,South East,High,25,213187.81
SME_0482,2024-12-01,491.0,4,6.0,-2.0,False,0.0,True,False,,24.0,Retail,South East,High,25,213187.81
SME_0482,2025-01-01,466.0,5,5.666666666666667,-33.0,False,0.0,True,False,,25.0,Retail,South East,High,25,213187.81
SME_0482,2025-02-01,471.0,6,5.0,-33.0,False,0.0,True,False,,26.0,Retail,South East,High,25,213187.81
SME_0482,2025-03-01,470.0,4,5.0,-21.0,False,0.0,True,False,,27.0,Retail,South East,High,25,213187.81
SME_0482,2025-04-01,488.0,3,5.0,22.0,False,0.0,True,False,,28.0,Retail,South East,High,25,213187.81
SME_0482,2025-05-01,504.0,2,4.333333333333333,33.0,False,0.0,True,False,,29.0,Retail,South East,High,25,213187.81
SME_0482,2025-06-01,499.0,5,3.0,29.0,False,0.0,True,False,,30.0,Retail,South East,High,25,213187.81
SME_0482,2025-07-01,481.0,6,3.3333333333333335,-7.0,False,0.0,True,False,,31.0,Retail,South East,High,25,213187.81
SME_0482,2025-08-01,469.0,4,4.333333333333333,-35.0,False,0.0,True,False,,32.0,Retail,South East,High,25,213187.81
SME_0482,2025-09-01,478.0,3,5.0,-21.0,False,0.0,True,False,,33.0,Retail,South East,High,25,213187.81
SME_0482,2025-10-01,443.0,1,4.333333333333333,-38.0,False,0.0,True,False,,34.0,Retail,South East,High,25,213187.81
SME_0482,2025-11-01,458.0,9,2.6666666666666665,-11.0,False,0.0,True,False,,35.0,Retail,South East,High,25,213187.81
SME_0482,2025-12-01,471.0,5,4.333333333333333,-7.0,False,0.0,True,False,,36.0,Retail,South East,High,25,213187.81
SME_0482,2026-01-01,457.0,5,5.0,14.0,False,0.0,True,False,,37.0,Retail,South East,High,25,213187.81
SME_0483,2024-08-01,614.0,11,,,False,0.0,True,False,,36.0,Services,South East,Medium,40,208054.3
SME_0483,2024-09-01,598.0,12,11.0,,False,0.0,True,False,,37.0,Services,South East,Medium,40,208054.3
SME_0483,2024-10-01,624.0,19,11.5,,True,42106.09,True,False,,38.0,Services,South East,Medium,40,208054.3
SME_0483,2024-11-01,616.0,11,14.0,2.0,False,0.0,True,False,,39.0,Services,South East,Medium,40,208054.3
SME_0483,2024-12-01,604.0,7,14.0,6.0,False,0.0,True,False,,40.0,Services,South East,Medium,40,208054.3
SME_0483,2025-01-01,613.0,9,12.333333333333334,-11.0,False,0.0,True,False,,41.0,Services,South East,Medium,40,208054.3
SME_0483,2025-02-01,592.0,11,9.0,-24.0,True,34561.31,True,False,,42.0,Services,South East,Medium,40,208054.3
SME_0483,2025-03-01,600.0,8,9.0,-4.0,False,0.0,True,False,,43.0,Services,South East,Medium,40,208054.3
SME_0483,2025-04-01,606.0,12,9.333333333333334,-7.0,False,0.0,True,False,,44.0,Services,South East,Medium,40,208054.3
SME_0483,2025-05-01,611.0,6,10.333333333333334,19.0,False,0.0,True,False,,45.0,Services,South East,Medium,40,208054.3
SME_0483,2025-06-01,599.0,7,8.666666666666666,-1.0,False,0.0,True,False,,46.0,Services,South East,Medium,40,208054.3
SME_0483,2025-07-01,582.0,9,8.333333333333334,-24.0,False,0.0,True,False,,47.0,Services,South East,Medium,40,208054.3
SME_0483,2025-08-01,577.0,12,7.333333333333333,-34.0,False,0.0,True,False,,48.0,Services,South East,Medium,40,208054.3
SME_0483,2025-09-01,582.0,13,9.333333333333334,-17.0,False,0.0,True,False,,49.0,Services,South East,Medium,40,208054.3
SME_0483,2025-10-01,582.0,12,11.333333333333334,0.0,True,0.0,True,False,,50.0,Services,South East,Medium,40,208054.3
SME_0483,2025-11-01,576.0,15,12.333333333333334,-1.0,False,0.0,True,False,,51.0,Services,South East,Medium,40,208054.3
SME_0483,2025-12-01,564.0,15,13.333333333333334,-18.0,True,18326.31,True,False,,52.0,Services,South East,Medium,40,208054.3
SME_0483,2026-01-01,587.0,8,14.0,5.0,False,0.0,True,False,,53.0,Services,South East,Medium,40,208054.3
SME_0484,2024-08-01,603.0,12,,,True,0.0,True,False,,9.0,Manufacturing,South East,Low,170,56217.15
SME_0484,2024-09-01,588.0,14,12.0,,False,0.0,True,False,,10.0,Manufacturing,South East,Low,170,56217.15
SME_0484,2024-10-01,613.0,10,13.0,,False,0.0,True,False,,11.0,Manufacturing,South East,Low,170,56217.15
SME_0484,2024-11-01,620.0,7,12.0,17.0,False,0.0,True,False,,12.0,Manufacturing,South East,Low,170,56217.15
SME_0484,2024-12-01,626.0,10,10.333333333333334,38.0,False,0.0,True,False,,13.0,Manufacturing,South East,Low,170,56217.15
SME_0484,2025-01-01,639.0,13,9.0,26.0,True,18156.75,True,False,,14.0,Manufacturing,South East,Low,170,56217.15
SME_0484,2025-02-01,647.0,5,10.0,27.0,False,0.0,True,False,,15.0,Manufacturing,South East,Low,170,56217.15
SME_0484,2025-03-01,633.0,11,9.333333333333334,7.0,True,0.0,True,False,,16.0,Manufacturing,South East,Low,170,56217.15
SME_0484,2025-04-01,614.0,11,9.666666666666666,-25.0,False,0.0,True,False,,17.0,Manufacturing,South East,Low,170,56217.15
SME_0484,2025-05-01,622.0,10,9.0,-25.0,True,0.0,True,False,,18.0,Manufacturing,South East,Low,170,56217.15
SME_0484,2025-06-01,619.0,6,10.666666666666666,-14.0,False,0.0,True,False,,19.0,Manufacturing,South East,Low,170,56217.15
SME_0484,2025-07-01,621.0,20,9.0,7.0,True,45479.09,True,False,,20.0,Manufacturing,South East,Low,170,56217.15
SME_0484,2025-08-01,631.0,8,12.0,9.0,False,0.0,True,False,,21.0,Manufacturing,South East,Low,170,56217.15
SME_0484,2025-09-01,661.0,17,11.333333333333334,42.0,False,0.0,True,False,,22.0,Manufacturing,South East,Low,170,56217.15
SME_0484,2025-10-01,655.0,14,15.0,34.0,False,0.0,True,False,,23.0,Manufacturing,South East,Low,170,56217.15
SME_0484,2025-11-01,638.0,13,13.0,7.0,False,0.0,True,False,,24.0,Manufacturing,South East,Low,170,56217.15
SME_0484,2025-12-01,626.0,13,14.666666666666666,-35.0,False,0.0,True,False,,25.0,Manufacturing,South East,Low,170,56217.15
SME_0484,2026-01-01,626.0,11,13.333333333333334,-29.0,False,0.0,True,False,,26.0,Manufacturing,South East,Low,170,56217.15
SME_0485,2024-08-01,497.0,7,,,True,0.0,True,True,16.0,13.0,Retail,Midlands,Medium,192,443357.01
SME_0485,2024-09-01,497.0,1,7.0,,False,0.0,True,True,15.0,14.0,Retail,Midlands,Medium,192,443357.01
SME_0485,2024-10-01,485.0,8,4.0,,False,0.0,True,True,14.0,15.0,Retail,Midlands,Medium,192,443357.01
SME_0485,2024-11-01,478.0,7,5.333333333333333,-19.0,False,0.0,True,True,13.0,16.0,Retail,Midlands,Medium,192,443357.01
SME_0485,2024-12-01,506.0,4,5.333333333333333,9.0,False,0.0,True,True,12.0,17.0,Retail,Midlands,Medium,192,443357.01
SME_0485,2025-01-01,500.0,5,6.333333333333333,15.0,False,0.0,True,True,11.0,18.0,Retail,Midlands,Medium,192,443357.01
SME_0485,2025-02-01,494.0,5,5.333333333333333,16.0,False,0.0,True,True,10.0,19.0,Retail,Midlands,Medium,192,443357.01
SME_0485,2025-03-01,474.0,3,4.666666666666667,-32.0,False,0.0,True,True,9.0,20.0,Retail,Midlands,Medium,192,443357.01
SME_0485,2025-04-01,494.0,6,4.333333333333333,-6.0,False,0.0,True,True,8.0,21.0,Retail,Midlands,Medium,192,443357.01
SME_0485,2025-05-01,517.0,2,4.666666666666667,23.0,False,0.0,True,True,7.0,22.0,Retail,Midlands,Medium,192,443357.01
SME_0485,2025-06-01,519.0,4,3.6666666666666665,45.0,False,0.0,True,True,6.0,23.0,Retail,Midlands,Medium,192,443357.01
SME_0485,2025-07-01,518.0,0,4.0,24.0,False,0.0,True,True,5.0,24.0,Retail,Midlands,Medium,192,443357.01
SME_0485,2025-08-01,534.0,10,2.0,17.0,False,0.0,True,True,4.0,25.0,Retail,Midlands,Medium,192,443357.01
SME_0485,2025-09-01,530.0,3,4.666666666666667,11.0,False,0.0,True,True,3.0,26.0,Retail,Midlands,Medium,192,443357.01
SME_0485,2025-10-01,522.0,6,4.333333333333333,4.0,False,0.0,True,True,2.0,27.0,Retail,Midlands,Medium,192,443357.01
SME_0485,2025-11-01,526.0,10,6.333333333333333,-8.0,False,0.0,True,True,1.0,28.0,Retail,Midlands,Medium,192,443357.01
SME_0485,2025-12-01,526.0,0,6.333333333333333,-4.0,False,0.0,False,True,0.0,29.0,Retail,Midlands,Medium,192,443357.01
SME_0485,2026-01-01,526.0,0,5.333333333333333,4.0,False,0.0,False,True,-1.0,30.0,Retail,Midlands,Medium,192,443357.01
SME_0486,2024-08-01,,6,,,False,0.0,True,False,,7.0,Manufacturing,London,Low,151,304052.9
SME_0486,2024-09-01,598.0,4,6.0,,True,25726.05,True,False,,8.0,Manufacturing,London,Low,151,304052.9
SME_0486,2024-10-01,598.0,11,5.0,,False,0.0,True,False,,9.0,Manufacturing,London,Low,151,304052.9
SME_0486,2024-11-01,577.0,7,7.0,,False,0.0,True,False,,10.0,Manufacturing,London,Low,151,304052.9
SME_0486,2024-12-01,578.0,6,7.333333333333333,-20.0,False,0.0,True,False,,11.0,Manufacturing,London,Low,151,304052.9
SME_0486,2025-01-01,555.0,7,8.0,-43.0,False,0.0,True,False,,12.0,Manufacturing,London,Low,151,304052.9
SME_0486,2025-02-01,574.0,12,6.666666666666667,-3.0,False,0.0,True,False,,13.0,Manufacturing,London,Low,151,304052.9
SME_0486,2025-03-01,581.0,16,8.333333333333334,3.0,False,0.0,True,False,,14.0,Manufacturing,London,Low,151,304052.9
SME_0486,2025-04-01,584.0,4,11.666666666666666,29.0,False,0.0,True,False,,15.0,Manufacturing,London,Low,151,304052.9
SME_0486,2025-05-01,595.0,7,10.666666666666666,21.0,False,0.0,True,False,,16.0,Manufacturing,London,Low,151,304052.9
SME_0486,2025-06-01,583.0,11,9.0,2.0,True,0.0,True,False,,17.0,Manufacturing,London,Low,151,304052.9
SME_0486,2025-07-01,601.0,10,7.333333333333333,17.0,True,19294.98,True,False,,18.0,Manufacturing,London,Low,151,304052.9
SME_0486,2025-08-01,613.0,12,9.333333333333334,18.0,True,25948.17,True,False,,19.0,Manufacturing,London,Low,151,304052.9
SME_0486,2025-09-01,615.0,10,11.0,32.0,False,0.0,True,False,,20.0,Manufacturing,London,Low,151,304052.9
SME_0486,2025-10-01,620.0,11,10.666666666666666,19.0,False,0.0,True,False,,21.0,Manufacturing,London,Low,151,304052.9
SME_0486,2025-11-01,649.0,7,11.0,36.0,False,0.0,True,False,,22.0,Manufacturing,London,Low,151,304052.9
SME_0486,2025-12-01,644.0,8,9.333333333333334,29.0,False,0.0,True,False,,23.0,Manufacturing,London,Low,151,304052.9
SME_0486,2026-01-01,652.0,12,8.666666666666666,32.0,False,0.0,True,False,,24.0,Manufacturing,London,Low,151,304052.9
SME_0487,2024-08-01,535.0,9,,,False,0.0,True,False,,15.0,Services,Midlands,High,21,133607.76
SME_0487,2024-09-01,553.0,6,9.0,,True,0.0,True,False,,16.0,Services,Midlands,High,21,133607.76
SME_0487,2024-10-01,532.0,8,7.5,,False,0.0,True,False,,17.0,Services,Midlands,High,21,133607.76
SME_0487,2024-11-01,531.0,6,7.666666666666667,-4.0,False,0.0,True,False,,18.0,Services,Midlands,High,21,133607.76
SME_0487,2024-12-01,534.0,5,6.666666666666667,-19.0,True,0.0,True,False,,19.0,Services,Midlands,High,21,133607.76
SME_0487,2025-01-01,540.0,4,6.333333333333333,8.0,False,0.0,True,False,,20.0,Services,Midlands,High,21,133607.76
SME_0487,2025-02-01,554.0,4,5.0,23.0,False,0.0,True,False,,21.0,Services,Midlands,High,21,133607.76
SME_0487,2025-03-01,528.0,6,4.333333333333333,-6.0,False,0.0,True,False,,22.0,Services,Midlands,High,21,133607.76
SME_0487,2025-04-01,536.0,7,4.666666666666667,-4.0,False,0.0,True,False,,23.0,Services,Midlands,High,21,133607.76
SME_0487,2025-05-01,542.0,8,5.666666666666667,-12.0,True,0.0,True,False,,24.0,Services,Midlands,High,21,133607.76
SME_0487,2025-06-01,554.0,4,7.0,26.0,True,6691.96,True,False,,25.0,Services,Midlands,High,21,133607.76
SME_0487,2025-07-01,550.0,8,6.333333333333333,14.0,False,0.0,True,False,,26.0,Services,Midlands,High,21,133607.76
SME_0487,2025-08-01,562.0,5,6.666666666666667,20.0,False,0.0,True,False,,27.0,Services,Midlands,High,21,133607.76
SME_0487,2025-09-01,543.0,3,5.666666666666667,-11.0,True,0.0,True,False,,28.0,Services,Midlands,High,21,133607.76
SME_0487,2025-10-01,559.0,8,5.333333333333333,9.0,False,0.0,True,False,,29.0,Services,Midlands,High,21,133607.76
SME_0487,2025-11-01,569.0,9,5.333333333333333,7.0,False,0.0,True,False,,30.0,Services,Midlands,High,21,133607.76
SME_0487,2025-12-01,559.0,7,6.666666666666667,16.0,False,0.0,True,False,,31.0,Services,Midlands,High,21,133607.76
SME_0487,2026-01-01,550.0,6,8.0,-9.0,False,0.0,True,False,,32.0,Services,Midlands,High,21,133607.76
SME_0488,2024-08-01,670.0,16,,,False,0.0,True,True,4.0,21.0,Retail,North West,Low,164,406630.61
SME_0488,2024-09-01,669.0,5,16.0,,False,0.0,True,True,3.0,22.0,Retail,North West,Low,164,406630.61
SME_0488,2024-10-01,655.0,12,10.5,,False,0.0,True,True,2.0,23.0,Retail,North West,Low,164,406630.61
SME_0488,2024-11-01,667.0,16,11.0,-3.0,False,0.0,True,True,1.0,24.0,Retail,North West,Low,164,406630.61
SME_0488,2024-12-01,667.0,0,11.0,-2.0,False,0.0,False,True,0.0,25.0,Retail,North West,Low,164,406630.61
SME_0488,2025-01-01,667.0,0,9.333333333333334,12.0,False,0.0,False,True,-1.0,26.0,Retail,North West,Low,164,406630.61
SME_0488,2025-02-01,667.0,0,5.333333333333333,0.0,False,0.0,False,True,-2.0,27.0,Retail,North West,Low,164,406630.61
SME_0488,2025-03-01,667.0,0,0.0,0.0,False,0.0,False,True,-3.0,28.0,Retail,North West,Low,164,406630.61
SME_0488,2025-04-01,667.0,0,0.0,0.0,False,0.0,False,True,-4.0,29.0,Retail,North West,Low,164,406630.61
SME_0488,2025-05-01,667.0,0,0.0,0.0,False,0.0,False,True,-5.0,30.0,Retail,North West,Low,164,406630.61
SME_0488,2025-06-01,667.0,0,0.0,0.0,False,0.0,False,True,-6.0,31.0,Retail,North West,Low,164,406630.61
SME_0488,2025-07-01,667.0,0,0.0,0.0,False,0.0,False,True,-7.0,32.0,Retail,North West,Low,164,406630.61
SME_0488,2025-08-01,667.0,0,0.0,0.0,False,0.0,False,True,-8.0,33.0,Retail,North West,Low,164,406630.61
SME_0488,2025-09-01,667.0,0,0.0,0.0,False,0.0,False,True,-9.0,34.0,Retail,North West,Low,164,406630.61
SME_0488,2025-10-01,667.0,0,0.0,0.0,False,0.0,False,True,-10.0,35.0,Retail,North West,Low,164,406630.61
SME_0488,2025-11-01,667.0,0,0.0,0.0,False,0.0,False,True,-11.0,36.0,Retail,North West,Low,164,406630.61
SME_0488,2025-12-01,667.0,0,0.0,0.0,False,0.0,False,True,-12.0,37.0,Retail,North West,Low,164,406630.61
SME_0488,2026-01-01,667.0,0,0.0,0.0,False,0.0,False,True,-13.0,38.0,Retail,North West,Low,164,406630.61
SME_0489,2024-08-01,652.0,12,,,True,0.0,True,False,,29.0,Services,Midlands,Medium,138,225934.85
SME_0489,2024-09-01,662.0,13,12.0,,False,0.0,True,False,,30.0,Services,Midlands,Medium,138,225934.85
SME_0489,2024-10-01,666.0,10,12.5,,True,58071.88,True,False,,31.0,Services,Midlands,Medium,138,225934.85
SME_0489,2024-11-01,636.0,11,11.666666666666666,-16.0,False,0.0,True,False,,32.0,Services,Midlands,Medium,138,225934.85
SME_0489,2024-12-01,653.0,6,11.333333333333334,-9.0,False,0.0,True,False,,33.0,Services,Midlands,Medium,138,225934.85
SME_0489,2025-01-01,650.0,17,9.0,-16.0,False,0.0,True,False,,34.0,Services,Midlands,Medium,138,225934.85
SME_0489,2025-02-01,666.0,12,11.333333333333334,30.0,True,61689.84,True,False,,35.0,Services,Midlands,Medium,138,225934.85
SME_0489,2025-03-01,677.0,10,11.666666666666666,24.0,False,0.0,True,False,,36.0,Services,Midlands,Medium,138,225934.85
SME_0489,2025-04-01,678.0,12,13.0,28.0,False,0.0,True,False,,37.0,Services,Midlands,Medium,138,225934.85
SME_0489,2025-05-01,664.0,11,11.333333333333334,-2.0,False,0.0,True,False,,38.0,Services,Midlands,Medium,138,225934.85
SME_0489,2025-06-01,661.0,12,11.0,-16.0,True,0.0,True,False,,39.0,Services,Midlands,Medium,138,225934.85
SME_0489,2025-07-01,666.0,17,11.666666666666666,-12.0,False,0.0,True,False,,40.0,Services,Midlands,Medium,138,225934.85
SME_0489,2025-08-01,659.0,9,13.333333333333334,-5.0,False,0.0,True,False,,41.0,Services,Midlands,Medium,138,225934.85
SME_0489,2025-09-01,664.0,11,12.666666666666666,3.0,False,0.0,True,False,,42.0,Services,Midlands,Medium,138,225934.85
SME_0489,2025-10-01,646.0,8,12.333333333333334,-20.0,True,0.0,True,False,,43.0,Services,Midlands,Medium,138,225934.85
SME_0489,2025-11-01,655.0,9,9.333333333333334,-4.0,False,0.0,True,False,,44.0,Services,Midlands,Medium,138,225934.85
SME_0489,2025-12-01,645.0,9,9.333333333333334,-19.0,False,0.0,True,False,,45.0,Services,Midlands,Medium,138,225934.85
SME_0489,2026-01-01,655.0,7,8.666666666666666,9.0,True,0.0,True,False,,46.0,Services,Midlands,Medium,138,225934.85
SME_0490,2024-08-01,597.0,8,,,False,0.0,True,False,,14.0,Services,South East,Medium,105,222380.93
SME_0490,2024-09-01,604.0,8,8.0,,False,0.0,True,False,,15.0,Services,South East,Medium,105,222380.93
SME_0490,2024-10-01,602.0,8,8.0,,False,0.0,True,False,,16.0,Services,South East,Medium,105,222380.93
SME_0490,2024-11-01,613.0,6,8.0,16.0,False,0.0,True,False,,17.0,Services,South East,Medium,105,222380.93
SME_0490,2024-12-01,616.0,8,7.333333333333333,12.0,False,0.0,True,False,,18.0,Services,South East,Medium,105,222380.93
SME_0490,2025-01-01,615.0,9,7.333333333333333,13.0,False,0.0,True,False,,19.0,Services,South East,Medium,105,222380.93
SME_0490,2025-02-01,591.0,8,7.666666666666667,-22.0,False,0.0,True,False,,20.0,Services,South East,Medium,105,222380.93
SME_0490,2025-03-01,603.0,11,8.333333333333334,-13.0,False,0.0,True,False,,21.0,Services,South East,Medium,105,222380.93
SME_0490,2025-04-01,588.0,7,9.333333333333334,-27.0,False,0.0,True,False,,22.0,Services,South East,Medium,105,222380.93
SME_0490,2025-05-01,577.0,9,8.666666666666666,-14.0,False,0.0,True,False,,23.0,Services,South East,Medium,105,222380.93
SME_0490,2025-06-01,583.0,12,9.0,-20.0,False,0.0,True,False,,24.0,Services,South East,Medium,105,222380.93
SME_0490,2025-07-01,597.0,5,9.333333333333334,9.0,False,0.0,True,False,,25.0,Services,South East,Medium,105,222380.93
SME_0490,2025-08-01,606.0,11,8.666666666666666,29.0,False,0.0,True,False,,26.0,Services,South East,Medium,105,222380.93
SME_0490,2025-09-01,617.0,13,9.333333333333334,34.0,True,30092.26,True,False,,27.0,Services,South East,Medium,105,222380.93
SME_0490,2025-10-01,616.0,16,9.666666666666666,19.0,False,0.0,True,False,,28.0,Services,South East,Medium,105,222380.93
SME_0490,2025-11-01,629.0,8,13.333333333333334,23.0,True,44655.18,True,False,,29.0,Services,South East,Medium,105,222380.93
SME_0490,2025-12-01,642.0,10,12.333333333333334,25.0,False,0.0,True,False,,30.0,Services,South East,Medium,105,222380.93
SME_0490,2026-01-01,631.0,11,11.333333333333334,15.0,False,0.0,True,False,,31.0,Services,South East,Medium,105,222380.93
SME_0491,2024-08-01,624.0,10,,,False,0.0,True,False,,28.0,Technology,London,Medium,29,551082.65
SME_0491,2024-09-01,620.0,7,10.0,,False,0.0,True,False,,29.0,Technology,London,Medium,29,551082.65
SME_0491,2024-10-01,608.0,13,8.5,,False,0.0,True,False,,30.0,Technology,London,Medium,29,551082.65
SME_0491,2024-11-01,593.0,6,10.0,-31.0,False,0.0,True,False,,31.0,Technology,London,Medium,29,551082.65
SME_0491,2024-12-01,603.0,10,8.666666666666666,-17.0,False,0.0,True,False,,32.0,Technology,London,Medium,29,551082.65
SME_0491,2025-01-01,594.0,9,9.666666666666666,-14.0,False,0.0,True,False,,33.0,Technology,London,Medium,29,551082.65
SME_0491,2025-02-01,591.0,14,8.333333333333334,-2.0,False,0.0,True,False,,34.0,Technology,London,Medium,29,551082.65
SME_0491,2025-03-01,596.0,8,11.0,-7.0,False,0.0,True,False,,35.0,Technology,London,Medium,29,551082.65
SME_0491,2025-04-01,596.0,18,10.333333333333334,2.0,True,57603.67,True,False,,36.0,Technology,London,Medium,29,551082.65
SME_0491,2025-05-01,602.0,9,13.333333333333334,11.0,False,0.0,True,False,,37.0,Technology,London,Medium,29,551082.65
SME_0491,2025-06-01,625.0,13,11.666666666666666,29.0,False,0.0,True,False,,38.0,Technology,London,Medium,29,551082.65
SME_0491,2025-07-01,620.0,13,13.333333333333334,24.0,False,0.0,True,False,,39.0,Technology,London,Medium,29,551082.65
SME_0491,2025-08-01,615.0,5,11.666666666666666,13.0,False,0.0,True,False,,40.0,Technology,London,Medium,29,551082.65
SME_0491,2025-09-01,599.0,10,10.333333333333334,-26.0,False,0.0,True,False,,41.0,Technology,London,Medium,29,551082.65
SME_0491,2025-10-01,585.0,9,9.333333333333334,-35.0,False,0.0,True,False,,42.0,Technology,London,Medium,29,551082.65
SME_0491,2025-11-01,593.0,12,8.0,-22.0,True,0.0,True,False,,43.0,Technology,London,Medium,29,551082.65
SME_0491,2025-12-01,583.0,15,10.333333333333334,-16.0,False,0.0,True,False,,44.0,Technology,London,Medium,29,551082.65
SME_0491,2026-01-01,588.0,10,12.0,3.0,False,0.0,True,False,,45.0,Technology,London,Medium,29,551082.65
SME_0492,2024-08-01,694.0,15,,,False,0.0,True,False,,23.0,Services,London,Medium,199,131173.36
SME_0492,2024-09-01,692.0,13,15.0,,False,0.0,True,False,,24.0,Services,London,Medium,199,131173.36
SME_0492,2024-10-01,692.0,9,14.0,,False,0.0,True,False,,25.0,Services,London,Medium,199,131173.36
SME_0492,2024-11-01,693.0,14,12.333333333333334,-1.0,False,0.0,True,False,,26.0,Services,London,Medium,199,131173.36
SME_0492,2024-12-01,692.0,11,12.0,0.0,False,0.0,True,False,,27.0,Services,London,Medium,199,131173.36
SME_0492,2025-01-01,690.0,15,11.333333333333334,-2.0,True,8623.32,True,False,,28.0,Services,London,Medium,199,131173.36
SME_0492,2025-02-01,669.0,10,13.333333333333334,-24.0,True,43459.13,True,False,,29.0,Services,London,Medium,199,131173.36
SME_0492,2025-03-01,668.0,14,12.0,-24.0,False,0.0,True,False,,30.0,Services,London,Medium,199,131173.36
SME_0492,2025-04-01,690.0,17,13.0,0.0,False,0.0,True,False,,31.0,Services,London,Medium,199,131173.36
SME_0492,2025-05-01,691.0,6,13.666666666666666,22.0,False,0.0,True,False,,32.0,Services,London,Medium,199,131173.36
SME_0492,2025-06-01,717.0,12,12.333333333333334,49.0,False,0.0,True,False,,33.0,Services,London,Medium,199,131173.36
SME_0492,2025-07-01,720.0,15,11.666666666666666,30.0,False,0.0,True,False,,34.0,Services,London,Medium,199,131173.36
SME_0492,2025-08-01,727.0,12,11.0,36.0,False,0.0,True,False,,35.0,Services,London,Medium,199,131173.36
SME_0492,2025-09-01,712.0,18,13.0,-5.0,True,0.0,True,False,,36.0,Services,London,Medium,199,131173.36
SME_0492,2025-10-01,715.0,12,15.0,-5.0,True,0.0,True,False,,37.0,Services,London,Medium,199,131173.36
SME_0492,2025-11-01,715.0,15,14.0,-12.0,False,0.0,True,False,,38.0,Services,London,Medium,199,131173.36
SME_0492,2025-12-01,701.0,21,15.0,-11.0,True,45943.89,True,False,,39.0,Services,London,Medium,199,131173.36
SME_0492,2026-01-01,687.0,10,16.0,-28.0,False,0.0,True,False,,40.0,Services,London,Medium,199,131173.36
SME_0493,2024-08-01,659.0,17,,,False,0.0,True,False,,11.0,Services,Midlands,Low,89,862008.82
SME_0493,2024-09-01,656.0,15,17.0,,False,0.0,True,False,,12.0,Services,Midlands,Low,89,862008.82
SME_0493,2024-10-01,660.0,17,16.0,,False,0.0,True,False,,13.0,Services,Midlands,Low,89,862008.82
SME_0493,2024-11-01,631.0,8,16.333333333333332,-28.0,True,0.0,True,False,,14.0,Services,Midlands,Low,89,862008.82
SME_0493,2024-12-01,623.0,14,13.333333333333334,-33.0,False,0.0,True,False,,15.0,Services,Midlands,Low,89,862008.82
SME_0493,2025-01-01,597.0,15,13.0,-63.0,True,0.0,True,False,,16.0,Services,Midlands,Low,89,862008.82
SME_0493,2025-02-01,584.0,12,12.333333333333334,-47.0,False,0.0,True,False,,17.0,Services,Midlands,Low,89,862008.82
SME_0493,2025-03-01,587.0,8,13.666666666666666,-36.0,False,0.0,True,False,,18.0,Services,Midlands,Low,89,862008.82
SME_0493,2025-04-01,603.0,14,11.666666666666666,6.0,True,51926.79,True,False,,19.0,Services,Midlands,Low,89,862008.82
SME_0493,2025-05-01,605.0,17,11.333333333333334,21.0,False,0.0,True,False,,20.0,Services,Midlands,Low,89,862008.82
SME_0493,2025-06-01,609.0,18,13.0,22.0,False,0.0,True,False,,21.0,Services,Midlands,Low,89,862008.82
SME_0493,2025-07-01,621.0,12,16.333333333333332,18.0,False,0.0,True,False,,22.0,Services,Midlands,Low,89,862008.82
SME_0493,2025-08-01,634.0,10,15.666666666666666,29.0,True,0.0,True,False,,23.0,Services,Midlands,Low,89,862008.82
SME_0493,2025-09-01,645.0,9,13.333333333333334,36.0,True,54756.72,True,False,,24.0,Services,Midlands,Low,89,862008.82
SME_0493,2025-10-01,639.0,21,10.333333333333334,18.0,True,19786.24,True,False,,25.0,Services,Midlands,Low,89,862008.82
SME_0493,2025-11-01,656.0,9,13.333333333333334,22.0,False,0.0,True,False,,26.0,Services,Midlands,Low,89,862008.82
SME_0493,2025-12-01,653.0,9,13.0,8.0,False,0.0,True,False,,27.0,Services,Midlands,Low,89,862008.82
SME_0493,2026-01-01,657.0,10,13.0,18.0,False,0.0,True,False,,28.0,Services,Midlands,Low,89,862008.82
SME_0494,2024-08-01,504.0,5,,,False,0.0,True,False,,33.0,Manufacturing,North West,High,9,86979.06
SME_0494,2024-09-01,489.0,4,5.0,,False,0.0,True,False,,34.0,Manufacturing,North West,High,9,86979.06
SME_0494,2024-10-01,484.0,4,4.5,,False,0.0,True,False,,35.0,Manufacturing,North West,High,9,86979.06
SME_0494,2024-11-01,483.0,6,4.333333333333333,-21.0,False,0.0,True,False,,36.0,Manufacturing,North West,High,9,86979.06
SME_0494,2024-12-01,499.0,6,4.666666666666667,10.0,False,0.0,True,False,,37.0,Manufacturing,North West,High,9,86979.06
SME_0494,2025-01-01,502.0,5,5.333333333333333,18.0,False,0.0,True,False,,38.0,Manufacturing,North West,High,9,86979.06
SME_0494,2025-02-01,507.0,7,5.666666666666667,24.0,False,0.0,True,False,,39.0,Manufacturing,North West,High,9,86979.06
SME_0494,2025-03-01,507.0,4,6.0,8.0,False,0.0,True,False,,40.0,Manufacturing,North West,High,9,86979.06
SME_0494,2025-04-01,498.0,3,5.333333333333333,-4.0,False,0.0,True,False,,41.0,Manufacturing,North West,High,9,86979.06
SME_0494,2025-05-01,478.0,7,4.666666666666667,-29.0,False,0.0,True,False,,42.0,Manufacturing,North West,High,9,86979.06
SME_0494,2025-06-01,474.0,2,4.666666666666667,-33.0,False,0.0,True,False,,43.0,Manufacturing,North West,High,9,86979.06
SME_0494,2025-07-01,470.0,9,4.0,-28.0,False,0.0,True,False,,44.0,Manufacturing,North West,High,9,86979.06
SME_0494,2025-08-01,474.0,3,6.0,-4.0,False,0.0,True,False,,45.0,Manufacturing,North West,High,9,86979.06
SME_0494,2025-09-01,470.0,8,4.666666666666667,-4.0,False,0.0,True,False,,46.0,Manufacturing,North West,High,9,86979.06
SME_0494,2025-10-01,472.0,4,6.666666666666667,2.0,False,0.0,True,False,,47.0,Manufacturing,North West,High,9,86979.06
SME_0494,2025-11-01,463.0,4,5.0,-11.0,False,0.0,True,False,,48.0,Manufacturing,North West,High,9,86979.06
SME_0494,2025-12-01,470.0,7,5.333333333333333,0.0,False,0.0,True,False,,49.0,Manufacturing,North West,High,9,86979.06
SME_0494,2026-01-01,489.0,4,5.0,17.0,False,0.0,True,False,,50.0,Manufacturing,North West,High,9,86979.06
SME_0495,2024-08-01,535.0,5,,,False,0.0,True,False,,16.0,Technology,North West,Medium,42,172104.27
SME_0495,2024-09-01,545.0,7,5.0,,False,0.0,True,False,,17.0,Technology,North West,Medium,42,172104.27
SME_0495,2024-10-01,546.0,8,6.0,,False,0.0,True,False,,18.0,Technology,North West,Medium,42,172104.27
SME_0495,2024-11-01,553.0,6,6.666666666666667,18.0,False,0.0,True,False,,19.0,Technology,North West,Medium,42,172104.27
SME_0495,2024-12-01,553.0,5,7.0,8.0,False,0.0,True,False,,20.0,Technology,North West,Medium,42,172104.27
SME_0495,2025-01-01,533.0,10,6.333333333333333,-13.0,False,0.0,True,False,,21.0,Technology,North West,Medium,42,172104.27
SME_0495,2025-02-01,556.0,4,7.0,3.0,False,0.0,True,False,,22.0,Technology,North West,Medium,42,172104.27
SME_0495,2025-03-01,554.0,6,6.333333333333333,1.0,False,0.0,True,False,,23.0,Technology,North West,Medium,42,172104.27
SME_0495,2025-04-01,530.0,6,6.666666666666667,-3.0,False,0.0,True,False,,24.0,Technology,North West,Medium,42,172104.27
SME_0495,2025-05-01,531.0,7,5.333333333333333,-25.0,False,0.0,True,False,,25.0,Technology,North West,Medium,42,172104.27
SME_0495,2025-06-01,520.0,7,6.333333333333333,-34.0,False,0.0,True,False,,26.0,Technology,North West,Medium,42,172104.27
SME_0495,2025-07-01,533.0,4,6.666666666666667,3.0,False,0.0,True,False,,27.0,Technology,North West,Medium,42,172104.27
SME_0495,2025-08-01,539.0,6,6.0,8.0,True,0.0,True,False,,28.0,Technology,North West,Medium,42,172104.27
SME_0495,2025-09-01,550.0,8,5.666666666666667,30.0,False,0.0,True,False,,29.0,Technology,North West,Medium,42,172104.27
SME_0495,2025-10-01,562.0,2,6.0,29.0,False,0.0,True,False,,30.0,Technology,North West,Medium,42,172104.27
SME_0495,2025-11-01,550.0,8,5.333333333333333,11.0,False,0.0,True,False,,31.0,Technology,North West,Medium,42,172104.27
SME_0495,2025-12-01,547.0,9,6.0,-3.0,False,0.0,True,False,,32.0,Technology,North West,Medium,42,172104.27
SME_0495,2026-01-01,550.0,8,6.333333333333333,-12.0,False,0.0,True,False,,33.0,Technology,North West,Medium,42,172104.27
SME_0496,2024-08-01,651.0,13,,,False,0.0,True,True,7.0,6.0,Services,Unknown,Low,80,1821132.83
SME_0496,2024-09-01,641.0,12,13.0,,False,0.0,True,True,6.0,7.0,Services,Unknown,Low,80,1821132.83
SME_0496,2024-10-01,635.0,16,12.5,,False,0.0,True,True,5.0,8.0,Services,Unknown,Low,80,1821132.83
SME_0496,2024-11-01,645.0,13,13.666666666666666,-6.0,False,0.0,True,True,4.0,9.0,Services,Unknown,Low,80,1821132.83
SME_0496,2024-12-01,644.0,13,13.666666666666666,3.0,False,0.0,True,True,3.0,10.0,Services,Unknown,Low,80,1821132.83
SME_0496,2025-01-01,647.0,19,14.0,12.0,False,0.0,True,True,2.0,11.0,Services,Unknown,Low,80,1821132.83
SME_0496,2025-02-01,617.0,16,15.0,-28.0,False,0.0,True,True,1.0,12.0,Services,Unknown,Low,80,1821132.83
SME_0496,2025-03-01,617.0,0,16.0,-27.0,False,0.0,False,True,0.0,13.0,Services,Unknown,Low,80,1821132.83
SME_0496,2025-04-01,617.0,0,11.666666666666666,-30.0,False,0.0,False,True,-1.0,14.0,Services,Unknown,Low,80,1821132.83
SME_0496,2025-05-01,617.0,0,5.333333333333333,0.0,False,0.0,False,True,-2.0,15.0,Services,Unknown,Low,80,1821132.83
SME_0496,2025-06-01,617.0,0,0.0,0.0,False,0.0,False,True,-3.0,16.0,Services,Unknown,Low,80,1821132.83
SME_0496,2025-07-01,617.0,0,0.0,0.0,False,0.0,False,True,-4.0,17.0,Services,Unknown,Low,80,1821132.83
SME_0496,2025-08-01,617.0,0,0.0,0.0,False,0.0,False,True,-5.0,18.0,Services,Unknown,Low,80,1821132.83
SME_0496,2025-09-01,617.0,0,0.0,0.0,False,0.0,False,True,-6.0,19.0,Services,Unknown,Low,80,1821132.83
SME_0496,2025-10-01,617.0,0,0.0,0.0,False,0.0,False,True,-7.0,20.0,Services,Unknown,Low,80,1821132.83
SME_0496,2025-11-01,617.0,0,0.0,0.0,False,0.0,False,True,-8.0,21.0,Services,Unknown,Low,80,1821132.83
SME_0496,2025-12-01,617.0,0,0.0,0.0,False,0.0,False,True,-9.0,22.0,Services,Unknown,Low,80,1821132.83
SME_0496,2026-01-01,617.0,0,0.0,0.0,False,0.0,False,True,-10.0,23.0,Services,Unknown,Low,80,1821132.83
SME_0497,2024-08-01,577.0,6,,,False,0.0,True,False,,35.0,Manufacturing,North West,High,13,722423.79
SME_0497,2024-09-01,588.0,12,6.0,,False,0.0,True,False,,36.0,Manufacturing,North West,High,13,722423.79
SME_0497,2024-10-01,574.0,8,9.0,,True,12313.81,True,False,,37.0,Manufacturing,North West,High,13,722423.79
SME_0497,2024-11-01,567.0,11,8.666666666666666,-10.0,False,0.0,True,False,,38.0,Manufacturing,North West,High,13,722423.79
SME_0497,2024-12-01,567.0,5,10.333333333333334,-21.0,False,0.0,True,False,,39.0,Manufacturing,North West,High,13,722423.79
SME_0497,2025-01-01,580.0,3,8.0,6.0,False,0.0,True,False,,40.0,Manufacturing,North West,High,13,722423.79
SME_0497,2025-02-01,577.0,8,6.333333333333333,10.0,False,0.0,True,False,,41.0,Manufacturing,North West,High,13,722423.79
SME_0497,2025-03-01,550.0,9,5.333333333333333,-17.0,False,0.0,True,False,,42.0,Manufacturing,North West,High,13,722423.79
SME_0497,2025-04-01,569.0,10,6.666666666666667,-11.0,True,0.0,True,False,,43.0,Manufacturing,North West,High,13,722423.79
SME_0497,2025-05-01,567.0,13,9.0,-10.0,False,0.0,True,False,,44.0,Manufacturing,North West,High,13,722423.79
SME_0497,2025-06-01,574.0,6,10.666666666666666,24.0,False,0.0,True,False,,45.0,Manufacturing,North West,High,13,722423.79
SME_0497,2025-07-01,591.0,3,9.666666666666666,22.0,False,0.0,True,False,,46.0,Manufacturing,North West,High,13,722423.79
SME_0497,2025-08-01,576.0,5,7.333333333333333,9.0,False,0.0,True,False,,47.0,Manufacturing,North West,High,13,722423.79
SME_0497,2025-09-01,578.0,9,4.666666666666667,4.0,False,0.0,True,False,,48.0,Manufacturing,North West,High,13,722423.79
SME_0497,2025-10-01,568.0,3,5.666666666666667,-23.0,False,0.0,True,False,,49.0,Manufacturing,North West,High,13,722423.79
SME_0497,2025-11-01,580.0,5,5.666666666666667,4.0,False,0.0,True,False,,50.0,Manufacturing,North West,High,13,722423.79
SME_0497,2025-12-01,569.0,7,5.666666666666667,-9.0,False,0.0,True,False,,51.0,Manufacturing,North West,High,13,722423.79
SME_0497,2026-01-01,573.0,8,5.0,5.0,False,0.0,True,False,,52.0,Manufacturing,North West,High,13,722423.79
SME_0498,2024-08-01,507.0,11,,,False,0.0,True,False,,33.0,Services,North West,Medium,65,305778.53
SME_0498,2024-09-01,494.0,9,11.0,,False,0.0,True,False,,34.0,Services,North West,Medium,65,305778.53
SME_0498,2024-10-01,498.0,7,10.0,,False,0.0,True,False,,35.0,Services,North West,Medium,65,305778.53
SME_0498,2024-11-01,509.0,8,9.0,2.0,False,0.0,True,False,,36.0,Services,North West,Medium,65,305778.53
SME_0498,2024-12-01,500.0,4,8.0,6.0,False,0.0,True,False,,37.0,Services,North West,Medium,65,305778.53
SME_0498,2025-01-01,513.0,8,6.333333333333333,15.0,False,0.0,True,False,,38.0,Services,North West,Medium,65,305778.53
SME_0498,2025-02-01,499.0,6,6.666666666666667,-10.0,False,0.0,True,False,,39.0,Services,North West,Medium,65,305778.53
SME_0498,2025-03-01,509.0,6,6.0,9.0,False,0.0,True,False,,40.0,Services,North West,Medium,65,305778.53
SME_0498,2025-04-01,521.0,8,6.666666666666667,8.0,False,0.0,True,False,,41.0,Services,North West,Medium,65,305778.53
SME_0498,2025-05-01,525.0,14,6.666666666666667,26.0,False,0.0,True,False,,42.0,Services,North West,Medium,65,305778.53
SME_0498,2025-06-01,518.0,4,9.333333333333334,9.0,False,0.0,True,False,,43.0,Services,North West,Medium,65,305778.53
SME_0498,2025-07-01,510.0,4,8.666666666666666,-11.0,True,0.0,True,False,,44.0,Services,North West,Medium,65,305778.53
SME_0498,2025-08-01,505.0,7,7.333333333333333,-20.0,False,0.0,True,False,,45.0,Services,North West,Medium,65,305778.53
SME_0498,2025-09-01,530.0,11,5.0,12.0,False,0.0,True,False,,46.0,Services,North West,Medium,65,305778.53
SME_0498,2025-10-01,514.0,7,7.333333333333333,4.0,False,0.0,True,False,,47.0,Services,North West,Medium,65,305778.53
SME_0498,2025-11-01,518.0,0,8.333333333333334,13.0,False,0.0,True,False,,48.0,Services,North West,Medium,65,305778.53
SME_0498,2025-12-01,513.0,1,6.0,-17.0,False,0.0,True,False,,49.0,Services,North West,Medium,65,305778.53
SME_0498,2026-01-01,498.0,6,2.6666666666666665,-16.0,False,0.0,True,False,,50.0,Services,North West,Medium,65,305778.53
SME_0499,2024-08-01,647.0,14,,,False,0.0,True,False,,3.0,Manufacturing,Scotland,Medium,94,165146.92
SME_0499,2024-09-01,655.0,11,14.0,,False,0.0,True,False,,4.0,Manufacturing,Scotland,Medium,94,165146.92
SME_0499,2024-10-01,632.0,17,12.5,,True,0.0,True,False,,5.0,Manufacturing,Scotland,Medium,94,165146.92
SME_0499,2024-11-01,621.0,7,14.0,-26.0,False,0.0,True,False,,6.0,Manufacturing,Scotland,Medium,94,165146.92
SME_0499,2024-12-01,632.0,7,11.666666666666666,-23.0,False,0.0,True,False,,7.0,Manufacturing,Scotland,Medium,94,165146.92
SME_0499,2025-01-01,630.0,10,10.333333333333334,-2.0,False,0.0,True,False,,8.0,Manufacturing,Scotland,Medium,94,165146.92
SME_0499,2025-02-01,656.0,11,8.0,35.0,False,0.0,True,False,,9.0,Manufacturing,Scotland,Medium,94,165146.92
SME_0499,2025-03-01,660.0,7,9.333333333333334,28.0,False,0.0,True,False,,10.0,Manufacturing,Scotland,Medium,94,165146.92
SME_0499,2025-04-01,656.0,14,9.333333333333334,26.0,False,0.0,True,False,,11.0,Manufacturing,Scotland,Medium,94,165146.92
SME_0499,2025-05-01,652.0,14,10.666666666666666,-4.0,False,0.0,True,False,,12.0,Manufacturing,Scotland,Medium,94,165146.92
SME_0499,2025-06-01,655.0,11,11.666666666666666,-5.0,True,0.0,True,False,,13.0,Manufacturing,Scotland,Medium,94,165146.92
SME_0499,2025-07-01,658.0,12,13.0,2.0,False,0.0,True,False,,14.0,Manufacturing,Scotland,Medium,94,165146.92
SME_0499,2025-08-01,665.0,11,12.333333333333334,13.0,False,0.0,True,False,,15.0,Manufacturing,Scotland,Medium,94,165146.92
SME_0499,2025-09-01,685.0,11,11.333333333333334,30.0,False,0.0,True,False,,16.0,Manufacturing,Scotland,Medium,94,165146.92
SME_0499,2025-10-01,683.0,9,11.333333333333334,25.0,True,0.0,True,False,,17.0,Manufacturing,Scotland,Medium,94,165146.92
SME_0499,2025-11-01,666.0,10,10.333333333333334,1.0,False,0.0,True,False,,18.0,Manufacturing,Scotland,Medium,94,165146.92
SME_0499,2025-12-01,674.0,11,10.0,-11.0,True,0.0,True,False,,19.0,Manufacturing,Scotland,Medium,94,165146.92
SME_0499,2026-01-01,667.0,12,10.0,-16.0,False,0.0,True,False,,20.0,Manufacturing,Scotland,Medium,94,165146.92
SME_0500,2024-08-01,687.0,11,,,False,0.0,True,False,,33.0,Services,Scotland,Low,189,255565.37
SME_0500,2024-09-01,684.0,12,11.0,,False,0.0,True,False,,34.0,Services,Scotland,Low,189,255565.37
SME_0500,2024-10-01,666.0,14,11.5,,True,0.0,True,False,,35.0,Services,Scotland,Low,189,255565.37
SME_0500,2024-11-01,670.0,9,12.333333333333334,-17.0,False,0.0,True,False,,36.0,Services,Scotland,Low,189,255565.37
SME_0500,2024-12-01,669.0,10,11.666666666666666,-15.0,False,0.0,True,False,,37.0,Services,Scotland,Low,189,255565.37
SME_0500,2025-01-01,655.0,10,11.0,-11.0,True,43910.08,True,False,,38.0,Services,Scotland,Low,189,255565.37
SME_0500,2025-02-01,658.0,9,9.666666666666666,-12.0,False,0.0,True,False,,39.0,Services,Scotland,Low,189,255565.37
SME_0500,2025-03-01,687.0,6,9.666666666666666,18.0,False,0.0,True,False,,40.0,Services,Scotland,Low,189,255565.37
SME_0500,2025-04-01,690.0,11,8.333333333333334,35.0,False,0.0,True,False,,41.0,Services,Scotland,Low,189,255565.37
SME_0500,2025-05-01,702.0,13,8.666666666666666,44.0,True,28272.84,True,False,,42.0,Services,Scotland,Low,189,255565.37
SME_0500,2025-06-01,690.0,10,10.0,3.0,False,0.0,True,False,,43.0,Services,Scotland,Low,189,255565.37
SME_0500,2025-07-01,696.0,12,11.333333333333334,6.0,False,0.0,True,False,,44.0,Services,Scotland,Low,189,255565.37
SME_0500,2025-08-01,705.0,8,11.666666666666666,3.0,False,0.0,True,False,,45.0,Services,Scotland,Low,189,255565.37
SME_0500,2025-09-01,710.0,15,10.0,20.0,False,0.0,True,False,,46.0,Services,Scotland,Low,189,255565.37
SME_0500,2025-10-01,681.0,8,11.666666666666666,-15.0,True,42448.01,True,False,,47.0,Services,Scotland,Low,189,255565.37
SME_0500,2025-11-01,684.0,20,10.333333333333334,-21.0,True,20348.0,True,False,,48.0,Services,Scotland,Low,189,255565.37
SME_0500,2025-12-01,667.0,11,14.333333333333334,-43.0,False,0.0,True,False,,49.0,Services,Scotland,Low,189,255565.37
SME_0500,2026-01-01,645.0,12,13.0,-36.0,False,0.0,True,False,,50.0,Services,Scotland,Low,189,255565.37
