business_id,month,credit_score,engagement_events,funding_applied,funding_granted_gbp,is_active
SME_0001,2024-08-01,733,17,False,0.0,True
SME_0001,2024-09-01,752,19,False,0.0,True
SME_0001,2024-10-01,754,24,True,0.0,True
SME_0001,2024-11-01,737,7,True,12349.62,True
SME_0001,2024-12-01,733,17,False,0.0,True
SME_0001,2025-01-01,721,10,False,0.0,True
SME_0001,2025-02-01,731,17,False,0.0,True
SME_0001,2025-03-01,733,13,False,0.0,True
SME_0001,2025-04-01,724,16,False,0.0,True
SME_0001,2025-05-01,747,20,True,57980.18,True
SME_0001,2025-06-01,760,20,True,9853.3,True
SME_0001,2025-07-01,732,14,False,0.0,True
SME_0001,2025-08-01,728,14,False,0.0,True
SME_0001,2025-09-01,743,14,False,0.0,True
SME_0001,2025-10-01,738,22,False,0.0,True
SME_0001,2025-11-01,738,15,False,0.0,True
SME_0001,2025-12-01,751,23,True,48637.82,True
SME_0001,2026-01-01,758,13,False,0.0,True
SME_0002,2024-08-01,594,4,False,0.0,True
SME_0002,2024-09-01,595,10,False,0.0,True
SME_0002,2024-10-01,587,10,False,0.0,True
SME_0002,2024-11-01,565,12,False,0.0,True
SME_0002,2024-12-01,575,7,False,0.0,True
SME_0002,2025-01-01,598,14,False,0.0,True
SME_0002,2025-02-01,599,10,False,0.0,True
SME_0002,2025-03-01,608,11,False,0.0,True
SME_0002,2025-04-01,621,11,False,0.0,True
SME_0002,2025-05-01,589,8,True,53818.04,True
SME_0002,2025-06-01,594,13,False,0.0,True
SME_0002,2025-07-01,586,16,True,0.0,True
SME_0002,2025-08-01,579,11,False,0.0,True
SME_0002,2025-09-01,572,10,False,0.0,True
SME_0002,2025-10-01,572,16,False,0.0,True
SME_0002,2025-11-01,557,11,False,0.0,True
SME_0002,2025-12-01,582,7,False,0.0,True
SME_0002,2026-01-01,582,0,False,0.0,False
SME_0003,2024-08-01,681,15,False,0.0,True
SME_0003,2024-09-01,668,17,False,0.0,True
SME_0003,2024-10-01,672,14,False,0.0,True
SME_0003,2024-11-01,687,14,False,0.0,True
SME_0003,2024-12-01,693,20,False,0.0,True
SME_0003,2025-01-01,684,17,False,0.0,True
SME_0003,2025-02-01,685,14,True,62983.34,True
SME_0003,2025-03-01,678,9,False,0.0,True
SME_0003,2025-04-01,669,9,False,0.0,True
SME_0003,2025-05-01,673,10,False,0.0,True
SME_0003,2025-06-01,699,18,False,0.0,True
SME_0003,2025-07-01,710,17,False,0.0,True
SME_0003,2025-08-01,704,16,False,0.0,True
SME_0003,2025-09-01,713,13,False,0.0,True
SME_0003,2025-10-01,706,11,False,0.0,True
SME_0003,2025-11-01,720,11,True,59890.62,True
SME_0003,2025-12-01,731,12,False,0.0,True
SME_0003,2026-01-01,730,12,True,73840.32,True
SME_0004,2024-08-01,573,17,False,0.0,True
SME_0004,2024-09-01,576,10,False,0.0,True
SME_0004,2024-10-01,579,6,False,0.0,True
SME_0004,2024-11-01,601,12,False,0.0,True
SME_0004,2024-12-01,619,12,True,59248.49,True
SME_0004,2025-01-01,612,10,False,0.0,True
SME_0004,2025-02-01,608,12,False,0.0,True
SME_0004,2025-03-01,619,11,False,0.0,True
SME_0004,2025-04-01,628,11,True,0.0,True
SME_0004,2025-05-01,632,13,False,0.0,True
SME_0004,2025-06-01,647,8,False,0.0,True
SME_0004,2025-07-01,648,5,False,0.0,True
SME_0004,2025-08-01,633,15,False,0.0,True
SME_0004,2025-09-01,653,6,False,0.0,True
SME_0004,2025-10-01,632,8,False,0.0,True
SME_0004,2025-11-01,643,11,True,0.0,True
SME_0004,2025-12-01,629,10,True,58574.88,True
SME_0004,2026-01-01,625,5,False,0.0,True
SME_0005,2024-08-01,520,2,False,0.0,True
SME_0005,2024-09-01,499,6,False,0.0,True
SME_0005,2024-10-01,516,21,False,0.0,True
SME_0005,2024-11-01,512,9,False,0.0,True
SME_0005,2024-12-01,515,5,False,0.0,True
SME_0005,2025-01-01,518,6,True,0.0,True
SME_0005,2025-02-01,512,12,False,0.0,True
SME_0005,2025-03-01,505,7,True,0.0,True
SME_0005,2025-04-01,507,4,False,0.0,True
SME_0005,2025-05-01,519,3,False,0.0,True
SME_0005,2025-06-01,531,3,False,0.0,True
SME_0005,2025-07-01,521,7,False,0.0,True
SME_0005,2025-08-01,513,7,True,0.0,True
SME_0005,2025-09-01,524,9,False,0.0,True
SME_0005,2025-10-01,524,5,False,0.0,True
SME_0005,2025-11-01,530,6,False,0.0,True
SME_0005,2025-12-01,546,3,False,0.0,True
SME_0005,2026-01-01,537,8,False,0.0,True
SME_0006,2024-08-01,646,12,False,0.0,True
SME_0006,2024-09-01,612,9,True,14101.82,True
SME_0006,2024-10-01,611,14,False,0.0,True
SME_0006,2024-11-01,608,12,False,0.0,True
SME_0006,2024-12-01,626,10,False,0.0,True
SME_0006,2025-01-01,636,13,False,0.0,True
SME_0006,2025-02-01,661,17,False,0.0,True
SME_0006,2025-03-01,663,12,False,0.0,True
SME_0006,2025-04-01,680,9,False,0.0,True
SME_0006,2025-05-01,682,5,False,0.0,True
SME_0006,2025-06-01,670,16,True,0.0,True
SME_0006,2025-07-01,668,14,False,0.0,True
SME_0006,2025-08-01,667,6,False,0.0,True
SME_0006,2025-09-01,649,9,True,14993.81,True
SME_0006,2025-10-01,650,19,False,0.0,True
SME_0006,2025-11-01,650,8,True,44710.16,True
SME_0006,2025-12-01,638,12,False,0.0,True
SME_0006,2026-01-01,644,11,False,0.0,True
SME_0007,2024-08-01,663,8,False,0.0,True
SME_0007,2024-09-01,656,17,False,0.0,True
SME_0007,2024-10-01,692,15,False,0.0,True
SME_0007,2024-11-01,691,10,False,0.0,True
SME_0007,2024-12-01,696,15,False,0.0,True
SME_0007,2025-01-01,680,11,False,0.0,True
SME_0007,2025-02-01,688,22,False,0.0,True
SME_0007,2025-03-01,695,14,False,0.0,True
SME_0007,2025-04-01,686,12,False,0.0,True
SME_0007,2025-05-01,665,17,False,0.0,True
SME_0007,2025-06-01,670,11,False,0.0,True
SME_0007,2025-07-01,666,16,False,0.0,True
SME_0007,2025-08-01,687,13,False,0.0,True
SME_0007,2025-09-01,682,15,False,0.0,True
SME_0007,2025-10-01,705,20,False,0.0,True
SME_0007,2025-11-01,714,10,False,0.0,True
SME_0007,2025-12-01,696,10,False,0.0,True
SME_0007,2026-01-01,711,12,False,0.0,True
SME_0008,2024-08-01,593,4,False,0.0,True
SME_0008,2024-09-01,591,14,False,0.0,True
SME_0008,2024-10-01,603,11,False,0.0,True
SME_0008,2024-11-01,598,8,False,0.0,True
SME_0008,2024-12-01,602,10,False,0.0,True
SME_0008,2025-01-01,602,13,False,0.0,True
SME_0008,2025-02-01,591,6,False,0.0,True
SME_0008,2025-03-01,594,13,False,0.0,True
SME_0008,2025-04-01,595,14,False,0.0,True
SME_0008,2025-05-01,589,10,True,0.0,True
SME_0008,2025-06-01,595,8,False,0.0,True
SME_0008,2025-07-01,602,4,False,0.0,True
SME_0008,2025-08-01,607,14,False,0.0,True
SME_0008,2025-09-01,603,9,False,0.0,True
SME_0008,2025-10-01,592,13,False,0.0,True
SME_0008,2025-11-01,594,15,True,0.0,True
SME_0008,2025-12-01,589,14,True,32832.08,True
SME_0008,2026-01-01,569,11,False,0.0,True
SME_0009,2024-08-01,608,16,True,52308.23,True
SME_0009,2024-09-01,580,12,False,0.0,True
SME_0009,2024-10-01,592,8,False,0.0,True
SME_0009,2024-11-01,608,6,False,0.0,True
SME_0009,2024-12-01,618,7,False,0.0,True
SME_0009,2025-01-01,615,15,True,0.0,True
SME_0009,2025-02-01,602,14,True,55918.7,True
SME_0009,2025-03-01,607,11,False,0.0,True
SME_0009,2025-04-01,587,14,True,36246.52,True
SME_0009,2025-05-01,604,19,False,0.0,True
SME_0009,2025-06-01,609,14,False,0.0,True
SME_0009,2025-07-01,622,8,False,0.0,True
SME_0009,2025-08-01,612,13,False,0.0,True
SME_0009,2025-09-01,612,16,False,0.0,True
SME_0009,2025-10-01,637,12,True,39694.49,True
SME_0009,2025-11-01,637,10,False,0.0,True
SME_0009,2025-12-01,610,9,True,0.0,True
SME_0009,2026-01-01,606,12,False,0.0,True
SME_0010,2024-08-01,625,11,False,0.0,True
SME_0010,2024-09-01,666,5,False,0.0,True
SME_0010,2024-10-01,666,18,False,0.0,True
SME_0010,2024-11-01,649,11,True,7073.06,True
SME_0010,2024-12-01,655,7,False,0.0,True
SME_0010,2025-01-01,639,19,False,0.0,True
SME_0010,2025-02-01,644,8,False,0.0,True
SME_0010,2025-03-01,649,10,False,0.0,True
SME_0010,2025-04-01,642,14,False,0.0,True
SME_0010,2025-05-01,635,11,True,15661.9,True
SME_0010,2025-06-01,640,14,False,0.0,True
SME_0010,2025-07-01,636,10,False,0.0,True
SME_0010,2025-08-01,645,10,False,0.0,True
SME_0010,2025-09-01,635,15,False,0.0,True
SME_0010,2025-10-01,625,8,False,0.0,True
SME_0010,2025-11-01,618,14,False,0.0,True
SME_0010,2025-12-01,612,18,False,0.0,True
SME_0010,2026-01-01,640,8,False,0.0,True
SME_0011,2024-08-01,635,10,False,0.0,True
SME_0011,2024-09-01,674,13,True,20778.3,True
SME_0011,2024-10-01,665,16,False,0.0,True
SME_0011,2024-11-01,649,16,False,0.0,True
SME_0011,2024-12-01,651,18,False,0.0,True
SME_0011,2025-01-01,646,13,False,0.0,True
SME_0011,2025-02-01,651,14,False,0.0,True
SME_0011,2025-03-01,634,12,False,0.0,True
SME_0011,2025-04-01,641,8,False,0.0,True
SME_0011,2025-05-01,654,18,False,0.0,True
SME_0011,2025-06-01,635,14,False,0.0,True
SME_0011,2025-07-01,611,12,False,0.0,True
SME_0011,2025-08-01,640,10,True,39590.77,True
SME_0011,2025-09-01,650,10,False,0.0,True
SME_0011,2025-10-01,636,15,False,0.0,True
SME_0011,2025-11-01,623,8,False,0.0,True
SME_0011,2025-12-01,626,10,False,0.0,True
SME_0011,2026-01-01,610,7,False,0.0,True
SME_0012,2024-08-01,632,9,False,0.0,True
SME_0012,2024-09-01,637,12,False,0.0,True
SME_0012,2024-10-01,625,12,False,0.0,True
SME_0012,2024-11-01,625,12,True,0.0,True
SME_0012,2024-12-01,629,10,True,0.0,True
SME_0012,2025-01-01,618,9,False,0.0,True
SME_0012,2025-02-01,626,9,False,0.0,True
SME_0012,2025-03-01,633,9,False,0.0,True
SME_0012,2025-04-01,638,15,False,0.0,True
SME_0012,2025-05-01,644,17,False,0.0,True
SME_0012,2025-06-01,647,16,False,0.0,True
SME_0012,2025-07-01,652,15,False,0.0,True
SME_0012,2025-08-01,650,9,False,0.0,True
SME_0012,2025-09-01,644,8,False,0.0,True
SME_0012,2025-10-01,638,14,False,0.0,True
SME_0012,2025-11-01,647,10,False,0.0,True
SME_0012,2025-12-01,643,7,False,0.0,True
SME_0012,2026-01-01,653,19,False,0.0,True
SME_0013,2024-08-01,660,8,False,0.0,True
SME_0013,2024-09-01,669,10,False,0.0,True
SME_0013,2024-10-01,655,10,False,0.0,True
SME_0013,2024-11-01,674,8,False,0.0,True
SME_0013,2024-12-01,671,8,False,0.0,True
SME_0013,2025-01-01,673,7,False,0.0,True
SME_0013,2025-02-01,668,7,False,0.0,True
SME_0013,2025-03-01,668,11,False,0.0,True
SME_0013,2025-04-01,672,10,False,0.0,True
SME_0013,2025-05-01,658,13,True,10284.53,True
SME_0013,2025-06-01,643,10,False,0.0,True
SME_0013,2025-07-01,646,11,False,0.0,True
SME_0013,2025-08-01,640,13,False,0.0,True
SME_0013,2025-09-01,645,10,True,10827.61,True
SME_0013,2025-10-01,640,10,False,0.0,True
SME_0013,2025-11-01,635,12,False,0.0,True
SME_0013,2025-12-01,635,7,False,0.0,True
SME_0013,2026-01-01,622,5,False,0.0,True
SME_0014,2024-08-01,638,11,False,0.0,True
SME_0014,2024-09-01,658,15,True,45194.48,True
SME_0014,2024-10-01,666,9,False,0.0,True
SME_0014,2024-11-01,671,13,True,38467.86,True
SME_0014,2024-12-01,629,18,False,0.0,True
SME_0014,2025-01-01,624,18,False,0.0,True
SME_0014,2025-02-01,626,11,False,0.0,True
SME_0014,2025-03-01,640,14,False,0.0,True
SME_0014,2025-04-01,640,0,False,0.0,False
SME_0014,2025-05-01,640,0,False,0.0,False
SME_0014,2025-06-01,640,0,False,0.0,False
SME_0014,2025-07-01,640,0,False,0.0,False
SME_0014,2025-08-01,640,0,False,0.0,False
SME_0014,2025-09-01,640,0,False,0.0,False
SME_0014,2025-10-01,640,0,False,0.0,False
SME_0014,2025-11-01,640,0,False,0.0,False
SME_0014,2025-12-01,640,0,False,0.0,False
SME_0014,2026-01-01,640,0,False,0.0,False
SME_0015,2024-08-01,636,12,False,0.0,True
SME_0015,2024-09-01,648,19,False,0.0,True
SME_0015,2024-10-01,674,11,True,0.0,True
SME_0015,2024-11-01,680,22,True,37612.4,True
SME_0015,2024-12-01,680,12,True,59750.27,True
SME_0015,2025-01-01,676,14,False,0.0,True
SME_0015,2025-02-01,667,12,False,0.0,True
SME_0015,2025-03-01,677,14,False,0.0,True
SME_0015,2025-04-01,683,12,True,57905.74,True
SME_0015,2025-05-01,694,11,False,0.0,True
SME_0015,2025-06-01,687,7,True,63982.65,True
SME_0015,2025-07-01,687,12,False,0.0,True
SME_0015,2025-08-01,681,10,False,0.0,True
SME_0015,2025-09-01,670,21,False,0.0,True
SME_0015,2025-10-01,669,13,False,0.0,True
SME_0015,2025-11-01,678,8,False,0.0,True
SME_0015,2025-12-01,680,12,False,0.0,True
SME_0015,2026-01-01,681,14,False,0.0,True
SME_0016,2024-08-01,466,6,False,0.0,True
SME_0016,2024-09-01,468,4,False,0.0,True
SME_0016,2024-10-01,456,6,False,0.0,True
SME_0016,2024-11-01,438,4,False,0.0,True
SME_0016,2024-12-01,440,8,False,0.0,True
SME_0016,2025-01-01,455,4,False,0.0,True
SME_0016,2025-02-01,451,3,False,0.0,True
SME_0016,2025-03-01,459,5,False,0.0,True
SME_0016,2025-04-01,456,5,False,0.0,True
SME_0016,2025-05-01,433,3,False,0.0,True
SME_0016,2025-06-01,423,0,False,0.0,True
SME_0016,2025-07-01,439,1,False,0.0,True
SME_0016,2025-08-01,440,4,False,0.0,True
SME_0016,2025-09-01,440,2,False,0.0,True
SME_0016,2025-10-01,444,2,True,0.0,True
SME_0016,2025-11-01,430,2,False,0.0,True
SME_0016,2025-12-01,441,3,True,0.0,True
SME_0016,2026-01-01,446,3,False,0.0,True
SME_0017,2024-08-01,615,14,True,0.0,True
SME_0017,2024-09-01,617,10,False,0.0,True
SME_0017,2024-10-01,595,9,False,0.0,True
SME_0017,2024-11-01,597,5,False,0.0,True
SME_0017,2024-12-01,618,10,False,0.0,True
SME_0017,2025-01-01,603,11,False,0.0,True
SME_0017,2025-02-01,595,10,False,0.0,True
SME_0017,2025-03-01,588,11,False,0.0,True
SME_0017,2025-04-01,593,7,False,0.0,True
SME_0017,2025-05-01,593,7,False,0.0,True
SME_0017,2025-06-01,587,7,True,37341.85,True
SME_0017,2025-07-01,578,13,True,15532.04,True
SME_0017,2025-08-01,578,0,False,0.0,False
SME_0017,2025-09-01,578,0,False,0.0,False
SME_0017,2025-10-01,578,0,False,0.0,False
SME_0017,2025-11-01,578,0,False,0.0,False
SME_0017,2025-12-01,578,0,False,0.0,False
SME_0017,2026-01-01,578,0,False,0.0,False
SME_0018,2024-08-01,455,3,False,0.0,True
SME_0018,2024-09-01,466,4,False,0.0,True
SME_0018,2024-10-01,458,7,False,0.0,True
SME_0018,2024-11-01,469,3,True,0.0,True
SME_0018,2024-12-01,457,6,True,0.0,True
SME_0018,2025-01-01,486,2,False,0.0,True
SME_0018,2025-02-01,481,0,False,0.0,True
SME_0018,2025-03-01,489,6,True,0.0,True
SME_0018,2025-04-01,483,3,False,0.0,True
SME_0018,2025-05-01,474,3,False,0.0,True
SME_0018,2025-06-01,473,5,False,0.0,True
SME_0018,2025-07-01,470,2,False,0.0,True
SME_0018,2025-08-01,488,8,False,0.0,True
SME_0018,2025-09-01,477,3,False,0.0,True
SME_0018,2025-10-01,467,6,False,0.0,True
SME_0018,2025-11-01,464,3,False,0.0,True
SME_0018,2025-12-01,464,3,False,0.0,True
SME_0018,2026-01-01,473,3,False,0.0,True
SME_0019,2024-08-01,541,4,False,0.0,True
SME_0019,2024-09-01,533,9,False,0.0,True
SME_0019,2024-10-01,526,5,True,0.0,True
SME_0019,2024-11-01,542,13,True,0.0,True
SME_0019,2024-12-01,550,6,False,0.0,True
SME_0019,2025-01-01,535,7,False,0.0,True
SME_0019,2025-02-01,540,9,False,0.0,True
SME_0019,2025-03-01,545,6,False,0.0,True
SME_0019,2025-04-01,553,6,False,0.0,True
SME_0019,2025-05-01,577,3,False,0.0,True
SME_0019,2025-06-01,560,8,False,0.0,True
SME_0019,2025-07-01,561,6,False,0.0,True
SME_0019,2025-08-01,547,1,False,0.0,True
SME_0019,2025-09-01,534,5,False,0.0,True
SME_0019,2025-10-01,542,4,False,0.0,True
SME_0019,2025-11-01,539,4,False,0.0,True
SME_0019,2025-12-01,548,2,False,0.0,True
SME_0019,2026-01-01,544,7,False,0.0,True
SME_0020,2024-08-01,694,25,True,18390.84,True
SME_0020,2024-09-01,696,9,False,0.0,True
SME_0020,2024-10-01,714,10,False,0.0,True
SME_0020,2024-11-01,727,9,False,0.0,True
SME_0020,2024-12-01,737,10,False,0.0,True
SME_0020,2025-01-01,712,16,False,0.0,True
SME_0020,2025-02-01,725,13,False,0.0,True
SME_0020,2025-03-01,706,17,False,0.0,True
SME_0020,2025-04-01,705,24,False,0.0,True
SME_0020,2025-05-01,699,16,False,0.0,True
SME_0020,2025-06-01,685,13,False,0.0,True
SME_0020,2025-07-01,696,12,True,0.0,True
SME_0020,2025-08-01,679,11,True,68068.93,True
SME_0020,2025-09-01,688,14,False,0.0,True
SME_0020,2025-10-01,704,16,False,0.0,True
SME_0020,2025-11-01,706,12,False,0.0,True
SME_0020,2025-12-01,697,12,False,0.0,True
SME_0020,2026-01-01,708,15,False,0.0,True
SME_0021,2024-08-01,690,14,False,0.0,True
SME_0021,2024-09-01,699,21,False,0.0,True
SME_0021,2024-10-01,706,16,False,0.0,True
SME_0021,2024-11-01,719,18,False,0.0,True
SME_0021,2024-12-01,736,14,False,0.0,True
SME_0021,2025-01-01,722,13,False,0.0,True
SME_0021,2025-02-01,715,18,True,37215.45,True
SME_0021,2025-03-01,710,8,False,0.0,True
SME_0021,2025-04-01,701,14,False,0.0,True
SME_0021,2025-05-01,685,8,False,0.0,True
SME_0021,2025-06-01,708,16,False,0.0,True
SME_0021,2025-07-01,700,19,False,0.0,True
SME_0021,2025-08-01,706,15,True,25289.57,True
SME_0021,2025-09-01,712,19,False,0.0,True
SME_0021,2025-10-01,699,15,True,61422.85,True
SME_0021,2025-11-01,723,14,False,0.0,True
SME_0021,2025-12-01,721,8,False,0.0,True
SME_0021,2026-01-01,724,9,False,0.0,True
SME_0022,2024-08-01,563,6,False,0.0,True
SME_0022,2024-09-01,565,10,False,0.0,True
SME_0022,2024-10-01,583,4,False,0.0,True
SME_0022,2024-11-01,568,14,False,0.0,True
SME_0022,2024-12-01,569,7,False,0.0,True
SME_0022,2025-01-01,568,5,True,0.0,True
SME_0022,2025-02-01,579,10,True,0.0,True
SME_0022,2025-03-01,554,13,True,0.0,True
SME_0022,2025-04-01,558,11,False,0.0,True
SME_0022,2025-05-01,555,11,False,0.0,True
SME_0022,2025-06-01,545,8,False,0.0,True
SME_0022,2025-07-01,561,8,True,0.0,True
SME_0022,2025-08-01,544,2,False,0.0,True
SME_0022,2025-09-01,548,5,False,0.0,True
SME_0022,2025-10-01,535,5,False,0.0,True
SME_0022,2025-11-01,517,5,False,0.0,True
SME_0022,2025-12-01,506,2,False,0.0,True
SME_0022,2026-01-01,529,5,False,0.0,True
SME_0023,2024-08-01,604,8,True,0.0,True
SME_0023,2024-09-01,627,9,False,0.0,True
SME_0023,2024-10-01,624,8,False,0.0,True
SME_0023,2024-11-01,611,9,False,0.0,True
SME_0023,2024-12-01,591,7,False,0.0,True
SME_0023,2025-01-01,582,3,False,0.0,True
SME_0023,2025-02-01,609,9,False,0.0,True
SME_0023,2025-03-01,594,8,False,0.0,True
SME_0023,2025-04-01,597,12,True,0.0,True
SME_0023,2025-05-01,607,6,True,46645.75,True
SME_0023,2025-06-01,614,9,False,0.0,True
SME_0023,2025-07-01,629,7,False,0.0,True
SME_0023,2025-08-01,612,5,False,0.0,True
SME_0023,2025-09-01,624,1,False,0.0,True
SME_0023,2025-10-01,618,8,False,0.0,True
SME_0023,2025-11-01,620,1,False,0.0,True
SME_0023,2025-12-01,608,5,False,0.0,True
SME_0023,2026-01-01,582,5,False,0.0,True
SME_0024,2024-08-01,497,5,False,0.0,True
SME_0024,2024-09-01,507,8,False,0.0,True
SME_0024,2024-10-01,506,6,True,0.0,True
SME_0024,2024-11-01,498,3,True,0.0,True
SME_0024,2024-12-01,504,6,False,0.0,True
SME_0024,2025-01-01,485,5,False,0.0,True
SME_0024,2025-02-01,451,5,False,0.0,True
SME_0024,2025-03-01,458,9,False,0.0,True
SME_0024,2025-04-01,470,7,True,0.0,True
SME_0024,2025-05-01,480,7,False,0.0,True
SME_0024,2025-06-01,492,6,False,0.0,True
SME_0024,2025-07-01,486,3,False,0.0,True
SME_0024,2025-08-01,494,4,False,0.0,True
SME_0024,2025-09-01,478,3,False,0.0,True
SME_0024,2025-10-01,505,6,False,0.0,True
SME_0024,2025-11-01,525,3,False,0.0,True
SME_0024,2025-12-01,533,7,False,0.0,True
SME_0024,2026-01-01,524,2,False,0.0,True
SME_0025,2024-08-01,572,6,False,0.0,True
SME_0025,2024-09-01,587,6,True,0.0,True
SME_0025,2024-10-01,585,16,False,0.0,True
SME_0025,2024-11-01,601,12,False,0.0,True
SME_0025,2024-12-01,594,11,False,0.0,True
SME_0025,2025-01-01,584,15,False,0.0,True
SME_0025,2025-02-01,582,13,False,0.0,True
SME_0025,2025-03-01,595,11,False,0.0,True
SME_0025,2025-04-01,590,9,True,0.0,True
SME_0025,2025-05-01,587,5,False,0.0,True
SME_0025,2025-06-01,606,9,False,0.0,True
SME_0025,2025-07-01,604,7,False,0.0,True
SME_0025,2025-08-01,600,14,True,0.0,True
SME_0025,2025-09-01,587,14,False,0.0,True
SME_0025,2025-10-01,613,10,False,0.0,True
SME_0025,2025-11-01,598,11,True,0.0,True
SME_0025,2025-12-01,577,10,False,0.0,True
SME_0025,2026-01-01,587,9,False,0.0,True
SME_0026,2024-08-01,789,9,False,0.0,True
SME_0026,2024-09-01,771,12,False,0.0,True
SME_0026,2024-10-01,770,17,False,0.0,True
SME_0026,2024-11-01,757,17,False,0.0,True
SME_0026,2024-12-01,774,21,True,72684.31,True
SME_0026,2025-01-01,771,13,False,0.0,True
SME_0026,2025-02-01,756,16,False,0.0,True
SME_0026,2025-03-01,739,22,False,0.0,True
SME_0026,2025-04-01,727,15,False,0.0,True
SME_0026,2025-05-01,719,26,False,0.0,True
SME_0026,2025-06-01,723,16,True,0.0,True
SME_0026,2025-07-01,730,13,False,0.0,True
SME_0026,2025-08-01,748,13,False,0.0,True
SME_0026,2025-09-01,767,13,False,0.0,True
SME_0026,2025-10-01,775,13,True,26730.82,True
SME_0026,2025-11-01,792,15,False,0.0,True
SME_0026,2025-12-01,782,13,False,0.0,True
SME_0026,2026-01-01,781,18,True,59085.23,True
SME_0027,2024-08-01,644,14,False,0.0,True
SME_0027,2024-09-01,678,15,False,0.0,True
SME_0027,2024-10-01,677,17,False,0.0,True
SME_0027,2024-11-01,674,7,True,0.0,True
SME_0027,2024-12-01,668,13,False,0.0,True
SME_0027,2025-01-01,658,16,False,0.0,True
SME_0027,2025-02-01,660,17,False,0.0,True
SME_0027,2025-03-01,687,11,False,0.0,True
SME_0027,2025-04-01,676,8,False,0.0,True
SME_0027,2025-05-01,666,14,False,0.0,True
SME_0027,2025-06-01,670,18,False,0.0,True
SME_0027,2025-07-01,676,12,False,0.0,True
SME_0027,2025-08-01,670,13,False,0.0,True
SME_0027,2025-09-01,686,12,True,45047.78,True
SME_0027,2025-10-01,690,17,False,0.0,True
SME_0027,2025-11-01,706,15,False,0.0,True
SME_0027,2025-12-01,696,11,True,31050.8,True
SME_0027,2026-01-01,689,16,False,0.0,True
SME_0028,2024-08-01,496,4,False,0.0,True
SME_0028,2024-09-01,514,3,False,0.0,True
SME_0028,2024-10-01,494,5,False,0.0,True
SME_0028,2024-11-01,493,6,False,0.0,True
SME_0028,2024-12-01,490,10,False,0.0,True
SME_0028,2025-01-01,487,5,False,0.0,True
SME_0028,2025-02-01,505,10,False,0.0,True
SME_0028,2025-03-01,503,10,False,0.0,True
SME_0028,2025-04-01,505,5,False,0.0,True
SME_0028,2025-05-01,512,4,False,0.0,True
SME_0028,2025-06-01,481,4,False,0.0,True
SME_0028,2025-07-01,484,6,False,0.0,True
SME_0028,2025-08-01,511,6,False,0.0,True
SME_0028,2025-09-01,534,4,False,0.0,True
SME_0028,2025-10-01,526,6,False,0.0,True
SME_0028,2025-11-01,520,2,False,0.0,True
SME_0028,2025-12-01,511,8,False,0.0,True
SME_0028,2026-01-01,484,2,False,0.0,True
SME_0029,2024-08-01,631,13,False,0.0,True
SME_0029,2024-09-01,636,13,False,0.0,True
SME_0029,2024-10-01,620,13,False,0.0,True
SME_0029,2024-11-01,636,9,False,0.0,True
SME_0029,2024-12-01,632,14,False,0.0,True
SME_0029,2025-01-01,636,8,False,0.0,True
SME_0029,2025-02-01,629,11,False,0.0,True
SME_0029,2025-03-01,609,11,False,0.0,True
SME_0029,2025-04-01,595,13,False,0.0,True
SME_0029,2025-05-01,616,6,False,0.0,True
SME_0029,2025-06-01,611,11,False,0.0,True
SME_0029,2025-07-01,603,12,True,0.0,True
SME_0029,2025-08-01,598,12,False,0.0,True
SME_0029,2025-09-01,618,18,True,0.0,True
SME_0029,2025-10-01,612,20,False,0.0,True
SME_0029,2025-11-01,612,12,True,12662.73,True
SME_0029,2025-12-01,604,11,False,0.0,True
SME_0029,2026-01-01,609,12,False,0.0,True
SME_0030,2024-08-01,558,1,False,0.0,True
SME_0030,2024-09-01,550,6,True,0.0,True
SME_0030,2024-10-01,518,9,False,0.0,True
SME_0030,2024-11-01,542,8,True,0.0,True
SME_0030,2024-12-01,556,8,False,0.0,True
SME_0030,2025-01-01,552,3,False,0.0,True
SME_0030,2025-02-01,551,11,False,0.0,True
SME_0030,2025-03-01,541,9,False,0.0,True
SME_0030,2025-04-01,532,6,False,0.0,True
SME_0030,2025-05-01,523,2,False,0.0,True
SME_0030,2025-06-01,536,10,False,0.0,True
SME_0030,2025-07-01,552,9,False,0.0,True
SME_0030,2025-08-01,543,4,False,0.0,True
SME_0030,2025-09-01,561,14,True,0.0,True
SME_0030,2025-10-01,563,6,False,0.0,True
SME_0030,2025-11-01,574,2,False,0.0,True
SME_0030,2025-12-01,559,5,False,0.0,True
SME_0030,2026-01-01,540,6,False,0.0,True
SME_0031,2024-08-01,633,13,False,0.0,True
SME_0031,2024-09-01,611,12,False,0.0,True
SME_0031,2024-10-01,617,7,False,0.0,True
SME_0031,2024-11-01,611,12,False,0.0,True
SME_0031,2024-12-01,624,13,False,0.0,True
SME_0031,2025-01-01,646,11,False,0.0,True
SME_0031,2025-02-01,644,9,False,0.0,True
SME_0031,2025-03-01,662,7,False,0.0,True
SME_0031,2025-04-01,672,12,False,0.0,True
SME_0031,2025-05-01,660,15,False,0.0,True
SME_0031,2025-06-01,648,11,False,0.0,True
SME_0031,2025-07-01,638,10,False,0.0,True
SME_0031,2025-08-01,632,14,True,0.0,True
SME_0031,2025-09-01,639,9,False,0.0,True
SME_0031,2025-10-01,649,13,False,0.0,True
SME_0031,2025-11-01,658,13,True,12911.3,True
SME_0031,2025-12-01,655,14,False,0.0,True
SME_0031,2026-01-01,662,7,False,0.0,True
SME_0032,2024-08-01,627,18,False,0.0,True
SME_0032,2024-09-01,635,17,False,0.0,True
SME_0032,2024-10-01,628,8,False,0.0,True
SME_0032,2024-11-01,627,11,False,0.0,True
SME_0032,2024-12-01,670,11,True,64964.1,True
SME_0032,2025-01-01,675,10,False,0.0,True
SME_0032,2025-02-01,693,14,False,0.0,True
SME_0032,2025-03-01,672,13,False,0.0,True
SME_0032,2025-04-01,677,13,False,0.0,True
SME_0032,2025-05-01,673,20,False,0.0,True
SME_0032,2025-06-01,677,8,False,0.0,True
SME_0032,2025-07-01,677,9,False,0.0,True
SME_0032,2025-08-01,667,19,False,0.0,True
SME_0032,2025-09-01,680,13,True,0.0,True
SME_0032,2025-10-01,685,11,False,0.0,True
SME_0032,2025-11-01,696,16,True,20048.95,True
SME_0032,2025-12-01,684,9,False,0.0,True
SME_0032,2026-01-01,679,16,False,0.0,True
SME_0033,2024-08-01,611,11,False,0.0,True
SME_0033,2024-09-01,619,12,False,0.0,True
SME_0033,2024-10-01,631,6,False,0.0,True
SME_0033,2024-11-01,643,8,False,0.0,True
SME_0033,2024-12-01,653,8,False,0.0,True
SME_0033,2025-01-01,653,15,False,0.0,True
SME_0033,2025-02-01,1200,10,False,0.0,True
SME_0033,2025-03-01,632,13,True,0.0,True
SME_0033,2025-04-01,637,8,False,0.0,True
SME_0033,2025-05-01,616,11,False,0.0,True
SME_0033,2025-06-01,614,11,True,0.0,True
SME_0033,2025-07-01,615,8,False,0.0,True
SME_0033,2025-08-01,608,15,False,0.0,True
SME_0033,2025-09-01,614,11,False,0.0,True
SME_0033,2025-10-01,615,17,False,0.0,True
SME_0033,2025-11-01,609,9,False,0.0,True
SME_0033,2025-12-01,588,14,False,0.0,True
SME_0033,2026-01-01,587,11,False,0.0,True
SME_0034,2024-08-01,663,13,False,0.0,True
SME_0034,2024-09-01,655,14,False,0.0,True
SME_0034,2024-10-01,685,14,True,27957.41,True
SME_0034,2024-11-01,667,8,False,0.0,True
SME_0034,2024-12-01,662,11,True,30450.68,True
SME_0034,2025-01-01,668,21,False,0.0,True
SME_0034,2025-02-01,667,20,False,0.0,True
SME_0034,2025-03-01,673,10,True,6193.86,True
SME_0034,2025-04-01,664,10,False,0.0,True
SME_0034,2025-05-01,669,10,False,0.0,True
SME_0034,2025-06-01,654,7,False,0.0,True
SME_0034,2025-07-01,644,20,False,0.0,True
SME_0034,2025-08-01,630,18,True,22067.93,True
SME_0034,2025-09-01,640,16,False,0.0,True
SME_0034,2025-10-01,660,14,False,0.0,True
SME_0034,2025-11-01,636,16,False,0.0,True
SME_0034,2025-12-01,627,11,False,0.0,True
SME_0034,2026-01-01,627,13,False,0.0,True
SME_0035,2024-08-01,625,13,False,0.0,True
SME_0035,2024-09-01,636,9,False,0.0,True
SME_0035,2024-10-01,643,9,True,29974.52,True
SME_0035,2024-11-01,653,11,False,0.0,True
SME_0035,2024-12-01,662,18,False,0.0,True
SME_0035,2025-01-01,659,9,False,0.0,True
SME_0035,2025-02-01,657,10,False,0.0,True
SME_0035,2025-03-01,632,11,False,0.0,True
SME_0035,2025-04-01,640,14,False,0.0,True
SME_0035,2025-05-01,651,7,False,0.0,True
SME_0035,2025-06-01,645,10,False,0.0,True
SME_0035,2025-07-01,625,11,True,0.0,True
SME_0035,2025-08-01,635,10,True,29444.8,True
SME_0035,2025-09-01,611,12,False,0.0,True
SME_0035,2025-10-01,597,7,False,0.0,True
SME_0035,2025-11-01,610,11,False,0.0,True
SME_0035,2025-12-01,616,10,False,0.0,True
SME_0035,2026-01-01,611,10,False,0.0,True
SME_0036,2024-08-01,620,15,True,41121.55,True
SME_0036,2024-09-01,616,13,False,0.0,True
SME_0036,2024-10-01,636,15,False,0.0,True
SME_0036,2024-11-01,639,6,False,0.0,True
SME_0036,2024-12-01,646,12,False,0.0,True
SME_0036,2025-01-01,635,15,False,0.0,True
SME_0036,2025-02-01,625,17,True,39062.69,True
SME_0036,2025-03-01,630,9,False,0.0,True
SME_0036,2025-04-01,630,0,False,0.0,False
SME_0036,2025-05-01,630,0,False,0.0,False
SME_0036,2025-06-01,630,0,False,0.0,False
SME_0036,2025-07-01,630,0,False,0.0,False
SME_0036,2025-08-01,630,0,False,0.0,False
SME_0036,2025-09-01,630,0,False,0.0,False
SME_0036,2025-10-01,630,0,False,0.0,False
SME_0036,2025-11-01,630,0,False,0.0,False
SME_0036,2025-12-01,630,0,False,0.0,False
SME_0036,2026-01-01,630,0,False,0.0,False
SME_0037,2024-08-01,506,5,False,0.0,True
SME_0037,2024-09-01,518,8,False,0.0,True
SME_0037,2024-10-01,506,10,False,0.0,True
SME_0037,2024-11-01,507,8,False,0.0,True
SME_0037,2024-12-01,508,11,False,0.0,True
SME_0037,2025-01-01,518,6,False,0.0,True
SME_0037,2025-02-01,536,6,False,0.0,True
SME_0037,2025-03-01,529,8,False,0.0,True
SME_0037,2025-04-01,554,5,False,0.0,True
SME_0037,2025-05-01,547,4,False,0.0,True
SME_0037,2025-06-01,535,6,False,0.0,True
SME_0037,2025-07-01,543,7,False,0.0,True
SME_0037,2025-08-01,535,5,False,0.0,True
SME_0037,2025-09-01,525,6,False,0.0,True
SME_0037,2025-10-01,521,7,False,0.0,True
SME_0037,2025-11-01,510,2,False,0.0,True
SME_0037,2025-12-01,519,3,False,0.0,True
SME_0037,2026-01-01,504,6,False,0.0,True
SME_0038,2024-08-01,683,19,False,0.0,True
SME_0038,2024-09-01,683,15,False,0.0,True
SME_0038,2024-10-01,689,21,True,53191.69,True
SME_0038,2024-11-01,683,17,False,0.0,True
SME_0038,2024-12-01,669,15,False,0.0,True
SME_0038,2025-01-01,668,13,False,0.0,True
SME_0038,2025-02-01,650,16,False,0.0,True
SME_0038,2025-03-01,647,18,False,0.0,True
SME_0038,2025-04-01,640,6,False,0.0,True
SME_0038,2025-05-01,629,21,False,0.0,True
SME_0038,2025-06-01,640,14,False,0.0,True
SME_0038,2025-07-01,653,16,False,0.0,True
SME_0038,2025-08-01,653,0,False,0.0,False
SME_0038,2025-09-01,653,0,False,0.0,False
SME_0038,2025-10-01,653,0,False,0.0,False
SME_0038,2025-11-01,653,0,False,0.0,False
SME_0038,2025-12-01,653,0,False,0.0,False
SME_0038,2026-01-01,653,0,False,0.0,False
SME_0039,2024-08-01,721,17,False,0.0,True
SME_0039,2024-09-01,716,10,False,0.0,True
SME_0039,2024-10-01,706,11,False,0.0,True
SME_0039,2024-11-01,710,23,False,0.0,True
SME_0039,2024-12-01,710,12,False,0.0,True
SME_0039,2025-01-01,697,10,False,0.0,True
SME_0039,2025-02-01,703,10,False,0.0,True
SME_0039,2025-03-01,692,13,False,0.0,True
SME_0039,2025-04-01,678,15,False,0.0,True
SME_0039,2025-05-01,678,15,False,0.0,True
SME_0039,2025-06-01,692,9,False,0.0,True
SME_0039,2025-07-01,700,13,False,0.0,True
SME_0039,2025-08-01,691,14,False,0.0,True
SME_0039,2025-09-01,673,10,True,14747.24,True
SME_0039,2025-10-01,670,10,True,10610.49,True
SME_0039,2025-11-01,697,7,False,0.0,True
SME_0039,2025-12-01,702,10,False,0.0,True
SME_0039,2026-01-01,697,11,False,0.0,True
SME_0040,2024-08-01,559,12,False,0.0,True
SME_0040,2024-09-01,554,8,False,0.0,True
SME_0040,2024-10-01,560,11,False,0.0,True
SME_0040,2024-11-01,559,9,False,0.0,True
SME_0040,2024-12-01,555,8,False,0.0,True
SME_0040,2025-01-01,559,8,False,0.0,True
SME_0040,2025-02-01,579,11,False,0.0,True
SME_0040,2025-03-01,576,5,False,0.0,True
SME_0040,2025-04-01,576,14,False,0.0,True
SME_0040,2025-05-01,577,11,False,0.0,True
SME_0040,2025-06-01,585,7,False,0.0,True
SME_0040,2025-07-01,595,10,False,0.0,True
SME_0040,2025-08-01,584,10,False,0.0,True
SME_0040,2025-09-01,584,16,False,0.0,True
SME_0040,2025-10-01,579,15,False,0.0,True
SME_0040,2025-11-01,595,7,False,0.0,True
SME_0040,2025-12-01,585,8,False,0.0,True
SME_0040,2026-01-01,588,18,False,0.0,True
SME_0041,2024-08-01,558,8,False,0.0,True
SME_0041,2024-09-01,557,6,False,0.0,True
SME_0041,2024-10-01,536,9,False,0.0,True
SME_0041,2024-11-01,548,3,False,0.0,True
SME_0041,2024-12-01,537,8,False,0.0,True
SME_0041,2025-01-01,542,9,False,0.0,True
SME_0041,2025-02-01,570,7,False,0.0,True
SME_0041,2025-03-01,578,4,False,0.0,True
SME_0041,2025-04-01,569,1,False,0.0,True
SME_0041,2025-05-01,561,6,False,0.0,True
SME_0041,2025-06-01,565,2,False,0.0,True
SME_0041,2025-07-01,547,4,False,0.0,True
SME_0041,2025-08-01,526,6,False,0.0,True
SME_0041,2025-09-01,535,5,False,0.0,True
SME_0041,2025-10-01,519,3,True,0.0,True
SME_0041,2025-11-01,512,6,False,0.0,True
SME_0041,2025-12-01,534,6,False,0.0,True
SME_0041,2026-01-01,525,8,True,0.0,True
SME_0042,2024-08-01,737,15,False,0.0,True
SME_0042,2024-09-01,744,15,True,47304.84,True
SME_0042,2024-10-01,744,16,False,0.0,True
SME_0042,2024-11-01,748,11,False,0.0,True
SME_0042,2024-12-01,761,15,False,0.0,True
SME_0042,2025-01-01,741,13,False,0.0,True
SME_0042,2025-02-01,732,27,False,0.0,True
SME_0042,2025-03-01,739,21,False,0.0,True
SME_0042,2025-04-01,735,11,False,0.0,True
SME_0042,2025-05-01,739,21,False,0.0,True
SME_0042,2025-06-01,724,9,False,0.0,True
SME_0042,2025-07-01,719,24,False,0.0,True
SME_0042,2025-08-01,712,17,False,0.0,True
SME_0042,2025-09-01,715,14,False,0.0,True
SME_0042,2025-10-01,703,19,True,23914.24,True
SME_0042,2025-11-01,721,13,True,68030.24,True
SME_0042,2025-12-01,720,18,False,0.0,True
SME_0042,2026-01-01,720,17,True,0.0,True
SME_0043,2024-08-01,618,7,False,0.0,True
SME_0043,2024-09-01,623,11,False,0.0,True
SME_0043,2024-10-01,603,8,False,0.0,True
SME_0043,2024-11-01,588,9,False,0.0,True
SME_0043,2024-12-01,595,6,False,0.0,True
SME_0043,2025-01-01,605,14,False,0.0,True
SME_0043,2025-02-01,602,8,False,0.0,True
SME_0043,2025-03-01,601,7,False,0.0,True
SME_0043,2025-04-01,615,11,False,0.0,True
SME_0043,2025-05-01,625,12,False,0.0,True
SME_0043,2025-06-01,625,13,False,0.0,True
SME_0043,2025-07-01,595,15,False,0.0,True
SME_0043,2025-08-01,593,10,False,0.0,True
SME_0043,2025-09-01,588,14,False,0.0,True
SME_0043,2025-10-01,584,8,False,0.0,True
SME_0043,2025-11-01,566,11,False,0.0,True
SME_0043,2025-12-01,570,10,False,0.0,True
SME_0043,2026-01-01,577,15,True,0.0,True
SME_0044,2024-08-01,709,13,False,0.0,True
SME_0044,2024-09-01,699,16,False,0.0,True
SME_0044,2024-10-01,693,10,False,0.0,True
SME_0044,2024-11-01,695,7,False,0.0,True
SME_0044,2024-12-01,703,10,False,0.0,True
SME_0044,2025-01-01,712,16,True,68717.24,True
SME_0044,2025-02-01,724,14,True,13703.73,True
SME_0044,2025-03-01,720,13,True,74511.65,True
SME_0044,2025-04-01,703,12,False,0.0,True
SME_0044,2025-05-01,719,16,False,0.0,True
SME_0044,2025-06-01,724,12,False,0.0,True
SME_0044,2025-07-01,707,13,False,0.0,True
SME_0044,2025-08-01,698,14,False,0.0,True
SME_0044,2025-09-01,706,10,False,0.0,True
SME_0044,2025-10-01,698,17,True,59841.64,True
SME_0044,2025-11-01,682,9,False,0.0,True
SME_0044,2025-12-01,697,14,True,60927.51,True
SME_0044,2026-01-01,700,12,True,44162.56,True
SME_0045,2024-08-01,609,10,True,7124.68,True
SME_0045,2024-09-01,590,13,False,0.0,True
SME_0045,2024-10-01,574,7,False,0.0,True
SME_0045,2024-11-01,570,14,False,0.0,True
SME_0045,2024-12-01,576,9,False,0.0,True
SME_0045,2025-01-01,575,9,False,0.0,True
SME_0045,2025-02-01,587,9,False,0.0,True
SME_0045,2025-03-01,582,7,False,0.0,True
SME_0045,2025-04-01,594,14,False,0.0,True
SME_0045,2025-05-01,586,6,False,0.0,True
SME_0045,2025-06-01,584,7,True,42647.89,True
SME_0045,2025-07-01,581,11,True,0.0,True
SME_0045,2025-08-01,584,12,False,0.0,True
SME_0045,2025-09-01,562,8,False,0.0,True
SME_0045,2025-10-01,568,13,False,0.0,True
SME_0045,2025-11-01,561,14,False,0.0,True
SME_0045,2025-12-01,540,10,True,0.0,True
SME_0045,2026-01-01,547,6,False,0.0,True
SME_0046,2024-08-01,707,13,False,0.0,True
SME_0046,2024-09-01,705,22,False,0.0,True
SME_0046,2024-10-01,708,21,False,0.0,True
SME_0046,2024-11-01,710,24,False,0.0,True
SME_0046,2024-12-01,700,14,False,0.0,True
SME_0046,2025-01-01,696,18,True,51501.02,True
SME_0046,2025-02-01,693,20,False,0.0,True
SME_0046,2025-03-01,706,11,False,0.0,True
SME_0046,2025-04-01,707,13,False,0.0,True
SME_0046,2025-05-01,698,17,False,0.0,True
SME_0046,2025-06-01,707,14,False,0.0,True
SME_0046,2025-07-01,710,19,False,0.0,True
SME_0046,2025-08-01,723,11,False,0.0,True
SME_0046,2025-09-01,724,11,False,0.0,True
SME_0046,2025-10-01,727,19,False,0.0,True
SME_0046,2025-11-01,731,10,False,0.0,True
SME_0046,2025-12-01,721,12,False,0.0,True
SME_0046,2026-01-01,731,12,False,0.0,True
SME_0047,2024-08-01,590,10,False,0.0,True
SME_0047,2024-09-01,587,10,False,0.0,True
SME_0047,2024-10-01,586,15,False,0.0,True
SME_0047,2024-11-01,605,10,False,0.0,True
SME_0047,2024-12-01,608,10,False,0.0,True
SME_0047,2025-01-01,621,8,False,0.0,True
SME_0047,2025-02-01,620,14,True,0.0,True
SME_0047,2025-03-01,626,9,False,0.0,True
SME_0047,2025-04-01,616,10,False,0.0,True
SME_0047,2025-05-01,616,0,False,0.0,False
SME_0047,2025-06-01,616,0,False,0.0,False
SME_0047,2025-07-01,616,0,False,0.0,False
SME_0047,2025-08-01,616,0,False,0.0,False
SME_0047,2025-09-01,616,0,False,0.0,False
SME_0047,2025-10-01,616,0,False,0.0,False
SME_0047,2025-11-01,616,0,False,0.0,False
SME_0047,2025-12-01,616,0,False,0.0,False
SME_0047,2026-01-01,616,0,False,0.0,False
SME_0048,2024-08-01,599,8,False,0.0,True
SME_0048,2024-09-01,592,9,False,0.0,True
SME_0048,2024-10-01,609,16,False,0.0,True
SME_0048,2024-11-01,609,14,False,0.0,True
SME_0048,2024-12-01,614,16,False,0.0,True
SME_0048,2025-01-01,625,12,False,0.0,True
SME_0048,2025-02-01,629,22,False,0.0,True
SME_0048,2025-03-01,631,6,False,0.0,True
SME_0048,2025-04-01,647,8,True,45740.26,True
SME_0048,2025-05-01,655,13,False,0.0,True
SME_0048,2025-06-01,646,10,False,0.0,True
SME_0048,2025-07-01,662,16,False,0.0,True
SME_0048,2025-08-01,653,14,True,57926.02,True
SME_0048,2025-09-01,645,10,False,0.0,True
SME_0048,2025-10-01,618,3,False,0.0,True
SME_0048,2025-11-01,633,9,False,0.0,True
SME_0048,2025-12-01,611,10,False,0.0,True
SME_0048,2026-01-01,620,10,False,0.0,True
SME_0049,2024-08-01,684,16,False,0.0,True
SME_0049,2024-09-01,706,13,False,0.0,True
SME_0049,2024-10-01,732,17,False,0.0,True
SME_0049,2024-11-01,746,13,False,0.0,True
SME_0049,2024-12-01,728,12,False,0.0,True
SME_0049,2025-01-01,719,15,False,0.0,True
SME_0049,2025-02-01,724,14,False,0.0,True
SME_0049,2025-03-01,715,15,False,0.0,True
SME_0049,2025-04-01,721,11,False,0.0,True
SME_0049,2025-05-01,709,13,False,0.0,True
SME_0049,2025-06-01,729,10,False,0.0,True
SME_0049,2025-07-01,703,13,False,0.0,True
SME_0049,2025-08-01,711,12,True,36334.53,True
SME_0049,2025-09-01,715,17,False,0.0,True
SME_0049,2025-10-01,710,14,False,0.0,True
SME_0049,2025-11-01,706,17,False,0.0,True
SME_0049,2025-12-01,723,13,False,0.0,True
SME_0049,2026-01-01,740,21,True,35459.33,True
SME_0050,2024-08-01,537,7,False,0.0,True
SME_0050,2024-09-01,522,7,False,0.0,True
SME_0050,2024-10-01,510,13,False,0.0,True
SME_0050,2024-11-01,530,6,False,0.0,True
SME_0050,2024-12-01,541,6,False,0.0,True
SME_0050,2025-01-01,573,6,False,0.0,True
SME_0050,2025-02-01,565,7,False,0.0,True
SME_0050,2025-03-01,567,4,False,0.0,True
SME_0050,2025-04-01,577,9,False,0.0,True
SME_0050,2025-05-01,581,10,False,0.0,True
SME_0050,2025-06-01,585,3,False,0.0,True
SME_0050,2025-07-01,596,7,True,0.0,True
SME_0050,2025-08-01,579,3,False,0.0,True
SME_0050,2025-09-01,565,4,False,0.0,True
SME_0050,2025-10-01,554,6,False,0.0,True
SME_0050,2025-11-01,542,4,False,0.0,True
SME_0050,2025-12-01,547,2,False,0.0,True
SME_0050,2026-01-01,550,8,True,0.0,True
SME_0051,2024-08-01,449,5,False,0.0,True
SME_0051,2024-09-01,442,7,False,0.0,True
SME_0051,2024-10-01,450,8,False,0.0,True
SME_0051,2024-11-01,471,5,False,0.0,True
SME_0051,2024-12-01,487,6,False,0.0,True
SME_0051,2025-01-01,482,10,False,0.0,True
SME_0051,2025-02-01,467,5,False,0.0,True
SME_0051,2025-03-01,457,5,False,0.0,True
SME_0051,2025-04-01,422,6,False,0.0,True
SME_0051,2025-05-01,434,5,False,0.0,True
SME_0051,2025-06-01,432,5,False,0.0,True
SME_0051,2025-07-01,450,4,False,0.0,True
SME_0051,2025-08-01,455,1,False,0.0,True
SME_0051,2025-09-01,498,4,True,7159.14,True
SME_0051,2025-10-01,488,9,False,0.0,True
SME_0051,2025-11-01,477,5,False,0.0,True
SME_0051,2025-12-01,463,5,False,0.0,True
SME_0051,2026-01-01,458,2,False,0.0,True
SME_0052,2024-08-01,547,9,False,0.0,True
SME_0052,2024-09-01,537,8,False,0.0,True
SME_0052,2024-10-01,504,9,False,0.0,True
SME_0052,2024-11-01,495,5,False,0.0,True
SME_0052,2024-12-01,484,5,False,0.0,True
SME_0052,2025-01-01,480,4,False,0.0,True
SME_0052,2025-02-01,470,4,True,0.0,True
SME_0052,2025-03-01,485,8,False,0.0,True
SME_0052,2025-04-01,513,6,False,0.0,True
SME_0052,2025-05-01,504,9,False,0.0,True
SME_0052,2025-06-01,524,9,False,0.0,True
SME_0052,2025-07-01,515,4,False,0.0,True
SME_0052,2025-08-01,523,4,False,0.0,True
SME_0052,2025-09-01,512,5,False,0.0,True
SME_0052,2025-10-01,500,4,False,0.0,True
SME_0052,2025-11-01,484,9,False,0.0,True
SME_0052,2025-12-01,503,4,False,0.0,True
SME_0052,2026-01-01,507,0,False,0.0,True
SME_0053,2024-08-01,694,8,False,0.0,True
SME_0053,2024-09-01,685,17,False,0.0,True
SME_0053,2024-10-01,688,14,True,10734.65,True
SME_0053,2024-11-01,720,12,False,0.0,True
SME_0053,2024-12-01,722,15,False,0.0,True
SME_0053,2025-01-01,726,11,False,0.0,True
SME_0053,2025-02-01,744,13,False,0.0,True
SME_0053,2025-03-01,736,12,False,0.0,True
SME_0053,2025-04-01,717,15,True,51731.81,True
SME_0053,2025-05-01,715,15,False,0.0,True
SME_0053,2025-06-01,719,20,True,36490.19,True
SME_0053,2025-07-01,713,7,False,0.0,True
SME_0053,2025-08-01,738,12,False,0.0,True
SME_0053,2025-09-01,724,16,False,0.0,True
SME_0053,2025-10-01,709,14,True,51592.34,True
SME_0053,2025-11-01,714,10,False,0.0,True
SME_0053,2025-12-01,712,16,False,0.0,True
SME_0053,2026-01-01,706,11,True,19474.38,True
SME_0054,2024-08-01,518,3,False,0.0,True
SME_0054,2024-09-01,512,7,False,0.0,True
SME_0054,2024-10-01,511,3,True,0.0,True
SME_0054,2024-11-01,509,7,False,0.0,True
SME_0054,2024-12-01,520,4,False,0.0,True
SME_0054,2025-01-01,527,6,False,0.0,True
SME_0054,2025-02-01,524,3,False,0.0,True
SME_0054,2025-03-01,544,6,False,0.0,True
SME_0054,2025-04-01,544,0,False,0.0,True
SME_0054,2025-05-01,532,7,False,0.0,True
SME_0054,2025-06-01,536,4,False,0.0,True
SME_0054,2025-07-01,531,2,False,0.0,True
SME_0054,2025-08-01,518,7,False,0.0,True
SME_0054,2025-09-01,525,5,False,0.0,True
SME_0054,2025-10-01,525,4,True,46520.58,True
SME_0054,2025-11-01,517,5,False,0.0,True
SME_0054,2025-12-01,518,7,True,0.0,True
SME_0054,2026-01-01,515,1,False,0.0,True
SME_0055,2024-08-01,670,15,False,0.0,True
SME_0055,2024-09-01,669,13,False,0.0,True
SME_0055,2024-10-01,659,12,True,54002.79,True
SME_0055,2024-11-01,683,15,False,0.0,True
SME_0055,2024-12-01,672,8,True,0.0,True
SME_0055,2025-01-01,680,17,False,0.0,True
SME_0055,2025-02-01,692,12,False,0.0,True
SME_0055,2025-03-01,674,9,False,0.0,True
SME_0055,2025-04-01,688,10,False,0.0,True
SME_0055,2025-05-01,689,11,False,0.0,True
SME_0055,2025-06-01,690,20,False,0.0,True
SME_0055,2025-07-01,690,16,False,0.0,True
SME_0055,2025-08-01,666,10,False,0.0,True
SME_0055,2025-09-01,667,15,False,0.0,True
SME_0055,2025-10-01,673,19,False,0.0,True
SME_0055,2025-11-01,676,13,False,0.0,True
SME_0055,2025-12-01,655,15,False,0.0,True
SME_0055,2026-01-01,658,12,True,31789.94,True
SME_0056,2024-08-01,606,15,False,0.0,True
SME_0056,2024-09-01,602,8,False,0.0,True
SME_0056,2024-10-01,604,9,False,0.0,True
SME_0056,2024-11-01,584,11,False,0.0,True
SME_0056,2024-12-01,586,8,False,0.0,True
SME_0056,2025-01-01,582,7,False,0.0,True
SME_0056,2025-02-01,589,12,False,0.0,True
SME_0056,2025-03-01,568,17,False,0.0,True
SME_0056,2025-04-01,569,9,False,0.0,True
SME_0056,2025-05-01,599,17,False,0.0,True
SME_0056,2025-06-01,618,8,True,22679.23,True
SME_0056,2025-07-01,624,6,False,0.0,True
SME_0056,2025-08-01,615,15,False,0.0,True
SME_0056,2025-09-01,613,3,False,0.0,True
SME_0056,2025-10-01,610,10,False,0.0,True
SME_0056,2025-11-01,603,9,False,0.0,True
SME_0056,2025-12-01,611,9,True,0.0,True
SME_0056,2026-01-01,612,16,False,0.0,True
SME_0057,2024-08-01,637,8,False,0.0,True
SME_0057,2024-09-01,622,15,False,0.0,True
SME_0057,2024-10-01,599,13,True,11207.22,True
SME_0057,2024-11-01,616,10,False,0.0,True
SME_0057,2024-12-01,649,10,True,0.0,True
SME_0057,2025-01-01,662,13,False,0.0,True
SME_0057,2025-02-01,655,12,False,0.0,True
SME_0057,2025-03-01,628,9,True,5841.64,True
SME_0057,2025-04-01,615,13,True,49224.42,True
SME_0057,2025-05-01,623,14,False,0.0,True
SME_0057,2025-06-01,619,6,False,0.0,True
SME_0057,2025-07-01,624,10,False,0.0,True
SME_0057,2025-08-01,615,8,False,0.0,True
SME_0057,2025-09-01,620,9,False,0.0,True
SME_0057,2025-10-01,634,11,False,0.0,True
SME_0057,2025-11-01,627,18,False,0.0,True
SME_0057,2025-12-01,627,11,False,0.0,True
SME_0057,2026-01-01,623,5,False,0.0,True
SME_0058,2024-08-01,494,7,False,0.0,True
SME_0058,2024-09-01,509,7,False,0.0,True
SME_0058,2024-10-01,506,7,False,0.0,True
SME_0058,2024-11-01,508,9,False,0.0,True
SME_0058,2024-12-01,510,11,False,0.0,True
SME_0058,2025-01-01,507,6,True,0.0,True
SME_0058,2025-02-01,541,5,False,0.0,True
SME_0058,2025-03-01,518,8,False,0.0,True
SME_0058,2025-04-01,519,6,False,0.0,True
SME_0058,2025-05-01,524,3,False,0.0,True
SME_0058,2025-06-01,497,4,False,0.0,True
SME_0058,2025-07-01,499,6,False,0.0,True
SME_0058,2025-08-01,507,4,False,0.0,True
SME_0058,2025-09-01,494,4,False,0.0,True
SME_0058,2025-10-01,489,2,False,0.0,True
SME_0058,2025-11-01,484,3,False,0.0,True
SME_0058,2025-12-01,468,4,False,0.0,True
SME_0058,2026-01-01,457,0,False,0.0,True
SME_0059,2024-08-01,514,11,True,0.0,True
SME_0059,2024-09-01,537,6,False,0.0,True
SME_0059,2024-10-01,540,5,False,0.0,True
SME_0059,2024-11-01,538,8,False,0.0,True
SME_0059,2024-12-01,549,7,False,0.0,True
SME_0059,2025-01-01,559,12,True,33108.9,True
SME_0059,2025-02-01,554,2,False,0.0,True
SME_0059,2025-03-01,543,4,False,0.0,True
SME_0059,2025-04-01,562,7,True,0.0,True
SME_0059,2025-05-01,563,9,False,0.0,True
SME_0059,2025-06-01,565,8,False,0.0,True
SME_0059,2025-07-01,556,6,False,0.0,True
SME_0059,2025-08-01,562,10,False,0.0,True
SME_0059,2025-09-01,548,7,False,0.0,True
SME_0059,2025-10-01,539,6,False,0.0,True
SME_0059,2025-11-01,536,8,False,0.0,True
SME_0059,2025-12-01,534,9,False,0.0,True
SME_0059,2026-01-01,514,3,False,0.0,True
SME_0060,2024-08-01,520,6,False,0.0,True
SME_0060,2024-09-01,517,6,False,0.0,True
SME_0060,2024-10-01,505,5,False,0.0,True
SME_0060,2024-11-01,513,6,True,0.0,True
SME_0060,2024-12-01,492,7,False,0.0,True
SME_0060,2025-01-01,480,10,False,0.0,True
SME_0060,2025-02-01,468,6,False,0.0,True
SME_0060,2025-03-01,471,7,False,0.0,True
SME_0060,2025-04-01,468,2,False,0.0,True
SME_0060,2025-05-01,462,8,False,0.0,True
SME_0060,2025-06-01,464,6,True,0.0,True
SME_0060,2025-07-01,461,4,False,0.0,True
SME_0060,2025-08-01,470,6,False,0.0,True
SME_0060,2025-09-01,445,3,False,0.0,True
SME_0060,2025-10-01,452,3,False,0.0,True
SME_0060,2025-11-01,442,4,False,0.0,True
SME_0060,2025-12-01,462,2,False,0.0,True
SME_0060,2026-01-01,447,4,False,0.0,True
SME_0061,2024-08-01,557,6,False,0.0,True
SME_0061,2024-09-01,569,9,False,0.0,True
SME_0061,2024-10-01,554,8,False,0.0,True
SME_0061,2024-11-01,556,6,False,0.0,True
SME_0061,2024-12-01,558,9,False,0.0,True
SME_0061,2025-01-01,561,10,True,40333.79,True
SME_0061,2025-02-01,579,9,False,0.0,True
SME_0061,2025-03-01,589,7,False,0.0,True
SME_0061,2025-04-01,588,4,False,0.0,True
SME_0061,2025-05-01,585,4,False,0.0,True
SME_0061,2025-06-01,588,8,False,0.0,True
SME_0061,2025-07-01,606,7,False,0.0,True
SME_0061,2025-08-01,598,9,False,0.0,True
SME_0061,2025-09-01,608,13,True,0.0,True
SME_0061,2025-10-01,607,10,False,0.0,True
SME_0061,2025-11-01,605,4,False,0.0,True
SME_0061,2025-12-01,574,10,False,0.0,True
SME_0061,2026-01-01,580,5,False,0.0,True
SME_0062,2024-08-01,594,11,False,0.0,True
SME_0062,2024-09-01,604,11,True,0.0,True
SME_0062,2024-10-01,588,13,False,0.0,True
SME_0062,2024-11-01,595,14,False,0.0,True
SME_0062,2024-12-01,598,11,False,0.0,True
SME_0062,2025-01-01,579,9,False,0.0,True
SME_0062,2025-02-01,579,15,False,0.0,True
SME_0062,2025-03-01,584,9,False,0.0,True
SME_0062,2025-04-01,574,7,False,0.0,True
SME_0062,2025-05-01,572,11,False,0.0,True
SME_0062,2025-06-01,568,16,False,0.0,True
SME_0062,2025-07-01,599,9,False,0.0,True
SME_0062,2025-08-01,600,12,False,0.0,True
SME_0062,2025-09-01,590,11,False,0.0,True
SME_0062,2025-10-01,563,12,True,0.0,True
SME_0062,2025-11-01,561,7,False,0.0,True
SME_0062,2025-12-01,559,7,False,0.0,True
SME_0062,2026-01-01,594,9,True,0.0,True
SME_0063,2024-08-01,654,10,False,0.0,True
SME_0063,2024-09-01,653,12,True,0.0,True
SME_0063,2024-10-01,659,10,True,0.0,True
SME_0063,2024-11-01,640,9,False,0.0,True
SME_0063,2024-12-01,634,12,False,0.0,True
SME_0063,2025-01-01,623,14,True,47995.07,True
SME_0063,2025-02-01,627,9,False,0.0,True
SME_0063,2025-03-01,625,17,False,0.0,True
SME_0063,2025-04-01,617,16,True,0.0,True
SME_0063,2025-05-01,616,6,False,0.0,True
SME_0063,2025-06-01,604,12,False,0.0,True
SME_0063,2025-07-01,618,9,False,0.0,True
SME_0063,2025-08-01,628,11,False,0.0,True
SME_0063,2025-09-01,646,11,False,0.0,True
SME_0063,2025-10-01,646,13,True,11597.46,True
SME_0063,2025-11-01,672,14,True,36802.29,True
SME_0063,2025-12-01,643,7,False,0.0,True
SME_0063,2026-01-01,656,8,False,0.0,True
SME_0064,2024-08-01,588,14,False,0.0,True
SME_0064,2024-09-01,575,10,False,0.0,True
SME_0064,2024-10-01,577,13,False,0.0,True
SME_0064,2024-11-01,573,14,False,0.0,True
SME_0064,2024-12-01,579,13,False,0.0,True
SME_0064,2025-01-01,583,12,False,0.0,True
SME_0064,2025-02-01,609,8,False,0.0,True
SME_0064,2025-03-01,630,7,True,25588.43,True
SME_0064,2025-04-01,624,11,False,0.0,True
SME_0064,2025-05-01,630,6,False,0.0,True
SME_0064,2025-06-01,616,9,False,0.0,True
SME_0064,2025-07-01,608,9,True,22865.42,True
SME_0064,2025-08-01,621,11,False,0.0,True
SME_0064,2025-09-01,614,17,True,0.0,True
SME_0064,2025-10-01,620,11,False,0.0,True
SME_0064,2025-11-01,618,13,False,0.0,True
SME_0064,2025-12-01,621,11,False,0.0,True
SME_0064,2026-01-01,632,10,False,0.0,True
SME_0065,2024-08-01,678,9,True,0.0,True
SME_0065,2024-09-01,654,10,False,0.0,True
SME_0065,2024-10-01,687,7,False,0.0,True
SME_0065,2024-11-01,673,11,True,20412.42,True
SME_0065,2024-12-01,669,8,False,0.0,True
SME_0065,2025-01-01,658,14,False,0.0,True
SME_0065,2025-02-01,646,21,False,0.0,True
SME_0065,2025-03-01,643,11,False,0.0,True
SME_0065,2025-04-01,655,7,False,0.0,True
SME_0065,2025-05-01,644,8,False,0.0,True
SME_0065,2025-06-01,0,11,False,0.0,True
SME_0065,2025-07-01,646,17,False,0.0,True
SME_0065,2025-08-01,647,8,False,0.0,True
SME_0065,2025-09-01,645,8,False,0.0,True
SME_0065,2025-10-01,625,11,False,0.0,True
SME_0065,2025-11-01,610,15,True,42919.16,True
SME_0065,2025-12-01,604,10,False,0.0,True
SME_0065,2026-01-01,597,15,False,0.0,True
SME_0066,2024-08-01,600,11,False,0.0,True
SME_0066,2024-09-01,629,6,False,0.0,True
SME_0066,2024-10-01,616,7,False,0.0,True
SME_0066,2024-11-01,616,15,False,0.0,True
SME_0066,2024-12-01,607,9,False,0.0,True
SME_0066,2025-01-01,612,8,False,0.0,True
SME_0066,2025-02-01,617,10,False,0.0,True
SME_0066,2025-03-01,631,10,False,0.0,True
SME_0066,2025-04-01,642,10,False,0.0,True
SME_0066,2025-05-01,641,9,True,6726.59,True
SME_0066,2025-06-01,663,12,True,0.0,True
SME_0066,2025-07-01,652,8,True,6945.84,True
SME_0066,2025-08-01,628,9,False,0.0,True
SME_0066,2025-09-01,622,11,False,0.0,True
SME_0066,2025-10-01,622,9,True,0.0,True
SME_0066,2025-11-01,615,6,False,0.0,True
SME_0066,2025-12-01,629,8,False,0.0,True
SME_0066,2026-01-01,605,14,False,0.0,True
SME_0067,2024-08-01,566,4,False,0.0,True
SME_0067,2024-09-01,572,10,False,0.0,True
SME_0067,2024-10-01,566,11,False,0.0,True
SME_0067,2024-11-01,559,11,False,0.0,True
SME_0067,2024-12-01,562,9,False,0.0,True
SME_0067,2025-01-01,562,8,False,0.0,True
SME_0067,2025-02-01,547,4,True,0.0,True
SME_0067,2025-03-01,550,5,False,0.0,True
SME_0067,2025-04-01,535,9,True,0.0,True
SME_0067,2025-05-01,530,8,False,0.0,True
SME_0067,2025-06-01,521,9,False,0.0,True
SME_0067,2025-07-01,514,10,False,0.0,True
SME_0067,2025-08-01,514,0,False,0.0,False
SME_0067,2025-09-01,514,0,False,0.0,False
SME_0067,2025-10-01,514,0,False,0.0,False
SME_0067,2025-11-01,514,0,False,0.0,False
SME_0067,2025-12-01,514,0,False,0.0,False
SME_0067,2026-01-01,514,0,False,0.0,False
SME_0068,2024-08-01,662,13,False,0.0,True
SME_0068,2024-09-01,655,9,False,0.0,True
SME_0068,2024-10-01,662,9,False,0.0,True
SME_0068,2024-11-01,665,15,False,0.0,True
SME_0068,2024-12-01,668,16,False,0.0,True
SME_0068,2025-01-01,673,13,False,0.0,True
SME_0068,2025-02-01,643,5,False,0.0,True
SME_0068,2025-03-01,654,11,False,0.0,True
SME_0068,2025-04-01,644,13,False,0.0,True
SME_0068,2025-05-01,639,12,False,0.0,True
SME_0068,2025-06-01,656,8,False,0.0,True
SME_0068,2025-07-01,641,11,False,0.0,True
SME_0068,2025-08-01,664,10,False,0.0,True
SME_0068,2025-09-01,668,11,False,0.0,True
SME_0068,2025-10-01,654,13,False,0.0,True
SME_0068,2025-11-01,641,10,False,0.0,True
SME_0068,2025-12-01,649,6,False,0.0,True
SME_0068,2026-01-01,669,11,False,0.0,True
SME_0069,2024-08-01,635,10,False,0.0,True
SME_0069,2024-09-01,644,12,False,0.0,True
SME_0069,2024-10-01,645,10,False,0.0,True
SME_0069,2024-11-01,659,13,True,0.0,True
SME_0069,2024-12-01,669,10,False,0.0,True
SME_0069,2025-01-01,669,14,False,0.0,True
SME_0069,2025-02-01,686,12,False,0.0,True
SME_0069,2025-03-01,701,12,False,0.0,True
SME_0069,2025-04-01,700,11,False,0.0,True
SME_0069,2025-05-01,687,14,False,0.0,True
SME_0069,2025-06-01,674,7,False,0.0,True
SME_0069,2025-07-01,665,16,False,0.0,True
SME_0069,2025-08-01,662,13,False,0.0,True
SME_0069,2025-09-01,655,12,True,21020.99,True
SME_0069,2025-10-01,658,9,False,0.0,True
SME_0069,2025-11-01,634,15,False,0.0,True
SME_0069,2025-12-01,624,8,True,0.0,True
SME_0069,2026-01-01,625,12,False,0.0,True
SME_0070,2024-08-01,639,13,False,0.0,True
SME_0070,2024-09-01,647,20,False,0.0,True
SME_0070,2024-10-01,669,7,True,15256.52,True
SME_0070,2024-11-01,660,8,False,0.0,True
SME_0070,2024-12-01,642,7,False,0.0,True
SME_0070,2025-01-01,640,14,False,0.0,True
SME_0070,2025-02-01,623,18,False,0.0,True
SME_0070,2025-03-01,628,11,False,0.0,True
SME_0070,2025-04-01,631,8,False,0.0,True
SME_0070,2025-05-01,639,13,False,0.0,True
SME_0070,2025-06-01,642,11,False,0.0,True
SME_0070,2025-07-01,667,9,False,0.0,True
SME_0070,2025-08-01,677,12,False,0.0,True
SME_0070,2025-09-01,689,14,True,0.0,True
SME_0070,2025-10-01,693,9,True,0.0,True
SME_0070,2025-11-01,690,10,False,0.0,True
SME_0070,2025-12-01,696,7,True,21304.44,True
SME_0070,2026-01-01,686,9,False,0.0,True
SME_0071,2024-08-01,624,6,False,0.0,True
SME_0071,2024-09-01,630,17,False,0.0,True
SME_0071,2024-10-01,656,7,True,53516.61,True
SME_0071,2024-11-01,627,11,True,0.0,True
SME_0071,2024-12-01,626,14,False,0.0,True
SME_0071,2025-01-01,622,4,True,0.0,True
SME_0071,2025-02-01,634,8,False,0.0,True
SME_0071,2025-03-01,633,13,False,0.0,True
SME_0071,2025-04-01,611,11,False,0.0,True
SME_0071,2025-05-01,615,9,False,0.0,True
SME_0071,2025-06-01,601,12,False,0.0,True
SME_0071,2025-07-01,597,12,False,0.0,True
SME_0071,2025-08-01,599,7,False,0.0,True
SME_0071,2025-09-01,591,10,False,0.0,True
SME_0071,2025-10-01,610,14,False,0.0,True
SME_0071,2025-11-01,591,13,False,0.0,True
SME_0071,2025-12-01,589,10,False,0.0,True
SME_0071,2026-01-01,585,12,True,0.0,True
SME_0072,2024-08-01,628,8,False,0.0,True
SME_0072,2024-09-01,626,9,False,0.0,True
SME_0072,2024-10-01,608,6,False,0.0,True
SME_0072,2024-11-01,589,11,False,0.0,True
SME_0072,2024-12-01,585,10,False,0.0,True
SME_0072,2025-01-01,583,9,True,27172.59,True
SME_0072,2025-02-01,595,14,False,0.0,True
SME_0072,2025-03-01,578,10,False,0.0,True
SME_0072,2025-04-01,570,11,False,0.0,True
SME_0072,2025-05-01,576,9,False,0.0,True
SME_0072,2025-06-01,581,4,False,0.0,True
SME_0072,2025-07-01,581,14,False,0.0,True
SME_0072,2025-08-01,594,13,False,0.0,True
SME_0072,2025-09-01,595,7,True,31396.87,True
SME_0072,2025-10-01,598,11,False,0.0,True
SME_0072,2025-11-01,593,17,False,0.0,True
SME_0072,2025-12-01,588,9,False,0.0,True
SME_0072,2026-01-01,591,12,True,13430.28,True
SME_0073,2024-08-01,771,12,False,0.0,True
SME_0073,2024-09-01,749,12,False,0.0,True
SME_0073,2024-10-01,750,21,False,0.0,True
SME_0073,2024-11-01,758,19,False,0.0,True
SME_0073,2024-12-01,759,22,False,0.0,True
SME_0073,2025-01-01,755,10,False,0.0,True
SME_0073,2025-02-01,754,21,False,0.0,True
SME_0073,2025-03-01,766,14,False,0.0,True
SME_0073,2025-04-01,787,13,False,0.0,True
SME_0073,2025-05-01,785,21,True,74357.71,True
SME_0073,2025-06-01,801,18,False,0.0,True
SME_0073,2025-07-01,806,12,True,81037.99,True
SME_0073,2025-08-01,804,15,False,0.0,True
SME_0073,2025-09-01,780,13,True,21234.4,True
SME_0073,2025-10-01,785,23,True,67273.37,True
SME_0073,2025-11-01,780,20,False,0.0,True
SME_0073,2025-12-01,770,28,False,0.0,True
SME_0073,2026-01-01,756,16,False,0.0,True
SME_0074,2024-08-01,560,6,False,0.0,True
SME_0074,2024-09-01,561,12,False,0.0,True
SME_0074,2024-10-01,568,9,False,0.0,True
SME_0074,2024-11-01,555,7,False,0.0,True
SME_0074,2024-12-01,522,11,False,0.0,True
SME_0074,2025-01-01,555,11,False,0.0,True
SME_0074,2025-02-01,551,3,False,0.0,True
SME_0074,2025-03-01,555,13,True,0.0,True
SME_0074,2025-04-01,582,18,False,0.0,True
SME_0074,2025-05-01,575,4,False,0.0,True
SME_0074,2025-06-01,550,8,False,0.0,True
SME_0074,2025-07-01,544,12,False,0.0,True
SME_0074,2025-08-01,550,8,True,0.0,True
SME_0074,2025-09-01,530,9,False,0.0,True
SME_0074,2025-10-01,546,6,False,0.0,True
SME_0074,2025-11-01,528,8,False,0.0,True
SME_0074,2025-12-01,528,6,False,0.0,True
SME_0074,2026-01-01,510,9,False,0.0,True
SME_0075,2024-08-01,555,7,False,0.0,True
SME_0075,2024-09-01,542,8,True,0.0,True
SME_0075,2024-10-01,546,7,False,0.0,True
SME_0075,2024-11-01,539,9,False,0.0,True
SME_0075,2024-12-01,558,7,False,0.0,True
SME_0075,2025-01-01,554,8,False,0.0,True
SME_0075,2025-02-01,534,9,False,0.0,True
SME_0075,2025-03-01,547,5,False,0.0,True
SME_0075,2025-04-01,546,11,False,0.0,True
SME_0075,2025-05-01,526,2,False,0.0,True
SME_0075,2025-06-01,509,6,False,0.0,True
SME_0075,2025-07-01,506,4,False,0.0,True
SME_0075,2025-08-01,505,7,True,0.0,True
SME_0075,2025-09-01,505,5,True,0.0,True
SME_0075,2025-10-01,499,3,False,0.0,True
SME_0075,2025-11-01,484,4,False,0.0,True
SME_0075,2025-12-01,491,11,True,0.0,True
SME_0075,2026-01-01,498,4,False,0.0,True
SME_0076,2024-08-01,527,3,False,0.0,True
SME_0076,2024-09-01,512,7,False,0.0,True
SME_0076,2024-10-01,520,10,False,0.0,True
SME_0076,2024-11-01,510,8,False,0.0,True
SME_0076,2024-12-01,504,6,False,0.0,True
SME_0076,2025-01-01,506,5,False,0.0,True
SME_0076,2025-02-01,494,10,False,0.0,True
SME_0076,2025-03-01,479,1,False,0.0,True
SME_0076,2025-04-01,497,7,False,0.0,True
SME_0076,2025-05-01,484,4,False,0.0,True
SME_0076,2025-06-01,510,5,False,0.0,True
SME_0076,2025-07-01,525,5,True,0.0,True
SME_0076,2025-08-01,525,8,False,0.0,True
SME_0076,2025-09-01,517,4,False,0.0,True
SME_0076,2025-10-01,519,1,False,0.0,True
SME_0076,2025-11-01,533,5,False,0.0,True
SME_0076,2025-12-01,537,2,False,0.0,True
SME_0076,2026-01-01,532,4,False,0.0,True
SME_0077,2024-08-01,569,12,False,0.0,True
SME_0077,2024-09-01,565,10,False,0.0,True
SME_0077,2024-10-01,555,11,False,0.0,True
SME_0077,2024-11-01,576,7,False,0.0,True
SME_0077,2024-12-01,568,11,False,0.0,True
SME_0077,2025-01-01,566,9,False,0.0,True
SME_0077,2025-02-01,583,5,False,0.0,True
SME_0077,2025-03-01,611,4,False,0.0,True
SME_0077,2025-04-01,583,7,False,0.0,True
SME_0077,2025-05-01,576,11,False,0.0,True
SME_0077,2025-06-01,573,7,False,0.0,True
SME_0077,2025-07-01,598,5,False,0.0,True
SME_0077,2025-08-01,613,2,False,0.0,True
SME_0077,2025-09-01,604,8,False,0.0,True
SME_0077,2025-10-01,578,5,False,0.0,True
SME_0077,2025-11-01,553,4,False,0.0,True
SME_0077,2025-12-01,540,1,False,0.0,True
SME_0077,2026-01-01,539,5,False,0.0,True
SME_0078,2024-08-01,522,10,False,0.0,True
SME_0078,2024-09-01,504,8,True,0.0,True
SME_0078,2024-10-01,504,8,True,9360.23,True
SME_0078,2024-11-01,497,11,False,0.0,True
SME_0078,2024-12-01,506,6,False,0.0,True
SME_0078,2025-01-01,502,3,True,0.0,True
SME_0078,2025-02-01,509,10,True,0.0,True
SME_0078,2025-03-01,508,5,False,0.0,True
SME_0078,2025-04-01,535,4,False,0.0,True
SME_0078,2025-05-01,521,5,True,40379.82,True
SME_0078,2025-06-01,513,6,False,0.0,True
SME_0078,2025-07-01,516,9,False,0.0,True
SME_0078,2025-08-01,526,8,False,0.0,True
SME_0078,2025-09-01,525,8,True,0.0,True
SME_0078,2025-10-01,519,4,False,0.0,True
SME_0078,2025-11-01,503,3,False,0.0,True
SME_0078,2025-12-01,522,3,False,0.0,True
SME_0078,2026-01-01,530,4,False,0.0,True
SME_0079,2024-08-01,605,11,False,0.0,True
SME_0079,2024-09-01,584,11,False,0.0,True
SME_0079,2024-10-01,580,14,False,0.0,True
SME_0079,2024-11-01,575,6,False,0.0,True
SME_0079,2024-12-01,582,9,False,0.0,True
SME_0079,2025-01-01,609,4,True,51529.55,True
SME_0079,2025-02-01,609,12,True,58233.18,True
SME_0079,2025-03-01,593,6,False,0.0,True
SME_0079,2025-04-01,590,8,False,0.0,True
SME_0079,2025-05-01,582,11,False,0.0,True
SME_0079,2025-06-01,564,8,False,0.0,True
SME_0079,2025-07-01,554,13,False,0.0,True
SME_0079,2025-08-01,565,9,False,0.0,True
SME_0079,2025-09-01,573,9,False,0.0,True
SME_0079,2025-10-01,582,8,False,0.0,True
SME_0079,2025-11-01,603,11,False,0.0,True
SME_0079,2025-12-01,602,12,True,0.0,True
SME_0079,2026-01-01,593,9,False,0.0,True
SME_0080,2024-08-01,615,15,True,38385.32,True
SME_0080,2024-09-01,596,15,False,0.0,True
SME_0080,2024-10-01,596,6,True,0.0,True
SME_0080,2024-11-01,588,14,False,0.0,True
SME_0080,2024-12-01,610,10,False,0.0,True
SME_0080,2025-01-01,606,7,True,0.0,True
SME_0080,2025-02-01,619,9,False,0.0,True
SME_0080,2025-03-01,628,6,False,0.0,True
SME_0080,2025-04-01,608,14,False,0.0,True
SME_0080,2025-05-01,611,7,False,0.0,True
SME_0080,2025-06-01,597,11,False,0.0,True
SME_0080,2025-07-01,614,8,False,0.0,True
SME_0080,2025-08-01,616,10,False,0.0,True
SME_0080,2025-09-01,618,12,True,0.0,True
SME_0080,2025-10-01,631,14,False,0.0,True
SME_0080,2025-11-01,637,10,False,0.0,True
SME_0080,2025-12-01,632,20,False,0.0,True
SME_0080,2026-01-01,638,12,False,0.0,True
SME_0081,2024-08-01,652,14,False,0.0,True
SME_0081,2024-09-01,641,13,False,0.0,True
SME_0081,2024-10-01,642,11,False,0.0,True
SME_0081,2024-11-01,649,8,False,0.0,True
SME_0081,2024-12-01,648,7,False,0.0,True
SME_0081,2025-01-01,668,15,False,0.0,True
SME_0081,2025-02-01,670,15,True,25473.47,True
SME_0081,2025-03-01,682,11,True,38798.46,True
SME_0081,2025-04-01,668,15,False,0.0,True
SME_0081,2025-05-01,662,17,True,65226.81,True
SME_0081,2025-06-01,639,12,True,7133.99,True
SME_0081,2025-07-01,617,8,False,0.0,True
SME_0081,2025-08-01,628,6,False,0.0,True
SME_0081,2025-09-01,634,10,True,0.0,True
SME_0081,2025-10-01,664,12,False,0.0,True
SME_0081,2025-11-01,673,18,True,64286.48,True
SME_0081,2025-12-01,672,7,False,0.0,True
SME_0081,2026-01-01,638,12,False,0.0,True
SME_0082,2024-08-01,562,14,False,0.0,True
SME_0082,2024-09-01,553,15,True,0.0,True
SME_0082,2024-10-01,537,14,False,0.0,True
SME_0082,2024-11-01,558,9,True,0.0,True
SME_0082,2024-12-01,555,8,False,0.0,True
SME_0082,2025-01-01,550,6,False,0.0,True
SME_0082,2025-02-01,559,15,False,0.0,True
SME_0082,2025-03-01,559,14,False,0.0,True
SME_0082,2025-04-01,558,12,True,38373.48,True
SME_0082,2025-05-01,564,12,False,0.0,True
SME_0082,2025-06-01,568,15,False,0.0,True
SME_0082,2025-07-01,569,7,False,0.0,True
SME_0082,2025-08-01,564,18,False,0.0,True
SME_0082,2025-09-01,586,8,False,0.0,True
SME_0082,2025-10-01,579,17,False,0.0,True
SME_0082,2025-11-01,582,10,False,0.0,True
SME_0082,2025-12-01,583,5,False,0.0,True
SME_0082,2026-01-01,584,9,False,0.0,True
SME_0083,2024-08-01,573,15,False,0.0,True
SME_0083,2024-09-01,552,14,False,0.0,True
SME_0083,2024-10-01,566,12,False,0.0,True
SME_0083,2024-11-01,566,5,False,0.0,True
SME_0083,2024-12-01,581,13,True,0.0,True
SME_0083,2025-01-01,595,2,False,0.0,True
SME_0083,2025-02-01,545,7,False,0.0,True
SME_0083,2025-03-01,554,10,True,0.0,True
SME_0083,2025-04-01,546,10,False,0.0,True
SME_0083,2025-05-01,568,12,False,0.0,True
SME_0083,2025-06-01,565,10,False,0.0,True
SME_0083,2025-07-01,590,9,False,0.0,True
SME_0083,2025-08-01,567,9,False,0.0,True
SME_0083,2025-09-01,553,14,False,0.0,True
SME_0083,2025-10-01,565,5,False,0.0,True
SME_0083,2025-11-01,558,3,False,0.0,True
SME_0083,2025-12-01,556,4,False,0.0,True
SME_0083,2026-01-01,554,6,True,47426.06,True
SME_0084,2024-08-01,630,13,False,0.0,True
SME_0084,2024-09-01,630,11,False,0.0,True
SME_0084,2024-10-01,654,19,False,0.0,True
SME_0084,2024-11-01,640,16,False,0.0,True
SME_0084,2024-12-01,633,14,False,0.0,True
SME_0084,2025-01-01,632,12,False,0.0,True
SME_0084,2025-02-01,618,11,False,0.0,True
SME_0084,2025-03-01,619,11,False,0.0,True
SME_0084,2025-04-01,620,8,True,28333.41,True
SME_0084,2025-05-01,618,11,True,11353.52,True
SME_0084,2025-06-01,613,13,False,0.0,True
SME_0084,2025-07-01,610,11,True,55050.14,True
SME_0084,2025-08-01,607,6,False,0.0,True
SME_0084,2025-09-01,616,13,False,0.0,True
SME_0084,2025-10-01,634,13,True,0.0,True
SME_0084,2025-11-01,617,13,True,13098.8,True
SME_0084,2025-12-01,627,10,False,0.0,True
SME_0084,2026-01-01,635,11,False,0.0,True
SME_0085,2024-08-01,632,13,False,0.0,True
SME_0085,2024-09-01,638,7,False,0.0,True
SME_0085,2024-10-01,641,9,False,0.0,True
SME_0085,2024-11-01,646,18,False,0.0,True
SME_0085,2024-12-01,637,7,False,0.0,True
SME_0085,2025-01-01,646,17,False,0.0,True
SME_0085,2025-02-01,624,7,False,0.0,True
SME_0085,2025-03-01,621,10,False,0.0,True
SME_0085,2025-04-01,628,17,True,0.0,True
SME_0085,2025-05-01,623,14,False,0.0,True
SME_0085,2025-06-01,645,18,False,0.0,True
SME_0085,2025-07-01,645,14,True,53279.24,True
SME_0085,2025-08-01,624,16,False,0.0,True
SME_0085,2025-09-01,631,13,False,0.0,True
SME_0085,2025-10-01,607,7,False,0.0,True
SME_0085,2025-11-01,600,17,False,0.0,True
SME_0085,2025-12-01,620,11,False,0.0,True
SME_0085,2026-01-01,623,8,False,0.0,True
SME_0086,2024-08-01,595,11,False,0.0,True
SME_0086,2024-09-01,606,9,True,26615.75,True
SME_0086,2024-10-01,594,10,False,0.0,True
SME_0086,2024-11-01,584,13,False,0.0,True
SME_0086,2024-12-01,581,12,False,0.0,True
SME_0086,2025-01-01,587,9,False,0.0,True
SME_0086,2025-02-01,578,12,True,20749.53,True
SME_0086,2025-03-01,575,12,False,0.0,True
SME_0086,2025-04-01,579,9,False,0.0,True
SME_0086,2025-05-01,569,14,False,0.0,True
SME_0086,2025-06-01,549,12,False,0.0,True
SME_0086,2025-07-01,547,14,True,0.0,True
SME_0086,2025-08-01,546,16,False,0.0,True
SME_0086,2025-09-01,530,9,False,0.0,True
SME_0086,2025-10-01,553,7,False,0.0,True
SME_0086,2025-11-01,558,16,True,0.0,True
SME_0086,2025-12-01,565,5,False,0.0,True
SME_0086,2026-01-01,572,9,False,0.0,True
SME_0087,2024-08-01,611,13,True,0.0,True
SME_0087,2024-09-01,615,11,False,0.0,True
SME_0087,2024-10-01,611,13,False,0.0,True
SME_0087,2024-11-01,586,11,False,0.0,True
SME_0087,2024-12-01,587,14,False,0.0,True
SME_0087,2025-01-01,597,15,False,0.0,True
SME_0087,2025-02-01,598,9,False,0.0,True
SME_0087,2025-03-01,613,14,False,0.0,True
SME_0087,2025-04-01,626,8,False,0.0,True
SME_0087,2025-05-01,635,12,False,0.0,True
SME_0087,2025-06-01,634,11,False,0.0,True
SME_0087,2025-07-01,628,14,False,0.0,True
SME_0087,2025-08-01,614,14,True,0.0,True
SME_0087,2025-09-01,603,12,False,0.0,True
SME_0087,2025-10-01,603,0,False,0.0,False
SME_0087,2025-11-01,603,0,False,0.0,False
SME_0087,2025-12-01,603,0,False,0.0,False
SME_0087,2026-01-01,603,0,False,0.0,False
SME_0088,2024-08-01,605,11,False,0.0,True
SME_0088,2024-09-01,612,10,False,0.0,True
SME_0088,2024-10-01,616,17,False,0.0,True
SME_0088,2024-11-01,642,6,False,0.0,True
SME_0088,2024-12-01,656,16,False,0.0,True
SME_0088,2025-01-01,666,10,True,30857.7,True
SME_0088,2025-02-01,671,3,False,0.0,True
SME_0088,2025-03-01,685,7,False,0.0,True
SME_0088,2025-04-01,672,16,False,0.0,True
SME_0088,2025-05-01,652,11,False,0.0,True
SME_0088,2025-06-01,654,8,False,0.0,True
SME_0088,2025-07-01,654,0,False,0.0,False
SME_0088,2025-08-01,654,0,False,0.0,False
SME_0088,2025-09-01,654,0,False,0.0,False
SME_0088,2025-10-01,654,0,False,0.0,False
SME_0088,2025-11-01,654,0,False,0.0,False
SME_0088,2025-12-01,654,0,False,0.0,False
SME_0088,2026-01-01,654,0,False,0.0,False
SME_0089,2024-08-01,579,9,False,0.0,True
SME_0089,2024-09-01,596,11,False,0.0,True
SME_0089,2024-10-01,596,11,False,0.0,True
SME_0089,2024-11-01,598,13,True,0.0,True
SME_0089,2024-12-01,607,9,False,0.0,True
SME_0089,2025-01-01,630,6,False,0.0,True
SME_0089,2025-02-01,624,5,False,0.0,True
SME_0089,2025-03-01,623,6,False,0.0,True
SME_0089,2025-04-01,623,12,True,49768.26,True
SME_0089,2025-05-01,612,10,False,0.0,True
SME_0089,2025-06-01,625,6,False,0.0,True
SME_0089,2025-07-01,639,10,False,0.0,True
SME_0089,2025-08-01,656,16,False,0.0,True
SME_0089,2025-09-01,644,8,False,0.0,True
SME_0089,2025-10-01,628,14,True,51857.96,True
SME_0089,2025-11-01,626,13,False,0.0,True
SME_0089,2025-12-01,604,7,False,0.0,True
SME_0089,2026-01-01,617,6,False,0.0,True
SME_0090,2024-08-01,555,14,False,0.0,True
SME_0090,2024-09-01,561,12,False,0.0,True
SME_0090,2024-10-01,547,7,False,0.0,True
SME_0090,2024-11-01,543,10,False,0.0,True
SME_0090,2024-12-01,548,11,False,0.0,True
SME_0090,2025-01-01,527,5,False,0.0,True
SME_0090,2025-02-01,532,13,False,0.0,True
SME_0090,2025-03-01,540,6,True,0.0,True
SME_0090,2025-04-01,540,8,False,0.0,True
SME_0090,2025-05-01,537,9,False,0.0,True
SME_0090,2025-06-01,536,5,False,0.0,True
SME_0090,2025-07-01,564,5,True,0.0,True
SME_0090,2025-08-01,556,7,False,0.0,True
SME_0090,2025-09-01,547,5,False,0.0,True
SME_0090,2025-10-01,541,5,False,0.0,True
SME_0090,2025-11-01,532,6,False,0.0,True
SME_0090,2025-12-01,533,3,False,0.0,True
SME_0090,2026-01-01,526,4,False,0.0,True
SME_0091,2024-08-01,585,5,False,0.0,True
SME_0091,2024-09-01,590,8,False,0.0,True
SME_0091,2024-10-01,579,7,False,0.0,True
SME_0091,2024-11-01,593,13,False,0.0,True
SME_0091,2024-12-01,591,10,False,0.0,True
SME_0091,2025-01-01,596,13,False,0.0,True
SME_0091,2025-02-01,601,4,False,0.0,True
SME_0091,2025-03-01,626,3,False,0.0,True
SME_0091,2025-04-01,604,11,False,0.0,True
SME_0091,2025-05-01,609,6,False,0.0,True
SME_0091,2025-06-01,606,3,False,0.0,True
SME_0091,2025-07-01,608,10,False,0.0,True
SME_0091,2025-08-01,593,5,False,0.0,True
SME_0091,2025-09-01,597,5,False,0.0,True
SME_0091,2025-10-01,597,0,False,0.0,False
SME_0091,2025-11-01,597,0,False,0.0,False
SME_0091,2025-12-01,597,0,False,0.0,False
SME_0091,2026-01-01,597,0,False,0.0,False
SME_0092,2024-08-01,602,9,False,0.0,True
SME_0092,2024-09-01,599,18,True,0.0,True
SME_0092,2024-10-01,601,8,False,0.0,True
SME_0092,2024-11-01,601,12,False,0.0,True
SME_0092,2024-12-01,599,7,True,48033.71,True
SME_0092,2025-01-01,623,12,False,0.0,True
SME_0092,2025-02-01,626,16,False,0.0,True
SME_0092,2025-03-01,630,10,False,0.0,True
SME_0092,2025-04-01,638,11,False,0.0,True
SME_0092,2025-05-01,645,16,False,0.0,True
SME_0092,2025-06-01,659,14,False,0.0,True
SME_0092,2025-07-01,670,13,False,0.0,True
SME_0092,2025-08-01,666,21,False,0.0,True
SME_0092,2025-09-01,656,14,False,0.0,True
SME_0092,2025-10-01,646,11,False,0.0,True
SME_0092,2025-11-01,655,15,True,58119.68,True
SME_0092,2025-12-01,655,14,False,0.0,True
SME_0092,2026-01-01,656,11,False,0.0,True
SME_0093,2024-08-01,567,15,False,0.0,True
SME_0093,2024-09-01,550,10,False,0.0,True
SME_0093,2024-10-01,545,6,False,0.0,True
SME_0093,2024-11-01,538,9,True,0.0,True
SME_0093,2024-12-01,541,7,False,0.0,True
SME_0093,2025-01-01,556,9,False,0.0,True
SME_0093,2025-02-01,564,6,False,0.0,True
SME_0093,2025-03-01,552,6,False,0.0,True
SME_0093,2025-04-01,557,8,True,0.0,True
SME_0093,2025-05-01,573,10,False,0.0,True
SME_0093,2025-06-01,564,5,False,0.0,True
SME_0093,2025-07-01,556,5,False,0.0,True
SME_0093,2025-08-01,559,7,False,0.0,True
SME_0093,2025-09-01,552,6,True,0.0,True
SME_0093,2025-10-01,550,1,False,0.0,True
SME_0093,2025-11-01,556,3,False,0.0,True
SME_0093,2025-12-01,577,5,True,0.0,True
SME_0093,2026-01-01,561,5,False,0.0,True
SME_0094,2024-08-01,620,11,False,0.0,True
SME_0094,2024-09-01,614,13,True,0.0,True
SME_0094,2024-10-01,618,18,False,0.0,True
SME_0094,2024-11-01,612,11,False,0.0,True
SME_0094,2024-12-01,616,16,False,0.0,True
SME_0094,2025-01-01,637,8,False,0.0,True
SME_0094,2025-02-01,623,9,False,0.0,True
SME_0094,2025-03-01,617,13,False,0.0,True
SME_0094,2025-04-01,606,9,False,0.0,True
SME_0094,2025-05-01,610,12,True,0.0,True
SME_0094,2025-06-01,587,14,False,0.0,True
SME_0094,2025-07-01,587,0,False,0.0,False
SME_0094,2025-08-01,587,0,False,0.0,False
SME_0094,2025-09-01,587,0,False,0.0,False
SME_0094,2025-10-01,587,0,False,0.0,False
SME_0094,2025-11-01,587,0,False,0.0,False
SME_0094,2025-12-01,587,0,False,0.0,False
SME_0094,2026-01-01,587,0,False,0.0,False
SME_0095,2024-08-01,505,6,False,0.0,True
SME_0095,2024-09-01,498,6,False,0.0,True
SME_0095,2024-10-01,506,7,False,0.0,True
SME_0095,2024-11-01,511,8,True,0.0,True
SME_0095,2024-12-01,500,8,False,0.0,True
SME_0095,2025-01-01,522,7,False,0.0,True
SME_0095,2025-02-01,527,5,False,0.0,True
SME_0095,2025-03-01,520,5,False,0.0,True
SME_0095,2025-04-01,523,2,False,0.0,True
SME_0095,2025-05-01,521,4,False,0.0,True
SME_0095,2025-06-01,518,3,False,0.0,True
SME_0095,2025-07-01,500,8,False,0.0,True
SME_0095,2025-08-01,500,0,False,0.0,False
SME_0095,2025-09-01,500,0,False,0.0,False
SME_0095,2025-10-01,500,0,False,0.0,False
SME_0095,2025-11-01,500,0,False,0.0,False
SME_0095,2025-12-01,500,0,False,0.0,False
SME_0095,2026-01-01,500,0,False,0.0,False
SME_0096,2024-08-01,705,17,False,0.0,True
SME_0096,2024-09-01,719,17,False,0.0,True
SME_0096,2024-10-01,722,6,False,0.0,True
SME_0096,2024-11-01,738,14,True,60941.87,True
SME_0096,2024-12-01,731,16,False,0.0,True
SME_0096,2025-01-01,726,17,False,0.0,True
SME_0096,2025-02-01,712,16,False,0.0,True
SME_0096,2025-03-01,710,23,False,0.0,True
SME_0096,2025-04-01,715,12,False,0.0,True
SME_0096,2025-05-01,699,13,False,0.0,True
SME_0096,2025-06-01,722,20,True,76181.41,True
SME_0096,2025-07-01,720,16,False,0.0,True
SME_0096,2025-08-01,716,21,False,0.0,True
SME_0096,2025-09-01,708,16,True,26791.9,True
SME_0096,2025-10-01,720,9,False,0.0,True
SME_0096,2025-11-01,715,10,True,16141.42,True
SME_0096,2025-12-01,699,10,False,0.0,True
SME_0096,2026-01-01,702,12,False,0.0,True
SME_0097,2024-08-01,697,10,False,0.0,True
SME_0097,2024-09-01,696,17,False,0.0,True
SME_0097,2024-10-01,686,16,True,40300.27,True
SME_0097,2024-11-01,667,23,True,0.0,True
SME_0097,2024-12-01,684,9,False,0.0,True
SME_0097,2025-01-01,669,11,True,23146.3,True
SME_0097,2025-02-01,662,10,False,0.0,True
SME_0097,2025-03-01,664,16,False,0.0,True
SME_0097,2025-04-01,668,15,False,0.0,True
SME_0097,2025-05-01,680,15,True,26634.18,True
SME_0097,2025-06-01,671,13,False,0.0,True
SME_0097,2025-07-01,674,16,False,0.0,True
SME_0097,2025-08-01,686,15,False,0.0,True
SME_0097,2025-09-01,678,8,False,0.0,True
SME_0097,2025-10-01,668,12,False,0.0,True
SME_0097,2025-11-01,696,11,True,0.0,True
SME_0097,2025-12-01,711,14,False,0.0,True
SME_0097,2026-01-01,697,11,False,0.0,True
SME_0098,2024-08-01,529,15,False,0.0,True
SME_0098,2024-09-01,554,6,False,0.0,True
SME_0098,2024-10-01,562,16,False,0.0,True
SME_0098,2024-11-01,573,5,True,0.0,True
SME_0098,2024-12-01,590,5,False,0.0,True
SME_0098,2025-01-01,573,4,False,0.0,True
SME_0098,2025-02-01,567,5,True,0.0,True
SME_0098,2025-03-01,540,6,False,0.0,True
SME_0098,2025-04-01,550,5,False,0.0,True
SME_0098,2025-05-01,544,3,False,0.0,True
SME_0098,2025-06-01,541,3,False,0.0,True
SME_0098,2025-07-01,547,7,False,0.0,True
SME_0098,2025-08-01,563,3,False,0.0,True
SME_0098,2025-09-01,573,8,False,0.0,True
SME_0098,2025-10-01,563,3,False,0.0,True
SME_0098,2025-11-01,563,2,False,0.0,True
SME_0098,2025-12-01,563,6,True,32494.78,True
SME_0098,2026-01-01,547,2,False,0.0,True
SME_0099,2024-08-01,594,10,False,0.0,True
SME_0099,2024-09-01,576,1,False,0.0,True
SME_0099,2024-10-01,576,5,False,0.0,True
SME_0099,2024-11-01,583,12,False,0.0,True
SME_0099,2024-12-01,608,8,False,0.0,True
SME_0099,2025-01-01,611,7,False,0.0,True
SME_0099,2025-02-01,621,8,False,0.0,True
SME_0099,2025-03-01,588,8,False,0.0,True
SME_0099,2025-04-01,582,9,False,0.0,True
SME_0099,2025-05-01,589,11,False,0.0,True
SME_0099,2025-06-01,596,13,False,0.0,True
SME_0099,2025-07-01,591,8,False,0.0,True
SME_0099,2025-08-01,559,5,False,0.0,True
SME_0099,2025-09-01,548,8,False,0.0,True
SME_0099,2025-10-01,573,8,False,0.0,True
SME_0099,2025-11-01,573,10,False,0.0,True
SME_0099,2025-12-01,587,12,False,0.0,True
SME_0099,2026-01-01,589,13,False,0.0,True
SME_0100,2024-08-01,533,8,True,0.0,True
SME_0100,2024-09-01,524,12,False,0.0,True
SME_0100,2024-10-01,531,6,True,0.0,True
SME_0100,2024-11-01,543,7,False,0.0,True
SME_0100,2024-12-01,558,11,False,0.0,True
SME_0100,2025-01-01,565,8,False,0.0,True
SME_0100,2025-02-01,571,7,False,0.0,True
SME_0100,2025-03-01,577,5,False,0.0,True
SME_0100,2025-04-01,553,8,False,0.0,True
SME_0100,2025-05-01,546,2,False,0.0,True
SME_0100,2025-06-01,558,6,False,0.0,True
SME_0100,2025-07-01,541,7,False,0.0,True
SME_0100,2025-08-01,523,5,False,0.0,True
SME_0100,2025-09-01,532,6,False,0.0,True
SME_0100,2025-10-01,538,3,True,0.0,True
SME_0100,2025-11-01,535,4,False,0.0,True
SME_0100,2025-12-01,528,7,False,0.0,True
SME_0100,2026-01-01,545,3,False,0.0,True
SME_0101,2024-08-01,548,5,False,0.0,True
SME_0101,2024-09-01,540,11,False,0.0,True
SME_0101,2024-10-01,577,2,True,34024.03,True
SME_0101,2024-11-01,581,12,False,0.0,True
SME_0101,2024-12-01,582,8,False,0.0,True
SME_0101,2025-01-01,577,13,False,0.0,True
SME_0101,2025-02-01,572,12,False,0.0,True
SME_0101,2025-03-01,565,8,False,0.0,True
SME_0101,2025-04-01,571,8,False,0.0,True
SME_0101,2025-05-01,585,11,False,0.0,True
SME_0101,2025-06-01,570,14,False,0.0,True
SME_0101,2025-07-01,560,12,False,0.0,True
SME_0101,2025-08-01,565,12,True,0.0,True
SME_0101,2025-09-01,547,10,False,0.0,True
SME_0101,2025-10-01,541,8,False,0.0,True
SME_0101,2025-11-01,572,11,False,0.0,True
SME_0101,2025-12-01,575,12,False,0.0,True
SME_0101,2026-01-01,571,7,True,0.0,True
SME_0102,2024-08-01,607,5,False,0.0,True
SME_0102,2024-09-01,586,9,True,0.0,True
SME_0102,2024-10-01,575,12,False,0.0,True
SME_0102,2024-11-01,590,4,True,39255.1,True
SME_0102,2024-12-01,601,11,False,0.0,True
SME_0102,2025-01-01,589,15,False,0.0,True
SME_0102,2025-02-01,601,9,True,0.0,True
SME_0102,2025-03-01,580,16,True,34579.22,True
SME_0102,2025-04-01,581,7,False,0.0,True
SME_0102,2025-05-01,568,10,False,0.0,True
SME_0102,2025-06-01,571,9,True,11342.58,True
SME_0102,2025-07-01,568,18,True,54806.38,True
SME_0102,2025-08-01,547,10,False,0.0,True
SME_0102,2025-09-01,561,14,False,0.0,True
SME_0102,2025-10-01,547,9,False,0.0,True
SME_0102,2025-11-01,544,11,True,0.0,True
SME_0102,2025-12-01,558,15,False,0.0,True
SME_0102,2026-01-01,597,12,False,0.0,True
SME_0103,2024-08-01,521,6,False,0.0,True
SME_0103,2024-09-01,514,5,False,0.0,True
SME_0103,2024-10-01,504,8,False,0.0,True
SME_0103,2024-11-01,504,5,False,0.0,True
SME_0103,2024-12-01,512,4,False,0.0,True
SME_0103,2025-01-01,522,4,False,0.0,True
SME_0103,2025-02-01,523,2,False,0.0,True
SME_0103,2025-03-01,537,6,False,0.0,True
SME_0103,2025-04-01,536,4,False,0.0,True
SME_0103,2025-05-01,514,3,False,0.0,True
SME_0103,2025-06-01,506,7,False,0.0,True
SME_0103,2025-07-01,506,3,False,0.0,True
SME_0103,2025-08-01,526,2,False,0.0,True
SME_0103,2025-09-01,528,8,False,0.0,True
SME_0103,2025-10-01,530,3,False,0.0,True
SME_0103,2025-11-01,546,7,False,0.0,True
SME_0103,2025-12-01,540,4,False,0.0,True
SME_0103,2026-01-01,541,4,False,0.0,True
SME_0104,2024-08-01,720,13,False,0.0,True
SME_0104,2024-09-01,729,14,False,0.0,True
SME_0104,2024-10-01,723,23,True,0.0,True
SME_0104,2024-11-01,726,11,False,0.0,True
SME_0104,2024-12-01,737,15,False,0.0,True
SME_0104,2025-01-01,748,14,True,12504.61,True
SME_0104,2025-02-01,729,19,False,0.0,True
SME_0104,2025-03-01,715,18,True,17491.59,True
SME_0104,2025-04-01,738,13,False,0.0,True
SME_0104,2025-05-01,743,13,True,46493.5,True
SME_0104,2025-06-01,744,9,False,0.0,True
SME_0104,2025-07-01,744,13,False,0.0,True
SME_0104,2025-08-01,715,14,False,0.0,True
SME_0104,2025-09-01,720,10,False,0.0,True
SME_0104,2025-10-01,728,20,False,0.0,True
SME_0104,2025-11-01,729,23,False,0.0,True
SME_0104,2025-12-01,712,8,False,0.0,True
SME_0104,2026-01-01,726,12,False,0.0,True
SME_0105,2024-08-01,763,26,True,76164.07,True
SME_0105,2024-09-01,781,18,False,0.0,True
SME_0105,2024-10-01,781,15,False,0.0,True
SME_0105,2024-11-01,753,12,False,0.0,True
SME_0105,2024-12-01,765,12,False,0.0,True
SME_0105,2025-01-01,791,20,False,0.0,True
SME_0105,2025-02-01,810,20,False,0.0,True
SME_0105,2025-03-01,788,21,True,70776.36,True
SME_0105,2025-04-01,786,17,False,0.0,True
SME_0105,2025-05-01,778,27,False,0.0,True
SME_0105,2025-06-01,788,25,True,21560.35,True
SME_0105,2025-07-01,798,16,False,0.0,True
SME_0105,2025-08-01,801,17,False,0.0,True
SME_0105,2025-09-01,795,16,False,0.0,True
SME_0105,2025-10-01,799,20,True,48673.5,True
SME_0105,2025-11-01,806,14,False,0.0,True
SME_0105,2025-12-01,786,33,True,76082.47,True
SME_0105,2026-01-01,797,12,False,0.0,True
SME_0106,2024-08-01,532,8,False,0.0,True
SME_0106,2024-09-01,534,4,False,0.0,True
SME_0106,2024-10-01,540,9,False,0.0,True
SME_0106,2024-11-01,532,4,False,0.0,True
SME_0106,2024-12-01,540,13,False,0.0,True
SME_0106,2025-01-01,524,7,False,0.0,True
SME_0106,2025-02-01,551,10,False,0.0,True
SME_0106,2025-03-01,551,0,False,0.0,False
SME_0106,2025-04-01,551,0,False,0.0,False
SME_0106,2025-05-01,551,0,False,0.0,False
SME_0106,2025-06-01,551,0,False,0.0,False
SME_0106,2025-07-01,551,0,False,0.0,False
SME_0106,2025-08-01,551,0,False,0.0,False
SME_0106,2025-09-01,551,0,False,0.0,False
SME_0106,2025-10-01,551,0,False,0.0,False
SME_0106,2025-11-01,551,0,False,0.0,False
SME_0106,2025-12-01,551,0,False,0.0,False
SME_0106,2026-01-01,551,0,False,0.0,False
SME_0107,2024-08-01,568,7,False,0.0,True
SME_0107,2024-09-01,561,6,False,0.0,True
SME_0107,2024-10-01,570,7,False,0.0,True
SME_0107,2024-11-01,583,8,False,0.0,True
SME_0107,2024-12-01,575,10,True,0.0,True
SME_0107,2025-01-01,576,11,True,0.0,True
SME_0107,2025-02-01,576,9,False,0.0,True
SME_0107,2025-03-01,593,8,False,0.0,True
SME_0107,2025-04-01,577,6,False,0.0,True
SME_0107,2025-05-01,567,11,False,0.0,True
SME_0107,2025-06-01,562,7,False,0.0,True
SME_0107,2025-07-01,550,5,False,0.0,True
SME_0107,2025-08-01,557,2,False,0.0,True
SME_0107,2025-09-01,549,6,False,0.0,True
SME_0107,2025-10-01,532,5,False,0.0,True
SME_0107,2025-11-01,547,6,False,0.0,True
SME_0107,2025-12-01,561,5,False,0.0,True
SME_0107,2026-01-01,547,3,True,0.0,True
SME_0108,2024-08-01,569,12,True,0.0,True
SME_0108,2024-09-01,572,11,False,0.0,True
SME_0108,2024-10-01,580,7,False,0.0,True
SME_0108,2024-11-01,595,12,False,0.0,True
SME_0108,2024-12-01,588,11,False,0.0,True
SME_0108,2025-01-01,609,7,False,0.0,True
SME_0108,2025-02-01,632,17,False,0.0,True
SME_0108,2025-03-01,634,10,False,0.0,True
SME_0108,2025-04-01,633,12,False,0.0,True
SME_0108,2025-05-01,603,11,False,0.0,True
SME_0108,2025-06-01,621,7,False,0.0,True
SME_0108,2025-07-01,627,8,False,0.0,True
SME_0108,2025-08-01,615,10,False,0.0,True
SME_0108,2025-09-01,594,14,False,0.0,True
SME_0108,2025-10-01,604,9,False,0.0,True
SME_0108,2025-11-01,610,8,False,0.0,True
SME_0108,2025-12-01,606,11,False,0.0,True
SME_0108,2026-01-01,608,12,False,0.0,True
SME_0109,2024-08-01,684,12,False,0.0,True
SME_0109,2024-09-01,692,13,False,0.0,True
SME_0109,2024-10-01,716,14,False,0.0,True
SME_0109,2024-11-01,726,11,False,0.0,True
SME_0109,2024-12-01,708,12,False,0.0,True
SME_0109,2025-01-01,710,15,False,0.0,True
SME_0109,2025-02-01,716,13,False,0.0,True
SME_0109,2025-03-01,714,12,False,0.0,True
SME_0109,2025-04-01,708,12,False,0.0,True
SME_0109,2025-05-01,681,12,False,0.0,True
SME_0109,2025-06-01,672,11,False,0.0,True
SME_0109,2025-07-01,668,10,False,0.0,True
SME_0109,2025-08-01,661,6,False,0.0,True
SME_0109,2025-09-01,661,10,False,0.0,True
SME_0109,2025-10-01,678,18,False,0.0,True
SME_0109,2025-11-01,670,12,False,0.0,True
SME_0109,2025-12-01,674,12,True,0.0,True
SME_0109,2026-01-01,681,10,False,0.0,True
SME_0110,2024-08-01,580,11,False,0.0,True
SME_0110,2024-09-01,547,9,False,0.0,True
SME_0110,2024-10-01,538,8,True,0.0,True
SME_0110,2024-11-01,516,8,False,0.0,True
SME_0110,2024-12-01,525,11,True,52482.18,True
SME_0110,2025-01-01,557,3,False,0.0,True
SME_0110,2025-02-01,552,10,False,0.0,True
SME_0110,2025-03-01,569,4,False,0.0,True
SME_0110,2025-04-01,569,11,False,0.0,True
SME_0110,2025-05-01,549,10,False,0.0,True
SME_0110,2025-06-01,547,4,False,0.0,True
SME_0110,2025-07-01,569,9,False,0.0,True
SME_0110,2025-08-01,572,10,False,0.0,True
SME_0110,2025-09-01,570,13,False,0.0,True
SME_0110,2025-10-01,597,1,False,0.0,True
SME_0110,2025-11-01,593,5,False,0.0,True
SME_0110,2025-12-01,611,7,False,0.0,True
SME_0110,2026-01-01,597,12,False,0.0,True
SME_0111,2024-08-01,657,21,False,0.0,True
SME_0111,2024-09-01,660,12,False,0.0,True
SME_0111,2024-10-01,665,17,False,0.0,True
SME_0111,2024-11-01,656,6,False,0.0,True
SME_0111,2024-12-01,646,17,False,0.0,True
SME_0111,2025-01-01,619,7,False,0.0,True
SME_0111,2025-02-01,630,14,False,0.0,True
SME_0111,2025-03-01,647,13,False,0.0,True
SME_0111,2025-04-01,645,10,False,0.0,True
SME_0111,2025-05-01,632,11,False,0.0,True
SME_0111,2025-06-01,656,19,False,0.0,True
SME_0111,2025-07-01,665,16,False,0.0,True
SME_0111,2025-08-01,657,9,False,0.0,True
SME_0111,2025-09-01,634,11,False,0.0,True
SME_0111,2025-10-01,626,7,False,0.0,True
SME_0111,2025-11-01,641,10,False,0.0,True
SME_0111,2025-12-01,624,13,False,0.0,True
SME_0111,2026-01-01,630,7,False,0.0,True
SME_0112,2024-08-01,697,13,False,0.0,True
SME_0112,2024-09-01,695,11,False,0.0,True
SME_0112,2024-10-01,697,14,True,70649.91,True
SME_0112,2024-11-01,698,13,False,0.0,True
SME_0112,2024-12-01,700,11,False,0.0,True
SME_0112,2025-01-01,685,16,True,39170.93,True
SME_0112,2025-02-01,677,12,False,0.0,True
SME_0112,2025-03-01,679,11,False,0.0,True
SME_0112,2025-04-01,669,19,True,35933.43,True
SME_0112,2025-05-01,661,12,False,0.0,True
SME_0112,2025-06-01,665,9,False,0.0,True
SME_0112,2025-07-01,675,20,True,25890.32,True
SME_0112,2025-08-01,670,8,False,0.0,True
SME_0112,2025-09-01,678,6,False,0.0,True
SME_0112,2025-10-01,674,18,True,21864.75,True
SME_0112,2025-11-01,666,13,True,7065.06,True
SME_0112,2025-12-01,663,12,False,0.0,True
SME_0112,2026-01-01,639,15,False,0.0,True
SME_0113,2024-08-01,483,5,False,0.0,True
SME_0113,2024-09-01,493,6,False,0.0,True
SME_0113,2024-10-01,489,10,False,0.0,True
SME_0113,2024-11-01,482,5,False,0.0,True
SME_0113,2024-12-01,488,7,True,0.0,True
SME_0113,2025-01-01,470,9,False,0.0,True
SME_0113,2025-02-01,492,6,False,0.0,True
SME_0113,2025-03-01,503,4,False,0.0,True
SME_0113,2025-04-01,519,6,True,0.0,True
SME_0113,2025-05-01,494,7,False,0.0,True
SME_0113,2025-06-01,490,5,False,0.0,True
SME_0113,2025-07-01,483,1,True,0.0,True
SME_0113,2025-08-01,469,4,False,0.0,True
SME_0113,2025-09-01,482,3,False,0.0,True
SME_0113,2025-10-01,484,6,False,0.0,True
SME_0113,2025-11-01,474,5,False,0.0,True
SME_0113,2025-12-01,491,7,True,0.0,True
SME_0113,2026-01-01,519,4,False,0.0,True
SME_0114,2024-08-01,628,7,False,0.0,True
SME_0114,2024-09-01,618,14,True,0.0,True
SME_0114,2024-10-01,594,6,False,0.0,True
SME_0114,2024-11-01,590,15,True,0.0,True
SME_0114,2024-12-01,572,14,False,0.0,True
SME_0114,2025-01-01,581,7,False,0.0,True
SME_0114,2025-02-01,574,13,False,0.0,True
SME_0114,2025-03-01,581,9,False,0.0,True
SME_0114,2025-04-01,584,9,False,0.0,True
SME_0114,2025-05-01,604,13,False,0.0,True
SME_0114,2025-06-01,599,7,False,0.0,True
SME_0114,2025-07-01,596,11,False,0.0,True
SME_0114,2025-08-01,604,3,False,0.0,True
SME_0114,2025-09-01,595,4,False,0.0,True
SME_0114,2025-10-01,601,11,False,0.0,True
SME_0114,2025-11-01,587,6,False,0.0,True
SME_0114,2025-12-01,602,7,False,0.0,True
SME_0114,2026-01-01,601,11,False,0.0,True
SME_0115,2024-08-01,556,9,False,0.0,True
SME_0115,2024-09-01,552,11,False,0.0,True
SME_0115,2024-10-01,548,8,False,0.0,True
SME_0115,2024-11-01,552,7,False,0.0,True
SME_0115,2024-12-01,548,10,False,0.0,True
SME_0115,2025-01-01,543,10,False,0.0,True
SME_0115,2025-02-01,530,7,False,0.0,True
SME_0115,2025-03-01,525,5,False,0.0,True
SME_0115,2025-04-01,548,5,True,0.0,True
SME_0115,2025-05-01,554,3,False,0.0,True
SME_0115,2025-06-01,566,10,True,5470.35,True
SME_0115,2025-07-01,543,4,False,0.0,True
SME_0115,2025-08-01,543,0,False,0.0,False
SME_0115,2025-09-01,543,0,False,0.0,False
SME_0115,2025-10-01,543,0,False,0.0,False
SME_0115,2025-11-01,543,0,False,0.0,False
SME_0115,2025-12-01,543,0,False,0.0,False
SME_0115,2026-01-01,543,0,False,0.0,False
SME_0116,2024-08-01,615,15,False,0.0,True
SME_0116,2024-09-01,614,9,True,25614.48,True
SME_0116,2024-10-01,615,11,True,0.0,True
SME_0116,2024-11-01,604,13,False,0.0,True
SME_0116,2024-12-01,608,6,False,0.0,True
SME_0116,2025-01-01,609,14,True,0.0,True
SME_0116,2025-02-01,605,12,False,0.0,True
SME_0116,2025-03-01,593,11,False,0.0,True
SME_0116,2025-04-01,592,4,False,0.0,True
SME_0116,2025-05-01,586,6,False,0.0,True
SME_0116,2025-06-01,594,18,False,0.0,True
SME_0116,2025-07-01,593,11,False,0.0,True
SME_0116,2025-08-01,605,13,False,0.0,True
SME_0116,2025-09-01,608,6,False,0.0,True
SME_0116,2025-10-01,613,10,False,0.0,True
SME_0116,2025-11-01,597,11,True,0.0,True
SME_0116,2025-12-01,610,12,False,0.0,True
SME_0116,2026-01-01,600,11,False,0.0,True
SME_0117,2024-08-01,701,15,True,0.0,True
SME_0117,2024-09-01,695,16,False,0.0,True
SME_0117,2024-10-01,711,13,True,17867.89,True
SME_0117,2024-11-01,705,7,False,0.0,True
SME_0117,2024-12-01,706,9,False,0.0,True
SME_0117,2025-01-01,708,21,False,0.0,True
SME_0117,2025-02-01,719,15,False,0.0,True
SME_0117,2025-03-01,728,15,False,0.0,True
SME_0117,2025-04-01,702,19,False,0.0,True
SME_0117,2025-05-01,707,12,False,0.0,True
SME_0117,2025-06-01,691,10,False,0.0,True
SME_0117,2025-07-01,689,20,False,0.0,True
SME_0117,2025-08-01,678,12,True,0.0,True
SME_0117,2025-09-01,660,14,True,16143.11,True
SME_0117,2025-10-01,641,15,True,0.0,True
SME_0117,2025-11-01,638,13,True,62171.11,True
SME_0117,2025-12-01,654,12,True,42420.98,True
SME_0117,2026-01-01,666,13,False,0.0,True
SME_0118,2024-08-01,635,14,False,0.0,True
SME_0118,2024-09-01,654,10,False,0.0,True
SME_0118,2024-10-01,649,13,False,0.0,True
SME_0118,2024-11-01,658,14,False,0.0,True
SME_0118,2024-12-01,639,14,True,60264.85,True
SME_0118,2025-01-01,632,13,False,0.0,True
SME_0118,2025-02-01,619,14,False,0.0,True
SME_0118,2025-03-01,610,14,True,0.0,True
SME_0118,2025-04-01,609,10,False,0.0,True
SME_0118,2025-05-01,605,13,False,0.0,True
SME_0118,2025-06-01,623,8,False,0.0,True
SME_0118,2025-07-01,623,0,False,0.0,False
SME_0118,2025-08-01,623,0,False,0.0,False
SME_0118,2025-09-01,623,0,False,0.0,False
SME_0118,2025-10-01,623,0,False,0.0,False
SME_0118,2025-11-01,623,0,False,0.0,False
SME_0118,2025-12-01,623,0,False,0.0,False
SME_0118,2026-01-01,623,0,False,0.0,False
SME_0119,2024-08-01,478,6,False,0.0,True
SME_0119,2024-09-01,476,10,False,0.0,True
SME_0119,2024-10-01,490,3,False,0.0,True
SME_0119,2024-11-01,503,7,True,0.0,True
SME_0119,2024-12-01,488,2,False,0.0,True
SME_0119,2025-01-01,474,3,False,0.0,True
SME_0119,2025-02-01,457,2,False,0.0,True
SME_0119,2025-03-01,450,3,False,0.0,True
SME_0119,2025-04-01,462,2,False,0.0,True
SME_0119,2025-05-01,465,6,False,0.0,True
SME_0119,2025-06-01,480,4,False,0.0,True
SME_0119,2025-07-01,478,4,False,0.0,True
SME_0119,2025-08-01,474,6,False,0.0,True
SME_0119,2025-09-01,487,7,False,0.0,True
SME_0119,2025-10-01,500,3,False,0.0,True
SME_0119,2025-11-01,468,11,True,0.0,True
SME_0119,2025-12-01,492,5,True,0.0,True
SME_0119,2026-01-01,512,7,False,0.0,True
SME_0120,2024-08-01,661,15,False,0.0,True
SME_0120,2024-09-01,656,12,True,0.0,True
SME_0120,2024-10-01,658,14,False,0.0,True
SME_0120,2024-11-01,667,16,False,0.0,True
SME_0120,2024-12-01,696,17,True,41709.89,True
SME_0120,2025-01-01,677,13,False,0.0,True
SME_0120,2025-02-01,689,10,False,0.0,True
SME_0120,2025-03-01,694,22,False,0.0,True
SME_0120,2025-04-01,707,10,True,33350.38,True
SME_0120,2025-05-01,698,13,False,0.0,True
SME_0120,2025-06-01,678,18,False,0.0,True
SME_0120,2025-07-01,680,15,True,23787.15,True
SME_0120,2025-08-01,682,19,False,0.0,True
SME_0120,2025-09-01,698,10,False,0.0,True
SME_0120,2025-10-01,714,17,False,0.0,True
SME_0120,2025-11-01,719,14,False,0.0,True
SME_0120,2025-12-01,702,13,False,0.0,True
SME_0120,2026-01-01,698,20,True,0.0,True
SME_0121,2024-08-01,627,13,False,0.0,True
SME_0121,2024-09-01,626,12,False,0.0,True
SME_0121,2024-10-01,605,12,False,0.0,True
SME_0121,2024-11-01,617,8,False,0.0,True
SME_0121,2024-12-01,593,19,True,55502.95,True
SME_0121,2025-01-01,599,15,False,0.0,True
SME_0121,2025-02-01,599,13,False,0.0,True
SME_0121,2025-03-01,604,12,True,0.0,True
SME_0121,2025-04-01,590,12,False,0.0,True
SME_0121,2025-05-01,597,6,False,0.0,True
SME_0121,2025-06-01,587,10,False,0.0,True
SME_0121,2025-07-01,595,11,False,0.0,True
SME_0121,2025-08-01,607,14,False,0.0,True
SME_0121,2025-09-01,608,13,False,0.0,True
SME_0121,2025-10-01,601,11,False,0.0,True
SME_0121,2025-11-01,601,16,True,0.0,True
SME_0121,2025-12-01,599,12,False,0.0,True
SME_0121,2026-01-01,598,9,True,0.0,True
SME_0122,2024-08-01,723,19,False,0.0,True
SME_0122,2024-09-01,711,14,False,0.0,True
SME_0122,2024-10-01,722,9,False,0.0,True
SME_0122,2024-11-01,733,17,False,0.0,True
SME_0122,2024-12-01,722,8,False,0.0,True
SME_0122,2025-01-01,722,12,False,0.0,True
SME_0122,2025-02-01,703,20,False,0.0,True
SME_0122,2025-03-01,698,14,False,0.0,True
SME_0122,2025-04-01,691,15,False,0.0,True
SME_0122,2025-05-01,696,22,False,0.0,True
SME_0122,2025-06-01,684,15,False,0.0,True
SME_0122,2025-07-01,692,13,False,0.0,True
SME_0122,2025-08-01,680,12,True,0.0,True
SME_0122,2025-09-01,676,26,False,0.0,True
SME_0122,2025-10-01,677,11,False,0.0,True
SME_0122,2025-11-01,682,19,False,0.0,True
SME_0122,2025-12-01,672,19,True,9067.02,True
SME_0122,2026-01-01,693,16,False,0.0,True
SME_0123,2024-08-01,533,5,False,0.0,True
SME_0123,2024-09-01,516,3,True,0.0,True
SME_0123,2024-10-01,514,12,False,0.0,True
SME_0123,2024-11-01,514,4,False,0.0,True
SME_0123,2024-12-01,496,4,False,0.0,True
SME_0123,2025-01-01,493,10,False,0.0,True
SME_0123,2025-02-01,492,5,False,0.0,True
SME_0123,2025-03-01,495,7,True,0.0,True
SME_0123,2025-04-01,523,11,False,0.0,True
SME_0123,2025-05-01,518,4,True,0.0,True
SME_0123,2025-06-01,533,6,False,0.0,True
SME_0123,2025-07-01,554,6,False,0.0,True
SME_0123,2025-08-01,551,6,False,0.0,True
SME_0123,2025-09-01,532,3,False,0.0,True
SME_0123,2025-10-01,524,7,True,0.0,True
SME_0123,2025-11-01,504,4,False,0.0,True
SME_0123,2025-12-01,498,1,False,0.0,True
SME_0123,2026-01-01,519,7,False,0.0,True
SME_0124,2024-08-01,575,6,False,0.0,True
SME_0124,2024-09-01,571,8,False,0.0,True
SME_0124,2024-10-01,567,6,False,0.0,True
SME_0124,2024-11-01,555,11,False,0.0,True
SME_0124,2024-12-01,556,4,False,0.0,True
SME_0124,2025-01-01,561,6,False,0.0,True
SME_0124,2025-02-01,564,7,False,0.0,True
SME_0124,2025-03-01,548,7,False,0.0,True
SME_0124,2025-04-01,560,6,False,0.0,True
SME_0124,2025-05-01,541,7,False,0.0,True
SME_0124,2025-06-01,543,12,False,0.0,True
SME_0124,2025-07-01,549,10,False,0.0,True
SME_0124,2025-08-01,537,12,True,0.0,True
SME_0124,2025-09-01,540,4,False,0.0,True
SME_0124,2025-10-01,526,7,False,0.0,True
SME_0124,2025-11-01,536,4,False,0.0,True
SME_0124,2025-12-01,539,5,False,0.0,True
SME_0124,2026-01-01,535,4,False,0.0,True
SME_0125,2024-08-01,603,15,True,0.0,True
SME_0125,2024-09-01,590,12,False,0.0,True
SME_0125,2024-10-01,566,11,True,0.0,True
SME_0125,2024-11-01,590,11,False,0.0,True
SME_0125,2024-12-01,602,13,False,0.0,True
SME_0125,2025-01-01,614,13,False,0.0,True
SME_0125,2025-02-01,598,12,False,0.0,True
SME_0125,2025-03-01,613,5,True,0.0,True
SME_0125,2025-04-01,625,8,False,0.0,True
SME_0125,2025-05-01,625,0,False,0.0,False
SME_0125,2025-06-01,625,0,False,0.0,False
SME_0125,2025-07-01,625,0,False,0.0,False
SME_0125,2025-08-01,625,0,False,0.0,False
SME_0125,2025-09-01,625,0,False,0.0,False
SME_0125,2025-10-01,625,0,False,0.0,False
SME_0125,2025-11-01,625,0,False,0.0,False
SME_0125,2025-12-01,625,0,False,0.0,False
SME_0125,2026-01-01,625,0,False,0.0,False
SME_0126,2024-08-01,697,10,False,0.0,True
SME_0126,2024-09-01,696,16,False,0.0,True
SME_0126,2024-10-01,679,11,False,0.0,True
SME_0126,2024-11-01,668,13,False,0.0,True
SME_0126,2024-12-01,675,16,False,0.0,True
SME_0126,2025-01-01,681,17,False,0.0,True
SME_0126,2025-02-01,681,14,False,0.0,True
SME_0126,2025-03-01,687,6,False,0.0,True
SME_0126,2025-04-01,683,13,False,0.0,True
SME_0126,2025-05-01,680,18,True,0.0,True
SME_0126,2025-06-01,661,9,False,0.0,True
SME_0126,2025-07-01,662,16,False,0.0,True
SME_0126,2025-08-01,658,11,False,0.0,True
SME_0126,2025-09-01,644,22,False,0.0,True
SME_0126,2025-10-01,629,8,False,0.0,True
SME_0126,2025-11-01,630,17,False,0.0,True
SME_0126,2025-12-01,633,5,True,46907.54,True
SME_0126,2026-01-01,628,12,False,0.0,True
SME_0127,2024-08-01,675,10,False,0.0,True
SME_0127,2024-09-01,649,13,True,0.0,True
SME_0127,2024-10-01,648,14,False,0.0,True
SME_0127,2024-11-01,655,22,False,0.0,True
SME_0127,2024-12-01,653,15,True,8696.37,True
SME_0127,2025-01-01,647,7,True,0.0,True
SME_0127,2025-02-01,656,14,False,0.0,True
SME_0127,2025-03-01,651,10,False,0.0,True
SME_0127,2025-04-01,649,11,False,0.0,True
SME_0127,2025-05-01,663,14,False,0.0,True
SME_0127,2025-06-01,649,3,False,0.0,True
SME_0127,2025-07-01,664,9,False,0.0,True
SME_0127,2025-08-01,648,13,False,0.0,True
SME_0127,2025-09-01,649,16,False,0.0,True
SME_0127,2025-10-01,638,12,False,0.0,True
SME_0127,2025-11-01,645,16,False,0.0,True
SME_0127,2025-12-01,665,10,False,0.0,True
SME_0127,2026-01-01,661,15,True,29335.33,True
SME_0128,2024-08-01,462,8,False,0.0,True
SME_0128,2024-09-01,458,3,False,0.0,True
SME_0128,2024-10-01,453,7,True,0.0,True
SME_0128,2024-11-01,442,7,False,0.0,True
SME_0128,2024-12-01,454,3,False,0.0,True
SME_0128,2025-01-01,439,4,False,0.0,True
SME_0128,2025-02-01,437,4,False,0.0,True
SME_0128,2025-03-01,451,7,True,0.0,True
SME_0128,2025-04-01,441,2,False,0.0,True
SME_0128,2025-05-01,459,2,False,0.0,True
SME_0128,2025-06-01,469,3,False,0.0,True
SME_0128,2025-07-01,472,3,False,0.0,True
SME_0128,2025-08-01,451,0,False,0.0,True
SME_0128,2025-09-01,446,2,False,0.0,True
SME_0128,2025-10-01,435,2,False,0.0,True
SME_0128,2025-11-01,460,6,True,0.0,True
SME_0128,2025-12-01,470,6,False,0.0,True
SME_0128,2026-01-01,481,2,False,0.0,True
SME_0129,2024-08-01,582,16,False,0.0,True
SME_0129,2024-09-01,608,10,False,0.0,True
SME_0129,2024-10-01,586,13,False,0.0,True
SME_0129,2024-11-01,584,6,False,0.0,True
SME_0129,2024-12-01,583,7,False,0.0,True
SME_0129,2025-01-01,585,10,False,0.0,True
SME_0129,2025-02-01,586,8,False,0.0,True
SME_0129,2025-03-01,577,8,False,0.0,True
SME_0129,2025-04-01,559,4,True,59381.89,True
SME_0129,2025-05-01,553,15,False,0.0,True
SME_0129,2025-06-01,550,9,True,30823.11,True
SME_0129,2025-07-01,562,11,False,0.0,True
SME_0129,2025-08-01,569,14,False,0.0,True
SME_0129,2025-09-01,577,9,False,0.0,True
SME_0129,2025-10-01,583,20,False,0.0,True
SME_0129,2025-11-01,574,11,False,0.0,True
SME_0129,2025-12-01,578,5,False,0.0,True
SME_0129,2026-01-01,594,11,False,0.0,True
SME_0130,2024-08-01,540,13,True,0.0,True
SME_0130,2024-09-01,541,9,True,0.0,True
SME_0130,2024-10-01,550,14,False,0.0,True
SME_0130,2024-11-01,537,15,False,0.0,True
SME_0130,2024-12-01,548,11,False,0.0,True
SME_0130,2025-01-01,584,5,False,0.0,True
SME_0130,2025-02-01,624,12,False,0.0,True
SME_0130,2025-03-01,602,8,True,51310.23,True
SME_0130,2025-04-01,614,11,False,0.0,True
SME_0130,2025-05-01,621,14,True,40647.44,True
SME_0130,2025-06-01,613,6,False,0.0,True
SME_0130,2025-07-01,597,12,False,0.0,True
SME_0130,2025-08-01,579,9,False,0.0,True
SME_0130,2025-09-01,578,7,False,0.0,True
SME_0130,2025-10-01,589,8,False,0.0,True
SME_0130,2025-11-01,571,8,False,0.0,True
SME_0130,2025-12-01,569,9,False,0.0,True
SME_0130,2026-01-01,601,6,False,0.0,True
SME_0131,2024-08-01,590,12,False,0.0,True
SME_0131,2024-09-01,577,13,False,0.0,True
SME_0131,2024-10-01,571,9,False,0.0,True
SME_0131,2024-11-01,559,7,False,0.0,True
SME_0131,2024-12-01,580,9,False,0.0,True
SME_0131,2025-01-01,577,11,False,0.0,True
SME_0131,2025-02-01,562,17,False,0.0,True
SME_0131,2025-03-01,555,12,True,0.0,True
SME_0131,2025-04-01,591,10,True,0.0,True
SME_0131,2025-05-01,598,10,False,0.0,True
SME_0131,2025-06-01,586,8,False,0.0,True
SME_0131,2025-07-01,583,8,False,0.0,True
SME_0131,2025-08-01,588,7,False,0.0,True
SME_0131,2025-09-01,597,24,False,0.0,True
SME_0131,2025-10-01,604,15,False,0.0,True
SME_0131,2025-11-01,574,15,False,0.0,True
SME_0131,2025-12-01,600,14,True,0.0,True
SME_0131,2026-01-01,601,11,False,0.0,True
SME_0132,2024-08-01,549,13,False,0.0,True
SME_0132,2024-09-01,538,11,False,0.0,True
SME_0132,2024-10-01,536,14,False,0.0,True
SME_0132,2024-11-01,522,7,False,0.0,True
SME_0132,2024-12-01,531,10,False,0.0,True
SME_0132,2025-01-01,543,6,False,0.0,True
SME_0132,2025-02-01,567,4,False,0.0,True
SME_0132,2025-03-01,552,11,True,0.0,True
SME_0132,2025-04-01,580,9,False,0.0,True
SME_0132,2025-05-01,583,8,False,0.0,True
SME_0132,2025-06-01,583,0,False,0.0,False
SME_0132,2025-07-01,583,0,False,0.0,False
SME_0132,2025-08-01,583,0,False,0.0,False
SME_0132,2025-09-01,583,0,False,0.0,False
SME_0132,2025-10-01,583,0,False,0.0,False
SME_0132,2025-11-01,583,0,False,0.0,False
SME_0132,2025-12-01,583,0,False,0.0,False
SME_0132,2026-01-01,583,0,False,0.0,False
SME_0133,2024-08-01,675,13,False,0.0,True
SME_0133,2024-09-01,665,17,True,45059.71,True
SME_0133,2024-10-01,665,14,False,0.0,True
SME_0133,2024-11-01,662,12,False,0.0,True
SME_0133,2024-12-01,668,21,False,0.0,True
SME_0133,2025-01-01,698,14,False,0.0,True
SME_0133,2025-02-01,677,14,False,0.0,True
SME_0133,2025-03-01,688,22,True,0.0,True
SME_0133,2025-04-01,699,11,False,0.0,True
SME_0133,2025-05-01,702,8,False,0.0,True
SME_0133,2025-06-01,687,11,False,0.0,True
SME_0133,2025-07-01,703,17,False,0.0,True
SME_0133,2025-08-01,702,18,False,0.0,True
SME_0133,2025-09-01,717,10,True,63780.02,True
SME_0133,2025-10-01,712,12,False,0.0,True
SME_0133,2025-11-01,709,10,False,0.0,True
SME_0133,2025-12-01,696,16,False,0.0,True
SME_0133,2026-01-01,678,16,False,0.0,True
SME_0134,2024-08-01,552,10,False,0.0,True
SME_0134,2024-09-01,553,9,False,0.0,True
SME_0134,2024-10-01,547,8,False,0.0,True
SME_0134,2024-11-01,560,7,False,0.0,True
SME_0134,2024-12-01,572,4,False,0.0,True
SME_0134,2025-01-01,566,4,False,0.0,True
SME_0134,2025-02-01,558,10,False,0.0,True
SME_0134,2025-03-01,555,7,False,0.0,True
SME_0134,2025-04-01,560,5,True,0.0,True
SME_0134,2025-05-01,566,4,False,0.0,True
SME_0134,2025-06-01,555,7,False,0.0,True
SME_0134,2025-07-01,552,8,False,0.0,True
SME_0134,2025-08-01,529,2,False,0.0,True
SME_0134,2025-09-01,538,6,False,0.0,True
SME_0134,2025-10-01,547,3,False,0.0,True
SME_0134,2025-11-01,540,4,False,0.0,True
SME_0134,2025-12-01,527,3,False,0.0,True
SME_0134,2026-01-01,524,9,False,0.0,True
SME_0135,2024-08-01,518,3,False,0.0,True
SME_0135,2024-09-01,527,8,True,0.0,True
SME_0135,2024-10-01,503,6,False,0.0,True
SME_0135,2024-11-01,518,3,False,0.0,True
SME_0135,2024-12-01,535,8,False,0.0,True
SME_0135,2025-01-01,536,11,True,0.0,True
SME_0135,2025-02-01,530,6,False,0.0,True
SME_0135,2025-03-01,540,7,False,0.0,True
SME_0135,2025-04-01,552,7,False,0.0,True
SME_0135,2025-05-01,532,1,False,0.0,True
SME_0135,2025-06-01,529,5,False,0.0,True
SME_0135,2025-07-01,521,9,False,0.0,True
SME_0135,2025-08-01,522,10,False,0.0,True
SME_0135,2025-09-01,533,12,False,0.0,True
SME_0135,2025-10-01,543,5,True,0.0,True
SME_0135,2025-11-01,531,5,False,0.0,True
SME_0135,2025-12-01,521,9,False,0.0,True
SME_0135,2026-01-01,537,4,False,0.0,True
SME_0136,2024-08-01,663,8,False,0.0,True
SME_0136,2024-09-01,669,8,False,0.0,True
SME_0136,2024-10-01,678,10,True,40273.85,True
SME_0136,2024-11-01,669,12,True,65236.2,True
SME_0136,2024-12-01,653,15,False,0.0,True
SME_0136,2025-01-01,646,15,False,0.0,True
SME_0136,2025-02-01,657,9,False,0.0,True
SME_0136,2025-03-01,641,16,False,0.0,True
SME_0136,2025-04-01,628,12,False,0.0,True
SME_0136,2025-05-01,621,13,False,0.0,True
SME_0136,2025-06-01,649,8,False,0.0,True
SME_0136,2025-07-01,647,7,False,0.0,True
SME_0136,2025-08-01,664,14,True,0.0,True
SME_0136,2025-09-01,652,7,False,0.0,True
SME_0136,2025-10-01,633,7,False,0.0,True
SME_0136,2025-11-01,610,13,False,0.0,True
SME_0136,2025-12-01,621,15,False,0.0,True
SME_0136,2026-01-01,625,14,True,0.0,True
SME_0137,2024-08-01,731,10,False,0.0,True
SME_0137,2024-09-01,746,17,False,0.0,True
SME_0137,2024-10-01,743,16,False,0.0,True
SME_0137,2024-11-01,715,12,False,0.0,True
SME_0137,2024-12-01,702,14,False,0.0,True
SME_0137,2025-01-01,707,17,False,0.0,True
SME_0137,2025-02-01,704,22,False,0.0,True
SME_0137,2025-03-01,695,13,False,0.0,True
SME_0137,2025-04-01,718,11,False,0.0,True
SME_0137,2025-05-01,707,12,True,56581.98,True
SME_0137,2025-06-01,703,8,True,0.0,True
SME_0137,2025-07-01,698,14,False,0.0,True
SME_0137,2025-08-01,699,10,True,52806.41,True
SME_0137,2025-09-01,713,18,False,0.0,True
SME_0137,2025-10-01,702,15,False,0.0,True
SME_0137,2025-11-01,688,13,False,0.0,True
SME_0137,2025-12-01,694,14,False,0.0,True
SME_0137,2026-01-01,712,14,False,0.0,True
SME_0138,2024-08-01,607,15,False,0.0,True
SME_0138,2024-09-01,604,11,False,0.0,True
SME_0138,2024-10-01,602,10,False,0.0,True
SME_0138,2024-11-01,582,10,False,0.0,True
SME_0138,2024-12-01,597,11,False,0.0,True
SME_0138,2025-01-01,590,10,True,0.0,True
SME_0138,2025-02-01,581,14,True,0.0,True
SME_0138,2025-03-01,591,10,False,0.0,True
SME_0138,2025-04-01,583,7,False,0.0,True
SME_0138,2025-05-01,583,16,False,0.0,True
SME_0138,2025-06-01,571,10,False,0.0,True
SME_0138,2025-07-01,591,11,False,0.0,True
SME_0138,2025-08-01,591,15,False,0.0,True
SME_0138,2025-09-01,599,12,False,0.0,True
SME_0138,2025-10-01,594,12,False,0.0,True
SME_0138,2025-11-01,610,8,False,0.0,True
SME_0138,2025-12-01,586,7,False,0.0,True
SME_0138,2026-01-01,603,5,False,0.0,True
SME_0139,2024-08-01,702,20,False,0.0,True
SME_0139,2024-09-01,703,15,False,0.0,True
SME_0139,2024-10-01,716,21,False,0.0,True
SME_0139,2024-11-01,689,12,False,0.0,True
SME_0139,2024-12-01,695,16,True,58252.52,True
SME_0139,2025-01-01,696,20,False,0.0,True
SME_0139,2025-02-01,709,12,False,0.0,True
SME_0139,2025-03-01,709,14,False,0.0,True
SME_0139,2025-04-01,710,18,False,0.0,True
SME_0139,2025-05-01,712,10,False,0.0,True
SME_0139,2025-06-01,737,15,True,42591.55,True
SME_0139,2025-07-01,739,19,False,0.0,True
SME_0139,2025-08-01,728,21,False,0.0,True
SME_0139,2025-09-01,726,15,False,0.0,True
SME_0139,2025-10-01,718,12,False,0.0,True
SME_0139,2025-11-01,716,14,False,0.0,True
SME_0139,2025-12-01,737,19,False,0.0,True
SME_0139,2026-01-01,734,20,False,0.0,True
SME_0140,2024-08-01,596,12,True,42431.71,True
SME_0140,2024-09-01,614,10,False,0.0,True
SME_0140,2024-10-01,576,4,False,0.0,True
SME_0140,2024-11-01,578,3,False,0.0,True
SME_0140,2024-12-01,577,12,True,18415.36,True
SME_0140,2025-01-01,562,10,False,0.0,True
SME_0140,2025-02-01,558,11,False,0.0,True
SME_0140,2025-03-01,539,9,False,0.0,True
SME_0140,2025-04-01,536,10,False,0.0,True
SME_0140,2025-05-01,515,6,True,0.0,True
SME_0140,2025-06-01,524,6,False,0.0,True
SME_0140,2025-07-01,528,7,False,0.0,True
SME_0140,2025-08-01,526,10,False,0.0,True
SME_0140,2025-09-01,520,6,False,0.0,True
SME_0140,2025-10-01,523,5,False,0.0,True
SME_0140,2025-11-01,517,4,True,0.0,True
SME_0140,2025-12-01,528,4,False,0.0,True
SME_0140,2026-01-01,515,3,False,0.0,True
SME_0141,2024-08-01,670,12,False,0.0,True
SME_0141,2024-09-01,655,11,True,0.0,True
SME_0141,2024-10-01,668,12,False,0.0,True
SME_0141,2024-11-01,653,14,False,0.0,True
SME_0141,2024-12-01,672,12,True,0.0,True
SME_0141,2025-01-01,666,9,False,0.0,True
SME_0141,2025-02-01,655,16,False,0.0,True
SME_0141,2025-03-01,652,12,False,0.0,True
SME_0141,2025-04-01,645,11,False,0.0,True
SME_0141,2025-05-01,626,6,False,0.0,True
SME_0141,2025-06-01,627,16,False,0.0,True
SME_0141,2025-07-01,621,16,False,0.0,True
SME_0141,2025-08-01,632,11,False,0.0,True
SME_0141,2025-09-01,634,17,True,13312.31,True
SME_0141,2025-10-01,653,15,False,0.0,True
SME_0141,2025-11-01,642,16,True,0.0,True
SME_0141,2025-12-01,650,12,True,56770.93,True
SME_0141,2026-01-01,641,16,False,0.0,True
SME_0142,2024-08-01,667,8,True,0.0,True
SME_0142,2024-09-01,691,9,False,0.0,True
SME_0142,2024-10-01,692,13,True,50163.7,True
SME_0142,2024-11-01,700,17,False,0.0,True
SME_0142,2024-12-01,719,7,False,0.0,True
SME_0142,2025-01-01,719,14,False,0.0,True
SME_0142,2025-02-01,708,9,True,0.0,True
SME_0142,2025-03-01,703,11,False,0.0,True
SME_0142,2025-04-01,714,19,False,0.0,True
SME_0142,2025-05-01,711,17,False,0.0,True
SME_0142,2025-06-01,723,8,False,0.0,True
SME_0142,2025-07-01,715,15,False,0.0,True
SME_0142,2025-08-01,701,21,False,0.0,True
SME_0142,2025-09-01,691,7,False,0.0,True
SME_0142,2025-10-01,717,22,False,0.0,True
SME_0142,2025-11-01,705,6,False,0.0,True
SME_0142,2025-12-01,692,15,True,5996.09,True
SME_0142,2026-01-01,706,8,False,0.0,True
SME_0143,2024-08-01,595,6,False,0.0,True
SME_0143,2024-09-01,598,9,True,0.0,True
SME_0143,2024-10-01,587,14,False,0.0,True
SME_0143,2024-11-01,587,9,False,0.0,True
SME_0143,2024-12-01,589,3,False,0.0,True
SME_0143,2025-01-01,599,12,False,0.0,True
SME_0143,2025-02-01,601,14,False,0.0,True
SME_0143,2025-03-01,601,6,True,0.0,True
SME_0143,2025-04-01,596,8,False,0.0,True
SME_0143,2025-05-01,607,11,False,0.0,True
SME_0143,2025-06-01,600,14,False,0.0,True
SME_0143,2025-07-01,622,12,False,0.0,True
SME_0143,2025-08-01,626,7,False,0.0,True
SME_0143,2025-09-01,617,9,True,0.0,True
SME_0143,2025-10-01,610,10,False,0.0,True
SME_0143,2025-11-01,608,3,False,0.0,True
SME_0143,2025-12-01,616,7,False,0.0,True
SME_0143,2026-01-01,632,14,False,0.0,True
SME_0144,2024-08-01,636,8,False,0.0,True
SME_0144,2024-09-01,634,20,False,0.0,True
SME_0144,2024-10-01,646,14,False,0.0,True
SME_0144,2024-11-01,660,17,False,0.0,True
SME_0144,2024-12-01,646,10,True,0.0,True
SME_0144,2025-01-01,619,12,False,0.0,True
SME_0144,2025-02-01,628,13,False,0.0,True
SME_0144,2025-03-01,616,12,False,0.0,True
SME_0144,2025-04-01,607,10,False,0.0,True
SME_0144,2025-05-01,626,15,False,0.0,True
SME_0144,2025-06-01,634,18,False,0.0,True
SME_0144,2025-07-01,652,14,False,0.0,True
SME_0144,2025-08-01,644,15,False,0.0,True
SME_0144,2025-09-01,662,18,True,24258.27,True
SME_0144,2025-10-01,661,12,False,0.0,True
SME_0144,2025-11-01,665,10,False,0.0,True
SME_0144,2025-12-01,674,13,True,0.0,True
SME_0144,2026-01-01,676,16,False,0.0,True
SME_0145,2024-08-01,576,9,False,0.0,True
SME_0145,2024-09-01,578,13,False,0.0,True
SME_0145,2024-10-01,587,13,False,0.0,True
SME_0145,2024-11-01,599,16,False,0.0,True
SME_0145,2024-12-01,607,3,False,0.0,True
SME_0145,2025-01-01,604,12,False,0.0,True
SME_0145,2025-02-01,606,12,False,0.0,True
SME_0145,2025-03-01,612,13,False,0.0,True
SME_0145,2025-04-01,615,4,True,0.0,True
SME_0145,2025-05-01,606,11,False,0.0,True
SME_0145,2025-06-01,597,13,False,0.0,True
SME_0145,2025-07-01,597,0,False,0.0,False
SME_0145,2025-08-01,597,0,False,0.0,False
SME_0145,2025-09-01,597,0,False,0.0,False
SME_0145,2025-10-01,597,0,False,0.0,False
SME_0145,2025-11-01,597,0,False,0.0,False
SME_0145,2025-12-01,597,0,False,0.0,False
SME_0145,2026-01-01,597,0,False,0.0,False
SME_0146,2024-08-01,590,4,False,0.0,True
SME_0146,2024-09-01,581,7,False,0.0,True
SME_0146,2024-10-01,588,10,False,0.0,True
SME_0146,2024-11-01,580,7,False,0.0,True
SME_0146,2024-12-01,569,8,False,0.0,True
SME_0146,2025-01-01,573,12,True,0.0,True
SME_0146,2025-02-01,581,9,False,0.0,True
SME_0146,2025-03-01,572,9,True,0.0,True
SME_0146,2025-04-01,569,7,False,0.0,True
SME_0146,2025-05-01,556,4,False,0.0,True
SME_0146,2025-06-01,542,8,False,0.0,True
SME_0146,2025-07-01,531,7,True,0.0,True
SME_0146,2025-08-01,531,2,False,0.0,True
SME_0146,2025-09-01,532,9,False,0.0,True
SME_0146,2025-10-01,524,5,False,0.0,True
SME_0146,2025-11-01,529,1,False,0.0,True
SME_0146,2025-12-01,529,0,False,0.0,False
SME_0146,2026-01-01,529,0,False,0.0,False
SME_0147,2024-08-01,652,13,False,0.0,True
SME_0147,2024-09-01,649,17,False,0.0,True
SME_0147,2024-10-01,649,10,False,0.0,True
SME_0147,2024-11-01,652,12,False,0.0,True
SME_0147,2024-12-01,636,16,False,0.0,True
SME_0147,2025-01-01,646,11,False,0.0,True
SME_0147,2025-02-01,649,6,False,0.0,True
SME_0147,2025-03-01,641,13,False,0.0,True
SME_0147,2025-04-01,615,13,False,0.0,True
SME_0147,2025-05-01,609,12,False,0.0,True
SME_0147,2025-06-01,612,11,False,0.0,True
SME_0147,2025-07-01,632,12,True,0.0,True
SME_0147,2025-08-01,624,20,False,0.0,True
SME_0147,2025-09-01,637,15,False,0.0,True
SME_0147,2025-10-01,637,5,False,0.0,True
SME_0147,2025-11-01,638,9,False,0.0,True
SME_0147,2025-12-01,644,10,False,0.0,True
SME_0147,2026-01-01,642,7,False,0.0,True
SME_0148,2024-08-01,648,11,False,0.0,True
SME_0148,2024-09-01,614,6,True,33158.17,True
SME_0148,2024-10-01,611,12,False,0.0,True
SME_0148,2024-11-01,612,13,True,0.0,True
SME_0148,2024-12-01,612,6,False,0.0,True
SME_0148,2025-01-01,630,8,False,0.0,True
SME_0148,2025-02-01,634,13,False,0.0,True
SME_0148,2025-03-01,625,11,False,0.0,True
SME_0148,2025-04-01,622,7,False,0.0,True
SME_0148,2025-05-01,615,14,False,0.0,True
SME_0148,2025-06-01,600,16,True,0.0,True
SME_0148,2025-07-01,613,6,False,0.0,True
SME_0148,2025-08-01,627,7,False,0.0,True
SME_0148,2025-09-01,640,10,False,0.0,True
SME_0148,2025-10-01,642,9,True,0.0,True
SME_0148,2025-11-01,638,7,False,0.0,True
SME_0148,2025-12-01,629,12,False,0.0,True
SME_0148,2026-01-01,602,7,False,0.0,True
SME_0149,2024-08-01,391,0,False,0.0,True
SME_0149,2024-09-01,386,0,False,0.0,True
SME_0149,2024-10-01,386,4,False,0.0,True
SME_0149,2024-11-01,381,0,False,0.0,True
SME_0149,2024-12-01,389,4,False,0.0,True
SME_0149,2025-01-01,376,3,False,0.0,True
SME_0149,2025-02-01,382,4,False,0.0,True
SME_0149,2025-03-01,375,5,True,0.0,True
SME_0149,2025-04-01,389,2,False,0.0,True
SME_0149,2025-05-01,391,4,False,0.0,True
SME_0149,2025-06-01,398,3,False,0.0,True
SME_0149,2025-07-01,392,2,False,0.0,True
SME_0149,2025-08-01,386,4,False,0.0,True
SME_0149,2025-09-01,358,5,False,0.0,True
SME_0149,2025-10-01,382,4,False,0.0,True
SME_0149,2025-11-01,385,0,False,0.0,True
SME_0149,2025-12-01,398,3,False,0.0,True
SME_0149,2026-01-01,407,2,False,0.0,True
SME_0150,2024-08-01,651,6,False,0.0,True
SME_0150,2024-09-01,670,16,False,0.0,True
SME_0150,2024-10-01,665,6,False,0.0,True
SME_0150,2024-11-01,671,17,False,0.0,True
SME_0150,2024-12-01,674,15,False,0.0,True
SME_0150,2025-01-01,677,7,False,0.0,True
SME_0150,2025-02-01,689,11,False,0.0,True
SME_0150,2025-03-01,657,11,False,0.0,True
SME_0150,2025-04-01,645,11,False,0.0,True
SME_0150,2025-05-01,665,16,False,0.0,True
SME_0150,2025-06-01,679,16,True,54110.24,True
SME_0150,2025-07-01,686,13,True,55913.52,True
SME_0150,2025-08-01,673,12,False,0.0,True
SME_0150,2025-09-01,675,13,False,0.0,True
SME_0150,2025-10-01,670,12,False,0.0,True
SME_0150,2025-11-01,652,15,False,0.0,True
SME_0150,2025-12-01,642,16,False,0.0,True
SME_0150,2026-01-01,642,17,True,62338.09,True
SME_0151,2024-08-01,803,12,False,0.0,True
SME_0151,2024-09-01,793,16,False,0.0,True
SME_0151,2024-10-01,825,15,False,0.0,True
SME_0151,2024-11-01,830,22,False,0.0,True
SME_0151,2024-12-01,822,18,False,0.0,True
SME_0151,2025-01-01,809,16,False,0.0,True
SME_0151,2025-02-01,814,22,False,0.0,True
SME_0151,2025-03-01,809,13,True,28576.64,True
SME_0151,2025-04-01,810,13,False,0.0,True
SME_0151,2025-05-01,805,21,False,0.0,True
SME_0151,2025-06-01,803,16,False,0.0,True
SME_0151,2025-07-01,809,16,False,0.0,True
SME_0151,2025-08-01,809,19,False,0.0,True
SME_0151,2025-09-01,831,23,False,0.0,True
SME_0151,2025-10-01,829,16,True,51359.3,True
SME_0151,2025-11-01,815,18,False,0.0,True
SME_0151,2025-12-01,788,14,False,0.0,True
SME_0151,2026-01-01,787,13,True,26950.1,True
SME_0152,2024-08-01,649,13,False,0.0,True
SME_0152,2024-09-01,658,14,False,0.0,True
SME_0152,2024-10-01,671,20,True,52513.54,True
SME_0152,2024-11-01,658,12,False,0.0,True
SME_0152,2024-12-01,663,16,False,0.0,True
SME_0152,2025-01-01,659,10,False,0.0,True
SME_0152,2025-02-01,635,11,False,0.0,True
SME_0152,2025-03-01,630,16,False,0.0,True
SME_0152,2025-04-01,626,9,False,0.0,True
SME_0152,2025-05-01,625,15,True,0.0,True
SME_0152,2025-06-01,628,17,False,0.0,True
SME_0152,2025-07-01,647,14,True,55713.96,True
SME_0152,2025-08-01,644,12,False,0.0,True
SME_0152,2025-09-01,634,21,False,0.0,True
SME_0152,2025-10-01,652,11,False,0.0,True
SME_0152,2025-11-01,646,16,False,0.0,True
SME_0152,2025-12-01,640,15,True,0.0,True
SME_0152,2026-01-01,645,10,False,0.0,True
SME_0153,2024-08-01,453,2,False,0.0,True
SME_0153,2024-09-01,446,5,False,0.0,True
SME_0153,2024-10-01,464,8,False,0.0,True
SME_0153,2024-11-01,470,2,False,0.0,True
SME_0153,2024-12-01,469,4,True,0.0,True
SME_0153,2025-01-01,471,4,True,0.0,True
SME_0153,2025-02-01,454,4,False,0.0,True
SME_0153,2025-03-01,460,4,False,0.0,True
SME_0153,2025-04-01,452,4,False,0.0,True
SME_0153,2025-05-01,434,6,False,0.0,True
SME_0153,2025-06-01,431,2,False,0.0,True
SME_0153,2025-07-01,420,3,False,0.0,True
SME_0153,2025-08-01,430,4,False,0.0,True
SME_0153,2025-09-01,420,1,False,0.0,True
SME_0153,2025-10-01,406,2,False,0.0,True
SME_0153,2025-11-01,416,6,True,0.0,True
SME_0153,2025-12-01,416,0,False,0.0,False
SME_0153,2026-01-01,416,0,False,0.0,False
SME_0154,2024-08-01,616,10,False,0.0,True
SME_0154,2024-09-01,595,7,False,0.0,True
SME_0154,2024-10-01,578,13,False,0.0,True
SME_0154,2024-11-01,599,7,False,0.0,True
SME_0154,2024-12-01,597,9,True,32441.94,True
SME_0154,2025-01-01,595,4,False,0.0,True
SME_0154,2025-02-01,600,12,False,0.0,True
SME_0154,2025-03-01,597,15,False,0.0,True
SME_0154,2025-04-01,603,5,False,0.0,True
SME_0154,2025-05-01,606,9,False,0.0,True
SME_0154,2025-06-01,604,8,False,0.0,True
SME_0154,2025-07-01,580,11,True,0.0,True
SME_0154,2025-08-01,576,6,False,0.0,True
SME_0154,2025-09-01,582,14,False,0.0,True
SME_0154,2025-10-01,589,11,True,54083.41,True
SME_0154,2025-11-01,597,9,False,0.0,True
SME_0154,2025-12-01,604,10,False,0.0,True
SME_0154,2026-01-01,594,10,False,0.0,True
SME_0155,2024-08-01,518,9,False,0.0,True
SME_0155,2024-09-01,497,2,False,0.0,True
SME_0155,2024-10-01,508,6,False,0.0,True
SME_0155,2024-11-01,511,4,False,0.0,True
SME_0155,2024-12-01,511,0,False,0.0,False
SME_0155,2025-01-01,511,0,False,0.0,False
SME_0155,2025-02-01,511,0,False,0.0,False
SME_0155,2025-03-01,511,0,False,0.0,False
SME_0155,2025-04-01,511,0,False,0.0,False
SME_0155,2025-05-01,511,0,False,0.0,False
SME_0155,2025-06-01,511,0,False,0.0,False
SME_0155,2025-07-01,511,0,False,0.0,False
SME_0155,2025-08-01,511,0,False,0.0,False
SME_0155,2025-09-01,511,0,False,0.0,False
SME_0155,2025-10-01,511,0,False,0.0,False
SME_0155,2025-11-01,511,0,False,0.0,False
SME_0155,2025-12-01,511,0,False,0.0,False
SME_0155,2026-01-01,511,0,False,0.0,False
SME_0156,2024-08-01,599,13,False,0.0,True
SME_0156,2024-09-01,609,9,True,0.0,True
SME_0156,2024-10-01,608,10,False,0.0,True
SME_0156,2024-11-01,610,7,True,35888.39,True
SME_0156,2024-12-01,592,9,False,0.0,True
SME_0156,2025-01-01,610,9,False,0.0,True
SME_0156,2025-02-01,613,11,True,30581.0,True
SME_0156,2025-03-01,622,12,False,0.0,True
SME_0156,2025-04-01,614,11,False,0.0,True
SME_0156,2025-05-01,617,9,False,0.0,True
SME_0156,2025-06-01,607,11,False,0.0,True
SME_0156,2025-07-01,613,10,False,0.0,True
SME_0156,2025-08-01,599,14,False,0.0,True
SME_0156,2025-09-01,598,8,False,0.0,True
SME_0156,2025-10-01,607,10,True,0.0,True
SME_0156,2025-11-01,620,12,False,0.0,True
SME_0156,2025-12-01,619,8,False,0.0,True
SME_0156,2026-01-01,618,9,True,18534.65,True
SME_0157,2024-08-01,508,13,False,0.0,True
SME_0157,2024-09-01,527,14,False,0.0,True
SME_0157,2024-10-01,523,6,True,0.0,True
SME_0157,2024-11-01,540,2,False,0.0,True
SME_0157,2024-12-01,553,8,False,0.0,True
SME_0157,2025-01-01,566,9,False,0.0,True
SME_0157,2025-02-01,565,12,False,0.0,True
SME_0157,2025-03-01,569,7,False,0.0,True
SME_0157,2025-04-01,571,8,False,0.0,True
SME_0157,2025-05-01,588,6,False,0.0,True
SME_0157,2025-06-01,600,7,True,0.0,True
SME_0157,2025-07-01,598,5,False,0.0,True
SME_0157,2025-08-01,600,6,True,26655.79,True
SME_0157,2025-09-01,589,6,True,0.0,True
SME_0157,2025-10-01,587,5,False,0.0,True
SME_0157,2025-11-01,552,5,False,0.0,True
SME_0157,2025-12-01,548,10,False,0.0,True
SME_0157,2026-01-01,541,5,False,0.0,True
SME_0158,2024-08-01,589,7,False,0.0,True
SME_0158,2024-09-01,614,14,False,0.0,True
SME_0158,2024-10-01,613,6,False,0.0,True
SME_0158,2024-11-01,638,10,True,18352.79,True
SME_0158,2024-12-01,636,17,False,0.0,True
SME_0158,2025-01-01,631,15,False,0.0,True
SME_0158,2025-02-01,653,16,False,0.0,True
SME_0158,2025-03-01,647,12,False,0.0,True
SME_0158,2025-04-01,637,10,False,0.0,True
SME_0158,2025-05-01,616,15,False,0.0,True
SME_0158,2025-06-01,634,13,False,0.0,True
SME_0158,2025-07-01,645,12,False,0.0,True
SME_0158,2025-08-01,669,9,False,0.0,True
SME_0158,2025-09-01,639,13,False,0.0,True
SME_0158,2025-10-01,613,19,False,0.0,True
SME_0158,2025-11-01,613,9,False,0.0,True
SME_0158,2025-12-01,622,18,False,0.0,True
SME_0158,2026-01-01,628,20,False,0.0,True
SME_0159,2024-08-01,659,10,False,0.0,True
SME_0159,2024-09-01,664,12,True,0.0,True
SME_0159,2024-10-01,673,15,False,0.0,True
SME_0159,2024-11-01,665,14,False,0.0,True
SME_0159,2024-12-01,655,13,False,0.0,True
SME_0159,2025-01-01,638,19,False,0.0,True
SME_0159,2025-02-01,653,10,False,0.0,True
SME_0159,2025-03-01,649,17,False,0.0,True
SME_0159,2025-04-01,672,13,False,0.0,True
SME_0159,2025-05-01,662,17,True,0.0,True
SME_0159,2025-06-01,659,11,False,0.0,True
SME_0159,2025-07-01,645,23,True,38714.21,True
SME_0159,2025-08-01,663,10,False,0.0,True
SME_0159,2025-09-01,674,9,False,0.0,True
SME_0159,2025-10-01,676,8,True,26031.09,True
SME_0159,2025-11-01,681,14,True,0.0,True
SME_0159,2025-12-01,672,11,True,21737.03,True
SME_0159,2026-01-01,668,14,False,0.0,True
SME_0160,2024-08-01,465,7,False,0.0,True
SME_0160,2024-09-01,467,6,False,0.0,True
SME_0160,2024-10-01,476,8,False,0.0,True
SME_0160,2024-11-01,473,7,False,0.0,True
SME_0160,2024-12-01,493,8,False,0.0,True
SME_0160,2025-01-01,492,6,False,0.0,True
SME_0160,2025-02-01,494,4,False,0.0,True
SME_0160,2025-03-01,508,3,False,0.0,True
SME_0160,2025-04-01,548,4,True,0.0,True
SME_0160,2025-05-01,532,1,False,0.0,True
SME_0160,2025-06-01,542,6,False,0.0,True
SME_0160,2025-07-01,536,10,False,0.0,True
SME_0160,2025-08-01,539,3,True,0.0,True
SME_0160,2025-09-01,524,3,False,0.0,True
SME_0160,2025-10-01,510,11,False,0.0,True
SME_0160,2025-11-01,525,3,False,0.0,True
SME_0160,2025-12-01,514,7,False,0.0,True
SME_0160,2026-01-01,529,5,False,0.0,True
SME_0161,2024-08-01,566,5,True,0.0,True
SME_0161,2024-09-01,573,8,False,0.0,True
SME_0161,2024-10-01,612,12,False,0.0,True
SME_0161,2024-11-01,586,14,False,0.0,True
SME_0161,2024-12-01,606,12,False,0.0,True
SME_0161,2025-01-01,615,13,False,0.0,True
SME_0161,2025-02-01,609,15,False,0.0,True
SME_0161,2025-03-01,615,12,False,0.0,True
SME_0161,2025-04-01,603,13,False,0.0,True
SME_0161,2025-05-01,584,11,True,49667.55,True
SME_0161,2025-06-01,591,14,True,0.0,True
SME_0161,2025-07-01,589,8,False,0.0,True
SME_0161,2025-08-01,587,12,False,0.0,True
SME_0161,2025-09-01,590,10,True,0.0,True
SME_0161,2025-10-01,584,14,True,0.0,True
SME_0161,2025-11-01,588,4,False,0.0,True
SME_0161,2025-12-01,604,11,False,0.0,True
SME_0161,2026-01-01,608,13,False,0.0,True
SME_0162,2024-08-01,730,17,True,68575.72,True
SME_0162,2024-09-01,735,16,True,12306.39,True
SME_0162,2024-10-01,744,18,True,38392.48,True
SME_0162,2024-11-01,753,13,True,51871.24,True
SME_0162,2024-12-01,741,22,False,0.0,True
SME_0162,2025-01-01,752,15,False,0.0,True
SME_0162,2025-02-01,758,23,False,0.0,True
SME_0162,2025-03-01,775,12,False,0.0,True
SME_0162,2025-04-01,783,21,False,0.0,True
SME_0162,2025-05-01,781,22,False,0.0,True
SME_0162,2025-06-01,760,19,True,10590.08,True
SME_0162,2025-07-01,773,17,False,0.0,True
SME_0162,2025-08-01,788,26,True,63446.22,True
SME_0162,2025-09-01,772,18,False,0.0,True
SME_0162,2025-10-01,775,17,False,0.0,True
SME_0162,2025-11-01,754,20,True,57627.93,True
SME_0162,2025-12-01,742,27,False,0.0,True
SME_0162,2026-01-01,761,13,False,0.0,True
SME_0163,2024-08-01,552,13,True,0.0,True
SME_0163,2024-09-01,589,10,False,0.0,True
SME_0163,2024-10-01,569,4,False,0.0,True
SME_0163,2024-11-01,564,5,False,0.0,True
SME_0163,2024-12-01,551,7,False,0.0,True
SME_0163,2025-01-01,527,7,True,47719.16,True
SME_0163,2025-02-01,527,10,False,0.0,True
SME_0163,2025-03-01,535,9,False,0.0,True
SME_0163,2025-04-01,567,3,False,0.0,True
SME_0163,2025-05-01,574,4,False,0.0,True
SME_0163,2025-06-01,565,8,False,0.0,True
SME_0163,2025-07-01,556,5,False,0.0,True
SME_0163,2025-08-01,541,7,False,0.0,True
SME_0163,2025-09-01,559,8,False,0.0,True
SME_0163,2025-10-01,571,6,False,0.0,True
SME_0163,2025-11-01,560,7,False,0.0,True
SME_0163,2025-12-01,551,5,False,0.0,True
SME_0163,2026-01-01,546,6,False,0.0,True
SME_0164,2024-08-01,553,6,False,0.0,True
SME_0164,2024-09-01,560,7,True,32747.59,True
SME_0164,2024-10-01,547,4,False,0.0,True
SME_0164,2024-11-01,522,10,False,0.0,True
SME_0164,2024-12-01,522,0,False,0.0,False
SME_0164,2025-01-01,522,0,False,0.0,False
SME_0164,2025-02-01,522,0,False,0.0,False
SME_0164,2025-03-01,522,0,False,0.0,False
SME_0164,2025-04-01,522,0,False,0.0,False
SME_0164,2025-05-01,522,0,False,0.0,False
SME_0164,2025-06-01,522,0,False,0.0,False
SME_0164,2025-07-01,522,0,False,0.0,False
SME_0164,2025-08-01,522,0,False,0.0,False
SME_0164,2025-09-01,522,0,False,0.0,False
SME_0164,2025-10-01,522,0,False,0.0,False
SME_0164,2025-11-01,522,0,False,0.0,False
SME_0164,2025-12-01,522,0,False,0.0,False
SME_0164,2026-01-01,522,0,False,0.0,False
SME_0165,2024-08-01,593,5,False,0.0,True
SME_0165,2024-09-01,576,6,False,0.0,True
SME_0165,2024-10-01,573,13,False,0.0,True
SME_0165,2024-11-01,579,9,True,26932.01,True
SME_0165,2024-12-01,580,14,False,0.0,True
SME_0165,2025-01-01,580,9,False,0.0,True
SME_0165,2025-02-01,582,9,False,0.0,True
SME_0165,2025-03-01,604,10,False,0.0,True
SME_0165,2025-04-01,610,9,False,0.0,True
SME_0165,2025-05-01,611,11,False,0.0,True
SME_0165,2025-06-01,602,11,True,0.0,True
SME_0165,2025-07-01,600,7,False,0.0,True
SME_0165,2025-08-01,591,12,True,49625.43,True
SME_0165,2025-09-01,601,13,False,0.0,True
SME_0165,2025-10-01,636,13,True,0.0,True
SME_0165,2025-11-01,636,10,False,0.0,True
SME_0165,2025-12-01,654,7,False,0.0,True
SME_0165,2026-01-01,644,9,False,0.0,True
SME_0166,2024-08-01,646,11,True,0.0,True
SME_0166,2024-09-01,647,15,True,0.0,True
SME_0166,2024-10-01,632,4,False,0.0,True
SME_0166,2024-11-01,634,10,False,0.0,True
SME_0166,2024-12-01,628,9,False,0.0,True
SME_0166,2025-01-01,603,10,False,0.0,True
SME_0166,2025-02-01,616,14,False,0.0,True
SME_0166,2025-03-01,636,8,False,0.0,True
SME_0166,2025-04-01,636,0,False,0.0,False
SME_0166,2025-05-01,636,0,False,0.0,False
SME_0166,2025-06-01,636,0,False,0.0,False
SME_0166,2025-07-01,636,0,False,0.0,False
SME_0166,2025-08-01,636,0,False,0.0,False
SME_0166,2025-09-01,636,0,False,0.0,False
SME_0166,2025-10-01,636,0,False,0.0,False
SME_0166,2025-11-01,636,0,False,0.0,False
SME_0166,2025-12-01,636,0,False,0.0,False
SME_0166,2026-01-01,636,0,False,0.0,False
SME_0167,2024-08-01,531,9,False,0.0,True
SME_0167,2024-09-01,534,10,False,0.0,True
SME_0167,2024-10-01,508,7,True,0.0,True
SME_0167,2024-11-01,515,12,False,0.0,True
SME_0167,2024-12-01,505,6,False,0.0,True
SME_0167,2025-01-01,504,3,False,0.0,True
SME_0167,2025-02-01,508,7,True,0.0,True
SME_0167,2025-03-01,497,3,False,0.0,True
SME_0167,2025-04-01,510,3,False,0.0,True
SME_0167,2025-05-01,508,3,False,0.0,True
SME_0167,2025-06-01,516,5,False,0.0,True
SME_0167,2025-07-01,536,5,False,0.0,True
SME_0167,2025-08-01,527,1,False,0.0,True
SME_0167,2025-09-01,515,4,False,0.0,True
SME_0167,2025-10-01,534,5,False,0.0,True
SME_0167,2025-11-01,530,6,False,0.0,True
SME_0167,2025-12-01,541,8,False,0.0,True
SME_0167,2026-01-01,539,3,False,0.0,True
SME_0168,2024-08-01,703,11,False,0.0,True
SME_0168,2024-09-01,701,16,False,0.0,True
SME_0168,2024-10-01,709,7,False,0.0,True
SME_0168,2024-11-01,707,17,False,0.0,True
SME_0168,2024-12-01,695,11,False,0.0,True
SME_0168,2025-01-01,700,5,False,0.0,True
SME_0168,2025-02-01,684,16,True,0.0,True
SME_0168,2025-03-01,699,21,False,0.0,True
SME_0168,2025-04-01,696,12,False,0.0,True
SME_0168,2025-05-01,679,15,False,0.0,True
SME_0168,2025-06-01,673,15,False,0.0,True
SME_0168,2025-07-01,678,21,False,0.0,True
SME_0168,2025-08-01,691,11,False,0.0,True
SME_0168,2025-09-01,666,13,True,0.0,True
SME_0168,2025-10-01,677,10,False,0.0,True
SME_0168,2025-11-01,666,13,True,0.0,True
SME_0168,2025-12-01,677,12,False,0.0,True
SME_0168,2026-01-01,678,17,True,11511.24,True
SME_0169,2024-08-01,547,8,False,0.0,True
SME_0169,2024-09-01,529,12,False,0.0,True
SME_0169,2024-10-01,545,19,False,0.0,True
SME_0169,2024-11-01,545,5,False,0.0,True
SME_0169,2024-12-01,562,6,False,0.0,True
SME_0169,2025-01-01,527,7,False,0.0,True
SME_0169,2025-02-01,532,9,False,0.0,True
SME_0169,2025-03-01,545,7,False,0.0,True
SME_0169,2025-04-01,520,4,True,0.0,True
SME_0169,2025-05-01,524,6,True,54404.4,True
SME_0169,2025-06-01,537,12,False,0.0,True
SME_0169,2025-07-01,548,7,True,51311.3,True
SME_0169,2025-08-01,556,3,False,0.0,True
SME_0169,2025-09-01,554,7,True,0.0,True
SME_0169,2025-10-01,557,2,False,0.0,True
SME_0169,2025-11-01,544,5,False,0.0,True
SME_0169,2025-12-01,552,3,False,0.0,True
SME_0169,2026-01-01,567,5,False,0.0,True
SME_0170,2024-08-01,794,12,True,79770.46,True
SME_0170,2024-09-01,790,23,True,49698.02,True
SME_0170,2024-10-01,773,17,True,76891.22,True
SME_0170,2024-11-01,783,21,False,0.0,True
SME_0170,2024-12-01,774,21,False,0.0,True
SME_0170,2025-01-01,788,13,False,0.0,True
SME_0170,2025-02-01,774,18,False,0.0,True
SME_0170,2025-03-01,775,19,False,0.0,True
SME_0170,2025-04-01,765,17,True,48516.93,True
SME_0170,2025-05-01,765,17,False,0.0,True
SME_0170,2025-06-01,753,17,False,0.0,True
SME_0170,2025-07-01,748,14,False,0.0,True
SME_0170,2025-08-01,737,14,True,59554.44,True
SME_0170,2025-09-01,748,17,False,0.0,True
SME_0170,2025-10-01,754,14,False,0.0,True
SME_0170,2025-11-01,771,15,True,41243.96,True
SME_0170,2025-12-01,769,25,False,0.0,True
SME_0170,2026-01-01,755,15,False,0.0,True
SME_0171,2024-08-01,612,12,False,0.0,True
SME_0171,2024-09-01,620,24,True,51693.41,True
SME_0171,2024-10-01,628,6,False,0.0,True
SME_0171,2024-11-01,624,7,False,0.0,True
SME_0171,2024-12-01,618,8,False,0.0,True
SME_0171,2025-01-01,610,4,False,0.0,True
SME_0171,2025-02-01,629,9,False,0.0,True
SME_0171,2025-03-01,637,15,False,0.0,True
SME_0171,2025-04-01,631,6,False,0.0,True
SME_0171,2025-05-01,621,16,False,0.0,True
SME_0171,2025-06-01,648,11,False,0.0,True
SME_0171,2025-07-01,626,16,False,0.0,True
SME_0171,2025-08-01,613,9,False,0.0,True
SME_0171,2025-09-01,598,8,False,0.0,True
SME_0171,2025-10-01,580,11,False,0.0,True
SME_0171,2025-11-01,598,15,True,60180.92,True
SME_0171,2025-12-01,598,15,False,0.0,True
SME_0171,2026-01-01,605,13,True,0.0,True
SME_0172,2024-08-01,714,20,False,0.0,True
SME_0172,2024-09-01,707,14,False,0.0,True
SME_0172,2024-10-01,708,18,True,59577.9,True
SME_0172,2024-11-01,683,15,False,0.0,True
SME_0172,2024-12-01,685,11,True,0.0,True
SME_0172,2025-01-01,670,12,False,0.0,True
SME_0172,2025-02-01,676,14,False,0.0,True
SME_0172,2025-03-01,692,18,False,0.0,True
SME_0172,2025-04-01,680,21,False,0.0,True
SME_0172,2025-05-01,671,14,False,0.0,True
SME_0172,2025-06-01,669,16,False,0.0,True
SME_0172,2025-07-01,666,13,False,0.0,True
SME_0172,2025-08-01,662,9,False,0.0,True
SME_0172,2025-09-01,662,15,False,0.0,True
SME_0172,2025-10-01,662,11,False,0.0,True
SME_0172,2025-11-01,674,21,False,0.0,True
SME_0172,2025-12-01,653,25,False,0.0,True
SME_0172,2026-01-01,666,15,False,0.0,True
SME_0173,2024-08-01,456,4,False,0.0,True
SME_0173,2024-09-01,462,5,False,0.0,True
SME_0173,2024-10-01,473,5,False,0.0,True
SME_0173,2024-11-01,476,3,False,0.0,True
SME_0173,2024-12-01,482,7,True,0.0,True
SME_0173,2025-01-01,492,6,False,0.0,True
SME_0173,2025-02-01,495,2,False,0.0,True
SME_0173,2025-03-01,485,7,False,0.0,True
SME_0173,2025-04-01,480,9,False,0.0,True
SME_0173,2025-05-01,480,8,False,0.0,True
SME_0173,2025-06-01,457,3,False,0.0,True
SME_0173,2025-07-01,470,8,False,0.0,True
SME_0173,2025-08-01,456,3,True,0.0,True
SME_0173,2025-09-01,470,3,False,0.0,True
SME_0173,2025-10-01,482,2,False,0.0,True
SME_0173,2025-11-01,493,5,False,0.0,True
SME_0173,2025-12-01,483,5,False,0.0,True
SME_0173,2026-01-01,479,4,False,0.0,True
SME_0174,2024-08-01,662,9,False,0.0,True
SME_0174,2024-09-01,695,14,False,0.0,True
SME_0174,2024-10-01,682,11,False,0.0,True
SME_0174,2024-11-01,673,6,False,0.0,True
SME_0174,2024-12-01,685,19,True,24553.74,True
SME_0174,2025-01-01,700,10,False,0.0,True
SME_0174,2025-02-01,699,14,True,0.0,True
SME_0174,2025-03-01,715,11,False,0.0,True
SME_0174,2025-04-01,706,15,False,0.0,True
SME_0174,2025-05-01,702,15,False,0.0,True
SME_0174,2025-06-01,679,11,False,0.0,True
SME_0174,2025-07-01,683,12,False,0.0,True
SME_0174,2025-08-01,685,16,True,34967.7,True
SME_0174,2025-09-01,676,7,False,0.0,True
SME_0174,2025-10-01,659,9,False,0.0,True
SME_0174,2025-11-01,665,3,False,0.0,True
SME_0174,2025-12-01,669,12,False,0.0,True
SME_0174,2026-01-01,672,20,False,0.0,True
SME_0175,2024-08-01,521,8,False,0.0,True
SME_0175,2024-09-01,543,13,False,0.0,True
SME_0175,2024-10-01,561,11,False,0.0,True
SME_0175,2024-11-01,574,9,True,0.0,True
SME_0175,2024-12-01,572,11,False,0.0,True
SME_0175,2025-01-01,562,5,False,0.0,True
SME_0175,2025-02-01,550,7,False,0.0,True
SME_0175,2025-03-01,573,12,False,0.0,True
SME_0175,2025-04-01,560,6,False,0.0,True
SME_0175,2025-05-01,559,6,False,0.0,True
SME_0175,2025-06-01,559,8,False,0.0,True
SME_0175,2025-07-01,591,6,False,0.0,True
SME_0175,2025-08-01,581,10,False,0.0,True
SME_0175,2025-09-01,582,9,True,19787.79,True
SME_0175,2025-10-01,561,8,False,0.0,True
SME_0175,2025-11-01,548,3,False,0.0,True
SME_0175,2025-12-01,548,0,False,0.0,False
SME_0175,2026-01-01,548,0,False,0.0,False
SME_0176,2024-08-01,494,11,False,0.0,True
SME_0176,2024-09-01,510,18,False,0.0,True
SME_0176,2024-10-01,529,9,False,0.0,True
SME_0176,2024-11-01,517,7,False,0.0,True
SME_0176,2024-12-01,514,6,False,0.0,True
SME_0176,2025-01-01,527,6,False,0.0,True
SME_0176,2025-02-01,513,3,False,0.0,True
SME_0176,2025-03-01,505,9,True,0.0,True
SME_0176,2025-04-01,524,8,False,0.0,True
SME_0176,2025-05-01,513,1,False,0.0,True
SME_0176,2025-06-01,504,1,False,0.0,True
SME_0176,2025-07-01,507,9,False,0.0,True
SME_0176,2025-08-01,500,8,False,0.0,True
SME_0176,2025-09-01,482,5,False,0.0,True
SME_0176,2025-10-01,489,5,False,0.0,True
SME_0176,2025-11-01,487,6,False,0.0,True
SME_0176,2025-12-01,501,7,False,0.0,True
SME_0176,2026-01-01,509,5,False,0.0,True
SME_0177,2024-08-01,591,8,False,0.0,True
SME_0177,2024-09-01,597,9,False,0.0,True
SME_0177,2024-10-01,605,13,False,0.0,True
SME_0177,2024-11-01,610,11,True,52600.54,True
SME_0177,2024-12-01,607,11,False,0.0,True
SME_0177,2025-01-01,593,10,False,0.0,True
SME_0177,2025-02-01,590,12,False,0.0,True
SME_0177,2025-03-01,599,14,False,0.0,True
SME_0177,2025-04-01,609,8,False,0.0,True
SME_0177,2025-05-01,601,6,False,0.0,True
SME_0177,2025-06-01,588,8,False,0.0,True
SME_0177,2025-07-01,571,15,False,0.0,True
SME_0177,2025-08-01,562,8,False,0.0,True
SME_0177,2025-09-01,573,10,False,0.0,True
SME_0177,2025-10-01,596,7,False,0.0,True
SME_0177,2025-11-01,589,11,False,0.0,True
SME_0177,2025-12-01,603,10,False,0.0,True
SME_0177,2026-01-01,589,10,False,0.0,True
SME_0178,2024-08-01,727,17,False,0.0,True
SME_0178,2024-09-01,737,19,True,18189.55,True
SME_0178,2024-10-01,726,24,False,0.0,True
SME_0178,2024-11-01,720,13,False,0.0,True
SME_0178,2024-12-01,735,18,False,0.0,True
SME_0178,2025-01-01,733,10,False,0.0,True
SME_0178,2025-02-01,717,11,False,0.0,True
SME_0178,2025-03-01,739,15,False,0.0,True
SME_0178,2025-04-01,717,20,False,0.0,True
SME_0178,2025-05-01,735,20,False,0.0,True
SME_0178,2025-06-01,725,11,False,0.0,True
SME_0178,2025-07-01,736,26,False,0.0,True
SME_0178,2025-08-01,737,18,False,0.0,True
SME_0178,2025-09-01,723,16,True,55851.5,True
SME_0178,2025-10-01,729,19,True,66967.18,True
SME_0178,2025-11-01,724,10,False,0.0,True
SME_0178,2025-12-01,723,9,False,0.0,True
SME_0178,2026-01-01,688,11,False,0.0,True
SME_0179,2024-08-01,597,16,False,0.0,True
SME_0179,2024-09-01,601,9,False,0.0,True
SME_0179,2024-10-01,609,8,True,29041.82,True
SME_0179,2024-11-01,616,13,False,0.0,True
SME_0179,2024-12-01,601,6,False,0.0,True
SME_0179,2025-01-01,612,10,False,0.0,True
SME_0179,2025-02-01,618,16,True,0.0,True
SME_0179,2025-03-01,620,10,False,0.0,True
SME_0179,2025-04-01,627,12,True,0.0,True
SME_0179,2025-05-01,630,6,False,0.0,True
SME_0179,2025-06-01,633,10,False,0.0,True
SME_0179,2025-07-01,642,17,False,0.0,True
SME_0179,2025-08-01,632,9,False,0.0,True
SME_0179,2025-09-01,646,10,False,0.0,True
SME_0179,2025-10-01,652,10,False,0.0,True
SME_0179,2025-11-01,642,9,True,59704.78,True
SME_0179,2025-12-01,626,8,False,0.0,True
SME_0179,2026-01-01,632,15,False,0.0,True
SME_0180,2024-08-01,515,11,False,0.0,True
SME_0180,2024-09-01,516,9,False,0.0,True
SME_0180,2024-10-01,512,8,False,0.0,True
SME_0180,2024-11-01,507,5,False,0.0,True
SME_0180,2024-12-01,499,9,False,0.0,True
SME_0180,2025-01-01,514,2,False,0.0,True
SME_0180,2025-02-01,530,7,False,0.0,True
SME_0180,2025-03-01,522,9,False,0.0,True
SME_0180,2025-04-01,527,11,False,0.0,True
SME_0180,2025-05-01,527,0,False,0.0,False
SME_0180,2025-06-01,527,0,False,0.0,False
SME_0180,2025-07-01,527,0,False,0.0,False
SME_0180,2025-08-01,527,0,False,0.0,False
SME_0180,2025-09-01,527,0,False,0.0,False
SME_0180,2025-10-01,527,0,False,0.0,False
SME_0180,2025-11-01,527,0,False,0.0,False
SME_0180,2025-12-01,527,0,False,0.0,False
SME_0180,2026-01-01,527,0,False,0.0,False
SME_0181,2024-08-01,648,9,False,0.0,True
SME_0181,2024-09-01,648,12,True,15255.08,True
SME_0181,2024-10-01,653,17,True,0.0,True
SME_0181,2024-11-01,663,12,False,0.0,True
SME_0181,2024-12-01,685,13,True,0.0,True
SME_0181,2025-01-01,690,11,True,21799.6,True
SME_0181,2025-02-01,692,14,True,46524.5,True
SME_0181,2025-03-01,673,18,False,0.0,True
SME_0181,2025-04-01,673,18,False,0.0,True
SME_0181,2025-05-01,662,15,False,0.0,True
SME_0181,2025-06-01,663,12,False,0.0,True
SME_0181,2025-07-01,658,14,False,0.0,True
SME_0181,2025-08-01,645,10,False,0.0,True
SME_0181,2025-09-01,643,10,False,0.0,True
SME_0181,2025-10-01,650,10,True,54514.85,True
SME_0181,2025-11-01,642,15,False,0.0,True
SME_0181,2025-12-01,655,12,False,0.0,True
SME_0181,2026-01-01,670,12,False,0.0,True
SME_0182,2024-08-01,598,6,False,0.0,True
SME_0182,2024-09-01,607,13,False,0.0,True
SME_0182,2024-10-01,590,14,False,0.0,True
SME_0182,2024-11-01,581,12,True,33381.91,True
SME_0182,2024-12-01,587,17,True,8588.03,True
SME_0182,2025-01-01,586,9,False,0.0,True
SME_0182,2025-02-01,583,9,False,0.0,True
SME_0182,2025-03-01,575,13,True,27439.68,True
SME_0182,2025-04-01,567,10,False,0.0,True
SME_0182,2025-05-01,555,5,True,0.0,True
SME_0182,2025-06-01,561,8,False,0.0,True
SME_0182,2025-07-01,554,11,False,0.0,True
SME_0182,2025-08-01,559,6,False,0.0,True
SME_0182,2025-09-01,574,7,False,0.0,True
SME_0182,2025-10-01,585,8,False,0.0,True
SME_0182,2025-11-01,592,10,False,0.0,True
SME_0182,2025-12-01,590,7,False,0.0,True
SME_0182,2026-01-01,578,17,False,0.0,True
SME_0183,2024-08-01,614,13,False,0.0,True
SME_0183,2024-09-01,617,17,False,0.0,True
SME_0183,2024-10-01,610,12,True,0.0,True
SME_0183,2024-11-01,596,11,False,0.0,True
SME_0183,2024-12-01,598,13,False,0.0,True
SME_0183,2025-01-01,592,12,False,0.0,True
SME_0183,2025-02-01,583,11,False,0.0,True
SME_0183,2025-03-01,561,6,False,0.0,True
SME_0183,2025-04-01,562,15,False,0.0,True
SME_0183,2025-05-01,553,9,False,0.0,True
SME_0183,2025-06-01,558,15,False,0.0,True
SME_0183,2025-07-01,592,5,False,0.0,True
SME_0183,2025-08-01,602,10,False,0.0,True
SME_0183,2025-09-01,613,10,False,0.0,True
SME_0183,2025-10-01,611,7,False,0.0,True
SME_0183,2025-11-01,574,9,True,51147.15,True
SME_0183,2025-12-01,575,12,False,0.0,True
SME_0183,2026-01-01,571,8,False,0.0,True
SME_0184,2024-08-01,639,12,False,0.0,True
SME_0184,2024-09-01,623,16,False,0.0,True
SME_0184,2024-10-01,631,13,False,0.0,True
SME_0184,2024-11-01,633,15,False,0.0,True
SME_0184,2024-12-01,627,12,True,0.0,True
SME_0184,2025-01-01,624,4,False,0.0,True
SME_0184,2025-02-01,619,7,False,0.0,True
SME_0184,2025-03-01,623,6,False,0.0,True
SME_0184,2025-04-01,624,6,False,0.0,True
SME_0184,2025-05-01,649,14,False,0.0,True
SME_0184,2025-06-01,652,9,False,0.0,True
SME_0184,2025-07-01,668,11,False,0.0,True
SME_0184,2025-08-01,678,16,False,0.0,True
SME_0184,2025-09-01,665,16,False,0.0,True
SME_0184,2025-10-01,662,6,False,0.0,True
SME_0184,2025-11-01,634,11,True,62027.25,True
SME_0184,2025-12-01,628,15,False,0.0,True
SME_0184,2026-01-01,627,13,False,0.0,True
SME_0185,2024-08-01,512,7,False,0.0,True
SME_0185,2024-09-01,500,3,False,0.0,True
SME_0185,2024-10-01,506,7,False,0.0,True
SME_0185,2024-11-01,516,4,False,0.0,True
SME_0185,2024-12-01,530,10,False,0.0,True
SME_0185,2025-01-01,535,9,False,0.0,True
SME_0185,2025-02-01,559,5,False,0.0,True
SME_0185,2025-03-01,535,3,False,0.0,True
SME_0185,2025-04-01,544,2,False,0.0,True
SME_0185,2025-05-01,530,7,False,0.0,True
SME_0185,2025-06-01,541,7,False,0.0,True
SME_0185,2025-07-01,528,11,False,0.0,True
SME_0185,2025-08-01,536,10,False,0.0,True
SME_0185,2025-09-01,555,6,True,42288.05,True
SME_0185,2025-10-01,557,7,False,0.0,True
SME_0185,2025-11-01,542,7,False,0.0,True
SME_0185,2025-12-01,554,7,False,0.0,True
SME_0185,2026-01-01,520,4,False,0.0,True
SME_0186,2024-08-01,462,7,False,0.0,True
SME_0186,2024-09-01,473,9,False,0.0,True
SME_0186,2024-10-01,477,5,False,0.0,True
SME_0186,2024-11-01,486,9,False,0.0,True
SME_0186,2024-12-01,497,2,False,0.0,True
SME_0186,2025-01-01,481,7,False,0.0,True
SME_0186,2025-02-01,471,5,False,0.0,True
SME_0186,2025-03-01,476,7,False,0.0,True
SME_0186,2025-04-01,494,7,True,0.0,True
SME_0186,2025-05-01,495,7,False,0.0,True
SME_0186,2025-06-01,482,9,False,0.0,True
SME_0186,2025-07-01,493,10,False,0.0,True
SME_0186,2025-08-01,505,2,False,0.0,True
SME_0186,2025-09-01,504,6,True,0.0,True
SME_0186,2025-10-01,524,7,True,0.0,True
SME_0186,2025-11-01,529,2,False,0.0,True
SME_0186,2025-12-01,525,6,False,0.0,True
SME_0186,2026-01-01,529,5,False,0.0,True
SME_0187,2024-08-01,615,11,False,0.0,True
SME_0187,2024-09-01,614,4,True,48373.73,True
SME_0187,2024-10-01,602,15,True,19003.04,True
SME_0187,2024-11-01,634,11,True,14960.03,True
SME_0187,2024-12-01,634,7,False,0.0,True
SME_0187,2025-01-01,640,9,False,0.0,True
SME_0187,2025-02-01,631,12,False,0.0,True
SME_0187,2025-03-01,627,8,True,11183.98,True
SME_0187,2025-04-01,633,15,False,0.0,True
SME_0187,2025-05-01,613,7,False,0.0,True
SME_0187,2025-06-01,618,12,False,0.0,True
SME_0187,2025-07-01,606,7,False,0.0,True
SME_0187,2025-08-01,589,12,False,0.0,True
SME_0187,2025-09-01,588,14,True,19531.3,True
SME_0187,2025-10-01,603,9,False,0.0,True
SME_0187,2025-11-01,631,12,False,0.0,True
SME_0187,2025-12-01,634,4,False,0.0,True
SME_0187,2026-01-01,630,7,False,0.0,True
SME_0188,2024-08-01,511,6,False,0.0,True
SME_0188,2024-09-01,523,9,False,0.0,True
SME_0188,2024-10-01,515,4,False,0.0,True
SME_0188,2024-11-01,504,5,False,0.0,True
SME_0188,2024-12-01,507,10,True,0.0,True
SME_0188,2025-01-01,499,10,False,0.0,True
SME_0188,2025-02-01,486,9,True,0.0,True
SME_0188,2025-03-01,504,3,False,0.0,True
SME_0188,2025-04-01,524,6,False,0.0,True
SME_0188,2025-05-01,528,7,False,0.0,True
SME_0188,2025-06-01,530,5,True,39356.0,True
SME_0188,2025-07-01,526,5,False,0.0,True
SME_0188,2025-08-01,521,4,False,0.0,True
SME_0188,2025-09-01,509,4,False,0.0,True
SME_0188,2025-10-01,541,2,False,0.0,True
SME_0188,2025-11-01,541,6,False,0.0,True
SME_0188,2025-12-01,528,7,False,0.0,True
SME_0188,2026-01-01,526,3,False,0.0,True
SME_0189,2024-08-01,439,4,False,0.0,True
SME_0189,2024-09-01,428,7,False,0.0,True
SME_0189,2024-10-01,422,3,False,0.0,True
SME_0189,2024-11-01,430,9,False,0.0,True
SME_0189,2024-12-01,430,6,False,0.0,True
SME_0189,2025-01-01,426,5,False,0.0,True
SME_0189,2025-02-01,418,2,False,0.0,True
SME_0189,2025-03-01,433,5,False,0.0,True
SME_0189,2025-04-01,443,4,False,0.0,True
SME_0189,2025-05-01,451,5,True,0.0,True
SME_0189,2025-06-01,433,5,True,0.0,True
SME_0189,2025-07-01,422,3,False,0.0,True
SME_0189,2025-08-01,415,3,False,0.0,True
SME_0189,2025-09-01,412,3,False,0.0,True
SME_0189,2025-10-01,417,5,False,0.0,True
SME_0189,2025-11-01,440,3,False,0.0,True
SME_0189,2025-12-01,441,2,False,0.0,True
SME_0189,2026-01-01,452,3,False,0.0,True
SME_0190,2024-08-01,646,11,True,0.0,True
SME_0190,2024-09-01,646,10,False,0.0,True
SME_0190,2024-10-01,650,17,False,0.0,True
SME_0190,2024-11-01,649,13,False,0.0,True
SME_0190,2024-12-01,654,14,False,0.0,True
SME_0190,2025-01-01,630,10,False,0.0,True
SME_0190,2025-02-01,647,15,False,0.0,True
SME_0190,2025-03-01,636,14,False,0.0,True
SME_0190,2025-04-01,643,12,False,0.0,True
SME_0190,2025-05-01,634,14,False,0.0,True
SME_0190,2025-06-01,640,11,False,0.0,True
SME_0190,2025-07-01,646,15,True,0.0,True
SME_0190,2025-08-01,652,14,False,0.0,True
SME_0190,2025-09-01,651,9,False,0.0,True
SME_0190,2025-10-01,644,13,False,0.0,True
SME_0190,2025-11-01,629,13,False,0.0,True
SME_0190,2025-12-01,629,15,False,0.0,True
SME_0190,2026-01-01,626,15,False,0.0,True
SME_0191,2024-08-01,663,11,False,0.0,True
SME_0191,2024-09-01,646,8,False,0.0,True
SME_0191,2024-10-01,642,18,False,0.0,True
SME_0191,2024-11-01,649,11,False,0.0,True
SME_0191,2024-12-01,652,7,False,0.0,True
SME_0191,2025-01-01,653,11,False,0.0,True
SME_0191,2025-02-01,663,15,False,0.0,True
SME_0191,2025-03-01,654,10,False,0.0,True
SME_0191,2025-04-01,656,16,False,0.0,True
SME_0191,2025-05-01,651,6,False,0.0,True
SME_0191,2025-06-01,636,14,False,0.0,True
SME_0191,2025-07-01,607,6,False,0.0,True
SME_0191,2025-08-01,597,7,False,0.0,True
SME_0191,2025-09-01,610,12,False,0.0,True
SME_0191,2025-10-01,622,10,False,0.0,True
SME_0191,2025-11-01,629,7,False,0.0,True
SME_0191,2025-12-01,633,13,False,0.0,True
SME_0191,2026-01-01,622,11,True,65914.94,True
SME_0192,2024-08-01,495,9,False,0.0,True
SME_0192,2024-09-01,487,8,False,0.0,True
SME_0192,2024-10-01,487,3,False,0.0,True
SME_0192,2024-11-01,487,8,False,0.0,True
SME_0192,2024-12-01,475,10,False,0.0,True
SME_0192,2025-01-01,480,3,False,0.0,True
SME_0192,2025-02-01,481,6,False,0.0,True
SME_0192,2025-03-01,476,4,False,0.0,True
SME_0192,2025-04-01,473,5,False,0.0,True
SME_0192,2025-05-01,494,5,False,0.0,True
SME_0192,2025-06-01,502,5,False,0.0,True
SME_0192,2025-07-01,492,1,False,0.0,True
SME_0192,2025-08-01,494,9,False,0.0,True
SME_0192,2025-09-01,486,7,False,0.0,True
SME_0192,2025-10-01,467,2,False,0.0,True
SME_0192,2025-11-01,471,4,False,0.0,True
SME_0192,2025-12-01,448,4,False,0.0,True
SME_0192,2026-01-01,451,5,False,0.0,True
SME_0193,2024-08-01,478,9,False,0.0,True
SME_0193,2024-09-01,500,2,False,0.0,True
SME_0193,2024-10-01,500,4,False,0.0,True
SME_0193,2024-11-01,500,5,True,0.0,True
SME_0193,2024-12-01,499,9,False,0.0,True
SME_0193,2025-01-01,485,7,False,0.0,True
SME_0193,2025-02-01,483,8,False,0.0,True
SME_0193,2025-03-01,509,4,False,0.0,True
SME_0193,2025-04-01,499,8,False,0.0,True
SME_0193,2025-05-01,486,2,False,0.0,True
SME_0193,2025-06-01,489,3,True,0.0,True
SME_0193,2025-07-01,484,12,False,0.0,True
SME_0193,2025-08-01,478,2,False,0.0,True
SME_0193,2025-09-01,512,4,False,0.0,True
SME_0193,2025-10-01,517,4,False,0.0,True
SME_0193,2025-11-01,526,5,False,0.0,True
SME_0193,2025-12-01,527,6,False,0.0,True
SME_0193,2026-01-01,508,1,False,0.0,True
SME_0194,2024-08-01,674,12,False,0.0,True
SME_0194,2024-09-01,661,11,False,0.0,True
SME_0194,2024-10-01,685,15,False,0.0,True
SME_0194,2024-11-01,688,16,False,0.0,True
SME_0194,2024-12-01,688,0,False,0.0,False
SME_0194,2025-01-01,688,0,False,0.0,False
SME_0194,2025-02-01,688,0,False,0.0,False
SME_0194,2025-03-01,688,0,False,0.0,False
SME_0194,2025-04-01,688,0,False,0.0,False
SME_0194,2025-05-01,688,0,False,0.0,False
SME_0194,2025-06-01,688,0,False,0.0,False
SME_0194,2025-07-01,688,0,False,0.0,False
SME_0194,2025-08-01,688,0,False,0.0,False
SME_0194,2025-09-01,688,0,False,0.0,False
SME_0194,2025-10-01,688,0,False,0.0,False
SME_0194,2025-11-01,688,0,False,0.0,False
SME_0194,2025-12-01,688,0,False,0.0,False
SME_0194,2026-01-01,688,0,False,0.0,False
SME_0195,2024-08-01,538,10,True,18791.07,True
SME_0195,2024-09-01,541,3,False,0.0,True
SME_0195,2024-10-01,541,5,False,0.0,True
SME_0195,2024-11-01,555,8,False,0.0,True
SME_0195,2024-12-01,565,3,False,0.0,True
SME_0195,2025-01-01,548,8,False,0.0,True
SME_0195,2025-02-01,549,13,True,0.0,True
SME_0195,2025-03-01,524,5,False,0.0,True
SME_0195,2025-04-01,532,5,False,0.0,True
SME_0195,2025-05-01,549,14,False,0.0,True
SME_0195,2025-06-01,541,9,False,0.0,True
SME_0195,2025-07-01,519,9,True,0.0,True
SME_0195,2025-08-01,530,9,True,0.0,True
SME_0195,2025-09-01,529,3,False,0.0,True
SME_0195,2025-10-01,546,8,False,0.0,True
SME_0195,2025-11-01,538,5,False,0.0,True
SME_0195,2025-12-01,541,7,False,0.0,True
SME_0195,2026-01-01,542,4,False,0.0,True
SME_0196,2024-08-01,741,18,False,0.0,True
SME_0196,2024-09-01,738,14,True,0.0,True
SME_0196,2024-10-01,732,17,False,0.0,True
SME_0196,2024-11-01,732,20,False,0.0,True
SME_0196,2024-12-01,751,20,True,44999.67,True
SME_0196,2025-01-01,738,17,False,0.0,True
SME_0196,2025-02-01,719,13,False,0.0,True
SME_0196,2025-03-01,724,13,False,0.0,True
SME_0196,2025-04-01,742,12,False,0.0,True
SME_0196,2025-05-01,742,0,False,0.0,False
SME_0196,2025-06-01,742,0,False,0.0,False
SME_0196,2025-07-01,742,0,False,0.0,False
SME_0196,2025-08-01,742,0,False,0.0,False
SME_0196,2025-09-01,742,0,False,0.0,False
SME_0196,2025-10-01,742,0,False,0.0,False
SME_0196,2025-11-01,742,0,False,0.0,False
SME_0196,2025-12-01,742,0,False,0.0,False
SME_0196,2026-01-01,742,0,False,0.0,False
SME_0197,2024-08-01,644,11,False,0.0,True
SME_0197,2024-09-01,641,6,False,0.0,True
SME_0197,2024-10-01,644,13,False,0.0,True
SME_0197,2024-11-01,628,17,True,0.0,True
SME_0197,2024-12-01,629,13,False,0.0,True
SME_0197,2025-01-01,626,13,True,0.0,True
SME_0197,2025-02-01,643,17,False,0.0,True
SME_0197,2025-03-01,636,13,False,0.0,True
SME_0197,2025-04-01,644,10,False,0.0,True
SME_0197,2025-05-01,655,10,True,0.0,True
SME_0197,2025-06-01,655,10,False,0.0,True
SME_0197,2025-07-01,640,13,True,16807.33,True
SME_0197,2025-08-01,636,11,True,0.0,True
SME_0197,2025-09-01,618,16,False,0.0,True
SME_0197,2025-10-01,622,12,False,0.0,True
SME_0197,2025-11-01,631,8,False,0.0,True
SME_0197,2025-12-01,653,13,False,0.0,True
SME_0197,2026-01-01,682,9,False,0.0,True
SME_0198,2024-08-01,640,14,False,0.0,True
SME_0198,2024-09-01,626,16,False,0.0,True
SME_0198,2024-10-01,627,15,False,0.0,True
SME_0198,2024-11-01,616,18,True,0.0,True
SME_0198,2024-12-01,623,13,False,0.0,True
SME_0198,2025-01-01,622,10,False,0.0,True
SME_0198,2025-02-01,640,18,True,46030.74,True
SME_0198,2025-03-01,629,14,True,7211.35,True
SME_0198,2025-04-01,633,19,False,0.0,True
SME_0198,2025-05-01,633,13,False,0.0,True
SME_0198,2025-06-01,662,9,False,0.0,True
SME_0198,2025-07-01,670,19,False,0.0,True
SME_0198,2025-08-01,664,16,False,0.0,True
SME_0198,2025-09-01,658,15,False,0.0,True
SME_0198,2025-10-01,662,13,False,0.0,True
SME_0198,2025-11-01,668,13,False,0.0,True
SME_0198,2025-12-01,659,20,False,0.0,True
SME_0198,2026-01-01,662,13,False,0.0,True
SME_0199,2024-08-01,604,17,False,0.0,True
SME_0199,2024-09-01,601,14,False,0.0,True
SME_0199,2024-10-01,597,13,False,0.0,True
SME_0199,2024-11-01,589,9,False,0.0,True
SME_0199,2024-12-01,590,14,True,0.0,True
SME_0199,2025-01-01,561,12,True,0.0,True
SME_0199,2025-02-01,570,11,False,0.0,True
SME_0199,2025-03-01,567,9,True,0.0,True
SME_0199,2025-04-01,571,13,False,0.0,True
SME_0199,2025-05-01,587,12,True,0.0,True
SME_0199,2025-06-01,591,15,True,0.0,True
SME_0199,2025-07-01,565,11,False,0.0,True
SME_0199,2025-08-01,574,12,False,0.0,True
SME_0199,2025-09-01,567,3,False,0.0,True
SME_0199,2025-10-01,559,7,False,0.0,True
SME_0199,2025-11-01,552,5,False,0.0,True
SME_0199,2025-12-01,567,12,False,0.0,True
SME_0199,2026-01-01,565,12,False,0.0,True
SME_0200,2024-08-01,718,14,False,0.0,True
SME_0200,2024-09-01,713,17,False,0.0,True
SME_0200,2024-10-01,711,16,True,38905.9,True
SME_0200,2024-11-01,691,12,True,0.0,True
SME_0200,2024-12-01,682,13,False,0.0,True
SME_0200,2025-01-01,670,14,False,0.0,True
SME_0200,2025-02-01,691,12,False,0.0,True
SME_0200,2025-03-01,679,13,False,0.0,True
SME_0200,2025-04-01,682,11,False,0.0,True
SME_0200,2025-05-01,694,13,False,0.0,True
SME_0200,2025-06-01,668,15,False,0.0,True
SME_0200,2025-07-01,651,19,False,0.0,True
SME_0200,2025-08-01,662,12,False,0.0,True
SME_0200,2025-09-01,664,21,False,0.0,True
SME_0200,2025-10-01,665,22,False,0.0,True
SME_0200,2025-11-01,676,14,True,0.0,True
SME_0200,2025-12-01,684,8,True,53989.72,True
SME_0200,2026-01-01,682,8,False,0.0,True
SME_0201,2024-08-01,711,14,False,0.0,True
SME_0201,2024-09-01,699,10,True,29406.93,True
SME_0201,2024-10-01,685,16,False,0.0,True
SME_0201,2024-11-01,684,10,False,0.0,True
SME_0201,2024-12-01,662,15,False,0.0,True
SME_0201,2025-01-01,674,10,False,0.0,True
SME_0201,2025-02-01,677,10,False,0.0,True
SME_0201,2025-03-01,679,15,False,0.0,True
SME_0201,2025-04-01,677,10,True,59888.34,True
SME_0201,2025-05-01,676,17,False,0.0,True
SME_0201,2025-06-01,659,17,False,0.0,True
SME_0201,2025-07-01,643,9,False,0.0,True
SME_0201,2025-08-01,636,12,False,0.0,True
SME_0201,2025-09-01,640,10,False,0.0,True
SME_0201,2025-10-01,627,10,False,0.0,True
SME_0201,2025-11-01,613,11,False,0.0,True
SME_0201,2025-12-01,610,12,False,0.0,True
SME_0201,2026-01-01,620,16,False,0.0,True
SME_0202,2024-08-01,775,17,False,0.0,True
SME_0202,2024-09-01,793,18,True,32881.23,True
SME_0202,2024-10-01,792,9,False,0.0,True
SME_0202,2024-11-01,758,19,False,0.0,True
SME_0202,2024-12-01,765,20,False,0.0,True
SME_0202,2025-01-01,750,11,False,0.0,True
SME_0202,2025-02-01,755,13,False,0.0,True
SME_0202,2025-03-01,743,13,False,0.0,True
SME_0202,2025-04-01,732,12,False,0.0,True
SME_0202,2025-05-01,750,20,True,48818.84,True
SME_0202,2025-06-01,738,20,False,0.0,True
SME_0202,2025-07-01,759,22,True,76745.39,True
SME_0202,2025-08-01,750,8,False,0.0,True
SME_0202,2025-09-01,747,15,True,0.0,True
SME_0202,2025-10-01,757,14,False,0.0,True
SME_0202,2025-11-01,784,18,False,0.0,True
SME_0202,2025-12-01,789,12,True,25983.42,True
SME_0202,2026-01-01,778,14,False,0.0,True
SME_0203,2024-08-01,572,13,False,0.0,True
SME_0203,2024-09-01,593,13,False,0.0,True
SME_0203,2024-10-01,581,6,False,0.0,True
SME_0203,2024-11-01,572,5,False,0.0,True
SME_0203,2024-12-01,564,9,False,0.0,True
SME_0203,2025-01-01,550,5,False,0.0,True
SME_0203,2025-02-01,560,11,False,0.0,True
SME_0203,2025-03-01,579,22,False,0.0,True
SME_0203,2025-04-01,584,9,False,0.0,True
SME_0203,2025-05-01,570,10,False,0.0,True
SME_0203,2025-06-01,599,9,False,0.0,True
SME_0203,2025-07-01,622,8,False,0.0,True
SME_0203,2025-08-01,601,6,False,0.0,True
SME_0203,2025-09-01,602,13,False,0.0,True
SME_0203,2025-10-01,603,7,False,0.0,True
SME_0203,2025-11-01,608,8,True,52600.48,True
SME_0203,2025-12-01,618,6,False,0.0,True
SME_0203,2026-01-01,605,7,False,0.0,True
SME_0204,2024-08-01,516,4,False,0.0,True
SME_0204,2024-09-01,527,7,False,0.0,True
SME_0204,2024-10-01,564,11,False,0.0,True
SME_0204,2024-11-01,532,1,False,0.0,True
SME_0204,2024-12-01,540,11,False,0.0,True
SME_0204,2025-01-01,526,12,False,0.0,True
SME_0204,2025-02-01,505,3,False,0.0,True
SME_0204,2025-03-01,509,4,False,0.0,True
SME_0204,2025-04-01,518,1,False,0.0,True
SME_0204,2025-05-01,499,7,False,0.0,True
SME_0204,2025-06-01,507,4,False,0.0,True
SME_0204,2025-07-01,528,8,False,0.0,True
SME_0204,2025-08-01,530,7,False,0.0,True
SME_0204,2025-09-01,542,4,False,0.0,True
SME_0204,2025-10-01,525,10,True,0.0,True
SME_0204,2025-11-01,493,4,True,0.0,True
SME_0204,2025-12-01,499,4,False,0.0,True
SME_0204,2026-01-01,499,4,False,0.0,True
SME_0205,2024-08-01,533,9,False,0.0,True
SME_0205,2024-09-01,547,10,True,10748.6,True
SME_0205,2024-10-01,557,5,False,0.0,True
SME_0205,2024-11-01,540,9,False,0.0,True
SME_0205,2024-12-01,544,5,False,0.0,True
SME_0205,2025-01-01,534,6,False,0.0,True
SME_0205,2025-02-01,535,11,False,0.0,True
SME_0205,2025-03-01,509,9,False,0.0,True
SME_0205,2025-04-01,524,4,True,0.0,True
SME_0205,2025-05-01,529,9,False,0.0,True
SME_0205,2025-06-01,532,11,False,0.0,True
SME_0205,2025-07-01,536,4,False,0.0,True
SME_0205,2025-08-01,533,6,False,0.0,True
SME_0205,2025-09-01,546,4,False,0.0,True
SME_0205,2025-10-01,528,5,False,0.0,True
SME_0205,2025-11-01,530,9,False,0.0,True
SME_0205,2025-12-01,527,8,False,0.0,True
SME_0205,2026-01-01,520,6,False,0.0,True
SME_0206,2024-08-01,593,9,False,0.0,True
SME_0206,2024-09-01,597,14,True,57029.63,True
SME_0206,2024-10-01,598,7,False,0.0,True
SME_0206,2024-11-01,604,12,False,0.0,True
SME_0206,2024-12-01,593,8,False,0.0,True
SME_0206,2025-01-01,604,9,False,0.0,True
SME_0206,2025-02-01,586,10,False,0.0,True
SME_0206,2025-03-01,582,9,False,0.0,True
SME_0206,2025-04-01,584,9,False,0.0,True
SME_0206,2025-05-01,577,12,False,0.0,True
SME_0206,2025-06-01,581,11,False,0.0,True
SME_0206,2025-07-01,591,10,False,0.0,True
SME_0206,2025-08-01,581,6,False,0.0,True
SME_0206,2025-09-01,551,11,True,0.0,True
SME_0206,2025-10-01,557,10,False,0.0,True
SME_0206,2025-11-01,563,10,False,0.0,True
SME_0206,2025-12-01,1200,9,False,0.0,True
SME_0206,2026-01-01,586,7,False,0.0,True
SME_0207,2024-08-01,641,13,False,0.0,True
SME_0207,2024-09-01,648,11,False,0.0,True
SME_0207,2024-10-01,641,16,False,0.0,True
SME_0207,2024-11-01,631,13,False,0.0,True
SME_0207,2024-12-01,609,13,False,0.0,True
SME_0207,2025-01-01,614,11,True,0.0,True
SME_0207,2025-02-01,614,0,False,0.0,False
SME_0207,2025-03-01,614,0,False,0.0,False
SME_0207,2025-04-01,614,0,False,0.0,False
SME_0207,2025-05-01,614,0,False,0.0,False
SME_0207,2025-06-01,614,0,False,0.0,False
SME_0207,2025-07-01,614,0,False,0.0,False
SME_0207,2025-08-01,614,0,False,0.0,False
SME_0207,2025-09-01,614,0,False,0.0,False
SME_0207,2025-10-01,614,0,False,0.0,False
SME_0207,2025-11-01,614,0,False,0.0,False
SME_0207,2025-12-01,614,0,False,0.0,False
SME_0207,2026-01-01,614,0,False,0.0,False
SME_0208,2024-08-01,610,7,False,0.0,True
SME_0208,2024-09-01,627,12,False,0.0,True
SME_0208,2024-10-01,616,10,True,0.0,True
SME_0208,2024-11-01,643,16,True,34100.26,True
SME_0208,2024-12-01,641,11,False,0.0,True
SME_0208,2025-01-01,646,12,False,0.0,True
SME_0208,2025-02-01,634,14,False,0.0,True
SME_0208,2025-03-01,631,14,False,0.0,True
SME_0208,2025-04-01,641,9,False,0.0,True
SME_0208,2025-05-01,636,10,False,0.0,True
SME_0208,2025-06-01,632,10,False,0.0,True
SME_0208,2025-07-01,618,8,True,43501.77,True
SME_0208,2025-08-01,606,12,True,59240.11,True
SME_0208,2025-09-01,598,8,False,0.0,True
SME_0208,2025-10-01,586,10,True,21272.31,True
SME_0208,2025-11-01,602,14,False,0.0,True
SME_0208,2025-12-01,600,6,True,0.0,True
SME_0208,2026-01-01,595,17,True,44510.76,True
SME_0209,2024-08-01,493,6,False,0.0,True
SME_0209,2024-09-01,475,8,False,0.0,True
SME_0209,2024-10-01,482,6,False,0.0,True
SME_0209,2024-11-01,488,7,False,0.0,True
SME_0209,2024-12-01,491,5,False,0.0,True
SME_0209,2025-01-01,498,6,False,0.0,True
SME_0209,2025-02-01,501,5,False,0.0,True
SME_0209,2025-03-01,499,10,False,0.0,True
SME_0209,2025-04-01,502,12,False,0.0,True
SME_0209,2025-05-01,999,11,False,0.0,True
SME_0209,2025-06-01,492,3,False,0.0,True
SME_0209,2025-07-01,491,6,False,0.0,True
SME_0209,2025-08-01,486,2,False,0.0,True
SME_0209,2025-09-01,499,7,False,0.0,True
SME_0209,2025-10-01,490,5,False,0.0,True
SME_0209,2025-11-01,515,7,False,0.0,True
SME_0209,2025-12-01,491,5,False,0.0,True
SME_0209,2026-01-01,499,2,False,0.0,True
SME_0210,2024-08-01,666,9,False,0.0,True
SME_0210,2024-09-01,670,15,True,20600.43,True
SME_0210,2024-10-01,658,10,False,0.0,True
SME_0210,2024-11-01,663,15,False,0.0,True
SME_0210,2024-12-01,646,10,False,0.0,True
SME_0210,2025-01-01,652,9,False,0.0,True
SME_0210,2025-02-01,674,10,False,0.0,True
SME_0210,2025-03-01,686,12,False,0.0,True
SME_0210,2025-04-01,667,12,False,0.0,True
SME_0210,2025-05-01,680,12,False,0.0,True
SME_0210,2025-06-01,666,9,False,0.0,True
SME_0210,2025-07-01,672,6,False,0.0,True
SME_0210,2025-08-01,660,13,True,27636.6,True
SME_0210,2025-09-01,650,16,False,0.0,True
SME_0210,2025-10-01,664,5,False,0.0,True
SME_0210,2025-11-01,671,13,False,0.0,True
SME_0210,2025-12-01,665,13,False,0.0,True
SME_0210,2026-01-01,677,11,True,17480.73,True
SME_0211,2024-08-01,602,11,False,0.0,True
SME_0211,2024-09-01,594,10,False,0.0,True
SME_0211,2024-10-01,604,9,False,0.0,True
SME_0211,2024-11-01,616,12,False,0.0,True
SME_0211,2024-12-01,626,15,True,0.0,True
SME_0211,2025-01-01,629,13,True,16728.61,True
SME_0211,2025-02-01,606,14,False,0.0,True
SME_0211,2025-03-01,611,14,False,0.0,True
SME_0211,2025-04-01,602,16,False,0.0,True
SME_0211,2025-05-01,614,13,False,0.0,True
SME_0211,2025-06-01,609,16,False,0.0,True
SME_0211,2025-07-01,613,5,False,0.0,True
SME_0211,2025-08-01,615,13,False,0.0,True
SME_0211,2025-09-01,608,13,False,0.0,True
SME_0211,2025-10-01,612,13,False,0.0,True
SME_0211,2025-11-01,628,12,False,0.0,True
SME_0211,2025-12-01,619,15,False,0.0,True
SME_0211,2026-01-01,624,8,False,0.0,True
SME_0212,2024-08-01,703,6,True,0.0,True
SME_0212,2024-09-01,725,21,False,0.0,True
SME_0212,2024-10-01,724,15,False,0.0,True
SME_0212,2024-11-01,742,16,False,0.0,True
SME_0212,2024-12-01,728,15,True,62799.67,True
SME_0212,2025-01-01,731,11,True,18306.7,True
SME_0212,2025-02-01,731,13,True,36403.24,True
SME_0212,2025-03-01,713,13,False,0.0,True
SME_0212,2025-04-01,718,10,False,0.0,True
SME_0212,2025-05-01,705,12,False,0.0,True
SME_0212,2025-06-01,686,11,False,0.0,True
SME_0212,2025-07-01,704,15,False,0.0,True
SME_0212,2025-08-01,714,17,False,0.0,True
SME_0212,2025-09-01,702,15,False,0.0,True
SME_0212,2025-10-01,694,18,False,0.0,True
SME_0212,2025-11-01,704,18,False,0.0,True
SME_0212,2025-12-01,686,10,True,0.0,True
SME_0212,2026-01-01,671,15,False,0.0,True
SME_0213,2024-08-01,383,5,False,0.0,True
SME_0213,2024-09-01,391,1,False,0.0,True
SME_0213,2024-10-01,374,6,False,0.0,True
SME_0213,2024-11-01,390,2,True,0.0,True
SME_0213,2024-12-01,370,3,False,0.0,True
SME_0213,2025-01-01,384,3,False,0.0,True
SME_0213,2025-02-01,391,2,False,0.0,True
SME_0213,2025-03-01,391,2,False,0.0,True
SME_0213,2025-04-01,399,3,False,0.0,True
SME_0213,2025-05-01,393,0,False,0.0,True
SME_0213,2025-06-01,407,3,False,0.0,True
SME_0213,2025-07-01,389,4,False,0.0,True
SME_0213,2025-08-01,389,0,False,0.0,False
SME_0213,2025-09-01,389,0,False,0.0,False
SME_0213,2025-10-01,389,0,False,0.0,False
SME_0213,2025-11-01,389,0,False,0.0,False
SME_0213,2025-12-01,389,0,False,0.0,False
SME_0213,2026-01-01,389,0,False,0.0,False
SME_0214,2024-08-01,582,8,False,0.0,True
SME_0214,2024-09-01,585,11,False,0.0,True
SME_0214,2024-10-01,578,15,False,0.0,True
SME_0214,2024-11-01,568,9,False,0.0,True
SME_0214,2024-12-01,579,7,False,0.0,True
SME_0214,2025-01-01,573,10,False,0.0,True
SME_0214,2025-02-01,578,14,False,0.0,True
SME_0214,2025-03-01,574,9,False,0.0,True
SME_0214,2025-04-01,586,6,False,0.0,True
SME_0214,2025-05-01,586,14,False,0.0,True
SME_0214,2025-06-01,606,10,False,0.0,True
SME_0214,2025-07-01,605,12,False,0.0,True
SME_0214,2025-08-01,607,8,False,0.0,True
SME_0214,2025-09-01,602,17,False,0.0,True
SME_0214,2025-10-01,622,13,False,0.0,True
SME_0214,2025-11-01,610,14,False,0.0,True
SME_0214,2025-12-01,616,9,False,0.0,True
SME_0214,2026-01-01,617,11,False,0.0,True
SME_0215,2024-08-01,538,8,False,0.0,True
SME_0215,2024-09-01,544,5,True,0.0,True
SME_0215,2024-10-01,547,9,False,0.0,True
SME_0215,2024-11-01,555,8,False,0.0,True
SME_0215,2024-12-01,549,9,False,0.0,True
SME_0215,2025-01-01,548,7,True,0.0,True
SME_0215,2025-02-01,568,9,False,0.0,True
SME_0215,2025-03-01,577,10,True,0.0,True
SME_0215,2025-04-01,562,4,False,0.0,True
SME_0215,2025-05-01,565,10,False,0.0,True
SME_0215,2025-06-01,551,11,False,0.0,True
SME_0215,2025-07-01,562,6,False,0.0,True
SME_0215,2025-08-01,562,7,True,0.0,True
SME_0215,2025-09-01,558,9,False,0.0,True
SME_0215,2025-10-01,571,2,False,0.0,True
SME_0215,2025-11-01,564,14,False,0.0,True
SME_0215,2025-12-01,552,13,True,37866.41,True
SME_0215,2026-01-01,570,14,False,0.0,True
SME_0216,2024-08-01,469,3,False,0.0,True
SME_0216,2024-09-01,471,5,True,0.0,True
SME_0216,2024-10-01,457,7,True,0.0,True
SME_0216,2024-11-01,477,2,False,0.0,True
SME_0216,2024-12-01,477,2,False,0.0,True
SME_0216,2025-01-01,473,5,False,0.0,True
SME_0216,2025-02-01,458,4,False,0.0,True
SME_0216,2025-03-01,457,3,False,0.0,True
SME_0216,2025-04-01,456,1,False,0.0,True
SME_0216,2025-05-01,434,2,False,0.0,True
SME_0216,2025-06-01,439,5,False,0.0,True
SME_0216,2025-07-01,445,7,False,0.0,True
SME_0216,2025-08-01,446,4,False,0.0,True
SME_0216,2025-09-01,445,1,False,0.0,True
SME_0216,2025-10-01,447,4,False,0.0,True
SME_0216,2025-11-01,448,3,False,0.0,True
SME_0216,2025-12-01,464,4,False,0.0,True
SME_0216,2026-01-01,452,3,False,0.0,True
SME_0217,2024-08-01,540,5,False,0.0,True
SME_0217,2024-09-01,550,7,False,0.0,True
SME_0217,2024-10-01,544,6,False,0.0,True
SME_0217,2024-11-01,551,9,False,0.0,True
SME_0217,2024-12-01,561,5,False,0.0,True
SME_0217,2025-01-01,567,7,True,0.0,True
SME_0217,2025-02-01,557,9,False,0.0,True
SME_0217,2025-03-01,534,8,False,0.0,True
SME_0217,2025-04-01,527,10,False,0.0,True
SME_0217,2025-05-01,526,4,False,0.0,True
SME_0217,2025-06-01,545,9,True,24246.44,True
SME_0217,2025-07-01,548,3,False,0.0,True
SME_0217,2025-08-01,515,5,True,0.0,True
SME_0217,2025-09-01,510,6,False,0.0,True
SME_0217,2025-10-01,504,7,False,0.0,True
SME_0217,2025-11-01,505,6,False,0.0,True
SME_0217,2025-12-01,491,3,False,0.0,True
SME_0217,2026-01-01,483,5,False,0.0,True
SME_0218,2024-08-01,546,14,False,0.0,True
SME_0218,2024-09-01,567,8,True,0.0,True
SME_0218,2024-10-01,561,9,False,0.0,True
SME_0218,2024-11-01,543,7,False,0.0,True
SME_0218,2024-12-01,539,7,False,0.0,True
SME_0218,2025-01-01,534,8,False,0.0,True
SME_0218,2025-02-01,530,3,False,0.0,True
SME_0218,2025-03-01,538,6,False,0.0,True
SME_0218,2025-04-01,554,9,False,0.0,True
SME_0218,2025-05-01,565,4,False,0.0,True
SME_0218,2025-06-01,558,3,False,0.0,True
SME_0218,2025-07-01,563,2,False,0.0,True
SME_0218,2025-08-01,558,3,False,0.0,True
SME_0218,2025-09-01,563,6,False,0.0,True
SME_0218,2025-10-01,559,6,True,47120.72,True
SME_0218,2025-11-01,562,11,True,38215.29,True
SME_0218,2025-12-01,561,1,False,0.0,True
SME_0218,2026-01-01,582,3,False,0.0,True
SME_0219,2024-08-01,630,12,False,0.0,True
SME_0219,2024-09-01,618,8,False,0.0,True
SME_0219,2024-10-01,627,9,False,0.0,True
SME_0219,2024-11-01,639,9,False,0.0,True
SME_0219,2024-12-01,637,20,True,0.0,True
SME_0219,2025-01-01,646,13,False,0.0,True
SME_0219,2025-02-01,635,14,False,0.0,True
SME_0219,2025-03-01,634,8,False,0.0,True
SME_0219,2025-04-01,634,0,False,0.0,False
SME_0219,2025-05-01,634,0,False,0.0,False
SME_0219,2025-06-01,634,0,False,0.0,False
SME_0219,2025-07-01,634,0,False,0.0,False
SME_0219,2025-08-01,634,0,False,0.0,False
SME_0219,2025-09-01,634,0,False,0.0,False
SME_0219,2025-10-01,634,0,False,0.0,False
SME_0219,2025-11-01,634,0,False,0.0,False
SME_0219,2025-12-01,634,0,False,0.0,False
SME_0219,2026-01-01,634,0,False,0.0,False
SME_0220,2024-08-01,576,8,False,0.0,True
SME_0220,2024-09-01,583,16,False,0.0,True
SME_0220,2024-10-01,577,9,False,0.0,True
SME_0220,2024-11-01,589,11,False,0.0,True
SME_0220,2024-12-01,589,0,False,0.0,False
SME_0220,2025-01-01,589,0,False,0.0,False
SME_0220,2025-02-01,589,0,False,0.0,False
SME_0220,2025-03-01,589,0,False,0.0,False
SME_0220,2025-04-01,589,0,False,0.0,False
SME_0220,2025-05-01,589,0,False,0.0,False
SME_0220,2025-06-01,589,0,False,0.0,False
SME_0220,2025-07-01,589,0,False,0.0,False
SME_0220,2025-08-01,589,0,False,0.0,False
SME_0220,2025-09-01,589,0,False,0.0,False
SME_0220,2025-10-01,589,0,False,0.0,False
SME_0220,2025-11-01,589,0,False,0.0,False
SME_0220,2025-12-01,589,0,False,0.0,False
SME_0220,2026-01-01,589,0,False,0.0,False
SME_0221,2024-08-01,532,5,True,0.0,True
SME_0221,2024-09-01,532,5,False,0.0,True
SME_0221,2024-10-01,538,10,True,0.0,True
SME_0221,2024-11-01,549,11,False,0.0,True
SME_0221,2024-12-01,524,9,True,13762.31,True
SME_0221,2025-01-01,522,8,False,0.0,True
SME_0221,2025-02-01,527,3,True,33330.19,True
SME_0221,2025-03-01,529,8,False,0.0,True
SME_0221,2025-04-01,522,6,False,0.0,True
SME_0221,2025-05-01,504,7,False,0.0,True
SME_0221,2025-06-01,507,8,True,0.0,True
SME_0221,2025-07-01,516,12,False,0.0,True
SME_0221,2025-08-01,508,11,True,17012.0,True
SME_0221,2025-09-01,512,4,False,0.0,True
SME_0221,2025-10-01,534,8,False,0.0,True
SME_0221,2025-11-01,535,4,False,0.0,True
SME_0221,2025-12-01,553,3,False,0.0,True
SME_0221,2026-01-01,560,4,False,0.0,True
SME_0222,2024-08-01,588,5,False,0.0,True
SME_0222,2024-09-01,571,7,True,0.0,True
SME_0222,2024-10-01,570,13,False,0.0,True
SME_0222,2024-11-01,557,7,False,0.0,True
SME_0222,2024-12-01,569,9,False,0.0,True
SME_0222,2025-01-01,542,3,False,0.0,True
SME_0222,2025-02-01,547,5,False,0.0,True
SME_0222,2025-03-01,540,7,False,0.0,True
SME_0222,2025-04-01,530,9,False,0.0,True
SME_0222,2025-05-01,521,5,False,0.0,True
SME_0222,2025-06-01,537,9,False,0.0,True
SME_0222,2025-07-01,536,12,False,0.0,True
SME_0222,2025-08-01,550,9,False,0.0,True
SME_0222,2025-09-01,560,5,False,0.0,True
SME_0222,2025-10-01,559,5,False,0.0,True
SME_0222,2025-11-01,542,11,False,0.0,True
SME_0222,2025-12-01,535,7,False,0.0,True
SME_0222,2026-01-01,539,7,False,0.0,True
SME_0223,2024-08-01,607,12,False,0.0,True
SME_0223,2024-09-01,605,12,False,0.0,True
SME_0223,2024-10-01,607,6,False,0.0,True
SME_0223,2024-11-01,611,14,False,0.0,True
SME_0223,2024-12-01,600,11,False,0.0,True
SME_0223,2025-01-01,605,11,False,0.0,True
SME_0223,2025-02-01,618,14,False,0.0,True
SME_0223,2025-03-01,599,10,False,0.0,True
SME_0223,2025-04-01,633,12,False,0.0,True
SME_0223,2025-05-01,630,14,False,0.0,True
SME_0223,2025-06-01,619,10,False,0.0,True
SME_0223,2025-07-01,622,11,False,0.0,True
SME_0223,2025-08-01,639,14,True,0.0,True
SME_0223,2025-09-01,653,7,False,0.0,True
SME_0223,2025-10-01,624,6,False,0.0,True
SME_0223,2025-11-01,638,15,False,0.0,True
SME_0223,2025-12-01,630,14,True,48140.73,True
SME_0223,2026-01-01,614,7,False,0.0,True
SME_0224,2024-08-01,699,20,False,0.0,True
SME_0224,2024-09-01,719,14,True,40104.27,True
SME_0224,2024-10-01,712,21,False,0.0,True
SME_0224,2024-11-01,705,11,False,0.0,True
SME_0224,2024-12-01,710,11,False,0.0,True
SME_0224,2025-01-01,697,15,False,0.0,True
SME_0224,2025-02-01,687,16,False,0.0,True
SME_0224,2025-03-01,699,16,True,0.0,True
SME_0224,2025-04-01,716,17,True,23186.91,True
SME_0224,2025-05-01,721,11,False,0.0,True
SME_0224,2025-06-01,715,20,False,0.0,True
SME_0224,2025-07-01,715,10,False,0.0,True
SME_0224,2025-08-01,685,9,False,0.0,True
SME_0224,2025-09-01,706,10,False,0.0,True
SME_0224,2025-10-01,718,8,False,0.0,True
SME_0224,2025-11-01,722,19,True,21711.67,True
SME_0224,2025-12-01,722,7,False,0.0,True
SME_0224,2026-01-01,723,14,True,72612.92,True
SME_0225,2024-08-01,561,7,True,49596.44,True
SME_0225,2024-09-01,561,6,False,0.0,True
SME_0225,2024-10-01,560,9,False,0.0,True
SME_0225,2024-11-01,560,9,False,0.0,True
SME_0225,2024-12-01,531,7,False,0.0,True
SME_0225,2025-01-01,520,4,False,0.0,True
SME_0225,2025-02-01,519,4,False,0.0,True
SME_0225,2025-03-01,513,5,False,0.0,True
SME_0225,2025-04-01,515,10,False,0.0,True
SME_0225,2025-05-01,513,6,False,0.0,True
SME_0225,2025-06-01,512,5,False,0.0,True
SME_0225,2025-07-01,519,3,False,0.0,True
SME_0225,2025-08-01,539,6,False,0.0,True
SME_0225,2025-09-01,546,4,False,0.0,True
SME_0225,2025-10-01,526,6,False,0.0,True
SME_0225,2025-11-01,527,8,True,0.0,True
SME_0225,2025-12-01,525,3,False,0.0,True
SME_0225,2026-01-01,515,4,False,0.0,True
SME_0226,2024-08-01,634,11,False,0.0,True
SME_0226,2024-09-01,614,16,False,0.0,True
SME_0226,2024-10-01,624,11,False,0.0,True
SME_0226,2024-11-01,616,7,False,0.0,True
SME_0226,2024-12-01,628,7,False,0.0,True
SME_0226,2025-01-01,641,12,False,0.0,True
SME_0226,2025-02-01,639,10,False,0.0,True
SME_0226,2025-03-01,622,7,True,0.0,True
SME_0226,2025-04-01,625,12,False,0.0,True
SME_0226,2025-05-01,636,8,False,0.0,True
SME_0226,2025-06-01,634,17,False,0.0,True
SME_0226,2025-07-01,653,14,True,0.0,True
SME_0226,2025-08-01,648,8,True,0.0,True
SME_0226,2025-09-01,639,13,False,0.0,True
SME_0226,2025-10-01,651,14,False,0.0,True
SME_0226,2025-11-01,660,11,True,30561.08,True
SME_0226,2025-12-01,653,4,False,0.0,True
SME_0226,2026-01-01,648,8,True,10447.39,True
SME_0227,2024-08-01,579,10,True,0.0,True
SME_0227,2024-09-01,566,12,True,40409.52,True
SME_0227,2024-10-01,532,15,False,0.0,True
SME_0227,2024-11-01,-1,8,False,0.0,True
SME_0227,2024-12-01,586,12,False,0.0,True
SME_0227,2025-01-01,568,8,False,0.0,True
SME_0227,2025-02-01,563,5,False,0.0,True
SME_0227,2025-03-01,577,11,False,0.0,True
SME_0227,2025-04-01,580,12,False,0.0,True
SME_0227,2025-05-01,594,4,False,0.0,True
SME_0227,2025-06-01,594,0,False,0.0,False
SME_0227,2025-07-01,594,0,False,0.0,False
SME_0227,2025-08-01,594,0,False,0.0,False
SME_0227,2025-09-01,999,0,False,0.0,False
SME_0227,2025-10-01,594,0,False,0.0,False
SME_0227,2025-11-01,594,0,False,0.0,False
SME_0227,2025-12-01,594,0,False,0.0,False
SME_0227,2026-01-01,594,0,False,0.0,False
SME_0228,2024-08-01,621,16,False,0.0,True
SME_0228,2024-09-01,613,12,False,0.0,True
SME_0228,2024-10-01,609,18,False,0.0,True
SME_0228,2024-11-01,626,9,False,0.0,True
SME_0228,2024-12-01,607,19,False,0.0,True
SME_0228,2025-01-01,605,12,True,44395.26,True
SME_0228,2025-02-01,603,7,False,0.0,True
SME_0228,2025-03-01,599,12,False,0.0,True
SME_0228,2025-04-01,608,12,False,0.0,True
SME_0228,2025-05-01,606,10,False,0.0,True
SME_0228,2025-06-01,603,10,False,0.0,True
SME_0228,2025-07-01,599,5,True,0.0,True
SME_0228,2025-08-01,598,10,False,0.0,True
SME_0228,2025-09-01,604,9,False,0.0,True
SME_0228,2025-10-01,595,8,False,0.0,True
SME_0228,2025-11-01,610,12,True,45637.73,True
SME_0228,2025-12-01,610,5,False,0.0,True
SME_0228,2026-01-01,609,8,False,0.0,True
SME_0229,2024-08-01,697,15,False,0.0,True
SME_0229,2024-09-01,678,16,False,0.0,True
SME_0229,2024-10-01,677,13,False,0.0,True
SME_0229,2024-11-01,672,14,False,0.0,True
SME_0229,2024-12-01,707,11,False,0.0,True
SME_0229,2025-01-01,703,8,True,0.0,True
SME_0229,2025-02-01,685,13,False,0.0,True
SME_0229,2025-03-01,692,10,False,0.0,True
SME_0229,2025-04-01,693,14,False,0.0,True
SME_0229,2025-05-01,698,15,True,0.0,True
SME_0229,2025-06-01,706,16,False,0.0,True
SME_0229,2025-07-01,703,16,False,0.0,True
SME_0229,2025-08-01,702,14,False,0.0,True
SME_0229,2025-09-01,702,11,False,0.0,True
SME_0229,2025-10-01,685,9,False,0.0,True
SME_0229,2025-11-01,688,17,True,0.0,True
SME_0229,2025-12-01,685,14,False,0.0,True
SME_0229,2026-01-01,690,13,False,0.0,True
SME_0230,2024-08-01,571,12,True,0.0,True
SME_0230,2024-09-01,565,6,False,0.0,True
SME_0230,2024-10-01,558,7,False,0.0,True
SME_0230,2024-11-01,568,13,True,0.0,True
SME_0230,2024-12-01,587,7,False,0.0,True
SME_0230,2025-01-01,575,11,False,0.0,True
SME_0230,2025-02-01,581,10,False,0.0,True
SME_0230,2025-03-01,594,9,False,0.0,True
SME_0230,2025-04-01,597,13,False,0.0,True
SME_0230,2025-05-01,609,12,True,19293.39,True
SME_0230,2025-06-01,600,15,False,0.0,True
SME_0230,2025-07-01,606,12,False,0.0,True
SME_0230,2025-08-01,620,7,False,0.0,True
SME_0230,2025-09-01,607,10,False,0.0,True
SME_0230,2025-10-01,591,6,False,0.0,True
SME_0230,2025-11-01,598,16,False,0.0,True
SME_0230,2025-12-01,608,3,False,0.0,True
SME_0230,2026-01-01,606,9,True,43114.86,True
SME_0231,2024-08-01,600,5,False,0.0,True
SME_0231,2024-09-01,614,7,True,45060.07,True
SME_0231,2024-10-01,600,10,False,0.0,True
SME_0231,2024-11-01,599,7,True,0.0,True
SME_0231,2024-12-01,592,8,False,0.0,True
SME_0231,2025-01-01,591,12,False,0.0,True
SME_0231,2025-02-01,586,10,False,0.0,True
SME_0231,2025-03-01,589,10,False,0.0,True
SME_0231,2025-04-01,581,8,False,0.0,True
SME_0231,2025-05-01,579,10,False,0.0,True
SME_0231,2025-06-01,560,11,False,0.0,True
SME_0231,2025-07-01,564,8,False,0.0,True
SME_0231,2025-08-01,581,6,False,0.0,True
SME_0231,2025-09-01,574,10,False,0.0,True
SME_0231,2025-10-01,557,9,False,0.0,True
SME_0231,2025-11-01,568,6,False,0.0,True
SME_0231,2025-12-01,568,7,False,0.0,True
SME_0231,2026-01-01,569,11,False,0.0,True
SME_0232,2024-08-01,571,11,False,0.0,True
SME_0232,2024-09-01,563,5,False,0.0,True
SME_0232,2024-10-01,553,2,False,0.0,True
SME_0232,2024-11-01,560,6,True,0.0,True
SME_0232,2024-12-01,572,8,False,0.0,True
SME_0232,2025-01-01,570,6,False,0.0,True
SME_0232,2025-02-01,597,12,False,0.0,True
SME_0232,2025-03-01,600,8,False,0.0,True
SME_0232,2025-04-01,602,1,False,0.0,True
SME_0232,2025-05-01,595,10,False,0.0,True
SME_0232,2025-06-01,581,8,False,0.0,True
SME_0232,2025-07-01,571,7,True,0.0,True
SME_0232,2025-08-01,615,8,False,0.0,True
SME_0232,2025-09-01,615,9,True,0.0,True
SME_0232,2025-10-01,633,6,False,0.0,True
SME_0232,2025-11-01,647,3,True,0.0,True
SME_0232,2025-12-01,633,7,False,0.0,True
SME_0232,2026-01-01,626,10,False,0.0,True
SME_0233,2024-08-01,642,14,False,0.0,True
SME_0233,2024-09-01,615,10,False,0.0,True
SME_0233,2024-10-01,613,18,False,0.0,True
SME_0233,2024-11-01,604,5,True,0.0,True
SME_0233,2024-12-01,609,6,False,0.0,True
SME_0233,2025-01-01,614,8,False,0.0,True
SME_0233,2025-02-01,610,10,False,0.0,True
SME_0233,2025-03-01,599,13,False,0.0,True
SME_0233,2025-04-01,577,14,False,0.0,True
SME_0233,2025-05-01,577,6,False,0.0,True
SME_0233,2025-06-01,585,9,True,0.0,True
SME_0233,2025-07-01,594,6,False,0.0,True
SME_0233,2025-08-01,611,9,False,0.0,True
SME_0233,2025-09-01,627,16,False,0.0,True
SME_0233,2025-10-01,641,17,True,0.0,True
SME_0233,2025-11-01,633,9,False,0.0,True
SME_0233,2025-12-01,630,12,True,9302.03,True
SME_0233,2026-01-01,631,8,False,0.0,True
SME_0234,2024-08-01,651,14,False,0.0,True
SME_0234,2024-09-01,647,17,False,0.0,True
SME_0234,2024-10-01,657,15,False,0.0,True
SME_0234,2024-11-01,674,7,False,0.0,True
SME_0234,2024-12-01,664,14,False,0.0,True
SME_0234,2025-01-01,673,9,False,0.0,True
SME_0234,2025-02-01,681,15,False,0.0,True
SME_0234,2025-03-01,678,12,False,0.0,True
SME_0234,2025-04-01,661,13,False,0.0,True
SME_0234,2025-05-01,643,15,False,0.0,True
SME_0234,2025-06-01,639,12,False,0.0,True
SME_0234,2025-07-01,641,8,False,0.0,True
SME_0234,2025-08-01,647,11,False,0.0,True
SME_0234,2025-09-01,645,8,False,0.0,True
SME_0234,2025-10-01,642,14,False,0.0,True
SME_0234,2025-11-01,624,14,True,0.0,True
SME_0234,2025-12-01,627,13,True,0.0,True
SME_0234,2026-01-01,616,16,False,0.0,True
SME_0235,2024-08-01,553,8,False,0.0,True
SME_0235,2024-09-01,560,4,True,0.0,True
SME_0235,2024-10-01,572,7,False,0.0,True
SME_0235,2024-11-01,574,7,False,0.0,True
SME_0235,2024-12-01,576,12,False,0.0,True
SME_0235,2025-01-01,568,4,False,0.0,True
SME_0235,2025-02-01,560,8,False,0.0,True
SME_0235,2025-03-01,569,9,False,0.0,True
SME_0235,2025-04-01,575,5,False,0.0,True
SME_0235,2025-05-01,571,8,False,0.0,True
SME_0235,2025-06-01,588,6,False,0.0,True
SME_0235,2025-07-01,588,4,True,45511.31,True
SME_0235,2025-08-01,591,5,True,0.0,True
SME_0235,2025-09-01,604,8,False,0.0,True
SME_0235,2025-10-01,597,5,False,0.0,True
SME_0235,2025-11-01,611,8,False,0.0,True
SME_0235,2025-12-01,605,8,False,0.0,True
SME_0235,2026-01-01,620,6,False,0.0,True
SME_0236,2024-08-01,542,3,True,0.0,True
SME_0236,2024-09-01,556,7,False,0.0,True
SME_0236,2024-10-01,568,6,False,0.0,True
SME_0236,2024-11-01,558,2,False,0.0,True
SME_0236,2024-12-01,543,9,False,0.0,True
SME_0236,2025-01-01,530,4,False,0.0,True
SME_0236,2025-02-01,529,10,False,0.0,True
SME_0236,2025-03-01,521,9,False,0.0,True
SME_0236,2025-04-01,530,5,False,0.0,True
SME_0236,2025-05-01,512,11,False,0.0,True
SME_0236,2025-06-01,488,7,False,0.0,True
SME_0236,2025-07-01,472,7,False,0.0,True
SME_0236,2025-08-01,472,5,False,0.0,True
SME_0236,2025-09-01,469,4,False,0.0,True
SME_0236,2025-10-01,475,6,True,0.0,True
SME_0236,2025-11-01,482,5,False,0.0,True
SME_0236,2025-12-01,501,8,False,0.0,True
SME_0236,2026-01-01,505,4,True,0.0,True
SME_0237,2024-08-01,635,9,True,0.0,True
SME_0237,2024-09-01,642,11,False,0.0,True
SME_0237,2024-10-01,634,12,False,0.0,True
SME_0237,2024-11-01,611,14,False,0.0,True
SME_0237,2024-12-01,614,12,False,0.0,True
SME_0237,2025-01-01,605,14,False,0.0,True
SME_0237,2025-02-01,616,12,False,0.0,True
SME_0237,2025-03-01,601,12,False,0.0,True
SME_0237,2025-04-01,613,12,False,0.0,True
SME_0237,2025-05-01,604,9,False,0.0,True
SME_0237,2025-06-01,610,6,False,0.0,True
SME_0237,2025-07-01,624,14,False,0.0,True
SME_0237,2025-08-01,619,11,False,0.0,True
SME_0237,2025-09-01,631,14,False,0.0,True
SME_0237,2025-10-01,634,11,False,0.0,True
SME_0237,2025-11-01,656,14,False,0.0,True
SME_0237,2025-12-01,654,13,False,0.0,True
SME_0237,2026-01-01,635,12,False,0.0,True
SME_0238,2024-08-01,520,15,False,0.0,True
SME_0238,2024-09-01,516,14,False,0.0,True
SME_0238,2024-10-01,510,9,False,0.0,True
SME_0238,2024-11-01,535,5,False,0.0,True
SME_0238,2024-12-01,544,13,True,0.0,True
SME_0238,2025-01-01,548,12,False,0.0,True
SME_0238,2025-02-01,523,4,False,0.0,True
SME_0238,2025-03-01,525,11,False,0.0,True
SME_0238,2025-04-01,517,11,False,0.0,True
SME_0238,2025-05-01,523,10,False,0.0,True
SME_0238,2025-06-01,543,11,True,0.0,True
SME_0238,2025-07-01,540,9,False,0.0,True
SME_0238,2025-08-01,577,12,False,0.0,True
SME_0238,2025-09-01,579,9,True,0.0,True
SME_0238,2025-10-01,587,7,True,31249.97,True
SME_0238,2025-11-01,581,8,True,0.0,True
SME_0238,2025-12-01,593,9,False,0.0,True
SME_0238,2026-01-01,610,6,False,0.0,True
SME_0239,2024-08-01,474,4,False,0.0,True
SME_0239,2024-09-01,494,1,False,0.0,True
SME_0239,2024-10-01,482,5,False,0.0,True
SME_0239,2024-11-01,498,4,True,0.0,True
SME_0239,2024-12-01,517,7,False,0.0,True
SME_0239,2025-01-01,488,4,False,0.0,True
SME_0239,2025-02-01,482,4,False,0.0,True
SME_0239,2025-03-01,494,4,False,0.0,True
SME_0239,2025-04-01,501,4,False,0.0,True
SME_0239,2025-05-01,489,4,False,0.0,True
SME_0239,2025-06-01,502,9,False,0.0,True
SME_0239,2025-07-01,487,3,False,0.0,True
SME_0239,2025-08-01,482,5,False,0.0,True
SME_0239,2025-09-01,510,5,False,0.0,True
SME_0239,2025-10-01,511,4,False,0.0,True
SME_0239,2025-11-01,523,3,False,0.0,True
SME_0239,2025-12-01,509,6,False,0.0,True
SME_0239,2026-01-01,508,5,False,0.0,True
SME_0240,2024-08-01,561,10,False,0.0,True
SME_0240,2024-09-01,569,6,False,0.0,True
SME_0240,2024-10-01,560,7,False,0.0,True
SME_0240,2024-11-01,570,11,False,0.0,True
SME_0240,2024-12-01,564,5,False,0.0,True
SME_0240,2025-01-01,570,10,False,0.0,True
SME_0240,2025-02-01,572,12,True,49116.22,True
SME_0240,2025-03-01,562,12,False,0.0,True
SME_0240,2025-04-01,552,7,False,0.0,True
SME_0240,2025-05-01,558,11,False,0.0,True
SME_0240,2025-06-01,549,11,False,0.0,True
SME_0240,2025-07-01,553,9,True,0.0,True
SME_0240,2025-08-01,553,0,False,0.0,False
SME_0240,2025-09-01,553,0,False,0.0,False
SME_0240,2025-10-01,553,0,False,0.0,False
SME_0240,2025-11-01,553,0,False,0.0,False
SME_0240,2025-12-01,553,0,False,0.0,False
SME_0240,2026-01-01,553,0,False,0.0,False
SME_0241,2024-08-01,731,9,False,0.0,True
SME_0241,2024-09-01,730,14,False,0.0,True
SME_0241,2024-10-01,727,13,False,0.0,True
SME_0241,2024-11-01,717,15,False,0.0,True
SME_0241,2024-12-01,721,14,False,0.0,True
SME_0241,2025-01-01,725,21,False,0.0,True
SME_0241,2025-02-01,722,18,True,49495.97,True
SME_0241,2025-03-01,705,11,True,22008.63,True
SME_0241,2025-04-01,683,14,False,0.0,True
SME_0241,2025-05-01,691,23,False,0.0,True
SME_0241,2025-06-01,686,18,False,0.0,True
SME_0241,2025-07-01,688,18,True,0.0,True
SME_0241,2025-08-01,673,20,False,0.0,True
SME_0241,2025-09-01,657,11,False,0.0,True
SME_0241,2025-10-01,661,11,True,36054.13,True
SME_0241,2025-11-01,650,9,False,0.0,True
SME_0241,2025-12-01,652,22,False,0.0,True
SME_0241,2026-01-01,649,10,True,70182.63,True
SME_0242,2024-08-01,508,8,False,0.0,True
SME_0242,2024-09-01,520,8,False,0.0,True
SME_0242,2024-10-01,520,5,False,0.0,True
SME_0242,2024-11-01,517,7,False,0.0,True
SME_0242,2024-12-01,552,4,False,0.0,True
SME_0242,2025-01-01,566,5,False,0.0,True
SME_0242,2025-02-01,545,2,False,0.0,True
SME_0242,2025-03-01,530,1,False,0.0,True
SME_0242,2025-04-01,533,3,False,0.0,True
SME_0242,2025-05-01,521,2,False,0.0,True
SME_0242,2025-06-01,512,5,False,0.0,True
SME_0242,2025-07-01,488,6,False,0.0,True
SME_0242,2025-08-01,497,4,False,0.0,True
SME_0242,2025-09-01,505,10,False,0.0,True
SME_0242,2025-10-01,500,2,False,0.0,True
SME_0242,2025-11-01,510,3,False,0.0,True
SME_0242,2025-12-01,511,10,False,0.0,True
SME_0242,2026-01-01,497,5,False,0.0,True
SME_0243,2024-08-01,457,2,False,0.0,True
SME_0243,2024-09-01,459,2,False,0.0,True
SME_0243,2024-10-01,476,7,False,0.0,True
SME_0243,2024-11-01,459,5,False,0.0,True
SME_0243,2024-12-01,463,8,False,0.0,True
SME_0243,2025-01-01,462,3,False,0.0,True
SME_0243,2025-02-01,468,7,True,0.0,True
SME_0243,2025-03-01,479,4,False,0.0,True
SME_0243,2025-04-01,473,3,False,0.0,True
SME_0243,2025-05-01,469,5,False,0.0,True
SME_0243,2025-06-01,473,3,False,0.0,True
SME_0243,2025-07-01,478,2,False,0.0,True
SME_0243,2025-08-01,447,2,False,0.0,True
SME_0243,2025-09-01,481,7,False,0.0,True
SME_0243,2025-10-01,486,1,False,0.0,True
SME_0243,2025-11-01,473,3,True,0.0,True
SME_0243,2025-12-01,463,4,False,0.0,True
SME_0243,2026-01-01,460,4,False,0.0,True
SME_0244,2024-08-01,628,4,False,0.0,True
SME_0244,2024-09-01,628,9,False,0.0,True
SME_0244,2024-10-01,622,10,False,0.0,True
SME_0244,2024-11-01,603,9,False,0.0,True
SME_0244,2024-12-01,590,5,True,0.0,True
SME_0244,2025-01-01,591,7,False,0.0,True
SME_0244,2025-02-01,600,7,False,0.0,True
SME_0244,2025-03-01,577,5,False,0.0,True
SME_0244,2025-04-01,573,9,False,0.0,True
SME_0244,2025-05-01,561,8,False,0.0,True
SME_0244,2025-06-01,559,7,False,0.0,True
SME_0244,2025-07-01,552,10,False,0.0,True
SME_0244,2025-08-01,569,6,False,0.0,True
SME_0244,2025-09-01,570,9,False,0.0,True
SME_0244,2025-10-01,569,9,False,0.0,True
SME_0244,2025-11-01,566,8,False,0.0,True
SME_0244,2025-12-01,552,7,False,0.0,True
SME_0244,2026-01-01,536,9,False,0.0,True
SME_0245,2024-08-01,671,14,True,0.0,True
SME_0245,2024-09-01,666,11,False,0.0,True
SME_0245,2024-10-01,671,12,True,59964.33,True
SME_0245,2024-11-01,677,17,False,0.0,True
SME_0245,2024-12-01,681,14,True,46008.53,True
SME_0245,2025-01-01,692,14,False,0.0,True
SME_0245,2025-02-01,680,12,False,0.0,True
SME_0245,2025-03-01,702,20,False,0.0,True
SME_0245,2025-04-01,691,15,False,0.0,True
SME_0245,2025-05-01,703,10,False,0.0,True
SME_0245,2025-06-01,709,11,False,0.0,True
SME_0245,2025-07-01,694,14,False,0.0,True
SME_0245,2025-08-01,701,13,True,0.0,True
SME_0245,2025-09-01,675,19,False,0.0,True
SME_0245,2025-10-01,678,15,False,0.0,True
SME_0245,2025-11-01,692,13,False,0.0,True
SME_0245,2025-12-01,693,13,True,0.0,True
SME_0245,2026-01-01,691,11,False,0.0,True
SME_0246,2024-08-01,668,13,False,0.0,True
SME_0246,2024-09-01,691,17,False,0.0,True
SME_0246,2024-10-01,679,14,False,0.0,True
SME_0246,2024-11-01,680,9,True,30695.82,True
SME_0246,2024-12-01,670,16,False,0.0,True
SME_0246,2025-01-01,657,23,True,0.0,True
SME_0246,2025-02-01,645,10,False,0.0,True
SME_0246,2025-03-01,649,15,True,0.0,True
SME_0246,2025-04-01,651,18,False,0.0,True
SME_0246,2025-05-01,644,18,False,0.0,True
SME_0246,2025-06-01,651,14,False,0.0,True
SME_0246,2025-07-01,624,10,False,0.0,True
SME_0246,2025-08-01,656,10,False,0.0,True
SME_0246,2025-09-01,669,10,False,0.0,True
SME_0246,2025-10-01,663,15,False,0.0,True
SME_0246,2025-11-01,656,12,False,0.0,True
SME_0246,2025-12-01,680,19,False,0.0,True
SME_0246,2026-01-01,648,14,False,0.0,True
SME_0247,2024-08-01,686,13,False,0.0,True
SME_0247,2024-09-01,690,11,False,0.0,True
SME_0247,2024-10-01,682,11,False,0.0,True
SME_0247,2024-11-01,679,9,False,0.0,True
SME_0247,2024-12-01,676,12,True,14158.07,True
SME_0247,2025-01-01,673,12,False,0.0,True
SME_0247,2025-02-01,682,14,False,0.0,True
SME_0247,2025-03-01,678,11,False,0.0,True
SME_0247,2025-04-01,668,20,False,0.0,True
SME_0247,2025-05-01,680,9,False,0.0,True
SME_0247,2025-06-01,695,7,False,0.0,True
SME_0247,2025-07-01,711,10,False,0.0,True
SME_0247,2025-08-01,701,10,False,0.0,True
SME_0247,2025-09-01,691,11,False,0.0,True
SME_0247,2025-10-01,689,11,False,0.0,True
SME_0247,2025-11-01,679,18,True,9691.06,True
SME_0247,2025-12-01,673,13,False,0.0,True
SME_0247,2026-01-01,666,17,False,0.0,True
SME_0248,2024-08-01,518,4,False,0.0,True
SME_0248,2024-09-01,504,9,False,0.0,True
SME_0248,2024-10-01,487,8,False,0.0,True
SME_0248,2024-11-01,500,9,False,0.0,True
SME_0248,2024-12-01,511,7,False,0.0,True
SME_0248,2025-01-01,517,6,False,0.0,True
SME_0248,2025-02-01,487,9,False,0.0,True
SME_0248,2025-03-01,516,5,False,0.0,True
SME_0248,2025-04-01,519,8,False,0.0,True
SME_0248,2025-05-01,507,3,False,0.0,True
SME_0248,2025-06-01,537,4,False,0.0,True
SME_0248,2025-07-01,565,8,False,0.0,True
SME_0248,2025-08-01,564,3,False,0.0,True
SME_0248,2025-09-01,580,10,False,0.0,True
SME_0248,2025-10-01,579,1,False,0.0,True
SME_0248,2025-11-01,589,5,False,0.0,True
SME_0248,2025-12-01,589,7,False,0.0,True
SME_0248,2026-01-01,594,6,False,0.0,True
SME_0249,2024-08-01,518,5,False,0.0,True
SME_0249,2024-09-01,520,9,False,0.0,True
SME_0249,2024-10-01,507,10,False,0.0,True
SME_0249,2024-11-01,492,11,False,0.0,True
SME_0249,2024-12-01,515,3,False,0.0,True
SME_0249,2025-01-01,492,10,False,0.0,True
SME_0249,2025-02-01,466,7,False,0.0,True
SME_0249,2025-03-01,491,4,False,0.0,True
SME_0249,2025-04-01,473,7,True,0.0,True
SME_0249,2025-05-01,473,4,False,0.0,True
SME_0249,2025-06-01,468,6,True,0.0,True
SME_0249,2025-07-01,456,4,False,0.0,True
SME_0249,2025-08-01,476,14,False,0.0,True
SME_0249,2025-09-01,488,6,False,0.0,True
SME_0249,2025-10-01,484,7,False,0.0,True
SME_0249,2025-11-01,486,5,False,0.0,True
SME_0249,2025-12-01,477,4,False,0.0,True
SME_0249,2026-01-01,470,2,False,0.0,True
SME_0250,2024-08-01,550,7,False,0.0,True
SME_0250,2024-09-01,562,9,False,0.0,True
SME_0250,2024-10-01,563,13,False,0.0,True
SME_0250,2024-11-01,593,10,True,0.0,True
SME_0250,2024-12-01,586,14,False,0.0,True
SME_0250,2025-01-01,581,9,False,0.0,True
SME_0250,2025-02-01,586,4,False,0.0,True
SME_0250,2025-03-01,592,14,False,0.0,True
SME_0250,2025-04-01,596,6,False,0.0,True
SME_0250,2025-05-01,590,10,False,0.0,True
SME_0250,2025-06-01,608,7,False,0.0,True
SME_0250,2025-07-01,610,8,False,0.0,True
SME_0250,2025-08-01,611,10,False,0.0,True
SME_0250,2025-09-01,616,12,True,0.0,True
SME_0250,2025-10-01,605,11,False,0.0,True
SME_0250,2025-11-01,599,10,False,0.0,True
SME_0250,2025-12-01,590,11,False,0.0,True
SME_0250,2026-01-01,566,8,False,0.0,True
SME_0251,2024-08-01,658,8,False,0.0,True
SME_0251,2024-09-01,666,11,True,0.0,True
SME_0251,2024-10-01,657,10,False,0.0,True
SME_0251,2024-11-01,664,14,True,0.0,True
SME_0251,2024-12-01,678,10,False,0.0,True
SME_0251,2025-01-01,689,14,False,0.0,True
SME_0251,2025-02-01,657,9,False,0.0,True
SME_0251,2025-03-01,657,10,False,0.0,True
SME_0251,2025-04-01,619,16,False,0.0,True
SME_0251,2025-05-01,625,8,False,0.0,True
SME_0251,2025-06-01,630,8,False,0.0,True
SME_0251,2025-07-01,647,4,False,0.0,True
SME_0251,2025-08-01,655,12,False,0.0,True
SME_0251,2025-09-01,674,8,True,17061.18,True
SME_0251,2025-10-01,662,22,False,0.0,True
SME_0251,2025-11-01,667,12,False,0.0,True
SME_0251,2025-12-01,656,15,False,0.0,True
SME_0251,2026-01-01,640,9,False,0.0,True
SME_0252,2024-08-01,689,11,False,0.0,True
SME_0252,2024-09-01,681,10,False,0.0,True
SME_0252,2024-10-01,687,12,False,0.0,True
SME_0252,2024-11-01,687,15,False,0.0,True
SME_0252,2024-12-01,714,20,False,0.0,True
SME_0252,2025-01-01,717,15,False,0.0,True
SME_0252,2025-02-01,734,13,True,21040.75,True
SME_0252,2025-03-01,714,13,False,0.0,True
SME_0252,2025-04-01,722,16,False,0.0,True
SME_0252,2025-05-01,706,14,False,0.0,True
SME_0252,2025-06-01,712,18,False,0.0,True
SME_0252,2025-07-01,717,20,False,0.0,True
SME_0252,2025-08-01,725,17,False,0.0,True
SME_0252,2025-09-01,716,8,False,0.0,True
SME_0252,2025-10-01,714,7,False,0.0,True
SME_0252,2025-11-01,700,14,False,0.0,True
SME_0252,2025-12-01,713,14,True,0.0,True
SME_0252,2026-01-01,714,16,True,46529.32,True
SME_0253,2024-08-01,629,8,False,0.0,True
SME_0253,2024-09-01,629,9,False,0.0,True
SME_0253,2024-10-01,629,8,False,0.0,True
SME_0253,2024-11-01,617,8,False,0.0,True
SME_0253,2024-12-01,595,13,False,0.0,True
SME_0253,2025-01-01,593,9,False,0.0,True
SME_0253,2025-02-01,590,7,False,0.0,True
SME_0253,2025-03-01,610,11,False,0.0,True
SME_0253,2025-04-01,623,12,False,0.0,True
SME_0253,2025-05-01,631,19,False,0.0,True
SME_0253,2025-06-01,623,15,False,0.0,True
SME_0253,2025-07-01,622,11,False,0.0,True
SME_0253,2025-08-01,614,7,False,0.0,True
SME_0253,2025-09-01,613,7,False,0.0,True
SME_0253,2025-10-01,626,4,False,0.0,True
SME_0253,2025-11-01,610,6,False,0.0,True
SME_0253,2025-12-01,616,12,False,0.0,True
SME_0253,2026-01-01,613,10,False,0.0,True
SME_0254,2024-08-01,569,6,False,0.0,True
SME_0254,2024-09-01,591,18,False,0.0,True
SME_0254,2024-10-01,573,9,False,0.0,True
SME_0254,2024-11-01,575,13,False,0.0,True
SME_0254,2024-12-01,590,7,True,10978.5,True
SME_0254,2025-01-01,572,15,False,0.0,True
SME_0254,2025-02-01,566,10,False,0.0,True
SME_0254,2025-03-01,566,11,False,0.0,True
SME_0254,2025-04-01,572,10,False,0.0,True
SME_0254,2025-05-01,587,6,False,0.0,True
SME_0254,2025-06-01,572,15,True,0.0,True
SME_0254,2025-07-01,567,7,False,0.0,True
SME_0254,2025-08-01,552,9,False,0.0,True
SME_0254,2025-09-01,553,10,True,0.0,True
SME_0254,2025-10-01,544,11,True,0.0,True
SME_0254,2025-11-01,575,12,False,0.0,True
SME_0254,2025-12-01,577,12,False,0.0,True
SME_0254,2026-01-01,582,8,False,0.0,True
SME_0255,2024-08-01,575,6,True,0.0,True
SME_0255,2024-09-01,572,13,False,0.0,True
SME_0255,2024-10-01,577,8,False,0.0,True
SME_0255,2024-11-01,566,9,True,26962.47,True
SME_0255,2024-12-01,549,8,False,0.0,True
SME_0255,2025-01-01,538,6,True,0.0,True
SME_0255,2025-02-01,555,4,False,0.0,True
SME_0255,2025-03-01,548,9,False,0.0,True
SME_0255,2025-04-01,562,10,False,0.0,True
SME_0255,2025-05-01,549,11,True,0.0,True
SME_0255,2025-06-01,568,2,False,0.0,True
SME_0255,2025-07-01,546,1,False,0.0,True
SME_0255,2025-08-01,571,5,False,0.0,True
SME_0255,2025-09-01,559,2,False,0.0,True
SME_0255,2025-10-01,572,4,False,0.0,True
SME_0255,2025-11-01,558,7,False,0.0,True
SME_0255,2025-12-01,564,8,True,0.0,True
SME_0255,2026-01-01,583,6,False,0.0,True
SME_0256,2024-08-01,725,16,False,0.0,True
SME_0256,2024-09-01,705,16,False,0.0,True
SME_0256,2024-10-01,698,18,False,0.0,True
SME_0256,2024-11-01,725,14,False,0.0,True
SME_0256,2024-12-01,735,17,False,0.0,True
SME_0256,2025-01-01,704,9,False,0.0,True
SME_0256,2025-02-01,689,22,False,0.0,True
SME_0256,2025-03-01,714,25,False,0.0,True
SME_0256,2025-04-01,737,11,True,0.0,True
SME_0256,2025-05-01,714,16,False,0.0,True
SME_0256,2025-06-01,708,14,False,0.0,True
SME_0256,2025-07-01,720,13,False,0.0,True
SME_0256,2025-08-01,714,16,False,0.0,True
SME_0256,2025-09-01,707,8,False,0.0,True
SME_0256,2025-10-01,704,10,False,0.0,True
SME_0256,2025-11-01,708,15,False,0.0,True
SME_0256,2025-12-01,721,15,False,0.0,True
SME_0256,2026-01-01,717,20,True,68317.98,True
SME_0257,2024-08-01,710,12,True,11025.02,True
SME_0257,2024-09-01,708,12,False,0.0,True
SME_0257,2024-10-01,720,16,False,0.0,True
SME_0257,2024-11-01,732,17,False,0.0,True
SME_0257,2024-12-01,734,21,False,0.0,True
SME_0257,2025-01-01,712,9,False,0.0,True
SME_0257,2025-02-01,713,12,False,0.0,True
SME_0257,2025-03-01,718,11,False,0.0,True
SME_0257,2025-04-01,707,12,False,0.0,True
SME_0257,2025-05-01,702,13,True,0.0,True
SME_0257,2025-06-01,698,13,False,0.0,True
SME_0257,2025-07-01,706,21,True,16835.57,True
SME_0257,2025-08-01,724,18,False,0.0,True
SME_0257,2025-09-01,712,9,False,0.0,True
SME_0257,2025-10-01,707,18,False,0.0,True
SME_0257,2025-11-01,705,25,True,57427.07,True
SME_0257,2025-12-01,709,12,False,0.0,True
SME_0257,2026-01-01,726,9,False,0.0,True
SME_0258,2024-08-01,467,5,False,0.0,True
SME_0258,2024-09-01,480,3,False,0.0,True
SME_0258,2024-10-01,495,9,False,0.0,True
SME_0258,2024-11-01,508,4,False,0.0,True
SME_0258,2024-12-01,517,3,False,0.0,True
SME_0258,2025-01-01,509,4,False,0.0,True
SME_0258,2025-02-01,492,9,False,0.0,True
SME_0258,2025-03-01,515,8,False,0.0,True
SME_0258,2025-04-01,503,8,False,0.0,True
SME_0258,2025-05-01,498,10,False,0.0,True
SME_0258,2025-06-01,495,3,False,0.0,True
SME_0258,2025-07-01,501,4,False,0.0,True
SME_0258,2025-08-01,487,6,False,0.0,True
SME_0258,2025-09-01,492,5,False,0.0,True
SME_0258,2025-10-01,487,5,False,0.0,True
SME_0258,2025-11-01,470,6,False,0.0,True
SME_0258,2025-12-01,453,4,False,0.0,True
SME_0258,2026-01-01,458,4,False,0.0,True
SME_0259,2024-08-01,432,5,False,0.0,True
SME_0259,2024-09-01,439,3,False,0.0,True
SME_0259,2024-10-01,463,7,False,0.0,True
SME_0259,2024-11-01,455,3,False,0.0,True
SME_0259,2024-12-01,441,3,False,0.0,True
SME_0259,2025-01-01,440,6,False,0.0,True
SME_0259,2025-02-01,448,4,False,0.0,True
SME_0259,2025-03-01,442,5,True,0.0,True
SME_0259,2025-04-01,411,4,False,0.0,True
SME_0259,2025-05-01,414,3,False,0.0,True
SME_0259,2025-06-01,425,0,False,0.0,True
SME_0259,2025-07-01,434,1,False,0.0,True
SME_0259,2025-08-01,410,6,False,0.0,True
SME_0259,2025-09-01,425,1,False,0.0,True
SME_0259,2025-10-01,435,1,False,0.0,True
SME_0259,2025-11-01,433,2,False,0.0,True
SME_0259,2025-12-01,447,4,False,0.0,True
SME_0259,2026-01-01,443,2,False,0.0,True
SME_0260,2024-08-01,704,15,False,0.0,True
SME_0260,2024-09-01,700,17,True,24558.43,True
SME_0260,2024-10-01,691,10,False,0.0,True
SME_0260,2024-11-01,704,20,True,31919.91,True
SME_0260,2024-12-01,700,14,True,0.0,True
SME_0260,2025-01-01,707,10,False,0.0,True
SME_0260,2025-02-01,696,14,False,0.0,True
SME_0260,2025-03-01,711,11,True,0.0,True
SME_0260,2025-04-01,710,16,False,0.0,True
SME_0260,2025-05-01,709,15,False,0.0,True
SME_0260,2025-06-01,697,11,False,0.0,True
SME_0260,2025-07-01,700,18,False,0.0,True
SME_0260,2025-08-01,718,14,False,0.0,True
SME_0260,2025-09-01,721,17,True,16666.85,True
SME_0260,2025-10-01,704,16,False,0.0,True
SME_0260,2025-11-01,708,15,True,24854.81,True
SME_0260,2025-12-01,703,16,False,0.0,True
SME_0260,2026-01-01,704,14,False,0.0,True
SME_0261,2024-08-01,669,14,False,0.0,True
SME_0261,2024-09-01,675,17,True,0.0,True
SME_0261,2024-10-01,678,18,True,0.0,True
SME_0261,2024-11-01,664,9,False,0.0,True
SME_0261,2024-12-01,663,9,True,0.0,True
SME_0261,2025-01-01,635,11,False,0.0,True
SME_0261,2025-02-01,664,13,False,0.0,True
SME_0261,2025-03-01,675,11,False,0.0,True
SME_0261,2025-04-01,667,12,False,0.0,True
SME_0261,2025-05-01,652,10,False,0.0,True
SME_0261,2025-06-01,675,10,False,0.0,True
SME_0261,2025-07-01,687,15,False,0.0,True
SME_0261,2025-08-01,688,16,False,0.0,True
SME_0261,2025-09-01,711,7,True,43500.65,True
SME_0261,2025-10-01,718,19,True,0.0,True
SME_0261,2025-11-01,701,12,False,0.0,True
SME_0261,2025-12-01,715,16,True,0.0,True
SME_0261,2026-01-01,702,14,False,0.0,True
SME_0262,2024-08-01,568,7,False,0.0,True
SME_0262,2024-09-01,540,8,True,0.0,True
SME_0262,2024-10-01,521,8,False,0.0,True
SME_0262,2024-11-01,512,5,False,0.0,True
SME_0262,2024-12-01,527,9,False,0.0,True
SME_0262,2025-01-01,521,6,False,0.0,True
SME_0262,2025-02-01,526,5,False,0.0,True
SME_0262,2025-03-01,520,7,True,0.0,True
SME_0262,2025-04-01,540,13,False,0.0,True
SME_0262,2025-05-01,561,9,False,0.0,True
SME_0262,2025-06-01,557,7,False,0.0,True
SME_0262,2025-07-01,554,7,False,0.0,True
SME_0262,2025-08-01,553,10,False,0.0,True
SME_0262,2025-09-01,570,6,False,0.0,True
SME_0262,2025-10-01,596,9,False,0.0,True
SME_0262,2025-11-01,586,4,False,0.0,True
SME_0262,2025-12-01,574,1,False,0.0,True
SME_0262,2026-01-01,563,5,False,0.0,True
SME_0263,2024-08-01,456,3,False,0.0,True
SME_0263,2024-09-01,475,7,False,0.0,True
SME_0263,2024-10-01,469,2,False,0.0,True
SME_0263,2024-11-01,456,10,False,0.0,True
SME_0263,2024-12-01,466,6,False,0.0,True
SME_0263,2025-01-01,473,2,False,0.0,True
SME_0263,2025-02-01,482,2,True,0.0,True
SME_0263,2025-03-01,470,4,False,0.0,True
SME_0263,2025-04-01,452,7,False,0.0,True
SME_0263,2025-05-01,448,1,False,0.0,True
SME_0263,2025-06-01,452,3,False,0.0,True
SME_0263,2025-07-01,441,3,False,0.0,True
SME_0263,2025-08-01,463,0,False,0.0,True
SME_0263,2025-09-01,469,4,False,0.0,True
SME_0263,2025-10-01,469,4,False,0.0,True
SME_0263,2025-11-01,471,3,False,0.0,True
SME_0263,2025-12-01,485,5,False,0.0,True
SME_0263,2026-01-01,491,9,False,0.0,True
SME_0264,2024-08-01,632,10,False,0.0,True
SME_0264,2024-09-01,608,8,False,0.0,True
SME_0264,2024-10-01,590,12,False,0.0,True
SME_0264,2024-11-01,585,13,False,0.0,True
SME_0264,2024-12-01,568,7,False,0.0,True
SME_0264,2025-01-01,559,8,False,0.0,True
SME_0264,2025-02-01,582,7,False,0.0,True
SME_0264,2025-03-01,584,3,True,0.0,True
SME_0264,2025-04-01,556,4,False,0.0,True
SME_0264,2025-05-01,541,10,False,0.0,True
SME_0264,2025-06-01,544,7,False,0.0,True
SME_0264,2025-07-01,565,8,False,0.0,True
SME_0264,2025-08-01,554,6,False,0.0,True
SME_0264,2025-09-01,553,5,False,0.0,True
SME_0264,2025-10-01,560,8,True,0.0,True
SME_0264,2025-11-01,541,11,False,0.0,True
SME_0264,2025-12-01,550,5,False,0.0,True
SME_0264,2026-01-01,538,5,False,0.0,True
SME_0265,2024-08-01,679,16,True,0.0,True
SME_0265,2024-09-01,661,12,False,0.0,True
SME_0265,2024-10-01,680,17,False,0.0,True
SME_0265,2024-11-01,694,13,False,0.0,True
SME_0265,2024-12-01,699,7,True,53329.54,True
SME_0265,2025-01-01,683,15,False,0.0,True
SME_0265,2025-02-01,677,21,True,39804.78,True
SME_0265,2025-03-01,687,15,False,0.0,True
SME_0265,2025-04-01,676,7,True,0.0,True
SME_0265,2025-05-01,685,16,False,0.0,True
SME_0265,2025-06-01,712,16,True,10708.04,True
SME_0265,2025-07-01,712,14,True,0.0,True
SME_0265,2025-08-01,719,8,False,0.0,True
SME_0265,2025-09-01,697,15,False,0.0,True
SME_0265,2025-10-01,689,8,False,0.0,True
SME_0265,2025-11-01,686,18,False,0.0,True
SME_0265,2025-12-01,665,15,False,0.0,True
SME_0265,2026-01-01,666,12,False,0.0,True
SME_0266,2024-08-01,728,23,False,0.0,True
SME_0266,2024-09-01,719,10,False,0.0,True
SME_0266,2024-10-01,737,17,False,0.0,True
SME_0266,2024-11-01,736,13,False,0.0,True
SME_0266,2024-12-01,729,16,True,0.0,True
SME_0266,2025-01-01,741,19,False,0.0,True
SME_0266,2025-02-01,752,5,False,0.0,True
SME_0266,2025-03-01,756,11,False,0.0,True
SME_0266,2025-04-01,762,14,False,0.0,True
SME_0266,2025-05-01,770,11,False,0.0,True
SME_0266,2025-06-01,755,22,False,0.0,True
SME_0266,2025-07-01,766,16,False,0.0,True
SME_0266,2025-08-01,773,22,False,0.0,True
SME_0266,2025-09-01,759,13,True,55982.11,True
SME_0266,2025-10-01,753,13,False,0.0,True
SME_0266,2025-11-01,759,14,False,0.0,True
SME_0266,2025-12-01,735,8,False,0.0,True
SME_0266,2026-01-01,735,9,False,0.0,True
SME_0267,2024-08-01,660,9,False,0.0,True
SME_0267,2024-09-01,664,17,False,0.0,True
SME_0267,2024-10-01,694,12,False,0.0,True
SME_0267,2024-11-01,706,18,False,0.0,True
SME_0267,2024-12-01,702,11,False,0.0,True
SME_0267,2025-01-01,698,17,False,0.0,True
SME_0267,2025-02-01,688,12,True,0.0,True
SME_0267,2025-03-01,666,14,False,0.0,True
SME_0267,2025-04-01,664,15,False,0.0,True
SME_0267,2025-05-01,664,7,False,0.0,True
SME_0267,2025-06-01,674,21,True,0.0,True
SME_0267,2025-07-01,664,15,False,0.0,True
SME_0267,2025-08-01,665,14,True,42692.76,True
SME_0267,2025-09-01,662,12,False,0.0,True
SME_0267,2025-10-01,657,12,True,0.0,True
SME_0267,2025-11-01,635,17,False,0.0,True
SME_0267,2025-12-01,647,14,False,0.0,True
SME_0267,2026-01-01,661,15,True,8090.31,True
SME_0268,2024-08-01,586,8,False,0.0,True
SME_0268,2024-09-01,597,10,False,0.0,True
SME_0268,2024-10-01,588,5,False,0.0,True
SME_0268,2024-11-01,588,8,False,0.0,True
SME_0268,2024-12-01,591,12,True,27457.75,True
SME_0268,2025-01-01,578,3,False,0.0,True
SME_0268,2025-02-01,593,8,False,0.0,True
SME_0268,2025-03-01,599,9,False,0.0,True
SME_0268,2025-04-01,582,4,False,0.0,True
SME_0268,2025-05-01,579,4,False,0.0,True
SME_0268,2025-06-01,586,10,False,0.0,True
SME_0268,2025-07-01,582,6,False,0.0,True
SME_0268,2025-08-01,574,8,False,0.0,True
SME_0268,2025-09-01,579,3,False,0.0,True
SME_0268,2025-10-01,585,5,False,0.0,True
SME_0268,2025-11-01,553,8,False,0.0,True
SME_0268,2025-12-01,560,9,False,0.0,True
SME_0268,2026-01-01,563,2,False,0.0,True
SME_0269,2024-08-01,454,6,False,0.0,True
SME_0269,2024-09-01,449,5,False,0.0,True
SME_0269,2024-10-01,445,10,False,0.0,True
SME_0269,2024-11-01,446,6,False,0.0,True
SME_0269,2024-12-01,453,3,False,0.0,True
SME_0269,2025-01-01,475,9,True,0.0,True
SME_0269,2025-02-01,464,6,False,0.0,True
SME_0269,2025-03-01,452,3,False,0.0,True
SME_0269,2025-04-01,450,4,False,0.0,True
SME_0269,2025-05-01,435,6,False,0.0,True
SME_0269,2025-06-01,419,6,False,0.0,True
SME_0269,2025-07-01,438,1,False,0.0,True
SME_0269,2025-08-01,453,2,False,0.0,True
SME_0269,2025-09-01,465,8,False,0.0,True
SME_0269,2025-10-01,460,5,True,0.0,True
SME_0269,2025-11-01,465,3,False,0.0,True
SME_0269,2025-12-01,458,6,False,0.0,True
SME_0269,2026-01-01,461,5,False,0.0,True
SME_0270,2024-08-01,577,11,False,0.0,True
SME_0270,2024-09-01,589,13,True,0.0,True
SME_0270,2024-10-01,582,9,False,0.0,True
SME_0270,2024-11-01,568,9,False,0.0,True
SME_0270,2024-12-01,553,16,False,0.0,True
SME_0270,2025-01-01,552,8,False,0.0,True
SME_0270,2025-02-01,546,7,False,0.0,True
SME_0270,2025-03-01,547,9,False,0.0,True
SME_0270,2025-04-01,539,11,False,0.0,True
SME_0270,2025-05-01,526,8,True,0.0,True
SME_0270,2025-06-01,529,8,True,41289.78,True
SME_0270,2025-07-01,526,6,True,0.0,True
SME_0270,2025-08-01,542,8,False,0.0,True
SME_0270,2025-09-01,554,4,False,0.0,True
SME_0270,2025-10-01,553,4,False,0.0,True
SME_0270,2025-11-01,529,4,False,0.0,True
SME_0270,2025-12-01,508,5,False,0.0,True
SME_0270,2026-01-01,526,9,False,0.0,True
SME_0271,2024-08-01,533,8,False,0.0,True
SME_0271,2024-09-01,519,9,False,0.0,True
SME_0271,2024-10-01,502,15,False,0.0,True
SME_0271,2024-11-01,509,4,False,0.0,True
SME_0271,2024-12-01,516,5,False,0.0,True
SME_0271,2025-01-01,535,9,True,0.0,True
SME_0271,2025-02-01,521,5,False,0.0,True
SME_0271,2025-03-01,524,6,False,0.0,True
SME_0271,2025-04-01,509,7,False,0.0,True
SME_0271,2025-05-01,500,9,True,49876.42,True
SME_0271,2025-06-01,495,6,False,0.0,True
SME_0271,2025-07-01,518,5,True,0.0,True
SME_0271,2025-08-01,514,7,True,0.0,True
SME_0271,2025-09-01,519,4,False,0.0,True
SME_0271,2025-10-01,535,6,False,0.0,True
SME_0271,2025-11-01,547,2,False,0.0,True
SME_0271,2025-12-01,536,5,True,0.0,True
SME_0271,2026-01-01,541,3,False,0.0,True
SME_0272,2024-08-01,564,7,True,0.0,True
SME_0272,2024-09-01,565,11,False,0.0,True
SME_0272,2024-10-01,550,11,False,0.0,True
SME_0272,2024-11-01,546,6,False,0.0,True
SME_0272,2024-12-01,541,8,True,0.0,True
SME_0272,2025-01-01,556,3,False,0.0,True
SME_0272,2025-02-01,548,5,False,0.0,True
SME_0272,2025-03-01,535,11,False,0.0,True
SME_0272,2025-04-01,538,8,False,0.0,True
SME_0272,2025-05-01,547,6,False,0.0,True
SME_0272,2025-06-01,541,3,False,0.0,True
SME_0272,2025-07-01,544,5,False,0.0,True
SME_0272,2025-08-01,534,8,False,0.0,True
SME_0272,2025-09-01,521,5,False,0.0,True
SME_0272,2025-10-01,505,10,False,0.0,True
SME_0272,2025-11-01,529,3,False,0.0,True
SME_0272,2025-12-01,514,10,False,0.0,True
SME_0272,2026-01-01,491,3,False,0.0,True
SME_0273,2024-08-01,697,13,True,0.0,True
SME_0273,2024-09-01,706,12,False,0.0,True
SME_0273,2024-10-01,727,16,False,0.0,True
SME_0273,2024-11-01,726,15,False,0.0,True
SME_0273,2024-12-01,726,13,True,22391.45,True
SME_0273,2025-01-01,705,8,True,56996.76,True
SME_0273,2025-02-01,719,17,False,0.0,True
SME_0273,2025-03-01,698,15,True,52029.69,True
SME_0273,2025-04-01,717,16,False,0.0,True
SME_0273,2025-05-01,700,12,False,0.0,True
SME_0273,2025-06-01,707,15,False,0.0,True
SME_0273,2025-07-01,698,11,False,0.0,True
SME_0273,2025-08-01,691,15,False,0.0,True
SME_0273,2025-09-01,665,11,True,0.0,True
SME_0273,2025-10-01,662,10,False,0.0,True
SME_0273,2025-11-01,657,9,True,46918.62,True
SME_0273,2025-12-01,668,18,False,0.0,True
SME_0273,2026-01-01,682,12,False,0.0,True
SME_0274,2024-08-01,727,20,False,0.0,True
SME_0274,2024-09-01,714,16,False,0.0,True
SME_0274,2024-10-01,708,10,False,0.0,True
SME_0274,2024-11-01,715,9,False,0.0,True
SME_0274,2024-12-01,702,14,False,0.0,True
SME_0274,2025-01-01,683,20,False,0.0,True
SME_0274,2025-02-01,707,19,False,0.0,True
SME_0274,2025-03-01,710,8,False,0.0,True
SME_0274,2025-04-01,712,15,False,0.0,True
SME_0274,2025-05-01,699,12,False,0.0,True
SME_0274,2025-06-01,708,11,False,0.0,True
SME_0274,2025-07-01,713,10,False,0.0,True
SME_0274,2025-08-01,712,15,False,0.0,True
SME_0274,2025-09-01,704,17,False,0.0,True
SME_0274,2025-10-01,715,13,True,12947.87,True
SME_0274,2025-11-01,710,16,True,24889.86,True
SME_0274,2025-12-01,711,10,False,0.0,True
SME_0274,2026-01-01,722,20,False,0.0,True
SME_0275,2024-08-01,702,13,True,56624.09,True
SME_0275,2024-09-01,697,11,False,0.0,True
SME_0275,2024-10-01,689,17,False,0.0,True
SME_0275,2024-11-01,673,14,False,0.0,True
SME_0275,2024-12-01,691,10,False,0.0,True
SME_0275,2025-01-01,695,9,False,0.0,True
SME_0275,2025-02-01,684,16,False,0.0,True
SME_0275,2025-03-01,673,16,False,0.0,True
SME_0275,2025-04-01,683,11,False,0.0,True
SME_0275,2025-05-01,678,16,False,0.0,True
SME_0275,2025-06-01,678,11,True,0.0,True
SME_0275,2025-07-01,681,10,False,0.0,True
SME_0275,2025-08-01,705,16,False,0.0,True
SME_0275,2025-09-01,710,18,False,0.0,True
SME_0275,2025-10-01,725,13,False,0.0,True
SME_0275,2025-11-01,703,11,False,0.0,True
SME_0275,2025-12-01,706,12,False,0.0,True
SME_0275,2026-01-01,690,15,False,0.0,True
SME_0276,2024-08-01,598,12,False,0.0,True
SME_0276,2024-09-01,586,6,False,0.0,True
SME_0276,2024-10-01,551,10,False,0.0,True
SME_0276,2024-11-01,548,9,False,0.0,True
SME_0276,2024-12-01,561,10,False,0.0,True
SME_0276,2025-01-01,533,5,False,0.0,True
SME_0276,2025-02-01,524,6,False,0.0,True
SME_0276,2025-03-01,520,9,False,0.0,True
SME_0276,2025-04-01,500,8,False,0.0,True
SME_0276,2025-05-01,531,8,True,0.0,True
SME_0276,2025-06-01,548,8,False,0.0,True
SME_0276,2025-07-01,530,11,False,0.0,True
SME_0276,2025-08-01,532,9,True,0.0,True
SME_0276,2025-09-01,543,9,False,0.0,True
SME_0276,2025-10-01,534,9,True,0.0,True
SME_0276,2025-11-01,562,1,False,0.0,True
SME_0276,2025-12-01,547,7,False,0.0,True
SME_0276,2026-01-01,545,8,False,0.0,True
SME_0277,2024-08-01,681,14,False,0.0,True
SME_0277,2024-09-01,672,14,False,0.0,True
SME_0277,2024-10-01,660,13,False,0.0,True
SME_0277,2024-11-01,650,15,True,0.0,True
SME_0277,2024-12-01,651,17,False,0.0,True
SME_0277,2025-01-01,654,14,True,0.0,True
SME_0277,2025-02-01,631,17,False,0.0,True
SME_0277,2025-03-01,634,16,True,27931.17,True
SME_0277,2025-04-01,633,16,False,0.0,True
SME_0277,2025-05-01,650,9,False,0.0,True
SME_0277,2025-06-01,652,18,False,0.0,True
SME_0277,2025-07-01,644,19,False,0.0,True
SME_0277,2025-08-01,664,15,False,0.0,True
SME_0277,2025-09-01,660,14,True,0.0,True
SME_0277,2025-10-01,661,15,False,0.0,True
SME_0277,2025-11-01,652,12,False,0.0,True
SME_0277,2025-12-01,641,8,True,0.0,True
SME_0277,2026-01-01,654,13,False,0.0,True
SME_0278,2024-08-01,687,11,True,61570.87,True
SME_0278,2024-09-01,684,10,True,0.0,True
SME_0278,2024-10-01,680,11,False,0.0,True
SME_0278,2024-11-01,670,13,False,0.0,True
SME_0278,2024-12-01,658,21,False,0.0,True
SME_0278,2025-01-01,665,12,False,0.0,True
SME_0278,2025-02-01,663,10,False,0.0,True
SME_0278,2025-03-01,664,10,False,0.0,True
SME_0278,2025-04-01,655,11,False,0.0,True
SME_0278,2025-05-01,673,10,False,0.0,True
SME_0278,2025-06-01,655,13,True,0.0,True
SME_0278,2025-07-01,662,7,False,0.0,True
SME_0278,2025-08-01,650,15,False,0.0,True
SME_0278,2025-09-01,649,15,True,0.0,True
SME_0278,2025-10-01,659,15,False,0.0,True
SME_0278,2025-11-01,655,9,False,0.0,True
SME_0278,2025-12-01,625,20,False,0.0,True
SME_0278,2026-01-01,627,12,False,0.0,True
SME_0279,2024-08-01,657,7,False,0.0,True
SME_0279,2024-09-01,674,15,False,0.0,True
SME_0279,2024-10-01,663,15,True,0.0,True
SME_0279,2024-11-01,669,11,False,0.0,True
SME_0279,2024-12-01,695,8,False,0.0,True
SME_0279,2025-01-01,702,7,False,0.0,True
SME_0279,2025-02-01,716,16,False,0.0,True
SME_0279,2025-03-01,723,13,False,0.0,True
SME_0279,2025-04-01,714,12,False,0.0,True
SME_0279,2025-05-01,705,11,False,0.0,True
SME_0279,2025-06-01,722,16,True,0.0,True
SME_0279,2025-07-01,727,16,False,0.0,True
SME_0279,2025-08-01,688,13,False,0.0,True
SME_0279,2025-09-01,690,15,False,0.0,True
SME_0279,2025-10-01,695,8,False,0.0,True
SME_0279,2025-11-01,695,7,False,0.0,True
SME_0279,2025-12-01,669,16,False,0.0,True
SME_0279,2026-01-01,658,24,True,57284.19,True
SME_0280,2024-08-01,696,14,False,0.0,True
SME_0280,2024-09-01,712,16,False,0.0,True
SME_0280,2024-10-01,705,12,True,20778.77,True
SME_0280,2024-11-01,703,18,False,0.0,True
SME_0280,2024-12-01,706,14,True,0.0,True
SME_0280,2025-01-01,702,16,False,0.0,True
SME_0280,2025-02-01,718,17,False,0.0,True
SME_0280,2025-03-01,713,15,True,34504.1,True
SME_0280,2025-04-01,712,8,True,63745.57,True
SME_0280,2025-05-01,719,11,False,0.0,True
SME_0280,2025-06-01,702,13,False,0.0,True
SME_0280,2025-07-01,718,17,True,27550.42,True
SME_0280,2025-08-01,700,11,False,0.0,True
SME_0280,2025-09-01,688,12,False,0.0,True
SME_0280,2025-10-01,695,16,False,0.0,True
SME_0280,2025-11-01,689,9,False,0.0,True
SME_0280,2025-12-01,694,18,False,0.0,True
SME_0280,2026-01-01,686,16,False,0.0,True
SME_0281,2024-08-01,561,7,True,0.0,True
SME_0281,2024-09-01,581,14,False,0.0,True
SME_0281,2024-10-01,588,10,False,0.0,True
SME_0281,2024-11-01,589,15,False,0.0,True
SME_0281,2024-12-01,573,5,False,0.0,True
SME_0281,2025-01-01,580,12,False,0.0,True
SME_0281,2025-02-01,598,12,True,0.0,True
SME_0281,2025-03-01,600,8,False,0.0,True
SME_0281,2025-04-01,613,7,True,0.0,True
SME_0281,2025-05-01,604,13,True,0.0,True
SME_0281,2025-06-01,611,15,False,0.0,True
SME_0281,2025-07-01,610,9,False,0.0,True
SME_0281,2025-08-01,603,8,False,0.0,True
SME_0281,2025-09-01,611,9,False,0.0,True
SME_0281,2025-10-01,611,12,False,0.0,True
SME_0281,2025-11-01,602,8,True,0.0,True
SME_0281,2025-12-01,598,11,False,0.0,True
SME_0281,2026-01-01,598,8,True,27577.44,True
SME_0282,2024-08-01,665,14,False,0.0,True
SME_0282,2024-09-01,651,12,True,0.0,True
SME_0282,2024-10-01,637,14,False,0.0,True
SME_0282,2024-11-01,645,10,False,0.0,True
SME_0282,2024-12-01,647,16,False,0.0,True
SME_0282,2025-01-01,635,4,False,0.0,True
SME_0282,2025-02-01,649,6,False,0.0,True
SME_0282,2025-03-01,634,7,False,0.0,True
SME_0282,2025-04-01,630,9,True,21611.87,True
SME_0282,2025-05-01,639,12,False,0.0,True
SME_0282,2025-06-01,650,10,False,0.0,True
SME_0282,2025-07-01,656,10,False,0.0,True
SME_0282,2025-08-01,664,15,False,0.0,True
SME_0282,2025-09-01,656,17,False,0.0,True
SME_0282,2025-10-01,644,10,False,0.0,True
SME_0282,2025-11-01,639,16,False,0.0,True
SME_0282,2025-12-01,624,19,False,0.0,True
SME_0282,2026-01-01,622,11,True,0.0,True
SME_0283,2024-08-01,619,9,False,0.0,True
SME_0283,2024-09-01,633,8,False,0.0,True
SME_0283,2024-10-01,620,7,False,0.0,True
SME_0283,2024-11-01,611,11,True,26676.57,True
SME_0283,2024-12-01,614,4,False,0.0,True
SME_0283,2025-01-01,635,11,False,0.0,True
SME_0283,2025-02-01,637,16,False,0.0,True
SME_0283,2025-03-01,635,10,False,0.0,True
SME_0283,2025-04-01,614,13,False,0.0,True
SME_0283,2025-05-01,612,4,False,0.0,True
SME_0283,2025-06-01,632,6,True,0.0,True
SME_0283,2025-07-01,627,9,False,0.0,True
SME_0283,2025-08-01,630,13,True,0.0,True
SME_0283,2025-09-01,603,4,False,0.0,True
SME_0283,2025-10-01,601,16,False,0.0,True
SME_0283,2025-11-01,601,12,False,0.0,True
SME_0283,2025-12-01,606,16,True,0.0,True
SME_0283,2026-01-01,614,10,False,0.0,True
SME_0284,2024-08-01,550,9,False,0.0,True
SME_0284,2024-09-01,537,10,True,0.0,True
SME_0284,2024-10-01,536,8,True,0.0,True
SME_0284,2024-11-01,545,6,False,0.0,True
SME_0284,2024-12-01,531,9,True,49647.28,True
SME_0284,2025-01-01,528,6,False,0.0,True
SME_0284,2025-02-01,520,8,False,0.0,True
SME_0284,2025-03-01,550,12,False,0.0,True
SME_0284,2025-04-01,560,4,False,0.0,True
SME_0284,2025-05-01,573,5,False,0.0,True
SME_0284,2025-06-01,595,9,False,0.0,True
SME_0284,2025-07-01,595,5,False,0.0,True
SME_0284,2025-08-01,592,6,False,0.0,True
SME_0284,2025-09-01,616,6,False,0.0,True
SME_0284,2025-10-01,580,9,False,0.0,True
SME_0284,2025-11-01,585,9,False,0.0,True
SME_0284,2025-12-01,573,5,False,0.0,True
SME_0284,2026-01-01,573,7,False,0.0,True
SME_0285,2024-08-01,543,8,False,0.0,True
SME_0285,2024-09-01,550,5,False,0.0,True
SME_0285,2024-10-01,550,7,False,0.0,True
SME_0285,2024-11-01,541,7,False,0.0,True
SME_0285,2024-12-01,543,4,False,0.0,True
SME_0285,2025-01-01,544,3,False,0.0,True
SME_0285,2025-02-01,545,5,False,0.0,True
SME_0285,2025-03-01,541,8,False,0.0,True
SME_0285,2025-04-01,536,5,False,0.0,True
SME_0285,2025-05-01,537,6,False,0.0,True
SME_0285,2025-06-01,547,9,False,0.0,True
SME_0285,2025-07-01,522,4,False,0.0,True
SME_0285,2025-08-01,535,8,True,0.0,True
SME_0285,2025-09-01,525,10,False,0.0,True
SME_0285,2025-10-01,524,4,False,0.0,True
SME_0285,2025-11-01,521,8,False,0.0,True
SME_0285,2025-12-01,532,1,False,0.0,True
SME_0285,2026-01-01,545,4,False,0.0,True
SME_0286,2024-08-01,572,11,False,0.0,True
SME_0286,2024-09-01,575,12,False,0.0,True
SME_0286,2024-10-01,559,10,False,0.0,True
SME_0286,2024-11-01,548,7,False,0.0,True
SME_0286,2024-12-01,539,10,False,0.0,True
SME_0286,2025-01-01,543,10,False,0.0,True
SME_0286,2025-02-01,529,16,True,0.0,True
SME_0286,2025-03-01,537,10,False,0.0,True
SME_0286,2025-04-01,563,13,True,0.0,True
SME_0286,2025-05-01,551,10,False,0.0,True
SME_0286,2025-06-01,546,6,False,0.0,True
SME_0286,2025-07-01,549,14,False,0.0,True
SME_0286,2025-08-01,548,6,False,0.0,True
SME_0286,2025-09-01,574,9,False,0.0,True
SME_0286,2025-10-01,572,7,False,0.0,True
SME_0286,2025-11-01,572,9,False,0.0,True
SME_0286,2025-12-01,556,10,True,11416.88,True
SME_0286,2026-01-01,566,15,False,0.0,True
SME_0287,2024-08-01,565,7,False,0.0,True
SME_0287,2024-09-01,556,5,False,0.0,True
SME_0287,2024-10-01,558,8,False,0.0,True
SME_0287,2024-11-01,566,5,False,0.0,True
SME_0287,2024-12-01,560,3,False,0.0,True
SME_0287,2025-01-01,551,8,False,0.0,True
SME_0287,2025-02-01,551,5,False,0.0,True
SME_0287,2025-03-01,545,8,False,0.0,True
SME_0287,2025-04-01,540,10,False,0.0,True
SME_0287,2025-05-01,540,4,False,0.0,True
SME_0287,2025-06-01,541,5,False,0.0,True
SME_0287,2025-07-01,545,4,True,47791.37,True
SME_0287,2025-08-01,541,4,True,0.0,True
SME_0287,2025-09-01,539,3,True,0.0,True
SME_0287,2025-10-01,531,4,False,0.0,True
SME_0287,2025-11-01,519,9,False,0.0,True
SME_0287,2025-12-01,536,3,False,0.0,True
SME_0287,2026-01-01,528,1,False,0.0,True
SME_0288,2024-08-01,437,3,False,0.0,True
SME_0288,2024-09-01,449,8,False,0.0,True
SME_0288,2024-10-01,462,9,False,0.0,True
SME_0288,2024-11-01,458,7,False,0.0,True
SME_0288,2024-12-01,452,5,False,0.0,True
SME_0288,2025-01-01,472,10,True,0.0,True
SME_0288,2025-02-01,476,1,False,0.0,True
SME_0288,2025-03-01,462,2,False,0.0,True
SME_0288,2025-04-01,451,6,False,0.0,True
SME_0288,2025-05-01,446,5,False,0.0,True
SME_0288,2025-06-01,467,2,False,0.0,True
SME_0288,2025-07-01,460,3,False,0.0,True
SME_0288,2025-08-01,453,1,False,0.0,True
SME_0288,2025-09-01,453,0,False,0.0,False
SME_0288,2025-10-01,453,0,False,0.0,False
SME_0288,2025-11-01,453,0,False,0.0,False
SME_0288,2025-12-01,453,0,False,0.0,False
SME_0288,2026-01-01,453,0,False,0.0,False
SME_0289,2024-08-01,701,8,False,0.0,True
SME_0289,2024-09-01,706,15,False,0.0,True
SME_0289,2024-10-01,703,10,True,6971.38,True
SME_0289,2024-11-01,694,20,False,0.0,True
SME_0289,2024-12-01,703,21,True,61944.99,True
SME_0289,2025-01-01,706,13,False,0.0,True
SME_0289,2025-02-01,703,18,False,0.0,True
SME_0289,2025-03-01,726,21,False,0.0,True
SME_0289,2025-04-01,717,18,False,0.0,True
SME_0289,2025-05-01,717,18,False,0.0,True
SME_0289,2025-06-01,705,14,False,0.0,True
SME_0289,2025-07-01,709,20,False,0.0,True
SME_0289,2025-08-01,688,14,False,0.0,True
SME_0289,2025-09-01,668,5,False,0.0,True
SME_0289,2025-10-01,678,18,True,12329.79,True
SME_0289,2025-11-01,687,15,False,0.0,True
SME_0289,2025-12-01,657,13,False,0.0,True
SME_0289,2026-01-01,661,19,False,0.0,True
SME_0290,2024-08-01,638,23,True,62684.93,True
SME_0290,2024-09-01,631,10,True,68848.32,True
SME_0290,2024-10-01,619,15,False,0.0,True
SME_0290,2024-11-01,631,14,False,0.0,True
SME_0290,2024-12-01,629,7,False,0.0,True
SME_0290,2025-01-01,619,8,True,0.0,True
SME_0290,2025-02-01,641,16,True,67791.61,True
SME_0290,2025-03-01,635,11,False,0.0,True
SME_0290,2025-04-01,646,20,False,0.0,True
SME_0290,2025-05-01,655,17,False,0.0,True
SME_0290,2025-06-01,637,20,False,0.0,True
SME_0290,2025-07-01,650,8,False,0.0,True
SME_0290,2025-08-01,664,17,True,54139.53,True
SME_0290,2025-09-01,664,12,False,0.0,True
SME_0290,2025-10-01,658,16,False,0.0,True
SME_0290,2025-11-01,653,16,False,0.0,True
SME_0290,2025-12-01,672,12,False,0.0,True
SME_0290,2026-01-01,672,12,False,0.0,True
SME_0291,2024-08-01,715,11,True,23446.51,True
SME_0291,2024-09-01,729,14,False,0.0,True
SME_0291,2024-10-01,745,11,False,0.0,True
SME_0291,2024-11-01,737,14,False,0.0,True
SME_0291,2024-12-01,760,9,False,0.0,True
SME_0291,2025-01-01,741,14,False,0.0,True
SME_0291,2025-02-01,721,21,False,0.0,True
SME_0291,2025-03-01,738,15,False,0.0,True
SME_0291,2025-04-01,753,13,False,0.0,True
SME_0291,2025-05-01,760,23,True,81032.28,True
SME_0291,2025-06-01,759,6,False,0.0,True
SME_0291,2025-07-01,766,23,False,0.0,True
SME_0291,2025-08-01,755,12,False,0.0,True
SME_0291,2025-09-01,753,21,True,63616.94,True
SME_0291,2025-10-01,742,19,True,50885.59,True
SME_0291,2025-11-01,742,17,False,0.0,True
SME_0291,2025-12-01,753,14,False,0.0,True
SME_0291,2026-01-01,741,18,True,52316.63,True
SME_0292,2024-08-01,579,8,False,0.0,True
SME_0292,2024-09-01,589,12,True,0.0,True
SME_0292,2024-10-01,597,13,False,0.0,True
SME_0292,2024-11-01,591,10,False,0.0,True
SME_0292,2024-12-01,604,11,False,0.0,True
SME_0292,2025-01-01,622,11,True,0.0,True
SME_0292,2025-02-01,615,13,True,18569.51,True
SME_0292,2025-03-01,608,9,False,0.0,True
SME_0292,2025-04-01,578,14,True,0.0,True
SME_0292,2025-05-01,575,14,False,0.0,True
SME_0292,2025-06-01,569,9,False,0.0,True
SME_0292,2025-07-01,572,11,False,0.0,True
SME_0292,2025-08-01,586,16,False,0.0,True
SME_0292,2025-09-01,584,14,False,0.0,True
SME_0292,2025-10-01,578,12,False,0.0,True
SME_0292,2025-11-01,580,6,False,0.0,True
SME_0292,2025-12-01,592,8,False,0.0,True
SME_0292,2026-01-01,618,7,False,0.0,True
SME_0293,2024-08-01,686,16,False,0.0,True
SME_0293,2024-09-01,667,12,False,0.0,True
SME_0293,2024-10-01,683,12,True,13519.5,True
SME_0293,2024-11-01,683,9,False,0.0,True
SME_0293,2024-12-01,684,7,False,0.0,True
SME_0293,2025-01-01,683,16,False,0.0,True
SME_0293,2025-02-01,710,21,False,0.0,True
SME_0293,2025-03-01,701,18,True,0.0,True
SME_0293,2025-04-01,706,11,False,0.0,True
SME_0293,2025-05-01,718,15,False,0.0,True
SME_0293,2025-06-01,706,12,False,0.0,True
SME_0293,2025-07-01,695,11,False,0.0,True
SME_0293,2025-08-01,699,14,True,56693.41,True
SME_0293,2025-09-01,687,14,False,0.0,True
SME_0293,2025-10-01,685,12,True,0.0,True
SME_0293,2025-11-01,698,12,False,0.0,True
SME_0293,2025-12-01,713,12,False,0.0,True
SME_0293,2026-01-01,743,10,False,0.0,True
SME_0294,2024-08-01,559,4,False,0.0,True
SME_0294,2024-09-01,553,13,False,0.0,True
SME_0294,2024-10-01,569,6,False,0.0,True
SME_0294,2024-11-01,566,7,False,0.0,True
SME_0294,2024-12-01,561,5,False,0.0,True
SME_0294,2025-01-01,563,5,False,0.0,True
SME_0294,2025-02-01,546,10,False,0.0,True
SME_0294,2025-03-01,556,5,True,29245.5,True
SME_0294,2025-04-01,544,2,False,0.0,True
SME_0294,2025-05-01,548,5,False,0.0,True
SME_0294,2025-06-01,569,7,False,0.0,True
SME_0294,2025-07-01,562,7,False,0.0,True
SME_0294,2025-08-01,556,6,False,0.0,True
SME_0294,2025-09-01,544,5,True,0.0,True
SME_0294,2025-10-01,565,4,True,8398.31,True
SME_0294,2025-11-01,561,4,False,0.0,True
SME_0294,2025-12-01,555,5,False,0.0,True
SME_0294,2026-01-01,553,6,True,0.0,True
SME_0295,2024-08-01,685,14,True,36523.91,True
SME_0295,2024-09-01,687,15,False,0.0,True
SME_0295,2024-10-01,691,12,False,0.0,True
SME_0295,2024-11-01,689,13,False,0.0,True
SME_0295,2024-12-01,697,8,False,0.0,True
SME_0295,2025-01-01,677,13,False,0.0,True
SME_0295,2025-02-01,658,19,False,0.0,True
SME_0295,2025-03-01,653,11,False,0.0,True
SME_0295,2025-04-01,675,11,False,0.0,True
SME_0295,2025-05-01,672,14,False,0.0,True
SME_0295,2025-06-01,657,15,True,0.0,True
SME_0295,2025-07-01,647,14,True,22149.99,True
SME_0295,2025-08-01,641,17,False,0.0,True
SME_0295,2025-09-01,645,17,False,0.0,True
SME_0295,2025-10-01,636,8,True,36246.38,True
SME_0295,2025-11-01,625,10,False,0.0,True
SME_0295,2025-12-01,625,13,True,0.0,True
SME_0295,2026-01-01,618,14,True,0.0,True
SME_0296,2024-08-01,610,9,False,0.0,True
SME_0296,2024-09-01,598,17,False,0.0,True
SME_0296,2024-10-01,607,5,True,0.0,True
SME_0296,2024-11-01,600,14,False,0.0,True
SME_0296,2024-12-01,612,17,False,0.0,True
SME_0296,2025-01-01,603,13,False,0.0,True
SME_0296,2025-02-01,639,13,False,0.0,True
SME_0296,2025-03-01,647,7,False,0.0,True
SME_0296,2025-04-01,645,10,False,0.0,True
SME_0296,2025-05-01,646,11,False,0.0,True
SME_0296,2025-06-01,644,14,False,0.0,True
SME_0296,2025-07-01,634,12,False,0.0,True
SME_0296,2025-08-01,632,8,False,0.0,True
SME_0296,2025-09-01,626,10,False,0.0,True
SME_0296,2025-10-01,610,12,False,0.0,True
SME_0296,2025-11-01,615,8,False,0.0,True
SME_0296,2025-12-01,615,8,False,0.0,True
SME_0296,2026-01-01,621,10,True,6505.15,True
SME_0297,2024-08-01,673,8,False,0.0,True
SME_0297,2024-09-01,679,8,False,0.0,True
SME_0297,2024-10-01,702,16,True,59054.85,True
SME_0297,2024-11-01,695,12,False,0.0,True
SME_0297,2024-12-01,686,8,False,0.0,True
SME_0297,2025-01-01,682,15,False,0.0,True
SME_0297,2025-02-01,673,13,True,0.0,True
SME_0297,2025-03-01,685,7,False,0.0,True
SME_0297,2025-04-01,693,12,False,0.0,True
SME_0297,2025-05-01,675,15,True,51458.41,True
SME_0297,2025-06-01,678,12,True,0.0,True
SME_0297,2025-07-01,673,12,False,0.0,True
SME_0297,2025-08-01,687,23,False,0.0,True
SME_0297,2025-09-01,695,23,True,17328.4,True
SME_0297,2025-10-01,682,16,False,0.0,True
SME_0297,2025-11-01,691,11,True,41890.94,True
SME_0297,2025-12-01,688,11,False,0.0,True
SME_0297,2026-01-01,678,10,False,0.0,True
SME_0298,2024-08-01,664,16,False,0.0,True
SME_0298,2024-09-01,655,12,True,0.0,True
SME_0298,2024-10-01,650,16,False,0.0,True
SME_0298,2024-11-01,634,7,False,0.0,True
SME_0298,2024-12-01,657,15,False,0.0,True
SME_0298,2025-01-01,664,11,False,0.0,True
SME_0298,2025-02-01,652,12,False,0.0,True
SME_0298,2025-03-01,659,19,False,0.0,True
SME_0298,2025-04-01,655,18,True,62881.58,True
SME_0298,2025-05-01,650,10,False,0.0,True
SME_0298,2025-06-01,655,10,False,0.0,True
SME_0298,2025-07-01,671,11,False,0.0,True
SME_0298,2025-08-01,677,13,True,28856.76,True
SME_0298,2025-09-01,675,15,False,0.0,True
SME_0298,2025-10-01,677,9,False,0.0,True
SME_0298,2025-11-01,677,21,False,0.0,True
SME_0298,2025-12-01,682,15,True,18046.73,True
SME_0298,2026-01-01,670,11,False,0.0,True
SME_0299,2024-08-01,553,9,False,0.0,True
SME_0299,2024-09-01,535,4,False,0.0,True
SME_0299,2024-10-01,549,6,False,0.0,True
SME_0299,2024-11-01,550,5,False,0.0,True
SME_0299,2024-12-01,555,5,False,0.0,True
SME_0299,2025-01-01,551,9,False,0.0,True
SME_0299,2025-02-01,561,6,True,0.0,True
SME_0299,2025-03-01,538,6,False,0.0,True
SME_0299,2025-04-01,536,5,False,0.0,True
SME_0299,2025-05-01,500,8,False,0.0,True
SME_0299,2025-06-01,508,6,False,0.0,True
SME_0299,2025-07-01,502,5,True,9589.02,True
SME_0299,2025-08-01,499,6,False,0.0,True
SME_0299,2025-09-01,501,7,False,0.0,True
SME_0299,2025-10-01,517,9,False,0.0,True
SME_0299,2025-11-01,535,4,False,0.0,True
SME_0299,2025-12-01,532,2,False,0.0,True
SME_0299,2026-01-01,533,8,False,0.0,True
SME_0300,2024-08-01,595,6,False,0.0,True
SME_0300,2024-09-01,617,10,False,0.0,True
SME_0300,2024-10-01,613,8,False,0.0,True
SME_0300,2024-11-01,609,10,False,0.0,True
SME_0300,2024-12-01,608,8,False,0.0,True
SME_0300,2025-01-01,618,13,False,0.0,True
SME_0300,2025-02-01,606,10,False,0.0,True
SME_0300,2025-03-01,616,7,False,0.0,True
SME_0300,2025-04-01,612,10,True,13535.34,True
SME_0300,2025-05-01,601,16,False,0.0,True
SME_0300,2025-06-01,613,17,False,0.0,True
SME_0300,2025-07-01,635,13,False,0.0,True
SME_0300,2025-08-01,621,11,False,0.0,True
SME_0300,2025-09-01,635,15,True,0.0,True
SME_0300,2025-10-01,630,11,False,0.0,True
SME_0300,2025-11-01,633,7,False,0.0,True
SME_0300,2025-12-01,597,16,False,0.0,True
SME_0300,2026-01-01,628,7,False,0.0,True
SME_0301,2024-08-01,564,15,True,0.0,True
SME_0301,2024-09-01,561,12,False,0.0,True
SME_0301,2024-10-01,563,9,False,0.0,True
SME_0301,2024-11-01,554,14,False,0.0,True
SME_0301,2024-12-01,557,11,False,0.0,True
SME_0301,2025-01-01,557,0,False,0.0,False
SME_0301,2025-02-01,557,0,False,0.0,False
SME_0301,2025-03-01,557,0,False,0.0,False
SME_0301,2025-04-01,557,0,False,0.0,False
SME_0301,2025-05-01,557,0,False,0.0,False
SME_0301,2025-06-01,557,0,False,0.0,False
SME_0301,2025-07-01,557,0,False,0.0,False
SME_0301,2025-08-01,557,0,False,0.0,False
SME_0301,2025-09-01,557,0,False,0.0,False
SME_0301,2025-10-01,557,0,False,0.0,False
SME_0301,2025-11-01,557,0,False,0.0,False
SME_0301,2025-12-01,557,0,False,0.0,False
SME_0301,2026-01-01,557,0,False,0.0,False
SME_0302,2024-08-01,675,9,False,0.0,True
SME_0302,2024-09-01,667,16,False,0.0,True
SME_0302,2024-10-01,657,11,False,0.0,True
SME_0302,2024-11-01,651,13,False,0.0,True
SME_0302,2024-12-01,633,15,False,0.0,True
SME_0302,2025-01-01,650,9,True,0.0,True
SME_0302,2025-02-01,649,14,False,0.0,True
SME_0302,2025-03-01,672,15,False,0.0,True
SME_0302,2025-04-01,670,8,False,0.0,True
SME_0302,2025-05-01,665,13,False,0.0,True
SME_0302,2025-06-01,673,10,True,0.0,True
SME_0302,2025-07-01,666,12,False,0.0,True
SME_0302,2025-08-01,660,18,True,0.0,True
SME_0302,2025-09-01,659,8,False,0.0,True
SME_0302,2025-10-01,665,12,False,0.0,True
SME_0302,2025-11-01,670,9,True,0.0,True
SME_0302,2025-12-01,666,13,False,0.0,True
SME_0302,2026-01-01,651,17,False,0.0,True
SME_0303,2024-08-01,660,19,True,24559.11,True
SME_0303,2024-09-01,627,11,False,0.0,True
SME_0303,2024-10-01,618,23,False,0.0,True
SME_0303,2024-11-01,611,6,False,0.0,True
SME_0303,2024-12-01,608,7,True,63021.49,True
SME_0303,2025-01-01,616,13,True,0.0,True
SME_0303,2025-02-01,602,7,False,0.0,True
SME_0303,2025-03-01,591,17,False,0.0,True
SME_0303,2025-04-01,596,12,True,25974.98,True
SME_0303,2025-05-01,601,20,False,0.0,True
SME_0303,2025-06-01,621,13,False,0.0,True
SME_0303,2025-07-01,623,10,False,0.0,True
SME_0303,2025-08-01,620,8,False,0.0,True
SME_0303,2025-09-01,620,15,True,52440.06,True
SME_0303,2025-10-01,626,15,True,57668.14,True
SME_0303,2025-11-01,624,13,True,15534.59,True
SME_0303,2025-12-01,617,12,False,0.0,True
SME_0303,2026-01-01,613,10,False,0.0,True
SME_0304,2024-08-01,604,7,False,0.0,True
SME_0304,2024-09-01,599,7,False,0.0,True
SME_0304,2024-10-01,593,19,False,0.0,True
SME_0304,2024-11-01,608,18,False,0.0,True
SME_0304,2024-12-01,600,10,False,0.0,True
SME_0304,2025-01-01,605,13,False,0.0,True
SME_0304,2025-02-01,589,6,False,0.0,True
SME_0304,2025-03-01,597,12,False,0.0,True
SME_0304,2025-04-01,609,14,True,0.0,True
SME_0304,2025-05-01,626,15,False,0.0,True
SME_0304,2025-06-01,612,6,False,0.0,True
SME_0304,2025-07-01,605,13,False,0.0,True
SME_0304,2025-08-01,608,8,False,0.0,True
SME_0304,2025-09-01,628,12,False,0.0,True
SME_0304,2025-10-01,643,15,False,0.0,True
SME_0304,2025-11-01,648,13,False,0.0,True
SME_0304,2025-12-01,633,8,False,0.0,True
SME_0304,2026-01-01,649,15,False,0.0,True
SME_0305,2024-08-01,607,10,False,0.0,True
SME_0305,2024-09-01,617,8,False,0.0,True
SME_0305,2024-10-01,629,13,True,0.0,True
SME_0305,2024-11-01,628,12,True,0.0,True
SME_0305,2024-12-01,623,13,False,0.0,True
SME_0305,2025-01-01,614,8,False,0.0,True
SME_0305,2025-02-01,625,19,False,0.0,True
SME_0305,2025-03-01,620,11,False,0.0,True
SME_0305,2025-04-01,634,17,False,0.0,True
SME_0305,2025-05-01,610,5,True,0.0,True
SME_0305,2025-06-01,620,14,True,0.0,True
SME_0305,2025-07-01,619,10,False,0.0,True
SME_0305,2025-08-01,624,21,True,0.0,True
SME_0305,2025-09-01,632,20,False,0.0,True
SME_0305,2025-10-01,612,13,False,0.0,True
SME_0305,2025-11-01,0,11,False,0.0,True
SME_0305,2025-12-01,614,8,False,0.0,True
SME_0305,2026-01-01,629,17,False,0.0,True
SME_0306,2024-08-01,685,14,False,0.0,True
SME_0306,2024-09-01,688,11,False,0.0,True
SME_0306,2024-10-01,686,9,False,0.0,True
SME_0306,2024-11-01,693,9,False,0.0,True
SME_0306,2024-12-01,661,13,False,0.0,True
SME_0306,2025-01-01,659,11,False,0.0,True
SME_0306,2025-02-01,646,6,False,0.0,True
SME_0306,2025-03-01,665,16,False,0.0,True
SME_0306,2025-04-01,672,19,True,42412.14,True
SME_0306,2025-05-01,658,8,False,0.0,True
SME_0306,2025-06-01,644,8,True,0.0,True
SME_0306,2025-07-01,641,6,True,0.0,True
SME_0306,2025-08-01,642,10,True,0.0,True
SME_0306,2025-09-01,646,15,True,11506.04,True
SME_0306,2025-10-01,653,9,False,0.0,True
SME_0306,2025-11-01,632,7,False,0.0,True
SME_0306,2025-12-01,645,8,False,0.0,True
SME_0306,2026-01-01,662,14,False,0.0,True
SME_0307,2024-08-01,597,6,False,0.0,True
SME_0307,2024-09-01,605,15,False,0.0,True
SME_0307,2024-10-01,601,9,False,0.0,True
SME_0307,2024-11-01,594,11,False,0.0,True
SME_0307,2024-12-01,577,7,False,0.0,True
SME_0307,2025-01-01,580,7,False,0.0,True
SME_0307,2025-02-01,585,13,False,0.0,True
SME_0307,2025-03-01,593,10,True,0.0,True
SME_0307,2025-04-01,595,9,False,0.0,True
SME_0307,2025-05-01,607,17,True,0.0,True
SME_0307,2025-06-01,611,9,True,0.0,True
SME_0307,2025-07-01,616,10,False,0.0,True
SME_0307,2025-08-01,603,11,False,0.0,True
SME_0307,2025-09-01,598,13,False,0.0,True
SME_0307,2025-10-01,608,13,False,0.0,True
SME_0307,2025-11-01,605,12,True,0.0,True
SME_0307,2025-12-01,587,5,False,0.0,True
SME_0307,2026-01-01,591,12,False,0.0,True
SME_0308,2024-08-01,553,12,False,0.0,True
SME_0308,2024-09-01,551,13,False,0.0,True
SME_0308,2024-10-01,569,9,False,0.0,True
SME_0308,2024-11-01,593,3,False,0.0,True
SME_0308,2024-12-01,618,5,False,0.0,True
SME_0308,2025-01-01,600,9,False,0.0,True
SME_0308,2025-02-01,613,10,True,0.0,True
SME_0308,2025-03-01,603,7,False,0.0,True
SME_0308,2025-04-01,610,10,False,0.0,True
SME_0308,2025-05-01,610,6,False,0.0,True
SME_0308,2025-06-01,586,6,False,0.0,True
SME_0308,2025-07-01,582,9,False,0.0,True
SME_0308,2025-08-01,567,5,False,0.0,True
SME_0308,2025-09-01,567,6,False,0.0,True
SME_0308,2025-10-01,560,5,True,0.0,True
SME_0308,2025-11-01,546,7,False,0.0,True
SME_0308,2025-12-01,554,8,False,0.0,True
SME_0308,2026-01-01,569,6,False,0.0,True
SME_0309,2024-08-01,552,9,False,0.0,True
SME_0309,2024-09-01,556,8,False,0.0,True
SME_0309,2024-10-01,578,8,False,0.0,True
SME_0309,2024-11-01,569,6,False,0.0,True
SME_0309,2024-12-01,556,9,True,11903.35,True
SME_0309,2025-01-01,527,8,False,0.0,True
SME_0309,2025-02-01,531,9,False,0.0,True
SME_0309,2025-03-01,528,5,False,0.0,True
SME_0309,2025-04-01,527,11,False,0.0,True
SME_0309,2025-05-01,514,8,False,0.0,True
SME_0309,2025-06-01,514,0,False,0.0,False
SME_0309,2025-07-01,514,0,False,0.0,False
SME_0309,2025-08-01,514,0,False,0.0,False
SME_0309,2025-09-01,514,0,False,0.0,False
SME_0309,2025-10-01,514,0,False,0.0,False
SME_0309,2025-11-01,514,0,False,0.0,False
SME_0309,2025-12-01,514,0,False,0.0,False
SME_0309,2026-01-01,514,0,False,0.0,False
SME_0310,2024-08-01,538,6,False,0.0,True
SME_0310,2024-09-01,526,13,False,0.0,True
SME_0310,2024-10-01,533,6,False,0.0,True
SME_0310,2024-11-01,556,5,False,0.0,True
SME_0310,2024-12-01,565,10,False,0.0,True
SME_0310,2025-01-01,583,6,False,0.0,True
SME_0310,2025-02-01,592,5,False,0.0,True
SME_0310,2025-03-01,575,4,False,0.0,True
SME_0310,2025-04-01,571,10,False,0.0,True
SME_0310,2025-05-01,556,8,False,0.0,True
SME_0310,2025-06-01,560,6,False,0.0,True
SME_0310,2025-07-01,582,7,False,0.0,True
SME_0310,2025-08-01,573,6,False,0.0,True
SME_0310,2025-09-01,560,5,False,0.0,True
SME_0310,2025-10-01,537,6,True,0.0,True
SME_0310,2025-11-01,531,8,True,0.0,True
SME_0310,2025-12-01,565,4,False,0.0,True
SME_0310,2026-01-01,543,1,False,0.0,True
SME_0311,2024-08-01,547,9,False,0.0,True
SME_0311,2024-09-01,541,7,False,0.0,True
SME_0311,2024-10-01,528,4,False,0.0,True
SME_0311,2024-11-01,532,5,False,0.0,True
SME_0311,2024-12-01,530,7,True,0.0,True
SME_0311,2025-01-01,531,6,False,0.0,True
SME_0311,2025-02-01,534,7,False,0.0,True
SME_0311,2025-03-01,549,4,False,0.0,True
SME_0311,2025-04-01,547,9,False,0.0,True
SME_0311,2025-05-01,553,7,False,0.0,True
SME_0311,2025-06-01,567,8,False,0.0,True
SME_0311,2025-07-01,565,2,False,0.0,True
SME_0311,2025-08-01,553,4,False,0.0,True
SME_0311,2025-09-01,564,12,False,0.0,True
SME_0311,2025-10-01,557,4,False,0.0,True
SME_0311,2025-11-01,573,5,False,0.0,True
SME_0311,2025-12-01,553,4,False,0.0,True
SME_0311,2026-01-01,535,3,False,0.0,True
SME_0312,2024-08-01,588,11,False,0.0,True
SME_0312,2024-09-01,580,10,False,0.0,True
SME_0312,2024-10-01,574,13,False,0.0,True
SME_0312,2024-11-01,594,12,True,34972.16,True
SME_0312,2024-12-01,594,7,True,0.0,True
SME_0312,2025-01-01,609,14,False,0.0,True
SME_0312,2025-02-01,604,4,False,0.0,True
SME_0312,2025-03-01,615,8,False,0.0,True
SME_0312,2025-04-01,624,15,True,0.0,True
SME_0312,2025-05-01,627,4,False,0.0,True
SME_0312,2025-06-01,620,13,False,0.0,True
SME_0312,2025-07-01,618,11,False,0.0,True
SME_0312,2025-08-01,624,15,False,0.0,True
SME_0312,2025-09-01,630,10,False,0.0,True
SME_0312,2025-10-01,629,9,True,43785.97,True
SME_0312,2025-11-01,654,14,False,0.0,True
SME_0312,2025-12-01,653,13,False,0.0,True
SME_0312,2026-01-01,646,9,False,0.0,True
SME_0313,2024-08-01,571,10,False,0.0,True
SME_0313,2024-09-01,590,5,False,0.0,True
SME_0313,2024-10-01,598,10,True,0.0,True
SME_0313,2024-11-01,590,10,True,0.0,True
SME_0313,2024-12-01,603,11,False,0.0,True
SME_0313,2025-01-01,608,7,False,0.0,True
SME_0313,2025-02-01,618,7,False,0.0,True
SME_0313,2025-03-01,622,10,False,0.0,True
SME_0313,2025-04-01,634,12,True,57444.82,True
SME_0313,2025-05-01,611,15,True,0.0,True
SME_0313,2025-06-01,581,10,True,0.0,True
SME_0313,2025-07-01,586,11,False,0.0,True
SME_0313,2025-08-01,582,12,False,0.0,True
SME_0313,2025-09-01,582,9,False,0.0,True
SME_0313,2025-10-01,580,15,False,0.0,True
SME_0313,2025-11-01,574,5,False,0.0,True
SME_0313,2025-12-01,584,8,False,0.0,True
SME_0313,2026-01-01,589,4,False,0.0,True
SME_0314,2024-08-01,496,5,False,0.0,True
SME_0314,2024-09-01,487,6,True,0.0,True
SME_0314,2024-10-01,465,5,False,0.0,True
SME_0314,2024-11-01,484,5,False,0.0,True
SME_0314,2024-12-01,484,5,False,0.0,True
SME_0314,2025-01-01,471,6,False,0.0,True
SME_0314,2025-02-01,459,4,False,0.0,True
SME_0314,2025-03-01,480,7,False,0.0,True
SME_0314,2025-04-01,470,5,False,0.0,True
SME_0314,2025-05-01,460,6,False,0.0,True
SME_0314,2025-06-01,460,4,False,0.0,True
SME_0314,2025-07-01,450,9,False,0.0,True
SME_0314,2025-08-01,446,4,False,0.0,True
SME_0314,2025-09-01,438,3,False,0.0,True
SME_0314,2025-10-01,465,7,False,0.0,True
SME_0314,2025-11-01,471,5,False,0.0,True
SME_0314,2025-12-01,470,2,False,0.0,True
SME_0314,2026-01-01,445,8,False,0.0,True
SME_0315,2024-08-01,579,9,True,57918.54,True
SME_0315,2024-09-01,603,7,False,0.0,True
SME_0315,2024-10-01,569,10,True,0.0,True
SME_0315,2024-11-01,576,12,True,0.0,True
SME_0315,2024-12-01,573,13,False,0.0,True
SME_0315,2025-01-01,557,7,False,0.0,True
SME_0315,2025-02-01,552,16,True,46490.13,True
SME_0315,2025-03-01,568,7,False,0.0,True
SME_0315,2025-04-01,576,10,False,0.0,True
SME_0315,2025-05-01,587,7,False,0.0,True
SME_0315,2025-06-01,595,10,False,0.0,True
SME_0315,2025-07-01,556,14,False,0.0,True
SME_0315,2025-08-01,580,9,False,0.0,True
SME_0315,2025-09-01,576,4,False,0.0,True
SME_0315,2025-10-01,579,11,True,0.0,True
SME_0315,2025-11-01,587,7,False,0.0,True
SME_0315,2025-12-01,591,20,False,0.0,True
SME_0315,2026-01-01,593,8,False,0.0,True
SME_0316,2024-08-01,690,17,False,0.0,True
SME_0316,2024-09-01,689,14,False,0.0,True
SME_0316,2024-10-01,681,14,True,6223.53,True
SME_0316,2024-11-01,702,13,False,0.0,True
SME_0316,2024-12-01,694,13,False,0.0,True
SME_0316,2025-01-01,703,16,True,30892.12,True
SME_0316,2025-02-01,705,12,False,0.0,True
SME_0316,2025-03-01,700,11,False,0.0,True
SME_0316,2025-04-01,703,15,False,0.0,True
SME_0316,2025-05-01,680,12,True,0.0,True
SME_0316,2025-06-01,677,18,False,0.0,True
SME_0316,2025-07-01,664,9,False,0.0,True
SME_0316,2025-08-01,672,13,True,0.0,True
SME_0316,2025-09-01,663,11,False,0.0,True
SME_0316,2025-10-01,668,17,False,0.0,True
SME_0316,2025-11-01,671,18,False,0.0,True
SME_0316,2025-12-01,661,14,False,0.0,True
SME_0316,2026-01-01,652,17,True,0.0,True
SME_0317,2024-08-01,616,11,False,0.0,True
SME_0317,2024-09-01,632,6,False,0.0,True
SME_0317,2024-10-01,637,20,True,18330.72,True
SME_0317,2024-11-01,640,17,False,0.0,True
SME_0317,2024-12-01,659,16,False,0.0,True
SME_0317,2025-01-01,642,10,False,0.0,True
SME_0317,2025-02-01,651,8,True,0.0,True
SME_0317,2025-03-01,660,14,True,0.0,True
SME_0317,2025-04-01,671,16,False,0.0,True
SME_0317,2025-05-01,659,14,False,0.0,True
SME_0317,2025-06-01,655,13,False,0.0,True
SME_0317,2025-07-01,660,10,False,0.0,True
SME_0317,2025-08-01,670,6,False,0.0,True
SME_0317,2025-09-01,675,20,False,0.0,True
SME_0317,2025-10-01,673,9,False,0.0,True
SME_0317,2025-11-01,672,14,False,0.0,True
SME_0317,2025-12-01,679,10,False,0.0,True
SME_0317,2026-01-01,680,11,False,0.0,True
SME_0318,2024-08-01,684,14,False,0.0,True
SME_0318,2024-09-01,683,6,False,0.0,True
SME_0318,2024-10-01,690,16,True,6454.19,True
SME_0318,2024-11-01,669,10,False,0.0,True
SME_0318,2024-12-01,668,22,False,0.0,True
SME_0318,2025-01-01,678,10,False,0.0,True
SME_0318,2025-02-01,676,8,False,0.0,True
SME_0318,2025-03-01,689,8,True,42406.89,True
SME_0318,2025-04-01,685,8,False,0.0,True
SME_0318,2025-05-01,681,13,False,0.0,True
SME_0318,2025-06-01,683,23,False,0.0,True
SME_0318,2025-07-01,653,14,False,0.0,True
SME_0318,2025-08-01,640,14,False,0.0,True
SME_0318,2025-09-01,647,17,True,33036.73,True
SME_0318,2025-10-01,654,12,False,0.0,True
SME_0318,2025-11-01,678,12,False,0.0,True
SME_0318,2025-12-01,677,12,False,0.0,True
SME_0318,2026-01-01,669,11,False,0.0,True
SME_0319,2024-08-01,645,6,False,0.0,True
SME_0319,2024-09-01,651,10,False,0.0,True
SME_0319,2024-10-01,617,10,False,0.0,True
SME_0319,2024-11-01,619,7,False,0.0,True
SME_0319,2024-12-01,630,8,False,0.0,True
SME_0319,2025-01-01,650,11,False,0.0,True
SME_0319,2025-02-01,642,9,False,0.0,True
SME_0319,2025-03-01,635,6,False,0.0,True
SME_0319,2025-04-01,614,13,True,0.0,True
SME_0319,2025-05-01,587,20,False,0.0,True
SME_0319,2025-06-01,588,10,False,0.0,True
SME_0319,2025-07-01,591,8,False,0.0,True
SME_0319,2025-08-01,593,10,True,19342.38,True
SME_0319,2025-09-01,592,9,True,0.0,True
SME_0319,2025-10-01,594,14,False,0.0,True
SME_0319,2025-11-01,588,9,False,0.0,True
SME_0319,2025-12-01,594,9,False,0.0,True
SME_0319,2026-01-01,593,5,False,0.0,True
SME_0320,2024-08-01,610,10,True,0.0,True
SME_0320,2024-09-01,594,17,True,0.0,True
SME_0320,2024-10-01,605,11,False,0.0,True
SME_0320,2024-11-01,621,12,False,0.0,True
SME_0320,2024-12-01,614,12,False,0.0,True
SME_0320,2025-01-01,614,8,False,0.0,True
SME_0320,2025-02-01,622,17,False,0.0,True
SME_0320,2025-03-01,614,10,True,0.0,True
SME_0320,2025-04-01,619,11,False,0.0,True
SME_0320,2025-05-01,587,11,False,0.0,True
SME_0320,2025-06-01,588,9,False,0.0,True
SME_0320,2025-07-01,593,6,False,0.0,True
SME_0320,2025-08-01,590,13,False,0.0,True
SME_0320,2025-09-01,609,15,False,0.0,True
SME_0320,2025-10-01,627,10,False,0.0,True
SME_0320,2025-11-01,610,6,False,0.0,True
SME_0320,2025-12-01,651,14,False,0.0,True
SME_0320,2026-01-01,641,14,False,0.0,True
SME_0321,2024-08-01,609,10,False,0.0,True
SME_0321,2024-09-01,616,9,False,0.0,True
SME_0321,2024-10-01,605,6,False,0.0,True
SME_0321,2024-11-01,606,11,False,0.0,True
SME_0321,2024-12-01,613,4,False,0.0,True
SME_0321,2025-01-01,612,8,False,0.0,True
SME_0321,2025-02-01,602,13,True,0.0,True
SME_0321,2025-03-01,618,16,False,0.0,True
SME_0321,2025-04-01,630,13,True,15852.36,True
SME_0321,2025-05-01,621,12,False,0.0,True
SME_0321,2025-06-01,605,8,True,0.0,True
SME_0321,2025-07-01,590,8,False,0.0,True
SME_0321,2025-08-01,587,10,False,0.0,True
SME_0321,2025-09-01,591,8,False,0.0,True
SME_0321,2025-10-01,583,14,False,0.0,True
SME_0321,2025-11-01,590,11,False,0.0,True
SME_0321,2025-12-01,574,7,False,0.0,True
SME_0321,2026-01-01,574,6,True,36130.91,True
SME_0322,2024-08-01,639,10,False,0.0,True
SME_0322,2024-09-01,641,11,False,0.0,True
SME_0322,2024-10-01,651,16,False,0.0,True
SME_0322,2024-11-01,639,18,False,0.0,True
SME_0322,2024-12-01,646,13,False,0.0,True
SME_0322,2025-01-01,652,14,True,0.0,True
SME_0322,2025-02-01,650,11,False,0.0,True
SME_0322,2025-03-01,662,14,False,0.0,True
SME_0322,2025-04-01,657,11,True,62215.62,True
SME_0322,2025-05-01,643,15,False,0.0,True
SME_0322,2025-06-01,647,17,True,0.0,True
SME_0322,2025-07-01,626,12,False,0.0,True
SME_0322,2025-08-01,634,10,False,0.0,True
SME_0322,2025-09-01,652,17,False,0.0,True
SME_0322,2025-10-01,657,8,False,0.0,True
SME_0322,2025-11-01,645,9,False,0.0,True
SME_0322,2025-12-01,634,8,False,0.0,True
SME_0322,2026-01-01,642,15,False,0.0,True
SME_0323,2024-08-01,602,10,True,0.0,True
SME_0323,2024-09-01,584,14,True,0.0,True
SME_0323,2024-10-01,574,17,True,37502.66,True
SME_0323,2024-11-01,559,12,False,0.0,True
SME_0323,2024-12-01,578,10,False,0.0,True
SME_0323,2025-01-01,586,8,True,0.0,True
SME_0323,2025-02-01,573,10,False,0.0,True
SME_0323,2025-03-01,590,6,False,0.0,True
SME_0323,2025-04-01,583,13,False,0.0,True
SME_0323,2025-05-01,590,12,False,0.0,True
SME_0323,2025-06-01,605,16,True,28245.3,True
SME_0323,2025-07-01,611,9,False,0.0,True
SME_0323,2025-08-01,621,6,False,0.0,True
SME_0323,2025-09-01,611,14,False,0.0,True
SME_0323,2025-10-01,608,13,False,0.0,True
SME_0323,2025-11-01,607,12,False,0.0,True
SME_0323,2025-12-01,614,20,False,0.0,True
SME_0323,2026-01-01,616,7,True,0.0,True
SME_0324,2024-08-01,719,10,False,0.0,True
SME_0324,2024-09-01,701,11,True,14863.0,True
SME_0324,2024-10-01,686,13,False,0.0,True
SME_0324,2024-11-01,703,16,False,0.0,True
SME_0324,2024-12-01,696,14,False,0.0,True
SME_0324,2025-01-01,703,14,False,0.0,True
SME_0324,2025-02-01,702,16,False,0.0,True
SME_0324,2025-03-01,693,14,True,27489.78,True
SME_0324,2025-04-01,680,18,False,0.0,True
SME_0324,2025-05-01,677,11,False,0.0,True
SME_0324,2025-06-01,672,17,False,0.0,True
SME_0324,2025-07-01,673,12,True,77716.68,True
SME_0324,2025-08-01,659,7,False,0.0,True
SME_0324,2025-09-01,659,0,False,0.0,False
SME_0324,2025-10-01,659,0,False,0.0,False
SME_0324,2025-11-01,659,0,False,0.0,False
SME_0324,2025-12-01,659,0,False,0.0,False
SME_0324,2026-01-01,659,0,False,0.0,False
SME_0325,2024-08-01,769,11,False,0.0,True
SME_0325,2024-09-01,763,17,False,0.0,True
SME_0325,2024-10-01,755,14,False,0.0,True
SME_0325,2024-11-01,748,18,False,0.0,True
SME_0325,2024-12-01,754,20,False,0.0,True
SME_0325,2025-01-01,742,14,True,77277.17,True
SME_0325,2025-02-01,734,18,False,0.0,True
SME_0325,2025-03-01,745,13,True,19146.62,True
SME_0325,2025-04-01,747,9,False,0.0,True
SME_0325,2025-05-01,760,9,False,0.0,True
SME_0325,2025-06-01,739,15,False,0.0,True
SME_0325,2025-07-01,755,18,False,0.0,True
SME_0325,2025-08-01,751,19,True,26637.67,True
SME_0325,2025-09-01,780,13,False,0.0,True
SME_0325,2025-10-01,760,21,False,0.0,True
SME_0325,2025-11-01,746,16,False,0.0,True
SME_0325,2025-12-01,738,14,False,0.0,True
SME_0325,2026-01-01,718,20,False,0.0,True
SME_0326,2024-08-01,610,16,False,0.0,True
SME_0326,2024-09-01,607,11,False,0.0,True
SME_0326,2024-10-01,623,7,False,0.0,True
SME_0326,2024-11-01,634,11,False,0.0,True
SME_0326,2024-12-01,627,10,False,0.0,True
SME_0326,2025-01-01,615,9,False,0.0,True
SME_0326,2025-02-01,610,10,False,0.0,True
SME_0326,2025-03-01,616,16,False,0.0,True
SME_0326,2025-04-01,608,14,True,53065.61,True
SME_0326,2025-05-01,609,12,False,0.0,True
SME_0326,2025-06-01,630,9,False,0.0,True
SME_0326,2025-07-01,633,15,False,0.0,True
SME_0326,2025-08-01,647,15,False,0.0,True
SME_0326,2025-09-01,646,11,False,0.0,True
SME_0326,2025-10-01,640,14,False,0.0,True
SME_0326,2025-11-01,632,10,False,0.0,True
SME_0326,2025-12-01,637,10,False,0.0,True
SME_0326,2026-01-01,615,16,True,0.0,True
SME_0327,2024-08-01,532,5,False,0.0,True
SME_0327,2024-09-01,527,7,False,0.0,True
SME_0327,2024-10-01,538,5,True,16100.45,True
SME_0327,2024-11-01,545,2,False,0.0,True
SME_0327,2024-12-01,547,9,False,0.0,True
SME_0327,2025-01-01,530,6,False,0.0,True
SME_0327,2025-02-01,509,7,False,0.0,True
SME_0327,2025-03-01,518,6,False,0.0,True
SME_0327,2025-04-01,525,5,False,0.0,True
SME_0327,2025-05-01,515,10,False,0.0,True
SME_0327,2025-06-01,510,7,False,0.0,True
SME_0327,2025-07-01,512,4,True,0.0,True
SME_0327,2025-08-01,491,4,False,0.0,True
SME_0327,2025-09-01,486,10,True,0.0,True
SME_0327,2025-10-01,487,3,False,0.0,True
SME_0327,2025-11-01,510,4,False,0.0,True
SME_0327,2025-12-01,536,10,False,0.0,True
SME_0327,2026-01-01,539,4,False,0.0,True
SME_0328,2024-08-01,569,8,False,0.0,True
SME_0328,2024-09-01,587,11,False,0.0,True
SME_0328,2024-10-01,589,11,False,0.0,True
SME_0328,2024-11-01,574,9,False,0.0,True
SME_0328,2024-12-01,570,8,False,0.0,True
SME_0328,2025-01-01,569,9,True,21553.28,True
SME_0328,2025-02-01,566,4,False,0.0,True
SME_0328,2025-03-01,537,5,False,0.0,True
SME_0328,2025-04-01,541,6,True,0.0,True
SME_0328,2025-05-01,555,12,False,0.0,True
SME_0328,2025-06-01,557,5,False,0.0,True
SME_0328,2025-07-01,586,9,False,0.0,True
SME_0328,2025-08-01,601,9,False,0.0,True
SME_0328,2025-09-01,598,7,False,0.0,True
SME_0328,2025-10-01,608,12,False,0.0,True
SME_0328,2025-11-01,600,12,True,36588.88,True
SME_0328,2025-12-01,605,9,False,0.0,True
SME_0328,2026-01-01,591,6,False,0.0,True
SME_0329,2024-08-01,642,14,False,0.0,True
SME_0329,2024-09-01,627,11,False,0.0,True
SME_0329,2024-10-01,622,19,False,0.0,True
SME_0329,2024-11-01,619,12,False,0.0,True
SME_0329,2024-12-01,626,9,False,0.0,True
SME_0329,2025-01-01,621,14,True,0.0,True
SME_0329,2025-02-01,616,9,False,0.0,True
SME_0329,2025-03-01,598,10,True,0.0,True
SME_0329,2025-04-01,609,9,False,0.0,True
SME_0329,2025-05-01,610,12,False,0.0,True
SME_0329,2025-06-01,626,11,False,0.0,True
SME_0329,2025-07-01,642,7,False,0.0,True
SME_0329,2025-08-01,659,10,False,0.0,True
SME_0329,2025-09-01,645,11,False,0.0,True
SME_0329,2025-10-01,651,13,False,0.0,True
SME_0329,2025-11-01,654,8,False,0.0,True
SME_0329,2025-12-01,669,14,False,0.0,True
SME_0329,2026-01-01,660,10,False,0.0,True
SME_0330,2024-08-01,557,2,False,0.0,True
SME_0330,2024-09-01,568,10,False,0.0,True
SME_0330,2024-10-01,570,7,False,0.0,True
SME_0330,2024-11-01,552,8,False,0.0,True
SME_0330,2024-12-01,543,3,False,0.0,True
SME_0330,2025-01-01,548,11,True,0.0,True
SME_0330,2025-02-01,548,0,False,0.0,False
SME_0330,2025-03-01,548,0,False,0.0,False
SME_0330,2025-04-01,548,0,False,0.0,False
SME_0330,2025-05-01,548,0,False,0.0,False
SME_0330,2025-06-01,548,0,False,0.0,False
SME_0330,2025-07-01,548,0,False,0.0,False
SME_0330,2025-08-01,548,0,False,0.0,False
SME_0330,2025-09-01,548,0,False,0.0,False
SME_0330,2025-10-01,1200,0,False,0.0,False
SME_0330,2025-11-01,548,0,False,0.0,False
SME_0330,2025-12-01,548,0,False,0.0,False
SME_0330,2026-01-01,548,0,False,0.0,False
SME_0331,2024-08-01,611,5,False,0.0,True
SME_0331,2024-09-01,613,14,False,0.0,True
SME_0331,2024-10-01,617,11,False,0.0,True
SME_0331,2024-11-01,613,12,False,0.0,True
SME_0331,2024-12-01,639,11,True,0.0,True
SME_0331,2025-01-01,617,13,False,0.0,True
SME_0331,2025-02-01,606,14,False,0.0,True
SME_0331,2025-03-01,607,10,False,0.0,True
SME_0331,2025-04-01,631,9,False,0.0,True
SME_0331,2025-05-01,610,13,False,0.0,True
SME_0331,2025-06-01,601,14,False,0.0,True
SME_0331,2025-07-01,592,5,False,0.0,True
SME_0331,2025-08-01,599,9,False,0.0,True
SME_0331,2025-09-01,597,13,False,0.0,True
SME_0331,2025-10-01,603,6,False,0.0,True
SME_0331,2025-11-01,600,10,False,0.0,True
SME_0331,2025-12-01,598,10,False,0.0,True
SME_0331,2026-01-01,589,6,False,0.0,True
SME_0332,2024-08-01,566,13,False,0.0,True
SME_0332,2024-09-01,576,5,False,0.0,True
SME_0332,2024-10-01,587,9,False,0.0,True
SME_0332,2024-11-01,575,9,False,0.0,True
SME_0332,2024-12-01,577,7,True,14010.03,True
SME_0332,2025-01-01,564,8,False,0.0,True
SME_0332,2025-02-01,558,8,False,0.0,True
SME_0332,2025-03-01,559,6,False,0.0,True
SME_0332,2025-04-01,563,4,False,0.0,True
SME_0332,2025-05-01,577,13,False,0.0,True
SME_0332,2025-06-01,564,9,False,0.0,True
SME_0332,2025-07-01,575,6,False,0.0,True
SME_0332,2025-08-01,552,7,False,0.0,True
SME_0332,2025-09-01,558,8,False,0.0,True
SME_0332,2025-10-01,561,7,False,0.0,True
SME_0332,2025-11-01,570,6,False,0.0,True
SME_0332,2025-12-01,583,4,False,0.0,True
SME_0332,2026-01-01,574,4,True,5794.67,True
SME_0333,2024-08-01,629,15,False,0.0,True
SME_0333,2024-09-01,600,15,True,54129.7,True
SME_0333,2024-10-01,611,9,True,0.0,True
SME_0333,2024-11-01,607,9,False,0.0,True
SME_0333,2024-12-01,626,18,False,0.0,True
SME_0333,2025-01-01,627,11,False,0.0,True
SME_0333,2025-02-01,614,3,False,0.0,True
SME_0333,2025-03-01,635,8,False,0.0,True
SME_0333,2025-04-01,628,13,False,0.0,True
SME_0333,2025-05-01,623,11,False,0.0,True
SME_0333,2025-06-01,626,12,True,0.0,True
SME_0333,2025-07-01,620,9,False,0.0,True
SME_0333,2025-08-01,618,13,False,0.0,True
SME_0333,2025-09-01,625,14,False,0.0,True
SME_0333,2025-10-01,622,12,False,0.0,True
SME_0333,2025-11-01,603,5,False,0.0,True
SME_0333,2025-12-01,613,11,False,0.0,True
SME_0333,2026-01-01,590,9,False,0.0,True
SME_0334,2024-08-01,656,10,False,0.0,True
SME_0334,2024-09-01,654,6,False,0.0,True
SME_0334,2024-10-01,669,14,False,0.0,True
SME_0334,2024-11-01,681,9,True,0.0,True
SME_0334,2024-12-01,676,16,False,0.0,True
SME_0334,2025-01-01,677,11,True,0.0,True
SME_0334,2025-02-01,701,14,True,0.0,True
SME_0334,2025-03-01,701,11,False,0.0,True
SME_0334,2025-04-01,702,12,False,0.0,True
SME_0334,2025-05-01,694,8,False,0.0,True
SME_0334,2025-06-01,695,13,False,0.0,True
SME_0334,2025-07-01,690,14,True,0.0,True
SME_0334,2025-08-01,679,12,False,0.0,True
SME_0334,2025-09-01,653,15,False,0.0,True
SME_0334,2025-10-01,641,20,False,0.0,True
SME_0334,2025-11-01,630,18,True,5714.15,True
SME_0334,2025-12-01,634,7,False,0.0,True
SME_0334,2026-01-01,616,13,False,0.0,True
SME_0335,2024-08-01,662,9,False,0.0,True
SME_0335,2024-09-01,643,12,False,0.0,True
SME_0335,2024-10-01,623,9,False,0.0,True
SME_0335,2024-11-01,630,10,False,0.0,True
SME_0335,2024-12-01,608,15,False,0.0,True
SME_0335,2025-01-01,603,10,False,0.0,True
SME_0335,2025-02-01,598,7,False,0.0,True
SME_0335,2025-03-01,593,7,False,0.0,True
SME_0335,2025-04-01,589,17,False,0.0,True
SME_0335,2025-05-01,583,9,False,0.0,True
SME_0335,2025-06-01,594,8,False,0.0,True
SME_0335,2025-07-01,589,10,False,0.0,True
SME_0335,2025-08-01,608,4,False,0.0,True
SME_0335,2025-09-01,598,19,False,0.0,True
SME_0335,2025-10-01,592,10,False,0.0,True
SME_0335,2025-11-01,608,9,False,0.0,True
SME_0335,2025-12-01,599,7,False,0.0,True
SME_0335,2026-01-01,610,12,False,0.0,True
SME_0336,2024-08-01,574,7,False,0.0,True
SME_0336,2024-09-01,575,16,False,0.0,True
SME_0336,2024-10-01,573,12,False,0.0,True
SME_0336,2024-11-01,579,6,False,0.0,True
SME_0336,2024-12-01,560,10,False,0.0,True
SME_0336,2025-01-01,570,9,False,0.0,True
SME_0336,2025-02-01,552,6,False,0.0,True
SME_0336,2025-03-01,558,15,True,0.0,True
SME_0336,2025-04-01,573,7,False,0.0,True
SME_0336,2025-05-01,586,9,False,0.0,True
SME_0336,2025-06-01,588,12,False,0.0,True
SME_0336,2025-07-01,583,8,False,0.0,True
SME_0336,2025-08-01,581,15,False,0.0,True
SME_0336,2025-09-01,562,6,False,0.0,True
SME_0336,2025-10-01,565,10,False,0.0,True
SME_0336,2025-11-01,572,6,False,0.0,True
SME_0336,2025-12-01,587,12,False,0.0,True
SME_0336,2026-01-01,577,10,False,0.0,True
SME_0337,2024-08-01,597,14,False,0.0,True
SME_0337,2024-09-01,589,4,False,0.0,True
SME_0337,2024-10-01,589,9,False,0.0,True
SME_0337,2024-11-01,590,17,False,0.0,True
SME_0337,2024-12-01,587,15,True,0.0,True
SME_0337,2025-01-01,577,8,True,0.0,True
SME_0337,2025-02-01,623,4,False,0.0,True
SME_0337,2025-03-01,630,8,False,0.0,True
SME_0337,2025-04-01,607,7,False,0.0,True
SME_0337,2025-05-01,607,0,False,0.0,False
SME_0337,2025-06-01,607,0,False,0.0,False
SME_0337,2025-07-01,607,0,False,0.0,False
SME_0337,2025-08-01,607,0,False,0.0,False
SME_0337,2025-09-01,607,0,False,0.0,False
SME_0337,2025-10-01,607,0,False,0.0,False
SME_0337,2025-11-01,607,0,False,0.0,False
SME_0337,2025-12-01,607,0,False,0.0,False
SME_0337,2026-01-01,607,0,False,0.0,False
SME_0338,2024-08-01,615,18,False,0.0,True
SME_0338,2024-09-01,626,19,False,0.0,True
SME_0338,2024-10-01,629,16,False,0.0,True
SME_0338,2024-11-01,627,19,True,0.0,True
SME_0338,2024-12-01,648,12,False,0.0,True
SME_0338,2025-01-01,657,17,False,0.0,True
SME_0338,2025-02-01,642,11,False,0.0,True
SME_0338,2025-03-01,640,12,False,0.0,True
SME_0338,2025-04-01,637,9,False,0.0,True
SME_0338,2025-05-01,623,14,False,0.0,True
SME_0338,2025-06-01,605,10,False,0.0,True
SME_0338,2025-07-01,611,9,False,0.0,True
SME_0338,2025-08-01,615,10,False,0.0,True
SME_0338,2025-09-01,632,7,True,0.0,True
SME_0338,2025-10-01,636,13,True,0.0,True
SME_0338,2025-11-01,641,15,False,0.0,True
SME_0338,2025-12-01,663,11,False,0.0,True
SME_0338,2026-01-01,670,12,True,18983.94,True
SME_0339,2024-08-01,444,3,False,0.0,True
SME_0339,2024-09-01,432,5,False,0.0,True
SME_0339,2024-10-01,445,8,False,0.0,True
SME_0339,2024-11-01,441,8,True,0.0,True
SME_0339,2024-12-01,456,3,True,0.0,True
SME_0339,2025-01-01,477,6,False,0.0,True
SME_0339,2025-02-01,466,3,False,0.0,True
SME_0339,2025-03-01,472,7,False,0.0,True
SME_0339,2025-04-01,457,2,False,0.0,True
SME_0339,2025-05-01,459,8,False,0.0,True
SME_0339,2025-06-01,459,0,False,0.0,False
SME_0339,2025-07-01,459,0,False,0.0,False
SME_0339,2025-08-01,459,0,False,0.0,False
SME_0339,2025-09-01,459,0,False,0.0,False
SME_0339,2025-10-01,459,0,False,0.0,False
SME_0339,2025-11-01,459,0,False,0.0,False
SME_0339,2025-12-01,459,0,False,0.0,False
SME_0339,2026-01-01,459,0,False,0.0,False
SME_0340,2024-08-01,590,11,True,20614.71,True
SME_0340,2024-09-01,600,9,False,0.0,True
SME_0340,2024-10-01,610,7,False,0.0,True
SME_0340,2024-11-01,603,16,False,0.0,True
SME_0340,2024-12-01,601,13,False,0.0,True
SME_0340,2025-01-01,569,9,False,0.0,True
SME_0340,2025-02-01,586,11,False,0.0,True
SME_0340,2025-03-01,587,9,False,0.0,True
SME_0340,2025-04-01,589,12,False,0.0,True
SME_0340,2025-05-01,595,11,False,0.0,True
SME_0340,2025-06-01,569,10,True,0.0,True
SME_0340,2025-07-01,574,4,False,0.0,True
SME_0340,2025-08-01,571,11,True,0.0,True
SME_0340,2025-09-01,567,6,False,0.0,True
SME_0340,2025-10-01,562,11,True,0.0,True
SME_0340,2025-11-01,559,13,False,0.0,True
SME_0340,2025-12-01,565,10,False,0.0,True
SME_0340,2026-01-01,580,13,False,0.0,True
SME_0341,2024-08-01,625,10,False,0.0,True
SME_0341,2024-09-01,621,10,False,0.0,True
SME_0341,2024-10-01,606,13,False,0.0,True
SME_0341,2024-11-01,643,17,True,0.0,True
SME_0341,2024-12-01,633,9,False,0.0,True
SME_0341,2025-01-01,628,9,False,0.0,True
SME_0341,2025-02-01,631,10,False,0.0,True
SME_0341,2025-03-01,639,8,False,0.0,True
SME_0341,2025-04-01,642,12,False,0.0,True
SME_0341,2025-05-01,657,15,False,0.0,True
SME_0341,2025-06-01,656,8,False,0.0,True
SME_0341,2025-07-01,666,10,True,0.0,True
SME_0341,2025-08-01,658,12,False,0.0,True
SME_0341,2025-09-01,673,13,False,0.0,True
SME_0341,2025-10-01,696,20,False,0.0,True
SME_0341,2025-11-01,689,9,False,0.0,True
SME_0341,2025-12-01,663,10,False,0.0,True
SME_0341,2026-01-01,650,9,False,0.0,True
SME_0342,2024-08-01,558,8,False,0.0,True
SME_0342,2024-09-01,574,11,False,0.0,True
SME_0342,2024-10-01,556,6,False,0.0,True
SME_0342,2024-11-01,540,4,False,0.0,True
SME_0342,2024-12-01,552,8,False,0.0,True
SME_0342,2025-01-01,547,7,False,0.0,True
SME_0342,2025-02-01,542,6,False,0.0,True
SME_0342,2025-03-01,547,9,True,54962.83,True
SME_0342,2025-04-01,542,8,False,0.0,True
SME_0342,2025-05-01,556,10,False,0.0,True
SME_0342,2025-06-01,563,8,False,0.0,True
SME_0342,2025-07-01,552,6,False,0.0,True
SME_0342,2025-08-01,537,10,False,0.0,True
SME_0342,2025-09-01,544,7,False,0.0,True
SME_0342,2025-10-01,537,12,False,0.0,True
SME_0342,2025-11-01,549,16,False,0.0,True
SME_0342,2025-12-01,538,13,False,0.0,True
SME_0342,2026-01-01,544,7,False,0.0,True
SME_0343,2024-08-01,432,1,False,0.0,True
SME_0343,2024-09-01,442,4,False,0.0,True
SME_0343,2024-10-01,447,5,False,0.0,True
SME_0343,2024-11-01,460,7,False,0.0,True
SME_0343,2024-12-01,452,5,False,0.0,True
SME_0343,2025-01-01,454,9,True,0.0,True
SME_0343,2025-02-01,464,4,False,0.0,True
SME_0343,2025-03-01,455,8,False,0.0,True
SME_0343,2025-04-01,457,4,False,0.0,True
SME_0343,2025-05-01,431,2,False,0.0,True
SME_0343,2025-06-01,447,3,False,0.0,True
SME_0343,2025-07-01,446,6,False,0.0,True
SME_0343,2025-08-01,440,4,False,0.0,True
SME_0343,2025-09-01,444,2,False,0.0,True
SME_0343,2025-10-01,422,3,False,0.0,True
SME_0343,2025-11-01,434,3,False,0.0,True
SME_0343,2025-12-01,429,6,False,0.0,True
SME_0343,2026-01-01,411,4,False,0.0,True
SME_0344,2024-08-01,505,9,False,0.0,True
SME_0344,2024-09-01,492,7,False,0.0,True
SME_0344,2024-10-01,513,8,False,0.0,True
SME_0344,2024-11-01,517,5,False,0.0,True
SME_0344,2024-12-01,512,12,False,0.0,True
SME_0344,2025-01-01,514,9,False,0.0,True
SME_0344,2025-02-01,518,11,False,0.0,True
SME_0344,2025-03-01,545,4,False,0.0,True
SME_0344,2025-04-01,553,5,False,0.0,True
SME_0344,2025-05-01,551,7,False,0.0,True
SME_0344,2025-06-01,553,5,False,0.0,True
SME_0344,2025-07-01,551,5,False,0.0,True
SME_0344,2025-08-01,539,6,False,0.0,True
SME_0344,2025-09-01,553,14,False,0.0,True
SME_0344,2025-10-01,555,6,False,0.0,True
SME_0344,2025-11-01,536,8,False,0.0,True
SME_0344,2025-12-01,538,2,False,0.0,True
SME_0344,2026-01-01,545,3,False,0.0,True
SME_0345,2024-08-01,632,15,False,0.0,True
SME_0345,2024-09-01,637,11,True,0.0,True
SME_0345,2024-10-01,623,6,True,0.0,True
SME_0345,2024-11-01,614,11,False,0.0,True
SME_0345,2024-12-01,592,12,False,0.0,True
SME_0345,2025-01-01,616,14,False,0.0,True
SME_0345,2025-02-01,617,5,False,0.0,True
SME_0345,2025-03-01,624,13,False,0.0,True
SME_0345,2025-04-01,614,10,True,0.0,True
SME_0345,2025-05-01,617,11,False,0.0,True
SME_0345,2025-06-01,625,10,False,0.0,True
SME_0345,2025-07-01,630,10,False,0.0,True
SME_0345,2025-08-01,649,12,False,0.0,True
SME_0345,2025-09-01,640,10,False,0.0,True
SME_0345,2025-10-01,635,13,True,0.0,True
SME_0345,2025-11-01,623,13,False,0.0,True
SME_0345,2025-12-01,626,10,False,0.0,True
SME_0345,2026-01-01,619,8,True,0.0,True
SME_0346,2024-08-01,633,8,False,0.0,True
SME_0346,2024-09-01,634,12,False,0.0,True
SME_0346,2024-10-01,645,8,False,0.0,True
SME_0346,2024-11-01,629,11,False,0.0,True
SME_0346,2024-12-01,631,13,False,0.0,True
SME_0346,2025-01-01,621,13,False,0.0,True
SME_0346,2025-02-01,616,12,False,0.0,True
SME_0346,2025-03-01,607,7,False,0.0,True
SME_0346,2025-04-01,632,6,True,31402.03,True
SME_0346,2025-05-01,629,9,False,0.0,True
SME_0346,2025-06-01,631,13,False,0.0,True
SME_0346,2025-07-01,637,7,False,0.0,True
SME_0346,2025-08-01,640,9,False,0.0,True
SME_0346,2025-09-01,633,12,False,0.0,True
SME_0346,2025-10-01,633,11,False,0.0,True
SME_0346,2025-11-01,650,6,False,0.0,True
SME_0346,2025-12-01,660,8,False,0.0,True
SME_0346,2026-01-01,661,15,False,0.0,True
SME_0347,2024-08-01,716,4,False,0.0,True
SME_0347,2024-09-01,720,15,False,0.0,True
SME_0347,2024-10-01,716,18,False,0.0,True
SME_0347,2024-11-01,710,13,False,0.0,True
SME_0347,2024-12-01,692,7,False,0.0,True
SME_0347,2025-01-01,693,17,False,0.0,True
SME_0347,2025-02-01,669,13,False,0.0,True
SME_0347,2025-03-01,667,15,False,0.0,True
SME_0347,2025-04-01,696,10,False,0.0,True
SME_0347,2025-05-01,703,10,False,0.0,True
SME_0347,2025-06-01,692,14,False,0.0,True
SME_0347,2025-07-01,679,11,False,0.0,True
SME_0347,2025-08-01,698,11,False,0.0,True
SME_0347,2025-09-01,700,3,False,0.0,True
SME_0347,2025-10-01,701,13,True,40441.45,True
SME_0347,2025-11-01,707,7,False,0.0,True
SME_0347,2025-12-01,699,6,False,0.0,True
SME_0347,2026-01-01,692,13,False,0.0,True
SME_0348,2024-08-01,682,10,False,0.0,True
SME_0348,2024-09-01,673,14,True,44713.48,True
SME_0348,2024-10-01,667,16,False,0.0,True
SME_0348,2024-11-01,687,15,False,0.0,True
SME_0348,2024-12-01,667,10,False,0.0,True
SME_0348,2025-01-01,668,10,False,0.0,True
SME_0348,2025-02-01,671,9,False,0.0,True
SME_0348,2025-03-01,676,8,False,0.0,True
SME_0348,2025-04-01,710,10,False,0.0,True
SME_0348,2025-05-01,697,12,False,0.0,True
SME_0348,2025-06-01,699,20,False,0.0,True
SME_0348,2025-07-01,679,14,True,0.0,True
SME_0348,2025-08-01,669,13,False,0.0,True
SME_0348,2025-09-01,677,10,False,0.0,True
SME_0348,2025-10-01,679,20,True,12605.52,True
SME_0348,2025-11-01,687,9,False,0.0,True
SME_0348,2025-12-01,693,19,False,0.0,True
SME_0348,2026-01-01,674,8,False,0.0,True
SME_0349,2024-08-01,483,8,False,0.0,True
SME_0349,2024-09-01,489,7,False,0.0,True
SME_0349,2024-10-01,482,5,False,0.0,True
SME_0349,2024-11-01,494,5,False,0.0,True
SME_0349,2024-12-01,483,8,False,0.0,True
SME_0349,2025-01-01,492,10,False,0.0,True
SME_0349,2025-02-01,495,10,True,0.0,True
SME_0349,2025-03-01,476,2,False,0.0,True
SME_0349,2025-04-01,480,3,False,0.0,True
SME_0349,2025-05-01,471,6,False,0.0,True
SME_0349,2025-06-01,484,5,False,0.0,True
SME_0349,2025-07-01,501,3,False,0.0,True
SME_0349,2025-08-01,494,5,True,0.0,True
SME_0349,2025-09-01,488,2,False,0.0,True
SME_0349,2025-10-01,472,5,False,0.0,True
SME_0349,2025-11-01,460,4,False,0.0,True
SME_0349,2025-12-01,449,2,False,0.0,True
SME_0349,2026-01-01,459,3,False,0.0,True
SME_0350,2024-08-01,561,11,False,0.0,True
SME_0350,2024-09-01,581,12,False,0.0,True
SME_0350,2024-10-01,564,9,False,0.0,True
SME_0350,2024-11-01,583,11,True,0.0,True
SME_0350,2024-12-01,595,7,False,0.0,True
SME_0350,2025-01-01,597,11,False,0.0,True
SME_0350,2025-02-01,581,8,False,0.0,True
SME_0350,2025-03-01,559,10,False,0.0,True
SME_0350,2025-04-01,566,10,False,0.0,True
SME_0350,2025-05-01,534,12,True,0.0,True
SME_0350,2025-06-01,537,10,False,0.0,True
SME_0350,2025-07-01,555,1,False,0.0,True
SME_0350,2025-08-01,563,6,False,0.0,True
SME_0350,2025-09-01,585,3,False,0.0,True
SME_0350,2025-10-01,574,9,False,0.0,True
SME_0350,2025-11-01,583,4,False,0.0,True
SME_0350,2025-12-01,590,6,False,0.0,True
SME_0350,2026-01-01,595,4,False,0.0,True
SME_0351,2024-08-01,754,18,False,0.0,True
SME_0351,2024-09-01,753,13,True,47994.82,True
SME_0351,2024-10-01,760,9,False,0.0,True
SME_0351,2024-11-01,756,10,False,0.0,True
SME_0351,2024-12-01,730,14,False,0.0,True
SME_0351,2025-01-01,697,12,False,0.0,True
SME_0351,2025-02-01,685,14,True,76863.93,True
SME_0351,2025-03-01,688,11,True,22204.76,True
SME_0351,2025-04-01,697,13,True,19373.1,True
SME_0351,2025-05-01,710,10,False,0.0,True
SME_0351,2025-06-01,732,10,False,0.0,True
SME_0351,2025-07-01,753,14,True,21804.88,True
SME_0351,2025-08-01,729,16,False,0.0,True
SME_0351,2025-09-01,722,12,False,0.0,True
SME_0351,2025-10-01,741,19,False,0.0,True
SME_0351,2025-11-01,747,18,False,0.0,True
SME_0351,2025-12-01,748,11,False,0.0,True
SME_0351,2026-01-01,744,24,True,20644.29,True
SME_0352,2024-08-01,481,7,False,0.0,True
SME_0352,2024-09-01,476,12,False,0.0,True
SME_0352,2024-10-01,474,5,True,0.0,True
SME_0352,2024-11-01,469,12,False,0.0,True
SME_0352,2024-12-01,467,6,False,0.0,True
SME_0352,2025-01-01,443,6,False,0.0,True
SME_0352,2025-02-01,454,9,False,0.0,True
SME_0352,2025-03-01,477,7,False,0.0,True
SME_0352,2025-04-01,488,6,False,0.0,True
SME_0352,2025-05-01,487,5,False,0.0,True
SME_0352,2025-06-01,485,5,False,0.0,True
SME_0352,2025-07-01,485,0,False,0.0,False
SME_0352,2025-08-01,485,0,False,0.0,False
SME_0352,2025-09-01,485,0,False,0.0,False
SME_0352,2025-10-01,485,0,False,0.0,False
SME_0352,2025-11-01,485,0,False,0.0,False
SME_0352,2025-12-01,485,0,False,0.0,False
SME_0352,2026-01-01,485,0,False,0.0,False
SME_0353,2024-08-01,613,13,False,0.0,True
SME_0353,2024-09-01,613,9,False,0.0,True
SME_0353,2024-10-01,605,6,False,0.0,True
SME_0353,2024-11-01,587,9,False,0.0,True
SME_0353,2024-12-01,591,16,False,0.0,True
SME_0353,2025-01-01,594,12,False,0.0,True
SME_0353,2025-02-01,584,8,True,0.0,True
SME_0353,2025-03-01,583,10,False,0.0,True
SME_0353,2025-04-01,574,10,False,0.0,True
SME_0353,2025-05-01,558,7,False,0.0,True
SME_0353,2025-06-01,563,12,False,0.0,True
SME_0353,2025-07-01,563,0,False,0.0,False
SME_0353,2025-08-01,563,0,False,0.0,False
SME_0353,2025-09-01,563,0,False,0.0,False
SME_0353,2025-10-01,563,0,False,0.0,False
SME_0353,2025-11-01,563,0,False,0.0,False
SME_0353,2025-12-01,563,0,False,0.0,False
SME_0353,2026-01-01,563,0,False,0.0,False
SME_0354,2024-08-01,557,10,False,0.0,True
SME_0354,2024-09-01,549,11,False,0.0,True
SME_0354,2024-10-01,558,8,True,54984.32,True
SME_0354,2024-11-01,573,7,False,0.0,True
SME_0354,2024-12-01,575,7,False,0.0,True
SME_0354,2025-01-01,564,10,False,0.0,True
SME_0354,2025-02-01,592,9,False,0.0,True
SME_0354,2025-03-01,558,8,False,0.0,True
SME_0354,2025-04-01,565,8,False,0.0,True
SME_0354,2025-05-01,572,13,False,0.0,True
SME_0354,2025-06-01,576,7,False,0.0,True
SME_0354,2025-07-01,568,9,False,0.0,True
SME_0354,2025-08-01,566,12,False,0.0,True
SME_0354,2025-09-01,554,12,False,0.0,True
SME_0354,2025-10-01,537,13,True,28354.04,True
SME_0354,2025-11-01,550,14,True,0.0,True
SME_0354,2025-12-01,581,8,True,0.0,True
SME_0354,2026-01-01,578,9,False,0.0,True
SME_0355,2024-08-01,604,6,False,0.0,True
SME_0355,2024-09-01,614,4,False,0.0,True
SME_0355,2024-10-01,621,13,False,0.0,True
SME_0355,2024-11-01,616,13,False,0.0,True
SME_0355,2024-12-01,631,13,False,0.0,True
SME_0355,2025-01-01,633,15,False,0.0,True
SME_0355,2025-02-01,621,8,False,0.0,True
SME_0355,2025-03-01,624,12,False,0.0,True
SME_0355,2025-04-01,599,10,False,0.0,True
SME_0355,2025-05-01,604,6,False,0.0,True
SME_0355,2025-06-01,599,13,False,0.0,True
SME_0355,2025-07-01,608,5,True,0.0,True
SME_0355,2025-08-01,627,13,False,0.0,True
SME_0355,2025-09-01,609,15,False,0.0,True
SME_0355,2025-10-01,588,11,False,0.0,True
SME_0355,2025-11-01,593,13,True,0.0,True
SME_0355,2025-12-01,576,7,False,0.0,True
SME_0355,2026-01-01,597,5,False,0.0,True
SME_0356,2024-08-01,603,10,False,0.0,True
SME_0356,2024-09-01,607,12,False,0.0,True
SME_0356,2024-10-01,585,3,False,0.0,True
SME_0356,2024-11-01,589,19,False,0.0,True
SME_0356,2024-12-01,599,15,True,0.0,True
SME_0356,2025-01-01,619,15,False,0.0,True
SME_0356,2025-02-01,606,9,False,0.0,True
SME_0356,2025-03-01,611,10,False,0.0,True
SME_0356,2025-04-01,610,9,False,0.0,True
SME_0356,2025-05-01,620,12,False,0.0,True
SME_0356,2025-06-01,618,14,False,0.0,True
SME_0356,2025-07-01,611,8,False,0.0,True
SME_0356,2025-08-01,619,4,False,0.0,True
SME_0356,2025-09-01,626,7,False,0.0,True
SME_0356,2025-10-01,642,11,False,0.0,True
SME_0356,2025-11-01,641,14,False,0.0,True
SME_0356,2025-12-01,641,11,False,0.0,True
SME_0356,2026-01-01,635,5,False,0.0,True
SME_0357,2024-08-01,699,14,False,0.0,True
SME_0357,2024-09-01,708,17,False,0.0,True
SME_0357,2024-10-01,707,16,False,0.0,True
SME_0357,2024-11-01,705,18,False,0.0,True
SME_0357,2024-12-01,716,14,False,0.0,True
SME_0357,2025-01-01,710,22,True,0.0,True
SME_0357,2025-02-01,701,12,False,0.0,True
SME_0357,2025-03-01,729,11,False,0.0,True
SME_0357,2025-04-01,742,15,False,0.0,True
SME_0357,2025-05-01,744,17,True,34164.26,True
SME_0357,2025-06-01,744,17,True,9448.59,True
SME_0357,2025-07-01,733,16,True,8982.25,True
SME_0357,2025-08-01,735,11,True,70788.88,True
SME_0357,2025-09-01,731,12,False,0.0,True
SME_0357,2025-10-01,724,23,False,0.0,True
SME_0357,2025-11-01,734,13,True,72970.07,True
SME_0357,2025-12-01,727,17,True,55480.49,True
SME_0357,2026-01-01,719,22,True,74951.15,True
SME_0358,2024-08-01,800,15,False,0.0,True
SME_0358,2024-09-01,810,25,False,0.0,True
SME_0358,2024-10-01,806,22,True,80051.1,True
SME_0358,2024-11-01,797,15,False,0.0,True
SME_0358,2024-12-01,802,11,False,0.0,True
SME_0358,2025-01-01,814,16,False,0.0,True
SME_0358,2025-02-01,823,16,False,0.0,True
SME_0358,2025-03-01,849,21,True,79778.32,True
SME_0358,2025-04-01,828,12,False,0.0,True
SME_0358,2025-05-01,817,10,False,0.0,True
SME_0358,2025-06-01,837,16,True,71122.72,True
SME_0358,2025-07-01,844,13,False,0.0,True
SME_0358,2025-08-01,850,19,False,0.0,True
SME_0358,2025-09-01,840,15,False,0.0,True
SME_0358,2025-10-01,836,15,False,0.0,True
SME_0358,2025-11-01,847,10,False,0.0,True
SME_0358,2025-12-01,812,17,True,63564.64,True
SME_0358,2026-01-01,808,14,True,69455.45,True
SME_0359,2024-08-01,647,13,True,34842.44,True
SME_0359,2024-09-01,642,11,False,0.0,True
SME_0359,2024-10-01,662,15,False,0.0,True
SME_0359,2024-11-01,635,12,False,0.0,True
SME_0359,2024-12-01,625,10,False,0.0,True
SME_0359,2025-01-01,621,14,False,0.0,True
SME_0359,2025-02-01,626,15,False,0.0,True
SME_0359,2025-03-01,652,13,False,0.0,True
SME_0359,2025-04-01,652,3,False,0.0,True
SME_0359,2025-05-01,655,10,False,0.0,True
SME_0359,2025-06-01,652,13,True,9353.13,True
SME_0359,2025-07-01,665,11,True,5695.55,True
SME_0359,2025-08-01,658,9,False,0.0,True
SME_0359,2025-09-01,653,11,True,0.0,True
SME_0359,2025-10-01,649,14,False,0.0,True
SME_0359,2025-11-01,633,9,True,0.0,True
SME_0359,2025-12-01,634,11,False,0.0,True
SME_0359,2026-01-01,615,12,False,0.0,True
SME_0360,2024-08-01,735,15,False,0.0,True
SME_0360,2024-09-01,734,20,False,0.0,True
SME_0360,2024-10-01,745,17,True,28514.72,True
SME_0360,2024-11-01,749,25,False,0.0,True
SME_0360,2024-12-01,727,17,False,0.0,True
SME_0360,2025-01-01,714,11,False,0.0,True
SME_0360,2025-02-01,754,16,False,0.0,True
SME_0360,2025-03-01,778,14,False,0.0,True
SME_0360,2025-04-01,768,24,False,0.0,True
SME_0360,2025-05-01,769,22,False,0.0,True
SME_0360,2025-06-01,768,20,False,0.0,True
SME_0360,2025-07-01,759,13,True,79745.31,True
SME_0360,2025-08-01,762,24,True,63205.5,True
SME_0360,2025-09-01,765,12,False,0.0,True
SME_0360,2025-10-01,767,12,False,0.0,True
SME_0360,2025-11-01,778,15,False,0.0,True
SME_0360,2025-12-01,787,14,False,0.0,True
SME_0360,2026-01-01,789,17,False,0.0,True
SME_0361,2024-08-01,669,14,False,0.0,True
SME_0361,2024-09-01,662,11,True,59988.83,True
SME_0361,2024-10-01,682,11,False,0.0,True
SME_0361,2024-11-01,689,13,False,0.0,True
SME_0361,2024-12-01,681,15,False,0.0,True
SME_0361,2025-01-01,673,17,False,0.0,True
SME_0361,2025-02-01,667,14,False,0.0,True
SME_0361,2025-03-01,651,22,True,46330.97,True
SME_0361,2025-04-01,656,19,False,0.0,True
SME_0361,2025-05-01,661,13,False,0.0,True
SME_0361,2025-06-01,668,15,True,7385.95,True
SME_0361,2025-07-01,667,14,False,0.0,True
SME_0361,2025-08-01,641,15,False,0.0,True
SME_0361,2025-09-01,647,19,False,0.0,True
SME_0361,2025-10-01,652,15,False,0.0,True
SME_0361,2025-11-01,675,13,False,0.0,True
SME_0361,2025-12-01,687,17,False,0.0,True
SME_0361,2026-01-01,679,9,False,0.0,True
SME_0362,2024-08-01,670,17,False,0.0,True
SME_0362,2024-09-01,679,8,False,0.0,True
SME_0362,2024-10-01,699,13,False,0.0,True
SME_0362,2024-11-01,681,15,True,41443.48,True
SME_0362,2024-12-01,669,16,False,0.0,True
SME_0362,2025-01-01,689,15,False,0.0,True
SME_0362,2025-02-01,707,21,False,0.0,True
SME_0362,2025-03-01,700,16,False,0.0,True
SME_0362,2025-04-01,694,16,False,0.0,True
SME_0362,2025-05-01,694,11,False,0.0,True
SME_0362,2025-06-01,693,11,False,0.0,True
SME_0362,2025-07-01,693,15,False,0.0,True
SME_0362,2025-08-01,702,13,False,0.0,True
SME_0362,2025-09-01,710,21,False,0.0,True
SME_0362,2025-10-01,720,16,False,0.0,True
SME_0362,2025-11-01,713,10,False,0.0,True
SME_0362,2025-12-01,732,16,True,65224.18,True
SME_0362,2026-01-01,754,10,False,0.0,True
SME_0363,2024-08-01,537,11,True,0.0,True
SME_0363,2024-09-01,528,11,False,0.0,True
SME_0363,2024-10-01,530,9,False,0.0,True
SME_0363,2024-11-01,529,10,False,0.0,True
SME_0363,2024-12-01,531,5,False,0.0,True
SME_0363,2025-01-01,534,6,True,48730.54,True
SME_0363,2025-02-01,534,5,False,0.0,True
SME_0363,2025-03-01,547,9,False,0.0,True
SME_0363,2025-04-01,561,10,False,0.0,True
SME_0363,2025-05-01,565,4,False,0.0,True
SME_0363,2025-06-01,567,4,False,0.0,True
SME_0363,2025-07-01,583,8,False,0.0,True
SME_0363,2025-08-01,563,9,False,0.0,True
SME_0363,2025-09-01,587,8,False,0.0,True
SME_0363,2025-10-01,568,7,False,0.0,True
SME_0363,2025-11-01,560,7,False,0.0,True
SME_0363,2025-12-01,559,5,False,0.0,True
SME_0363,2026-01-01,549,2,False,0.0,True
SME_0364,2024-08-01,564,6,False,0.0,True
SME_0364,2024-09-01,539,2,False,0.0,True
SME_0364,2024-10-01,556,9,False,0.0,True
SME_0364,2024-11-01,572,5,False,0.0,True
SME_0364,2024-12-01,574,4,False,0.0,True
SME_0364,2025-01-01,568,2,False,0.0,True
SME_0364,2025-02-01,551,4,True,0.0,True
SME_0364,2025-03-01,572,6,False,0.0,True
SME_0364,2025-04-01,553,9,False,0.0,True
SME_0364,2025-05-01,554,15,False,0.0,True
SME_0364,2025-06-01,536,8,False,0.0,True
SME_0364,2025-07-01,557,4,False,0.0,True
SME_0364,2025-08-01,563,7,False,0.0,True
SME_0364,2025-09-01,562,8,True,0.0,True
SME_0364,2025-10-01,562,10,False,0.0,True
SME_0364,2025-11-01,572,3,True,27941.05,True
SME_0364,2025-12-01,558,7,False,0.0,True
SME_0364,2026-01-01,567,4,False,0.0,True
SME_0365,2024-08-01,634,12,False,0.0,True
SME_0365,2024-09-01,653,10,False,0.0,True
SME_0365,2024-10-01,659,14,True,0.0,True
SME_0365,2024-11-01,652,11,False,0.0,True
SME_0365,2024-12-01,649,8,False,0.0,True
SME_0365,2025-01-01,637,14,False,0.0,True
SME_0365,2025-02-01,630,14,False,0.0,True
SME_0365,2025-03-01,645,9,True,24605.03,True
SME_0365,2025-04-01,657,9,False,0.0,True
SME_0365,2025-05-01,649,12,False,0.0,True
SME_0365,2025-06-01,661,12,False,0.0,True
SME_0365,2025-07-01,658,13,True,0.0,True
SME_0365,2025-08-01,666,14,False,0.0,True
SME_0365,2025-09-01,672,11,True,53682.03,True
SME_0365,2025-10-01,644,11,True,57540.4,True
SME_0365,2025-11-01,651,14,False,0.0,True
SME_0365,2025-12-01,653,9,False,0.0,True
SME_0365,2026-01-01,664,15,False,0.0,True
SME_0366,2024-08-01,747,22,False,0.0,True
SME_0366,2024-09-01,757,18,False,0.0,True
SME_0366,2024-10-01,752,16,False,0.0,True
SME_0366,2024-11-01,750,17,False,0.0,True
SME_0366,2024-12-01,756,19,False,0.0,True
SME_0366,2025-01-01,756,21,True,21400.75,True
SME_0366,2025-02-01,752,15,False,0.0,True
SME_0366,2025-03-01,752,17,False,0.0,True
SME_0366,2025-04-01,766,8,False,0.0,True
SME_0366,2025-05-01,775,22,True,75985.1,True
SME_0366,2025-06-01,776,12,False,0.0,True
SME_0366,2025-07-01,768,18,False,0.0,True
SME_0366,2025-08-01,774,19,True,36184.25,True
SME_0366,2025-09-01,799,11,False,0.0,True
SME_0366,2025-10-01,798,23,False,0.0,True
SME_0366,2025-11-01,815,21,False,0.0,True
SME_0366,2025-12-01,791,13,True,22877.14,True
SME_0366,2026-01-01,772,17,False,0.0,True
SME_0367,2024-08-01,692,20,False,0.0,True
SME_0367,2024-09-01,706,22,False,0.0,True
SME_0367,2024-10-01,721,11,False,0.0,True
SME_0367,2024-11-01,749,16,False,0.0,True
SME_0367,2024-12-01,731,14,False,0.0,True
SME_0367,2025-01-01,732,5,False,0.0,True
SME_0367,2025-02-01,735,20,True,52612.27,True
SME_0367,2025-03-01,731,17,False,0.0,True
SME_0367,2025-04-01,711,15,False,0.0,True
SME_0367,2025-05-01,715,10,False,0.0,True
SME_0367,2025-06-01,719,14,False,0.0,True
SME_0367,2025-07-01,684,11,False,0.0,True
SME_0367,2025-08-01,681,15,True,35535.55,True
SME_0367,2025-09-01,683,15,False,0.0,True
SME_0367,2025-10-01,704,10,False,0.0,True
SME_0367,2025-11-01,695,12,False,0.0,True
SME_0367,2025-12-01,702,16,False,0.0,True
SME_0367,2026-01-01,712,11,True,59888.39,True
SME_0368,2024-08-01,575,10,False,0.0,True
SME_0368,2024-09-01,575,9,False,0.0,True
SME_0368,2024-10-01,580,12,False,0.0,True
SME_0368,2024-11-01,602,6,False,0.0,True
SME_0368,2024-12-01,595,11,False,0.0,True
SME_0368,2025-01-01,595,7,False,0.0,True
SME_0368,2025-02-01,607,16,False,0.0,True
SME_0368,2025-03-01,596,10,False,0.0,True
SME_0368,2025-04-01,579,8,False,0.0,True
SME_0368,2025-05-01,600,13,True,0.0,True
SME_0368,2025-06-01,581,8,False,0.0,True
SME_0368,2025-07-01,585,8,False,0.0,True
SME_0368,2025-08-01,584,10,False,0.0,True
SME_0368,2025-09-01,606,15,False,0.0,True
SME_0368,2025-10-01,620,9,False,0.0,True
SME_0368,2025-11-01,595,14,False,0.0,True
SME_0368,2025-12-01,588,6,True,0.0,True
SME_0368,2026-01-01,598,13,True,0.0,True
SME_0369,2024-08-01,682,17,False,0.0,True
SME_0369,2024-09-01,684,19,False,0.0,True
SME_0369,2024-10-01,697,17,False,0.0,True
SME_0369,2024-11-01,701,5,False,0.0,True
SME_0369,2024-12-01,670,17,False,0.0,True
SME_0369,2025-01-01,694,15,False,0.0,True
SME_0369,2025-02-01,689,14,True,0.0,True
SME_0369,2025-03-01,694,16,False,0.0,True
SME_0369,2025-04-01,696,13,False,0.0,True
SME_0369,2025-05-01,676,17,True,62089.34,True
SME_0369,2025-06-01,675,15,True,0.0,True
SME_0369,2025-07-01,680,20,False,0.0,True
SME_0369,2025-08-01,696,12,True,0.0,True
SME_0369,2025-09-01,684,19,True,59641.86,True
SME_0369,2025-10-01,689,8,False,0.0,True
SME_0369,2025-11-01,689,15,True,67419.72,True
SME_0369,2025-12-01,699,10,True,23314.48,True
SME_0369,2026-01-01,702,5,True,30163.06,True
SME_0370,2024-08-01,622,10,False,0.0,True
SME_0370,2024-09-01,621,11,False,0.0,True
SME_0370,2024-10-01,598,10,True,0.0,True
SME_0370,2024-11-01,600,8,False,0.0,True
SME_0370,2024-12-01,591,13,False,0.0,True
SME_0370,2025-01-01,600,11,False,0.0,True
SME_0370,2025-02-01,594,13,False,0.0,True
SME_0370,2025-03-01,607,11,False,0.0,True
SME_0370,2025-04-01,606,13,False,0.0,True
SME_0370,2025-05-01,590,14,False,0.0,True
SME_0370,2025-06-01,602,9,False,0.0,True
SME_0370,2025-07-01,606,9,False,0.0,True
SME_0370,2025-08-01,602,14,False,0.0,True
SME_0370,2025-09-01,600,8,False,0.0,True
SME_0370,2025-10-01,599,8,False,0.0,True
SME_0370,2025-11-01,601,8,True,0.0,True
SME_0370,2025-12-01,610,13,False,0.0,True
SME_0370,2026-01-01,622,13,False,0.0,True
SME_0371,2024-08-01,576,5,False,0.0,True
SME_0371,2024-09-01,580,9,False,0.0,True
SME_0371,2024-10-01,575,8,False,0.0,True
SME_0371,2024-11-01,559,13,True,0.0,True
SME_0371,2024-12-01,553,16,False,0.0,True
SME_0371,2025-01-01,537,12,False,0.0,True
SME_0371,2025-02-01,545,14,True,0.0,True
SME_0371,2025-03-01,538,12,False,0.0,True
SME_0371,2025-04-01,548,9,False,0.0,True
SME_0371,2025-05-01,537,10,False,0.0,True
SME_0371,2025-06-01,534,6,False,0.0,True
SME_0371,2025-07-01,534,0,False,0.0,False
SME_0371,2025-08-01,534,0,False,0.0,False
SME_0371,2025-09-01,534,0,False,0.0,False
SME_0371,2025-10-01,534,0,False,0.0,False
SME_0371,2025-11-01,534,0,False,0.0,False
SME_0371,2025-12-01,534,0,False,0.0,False
SME_0371,2026-01-01,534,0,False,0.0,False
SME_0372,2024-08-01,615,9,False,0.0,True
SME_0372,2024-09-01,590,16,False,0.0,True
SME_0372,2024-10-01,602,13,True,0.0,True
SME_0372,2024-11-01,611,8,False,0.0,True
SME_0372,2024-12-01,625,14,False,0.0,True
SME_0372,2025-01-01,615,8,False,0.0,True
SME_0372,2025-02-01,595,12,True,58367.88,True
SME_0372,2025-03-01,604,9,False,0.0,True
SME_0372,2025-04-01,607,15,True,0.0,True
SME_0372,2025-05-01,618,8,False,0.0,True
SME_0372,2025-06-01,614,7,False,0.0,True
SME_0372,2025-07-01,629,13,False,0.0,True
SME_0372,2025-08-01,622,11,False,0.0,True
SME_0372,2025-09-01,622,12,True,0.0,True
SME_0372,2025-10-01,618,10,True,51846.7,True
SME_0372,2025-11-01,618,11,False,0.0,True
SME_0372,2025-12-01,640,8,False,0.0,True
SME_0372,2026-01-01,657,11,True,50839.43,True
SME_0373,2024-08-01,580,13,False,0.0,True
SME_0373,2024-09-01,556,7,False,0.0,True
SME_0373,2024-10-01,577,10,False,0.0,True
SME_0373,2024-11-01,595,10,False,0.0,True
SME_0373,2024-12-01,595,0,False,0.0,False
SME_0373,2025-01-01,595,0,False,0.0,False
SME_0373,2025-02-01,595,0,False,0.0,False
SME_0373,2025-03-01,595,0,False,0.0,False
SME_0373,2025-04-01,595,0,False,0.0,False
SME_0373,2025-05-01,595,0,False,0.0,False
SME_0373,2025-06-01,595,0,False,0.0,False
SME_0373,2025-07-01,595,0,False,0.0,False
SME_0373,2025-08-01,595,0,False,0.0,False
SME_0373,2025-09-01,595,0,False,0.0,False
SME_0373,2025-10-01,595,0,False,0.0,False
SME_0373,2025-11-01,595,0,False,0.0,False
SME_0373,2025-12-01,595,0,False,0.0,False
SME_0373,2026-01-01,595,0,False,0.0,False
SME_0374,2024-08-01,637,12,False,0.0,True
SME_0374,2024-09-01,627,11,True,0.0,True
SME_0374,2024-10-01,615,15,False,0.0,True
SME_0374,2024-11-01,613,9,False,0.0,True
SME_0374,2024-12-01,614,8,True,0.0,True
SME_0374,2025-01-01,595,14,False,0.0,True
SME_0374,2025-02-01,600,8,False,0.0,True
SME_0374,2025-03-01,619,8,False,0.0,True
SME_0374,2025-04-01,624,4,False,0.0,True
SME_0374,2025-05-01,604,10,False,0.0,True
SME_0374,2025-06-01,603,10,True,0.0,True
SME_0374,2025-07-01,622,8,False,0.0,True
SME_0374,2025-08-01,627,9,False,0.0,True
SME_0374,2025-09-01,629,15,False,0.0,True
SME_0374,2025-10-01,615,12,True,0.0,True
SME_0374,2025-11-01,622,8,True,0.0,True
SME_0374,2025-12-01,616,6,False,0.0,True
SME_0374,2026-01-01,615,6,False,0.0,True
SME_0375,2024-08-01,632,12,False,0.0,True
SME_0375,2024-09-01,631,9,False,0.0,True
SME_0375,2024-10-01,619,11,False,0.0,True
SME_0375,2024-11-01,601,10,False,0.0,True
SME_0375,2024-12-01,606,11,False,0.0,True
SME_0375,2025-01-01,598,11,False,0.0,True
SME_0375,2025-02-01,580,18,False,0.0,True
SME_0375,2025-03-01,572,9,False,0.0,True
SME_0375,2025-04-01,568,11,False,0.0,True
SME_0375,2025-05-01,566,17,True,0.0,True
SME_0375,2025-06-01,566,12,False,0.0,True
SME_0375,2025-07-01,559,8,False,0.0,True
SME_0375,2025-08-01,571,6,False,0.0,True
SME_0375,2025-09-01,577,13,True,18644.96,True
SME_0375,2025-10-01,559,7,False,0.0,True
SME_0375,2025-11-01,576,9,False,0.0,True
SME_0375,2025-12-01,554,16,False,0.0,True
SME_0375,2026-01-01,573,4,False,0.0,True
SME_0376,2024-08-01,578,6,False,0.0,True
SME_0376,2024-09-01,586,9,False,0.0,True
SME_0376,2024-10-01,583,11,False,0.0,True
SME_0376,2024-11-01,560,10,False,0.0,True
SME_0376,2024-12-01,565,8,False,0.0,True
SME_0376,2025-01-01,574,8,False,0.0,True
SME_0376,2025-02-01,597,9,False,0.0,True
SME_0376,2025-03-01,597,0,False,0.0,False
SME_0376,2025-04-01,597,0,False,0.0,False
SME_0376,2025-05-01,597,0,False,0.0,False
SME_0376,2025-06-01,597,0,False,0.0,False
SME_0376,2025-07-01,597,0,False,0.0,False
SME_0376,2025-08-01,597,0,False,0.0,False
SME_0376,2025-09-01,597,0,False,0.0,False
SME_0376,2025-10-01,597,0,False,0.0,False
SME_0376,2025-11-01,597,0,False,0.0,False
SME_0376,2025-12-01,597,0,False,0.0,False
SME_0376,2026-01-01,597,0,False,0.0,False
SME_0377,2024-08-01,706,16,False,0.0,True
SME_0377,2024-09-01,685,11,True,6723.08,True
SME_0377,2024-10-01,711,7,False,0.0,True
SME_0377,2024-11-01,704,10,False,0.0,True
SME_0377,2024-12-01,702,18,False,0.0,True
SME_0377,2025-01-01,685,11,True,0.0,True
SME_0377,2025-02-01,680,20,False,0.0,True
SME_0377,2025-03-01,668,14,True,0.0,True
SME_0377,2025-04-01,685,18,False,0.0,True
SME_0377,2025-05-01,709,9,False,0.0,True
SME_0377,2025-06-01,699,12,False,0.0,True
SME_0377,2025-07-01,690,12,False,0.0,True
SME_0377,2025-08-01,677,9,False,0.0,True
SME_0377,2025-09-01,674,9,True,43952.42,True
SME_0377,2025-10-01,671,13,False,0.0,True
SME_0377,2025-11-01,674,17,False,0.0,True
SME_0377,2025-12-01,686,17,False,0.0,True
SME_0377,2026-01-01,698,14,False,0.0,True
SME_0378,2024-08-01,481,2,False,0.0,True
SME_0378,2024-09-01,501,5,False,0.0,True
SME_0378,2024-10-01,502,2,False,0.0,True
SME_0378,2024-11-01,491,5,False,0.0,True
SME_0378,2024-12-01,502,4,False,0.0,True
SME_0378,2025-01-01,527,6,False,0.0,True
SME_0378,2025-02-01,497,6,False,0.0,True
SME_0378,2025-03-01,491,3,False,0.0,True
SME_0378,2025-04-01,493,5,False,0.0,True
SME_0378,2025-05-01,504,4,False,0.0,True
SME_0378,2025-06-01,519,6,False,0.0,True
SME_0378,2025-07-01,532,3,True,34696.73,True
SME_0378,2025-08-01,540,8,False,0.0,True
SME_0378,2025-09-01,517,6,False,0.0,True
SME_0378,2025-10-01,519,6,False,0.0,True
SME_0378,2025-11-01,503,7,False,0.0,True
SME_0378,2025-12-01,521,4,False,0.0,True
SME_0378,2026-01-01,534,0,False,0.0,True
SME_0379,2024-08-01,686,8,False,0.0,True
SME_0379,2024-09-01,677,10,False,0.0,True
SME_0379,2024-10-01,646,10,True,0.0,True
SME_0379,2024-11-01,674,13,False,0.0,True
SME_0379,2024-12-01,664,9,False,0.0,True
SME_0379,2025-01-01,645,13,False,0.0,True
SME_0379,2025-02-01,641,20,False,0.0,True
SME_0379,2025-03-01,639,12,False,0.0,True
SME_0379,2025-04-01,629,12,False,0.0,True
SME_0379,2025-05-01,643,9,True,0.0,True
SME_0379,2025-06-01,631,13,False,0.0,True
SME_0379,2025-07-01,615,14,False,0.0,True
SME_0379,2025-08-01,615,0,False,0.0,False
SME_0379,2025-09-01,615,0,False,0.0,False
SME_0379,2025-10-01,615,0,False,0.0,False
SME_0379,2025-11-01,615,0,False,0.0,False
SME_0379,2025-12-01,615,0,False,0.0,False
SME_0379,2026-01-01,615,0,False,0.0,False
SME_0380,2024-08-01,562,8,False,0.0,True
SME_0380,2024-09-01,565,6,False,0.0,True
SME_0380,2024-10-01,576,10,False,0.0,True
SME_0380,2024-11-01,579,10,False,0.0,True
SME_0380,2024-12-01,557,8,False,0.0,True
SME_0380,2025-01-01,546,6,False,0.0,True
SME_0380,2025-02-01,560,8,False,0.0,True
SME_0380,2025-03-01,551,9,False,0.0,True
SME_0380,2025-04-01,554,9,False,0.0,True
SME_0380,2025-05-01,555,6,False,0.0,True
SME_0380,2025-06-01,563,7,False,0.0,True
SME_0380,2025-07-01,571,3,False,0.0,True
SME_0380,2025-08-01,553,8,False,0.0,True
SME_0380,2025-09-01,552,9,False,0.0,True
SME_0380,2025-10-01,565,10,False,0.0,True
SME_0380,2025-11-01,583,10,True,34128.38,True
SME_0380,2025-12-01,572,16,False,0.0,True
SME_0380,2026-01-01,572,11,True,0.0,True
SME_0381,2024-08-01,550,4,False,0.0,True
SME_0381,2024-09-01,549,8,False,0.0,True
SME_0381,2024-10-01,574,7,False,0.0,True
SME_0381,2024-11-01,580,8,False,0.0,True
SME_0381,2024-12-01,593,9,False,0.0,True
SME_0381,2025-01-01,590,5,False,0.0,True
SME_0381,2025-02-01,593,9,False,0.0,True
SME_0381,2025-03-01,587,4,False,0.0,True
SME_0381,2025-04-01,584,3,False,0.0,True
SME_0381,2025-05-01,567,3,False,0.0,True
SME_0381,2025-06-01,565,9,False,0.0,True
SME_0381,2025-07-01,560,8,False,0.0,True
SME_0381,2025-08-01,554,6,False,0.0,True
SME_0381,2025-09-01,553,7,True,0.0,True
SME_0381,2025-10-01,551,12,False,0.0,True
SME_0381,2025-11-01,571,7,False,0.0,True
SME_0381,2025-12-01,574,9,False,0.0,True
SME_0381,2026-01-01,547,9,False,0.0,True
SME_0382,2024-08-01,604,12,False,0.0,True
SME_0382,2024-09-01,603,13,False,0.0,True
SME_0382,2024-10-01,615,13,True,0.0,True
SME_0382,2024-11-01,594,8,False,0.0,True
SME_0382,2024-12-01,592,14,False,0.0,True
SME_0382,2025-01-01,588,12,True,37042.07,True
SME_0382,2025-02-01,586,13,False,0.0,True
SME_0382,2025-03-01,602,16,False,0.0,True
SME_0382,2025-04-01,615,15,False,0.0,True
SME_0382,2025-05-01,594,7,False,0.0,True
SME_0382,2025-06-01,597,11,False,0.0,True
SME_0382,2025-07-01,610,13,False,0.0,True
SME_0382,2025-08-01,620,10,False,0.0,True
SME_0382,2025-09-01,623,11,False,0.0,True
SME_0382,2025-10-01,612,10,False,0.0,True
SME_0382,2025-11-01,614,13,False,0.0,True
SME_0382,2025-12-01,626,13,False,0.0,True
SME_0382,2026-01-01,632,9,True,0.0,True
SME_0383,2024-08-01,710,10,False,0.0,True
SME_0383,2024-09-01,705,11,False,0.0,True
SME_0383,2024-10-01,692,12,False,0.0,True
SME_0383,2024-11-01,700,16,False,0.0,True
SME_0383,2024-12-01,697,9,False,0.0,True
SME_0383,2025-01-01,692,9,False,0.0,True
SME_0383,2025-02-01,672,16,True,0.0,True
SME_0383,2025-03-01,651,5,False,0.0,True
SME_0383,2025-04-01,636,10,False,0.0,True
SME_0383,2025-05-01,636,18,False,0.0,True
SME_0383,2025-06-01,629,9,False,0.0,True
SME_0383,2025-07-01,622,11,False,0.0,True
SME_0383,2025-08-01,637,9,False,0.0,True
SME_0383,2025-09-01,625,17,False,0.0,True
SME_0383,2025-10-01,631,12,True,0.0,True
SME_0383,2025-11-01,630,16,False,0.0,True
SME_0383,2025-12-01,636,5,False,0.0,True
SME_0383,2026-01-01,621,10,False,0.0,True
SME_0384,2024-08-01,578,9,True,35081.58,True
SME_0384,2024-09-01,571,5,False,0.0,True
SME_0384,2024-10-01,534,10,False,0.0,True
SME_0384,2024-11-01,516,7,False,0.0,True
SME_0384,2024-12-01,522,9,False,0.0,True
SME_0384,2025-01-01,544,8,False,0.0,True
SME_0384,2025-02-01,529,7,False,0.0,True
SME_0384,2025-03-01,522,12,False,0.0,True
SME_0384,2025-04-01,527,6,True,0.0,True
SME_0384,2025-05-01,531,7,False,0.0,True
SME_0384,2025-06-01,517,5,False,0.0,True
SME_0384,2025-07-01,518,4,False,0.0,True
SME_0384,2025-08-01,521,5,False,0.0,True
SME_0384,2025-09-01,530,5,False,0.0,True
SME_0384,2025-10-01,542,4,False,0.0,True
SME_0384,2025-11-01,536,3,False,0.0,True
SME_0384,2025-12-01,541,9,False,0.0,True
SME_0384,2026-01-01,549,1,False,0.0,True
SME_0385,2024-08-01,673,12,False,0.0,True
SME_0385,2024-09-01,669,13,False,0.0,True
SME_0385,2024-10-01,657,6,False,0.0,True
SME_0385,2024-11-01,663,12,False,0.0,True
SME_0385,2024-12-01,662,7,False,0.0,True
SME_0385,2025-01-01,685,13,False,0.0,True
SME_0385,2025-02-01,695,23,True,0.0,True
SME_0385,2025-03-01,684,17,False,0.0,True
SME_0385,2025-04-01,661,9,False,0.0,True
SME_0385,2025-05-01,664,14,True,0.0,True
SME_0385,2025-06-01,661,11,False,0.0,True
SME_0385,2025-07-01,678,18,True,47028.72,True
SME_0385,2025-08-01,677,14,False,0.0,True
SME_0385,2025-09-01,661,16,True,43763.26,True
SME_0385,2025-10-01,663,23,False,0.0,True
SME_0385,2025-11-01,661,14,False,0.0,True
SME_0385,2025-12-01,661,17,False,0.0,True
SME_0385,2026-01-01,652,12,False,0.0,True
SME_0386,2024-08-01,575,12,False,0.0,True
SME_0386,2024-09-01,568,13,False,0.0,True
SME_0386,2024-10-01,566,11,False,0.0,True
SME_0386,2024-11-01,577,14,True,26539.61,True
SME_0386,2024-12-01,594,10,False,0.0,True
SME_0386,2025-01-01,588,6,False,0.0,True
SME_0386,2025-02-01,584,8,False,0.0,True
SME_0386,2025-03-01,576,7,False,0.0,True
SME_0386,2025-04-01,585,11,False,0.0,True
SME_0386,2025-05-01,584,19,False,0.0,True
SME_0386,2025-06-01,607,12,False,0.0,True
SME_0386,2025-07-01,590,7,True,9719.04,True
SME_0386,2025-08-01,595,7,False,0.0,True
SME_0386,2025-09-01,588,12,False,0.0,True
SME_0386,2025-10-01,598,9,True,43170.47,True
SME_0386,2025-11-01,578,11,True,0.0,True
SME_0386,2025-12-01,578,0,False,0.0,False
SME_0386,2026-01-01,578,0,False,0.0,False
SME_0387,2024-08-01,616,9,False,0.0,True
SME_0387,2024-09-01,623,17,False,0.0,True
SME_0387,2024-10-01,605,14,True,0.0,True
SME_0387,2024-11-01,596,10,False,0.0,True
SME_0387,2024-12-01,601,9,False,0.0,True
SME_0387,2025-01-01,581,13,True,0.0,True
SME_0387,2025-02-01,585,13,False,0.0,True
SME_0387,2025-03-01,586,11,False,0.0,True
SME_0387,2025-04-01,579,9,False,0.0,True
SME_0387,2025-05-01,589,8,False,0.0,True
SME_0387,2025-06-01,586,12,False,0.0,True
SME_0387,2025-07-01,596,6,False,0.0,True
SME_0387,2025-08-01,590,9,False,0.0,True
SME_0387,2025-09-01,588,8,False,0.0,True
SME_0387,2025-10-01,579,8,False,0.0,True
SME_0387,2025-11-01,572,9,False,0.0,True
SME_0387,2025-12-01,569,7,True,0.0,True
SME_0387,2026-01-01,585,9,False,0.0,True
SME_0388,2024-08-01,646,13,True,19463.19,True
SME_0388,2024-09-01,638,11,False,0.0,True
SME_0388,2024-10-01,638,16,False,0.0,True
SME_0388,2024-11-01,613,8,False,0.0,True
SME_0388,2024-12-01,610,12,False,0.0,True
SME_0388,2025-01-01,592,13,False,0.0,True
SME_0388,2025-02-01,617,11,False,0.0,True
SME_0388,2025-03-01,609,7,False,0.0,True
SME_0388,2025-04-01,601,12,False,0.0,True
SME_0388,2025-05-01,611,10,False,0.0,True
SME_0388,2025-06-01,612,11,False,0.0,True
SME_0388,2025-07-01,619,7,False,0.0,True
SME_0388,2025-08-01,647,14,True,0.0,True
SME_0388,2025-09-01,664,16,False,0.0,True
SME_0388,2025-10-01,641,11,False,0.0,True
SME_0388,2025-11-01,614,10,False,0.0,True
SME_0388,2025-12-01,648,10,False,0.0,True
SME_0388,2026-01-01,663,4,False,0.0,True
SME_0389,2024-08-01,580,10,False,0.0,True
SME_0389,2024-09-01,573,6,False,0.0,True
SME_0389,2024-10-01,554,12,False,0.0,True
SME_0389,2024-11-01,542,10,False,0.0,True
SME_0389,2024-12-01,549,9,True,0.0,True
SME_0389,2025-01-01,548,10,True,0.0,True
SME_0389,2025-02-01,561,11,False,0.0,True
SME_0389,2025-03-01,562,9,False,0.0,True
SME_0389,2025-04-01,558,13,False,0.0,True
SME_0389,2025-05-01,574,12,True,52406.35,True
SME_0389,2025-06-01,572,9,False,0.0,True
SME_0389,2025-07-01,561,3,False,0.0,True
SME_0389,2025-08-01,568,12,True,0.0,True
SME_0389,2025-09-01,569,10,False,0.0,True
SME_0389,2025-10-01,559,11,False,0.0,True
SME_0389,2025-11-01,574,12,False,0.0,True
SME_0389,2025-12-01,579,13,False,0.0,True
SME_0389,2026-01-01,570,14,False,0.0,True
SME_0390,2024-08-01,660,8,False,0.0,True
SME_0390,2024-09-01,667,9,False,0.0,True
SME_0390,2024-10-01,662,13,False,0.0,True
SME_0390,2024-11-01,659,14,False,0.0,True
SME_0390,2024-12-01,667,13,True,0.0,True
SME_0390,2025-01-01,666,10,False,0.0,True
SME_0390,2025-02-01,664,8,False,0.0,True
SME_0390,2025-03-01,671,11,False,0.0,True
SME_0390,2025-04-01,668,8,False,0.0,True
SME_0390,2025-05-01,648,9,False,0.0,True
SME_0390,2025-06-01,650,16,False,0.0,True
SME_0390,2025-07-01,643,12,False,0.0,True
SME_0390,2025-08-01,639,12,False,0.0,True
SME_0390,2025-09-01,647,10,False,0.0,True
SME_0390,2025-10-01,649,12,True,36249.66,True
SME_0390,2025-11-01,644,11,False,0.0,True
SME_0390,2025-12-01,631,10,False,0.0,True
SME_0390,2026-01-01,635,17,False,0.0,True
SME_0391,2024-08-01,570,10,False,0.0,True
SME_0391,2024-09-01,554,5,False,0.0,True
SME_0391,2024-10-01,582,10,False,0.0,True
SME_0391,2024-11-01,565,8,False,0.0,True
SME_0391,2024-12-01,563,9,True,0.0,True
SME_0391,2025-01-01,545,11,False,0.0,True
SME_0391,2025-02-01,542,5,False,0.0,True
SME_0391,2025-03-01,539,7,False,0.0,True
SME_0391,2025-04-01,543,2,False,0.0,True
SME_0391,2025-05-01,546,5,True,0.0,True
SME_0391,2025-06-01,530,6,False,0.0,True
SME_0391,2025-07-01,532,8,False,0.0,True
SME_0391,2025-08-01,497,6,False,0.0,True
SME_0391,2025-09-01,508,3,False,0.0,True
SME_0391,2025-10-01,524,6,False,0.0,True
SME_0391,2025-11-01,520,6,False,0.0,True
SME_0391,2025-12-01,515,10,True,0.0,True
SME_0391,2026-01-01,539,7,False,0.0,True
SME_0392,2024-08-01,608,8,False,0.0,True
SME_0392,2024-09-01,602,9,False,0.0,True
SME_0392,2024-10-01,591,13,False,0.0,True
SME_0392,2024-11-01,582,11,False,0.0,True
SME_0392,2024-12-01,564,8,False,0.0,True
SME_0392,2025-01-01,570,9,False,0.0,True
SME_0392,2025-02-01,586,9,False,0.0,True
SME_0392,2025-03-01,569,8,False,0.0,True
SME_0392,2025-04-01,571,13,False,0.0,True
SME_0392,2025-05-01,555,14,False,0.0,True
SME_0392,2025-06-01,597,15,True,0.0,True
SME_0392,2025-07-01,610,11,False,0.0,True
SME_0392,2025-08-01,592,9,False,0.0,True
SME_0392,2025-09-01,583,9,False,0.0,True
SME_0392,2025-10-01,592,9,False,0.0,True
SME_0392,2025-11-01,583,6,True,19850.7,True
SME_0392,2025-12-01,598,17,False,0.0,True
SME_0392,2026-01-01,602,13,False,0.0,True
SME_0393,2024-08-01,592,13,False,0.0,True
SME_0393,2024-09-01,591,10,False,0.0,True
SME_0393,2024-10-01,600,11,True,0.0,True
SME_0393,2024-11-01,597,11,True,52538.02,True
SME_0393,2024-12-01,601,12,False,0.0,True
SME_0393,2025-01-01,595,12,True,0.0,True
SME_0393,2025-02-01,606,8,True,0.0,True
SME_0393,2025-03-01,587,15,False,0.0,True
SME_0393,2025-04-01,587,12,False,0.0,True
SME_0393,2025-05-01,593,14,False,0.0,True
SME_0393,2025-06-01,624,9,False,0.0,True
SME_0393,2025-07-01,606,11,False,0.0,True
SME_0393,2025-08-01,617,8,False,0.0,True
SME_0393,2025-09-01,619,18,True,0.0,True
SME_0393,2025-10-01,602,10,True,31492.81,True
SME_0393,2025-11-01,624,11,False,0.0,True
SME_0393,2025-12-01,614,13,False,0.0,True
SME_0393,2026-01-01,630,10,False,0.0,True
SME_0394,2024-08-01,511,6,False,0.0,True
SME_0394,2024-09-01,476,9,False,0.0,True
SME_0394,2024-10-01,474,3,False,0.0,True
SME_0394,2024-11-01,462,9,False,0.0,True
SME_0394,2024-12-01,476,8,False,0.0,True
SME_0394,2025-01-01,497,5,False,0.0,True
SME_0394,2025-02-01,512,4,False,0.0,True
SME_0394,2025-03-01,500,9,False,0.0,True
SME_0394,2025-04-01,491,4,False,0.0,True
SME_0394,2025-05-01,516,8,False,0.0,True
SME_0394,2025-06-01,518,5,True,0.0,True
SME_0394,2025-07-01,522,6,False,0.0,True
SME_0394,2025-08-01,541,6,False,0.0,True
SME_0394,2025-09-01,533,4,False,0.0,True
SME_0394,2025-10-01,538,12,False,0.0,True
SME_0394,2025-11-01,546,7,False,0.0,True
SME_0394,2025-12-01,542,1,False,0.0,True
SME_0394,2026-01-01,527,7,False,0.0,True
SME_0395,2024-08-01,422,2,False,0.0,True
SME_0395,2024-09-01,428,1,False,0.0,True
SME_0395,2024-10-01,429,3,False,0.0,True
SME_0395,2024-11-01,437,2,False,0.0,True
SME_0395,2024-12-01,424,2,False,0.0,True
SME_0395,2025-01-01,414,5,True,0.0,True
SME_0395,2025-02-01,405,2,True,0.0,True
SME_0395,2025-03-01,400,5,True,0.0,True
SME_0395,2025-04-01,424,5,True,0.0,True
SME_0395,2025-05-01,416,3,False,0.0,True
SME_0395,2025-06-01,405,1,False,0.0,True
SME_0395,2025-07-01,410,1,False,0.0,True
SME_0395,2025-08-01,424,2,False,0.0,True
SME_0395,2025-09-01,424,0,False,0.0,False
SME_0395,2025-10-01,424,0,False,0.0,False
SME_0395,2025-11-01,424,0,False,0.0,False
SME_0395,2025-12-01,424,0,False,0.0,False
SME_0395,2026-01-01,424,0,False,0.0,False
SME_0396,2024-08-01,659,12,False,0.0,True
SME_0396,2024-09-01,648,11,False,0.0,True
SME_0396,2024-10-01,638,10,False,0.0,True
SME_0396,2024-11-01,643,12,False,0.0,True
SME_0396,2024-12-01,633,17,False,0.0,True
SME_0396,2025-01-01,623,13,False,0.0,True
SME_0396,2025-02-01,605,6,False,0.0,True
SME_0396,2025-03-01,610,15,False,0.0,True
SME_0396,2025-04-01,585,15,False,0.0,True
SME_0396,2025-05-01,585,0,False,0.0,False
SME_0396,2025-06-01,585,0,False,0.0,False
SME_0396,2025-07-01,585,0,False,0.0,False
SME_0396,2025-08-01,585,0,False,0.0,False
SME_0396,2025-09-01,585,0,False,0.0,False
SME_0396,2025-10-01,585,0,False,0.0,False
SME_0396,2025-11-01,585,0,False,0.0,False
SME_0396,2025-12-01,585,0,False,0.0,False
SME_0396,2026-01-01,585,0,False,0.0,False
SME_0397,2024-08-01,635,15,True,47124.71,True
SME_0397,2024-09-01,649,8,False,0.0,True
SME_0397,2024-10-01,621,10,False,0.0,True
SME_0397,2024-11-01,629,9,False,0.0,True
SME_0397,2024-12-01,642,13,True,0.0,True
SME_0397,2025-01-01,621,12,True,0.0,True
SME_0397,2025-02-01,598,7,False,0.0,True
SME_0397,2025-03-01,617,16,False,0.0,True
SME_0397,2025-04-01,624,4,False,0.0,True
SME_0397,2025-05-01,624,17,False,0.0,True
SME_0397,2025-06-01,615,13,False,0.0,True
SME_0397,2025-07-01,614,7,False,0.0,True
SME_0397,2025-08-01,624,4,False,0.0,True
SME_0397,2025-09-01,608,10,False,0.0,True
SME_0397,2025-10-01,606,15,False,0.0,True
SME_0397,2025-11-01,607,12,False,0.0,True
SME_0397,2025-12-01,633,8,False,0.0,True
SME_0397,2026-01-01,627,4,True,13140.51,True
SME_0398,2024-08-01,600,7,False,0.0,True
SME_0398,2024-09-01,591,8,False,0.0,True
SME_0398,2024-10-01,584,12,False,0.0,True
SME_0398,2024-11-01,589,11,False,0.0,True
SME_0398,2024-12-01,599,14,False,0.0,True
SME_0398,2025-01-01,596,10,True,54676.01,True
SME_0398,2025-02-01,617,6,False,0.0,True
SME_0398,2025-03-01,646,12,False,0.0,True
SME_0398,2025-04-01,633,16,False,0.0,True
SME_0398,2025-05-01,634,7,False,0.0,True
SME_0398,2025-06-01,615,5,False,0.0,True
SME_0398,2025-07-01,614,9,False,0.0,True
SME_0398,2025-08-01,603,9,False,0.0,True
SME_0398,2025-09-01,604,10,False,0.0,True
SME_0398,2025-10-01,591,20,True,0.0,True
SME_0398,2025-11-01,601,10,False,0.0,True
SME_0398,2025-12-01,603,11,True,0.0,True
SME_0398,2026-01-01,611,12,False,0.0,True
SME_0399,2024-08-01,591,11,False,0.0,True
SME_0399,2024-09-01,583,8,False,0.0,True
SME_0399,2024-10-01,594,8,False,0.0,True
SME_0399,2024-11-01,585,10,False,0.0,True
SME_0399,2024-12-01,572,8,False,0.0,True
SME_0399,2025-01-01,593,8,True,0.0,True
SME_0399,2025-02-01,595,14,False,0.0,True
SME_0399,2025-03-01,588,6,False,0.0,True
SME_0399,2025-04-01,576,13,False,0.0,True
SME_0399,2025-05-01,597,12,True,50270.83,True
SME_0399,2025-06-01,602,8,False,0.0,True
SME_0399,2025-07-01,598,14,False,0.0,True
SME_0399,2025-08-01,616,11,False,0.0,True
SME_0399,2025-09-01,623,5,False,0.0,True
SME_0399,2025-10-01,635,15,False,0.0,True
SME_0399,2025-11-01,634,10,False,0.0,True
SME_0399,2025-12-01,644,7,False,0.0,True
SME_0399,2026-01-01,619,11,False,0.0,True
SME_0400,2024-08-01,624,7,False,0.0,True
SME_0400,2024-09-01,611,9,False,0.0,True
SME_0400,2024-10-01,633,14,False,0.0,True
SME_0400,2024-11-01,615,16,False,0.0,True
SME_0400,2024-12-01,594,17,True,0.0,True
SME_0400,2025-01-01,572,13,True,18243.74,True
SME_0400,2025-02-01,572,0,False,0.0,False
SME_0400,2025-03-01,572,0,False,0.0,False
SME_0400,2025-04-01,572,0,False,0.0,False
SME_0400,2025-05-01,572,0,False,0.0,False
SME_0400,2025-06-01,572,0,False,0.0,False
SME_0400,2025-07-01,572,0,False,0.0,False
SME_0400,2025-08-01,572,0,False,0.0,False
SME_0400,2025-09-01,572,0,False,0.0,False
SME_0400,2025-10-01,572,0,False,0.0,False
SME_0400,2025-11-01,572,0,False,0.0,False
SME_0400,2025-12-01,572,0,False,0.0,False
SME_0400,2026-01-01,572,0,False,0.0,False
SME_0401,2024-08-01,662,10,False,0.0,True
SME_0401,2024-09-01,668,13,True,58279.51,True
SME_0401,2024-10-01,686,6,False,0.0,True
SME_0401,2024-11-01,677,10,False,0.0,True
SME_0401,2024-12-01,673,12,False,0.0,True
SME_0401,2025-01-01,692,11,True,0.0,True
SME_0401,2025-02-01,684,17,False,0.0,True
SME_0401,2025-03-01,692,16,False,0.0,True
SME_0401,2025-04-01,716,14,False,0.0,True
SME_0401,2025-05-01,701,17,False,0.0,True
SME_0401,2025-06-01,706,14,True,34228.55,True
SME_0401,2025-07-01,714,14,False,0.0,True
SME_0401,2025-08-01,721,14,False,0.0,True
SME_0401,2025-09-01,722,19,False,0.0,True
SME_0401,2025-10-01,731,15,False,0.0,True
SME_0401,2025-11-01,717,14,False,0.0,True
SME_0401,2025-12-01,714,16,False,0.0,True
SME_0401,2026-01-01,711,8,False,0.0,True
SME_0402,2024-08-01,584,8,True,26224.36,True
SME_0402,2024-09-01,597,12,False,0.0,True
SME_0402,2024-10-01,607,9,False,0.0,True
SME_0402,2024-11-01,595,10,False,0.0,True
SME_0402,2024-12-01,615,14,False,0.0,True
SME_0402,2025-01-01,620,8,False,0.0,True
SME_0402,2025-02-01,594,9,False,0.0,True
SME_0402,2025-03-01,597,11,False,0.0,True
SME_0402,2025-04-01,607,9,False,0.0,True
SME_0402,2025-05-01,596,9,True,31142.14,True
SME_0402,2025-06-01,606,3,False,0.0,True
SME_0402,2025-07-01,606,14,False,0.0,True
SME_0402,2025-08-01,606,9,False,0.0,True
SME_0402,2025-09-01,602,14,False,0.0,True
SME_0402,2025-10-01,588,16,False,0.0,True
SME_0402,2025-11-01,572,11,False,0.0,True
SME_0402,2025-12-01,571,7,True,0.0,True
SME_0402,2026-01-01,571,9,False,0.0,True
SME_0403,2024-08-01,503,3,False,0.0,True
SME_0403,2024-09-01,505,7,False,0.0,True
SME_0403,2024-10-01,514,8,False,0.0,True
SME_0403,2024-11-01,499,8,False,0.0,True
SME_0403,2024-12-01,485,5,False,0.0,True
SME_0403,2025-01-01,520,4,False,0.0,True
SME_0403,2025-02-01,509,5,False,0.0,True
SME_0403,2025-03-01,507,4,False,0.0,True
SME_0403,2025-04-01,502,7,False,0.0,True
SME_0403,2025-05-01,515,3,False,0.0,True
SME_0403,2025-06-01,494,7,False,0.0,True
SME_0403,2025-07-01,490,1,False,0.0,True
SME_0403,2025-08-01,505,6,False,0.0,True
SME_0403,2025-09-01,506,7,False,0.0,True
SME_0403,2025-10-01,507,6,False,0.0,True
SME_0403,2025-11-01,511,3,False,0.0,True
SME_0403,2025-12-01,512,7,False,0.0,True
SME_0403,2026-01-01,512,6,False,0.0,True
SME_0404,2024-08-01,478,12,True,0.0,True
SME_0404,2024-09-01,468,4,False,0.0,True
SME_0404,2024-10-01,464,6,False,0.0,True
SME_0404,2024-11-01,462,8,False,0.0,True
SME_0404,2024-12-01,470,7,True,0.0,True
SME_0404,2025-01-01,475,6,False,0.0,True
SME_0404,2025-02-01,471,6,False,0.0,True
SME_0404,2025-03-01,476,6,False,0.0,True
SME_0404,2025-04-01,481,2,False,0.0,True
SME_0404,2025-05-01,501,8,False,0.0,True
SME_0404,2025-06-01,488,4,False,0.0,True
SME_0404,2025-07-01,497,5,False,0.0,True
SME_0404,2025-08-01,500,6,False,0.0,True
SME_0404,2025-09-01,507,4,False,0.0,True
SME_0404,2025-10-01,519,6,False,0.0,True
SME_0404,2025-11-01,514,7,False,0.0,True
SME_0404,2025-12-01,510,4,False,0.0,True
SME_0404,2026-01-01,514,5,False,0.0,True
SME_0405,2024-08-01,662,14,False,0.0,True
SME_0405,2024-09-01,641,16,False,0.0,True
SME_0405,2024-10-01,644,8,False,0.0,True
SME_0405,2024-11-01,659,16,False,0.0,True
SME_0405,2024-12-01,662,10,False,0.0,True
SME_0405,2025-01-01,671,10,False,0.0,True
SME_0405,2025-02-01,668,10,False,0.0,True
SME_0405,2025-03-01,677,10,False,0.0,True
SME_0405,2025-04-01,692,11,True,0.0,True
SME_0405,2025-05-01,707,14,False,0.0,True
SME_0405,2025-06-01,697,12,False,0.0,True
SME_0405,2025-07-01,697,13,False,0.0,True
SME_0405,2025-08-01,688,11,False,0.0,True
SME_0405,2025-09-01,681,18,False,0.0,True
SME_0405,2025-10-01,684,12,True,39275.93,True
SME_0405,2025-11-01,684,11,False,0.0,True
SME_0405,2025-12-01,694,16,False,0.0,True
SME_0405,2026-01-01,675,9,True,24091.57,True
SME_0406,2024-08-01,702,12,False,0.0,True
SME_0406,2024-09-01,700,13,False,0.0,True
SME_0406,2024-10-01,706,13,True,50497.52,True
SME_0406,2024-11-01,706,17,False,0.0,True
SME_0406,2024-12-01,693,5,True,0.0,True
SME_0406,2025-01-01,716,14,False,0.0,True
SME_0406,2025-02-01,738,10,True,18097.06,True
SME_0406,2025-03-01,737,21,False,0.0,True
SME_0406,2025-04-01,749,14,False,0.0,True
SME_0406,2025-05-01,755,12,False,0.0,True
SME_0406,2025-06-01,743,18,False,0.0,True
SME_0406,2025-07-01,740,11,True,32309.65,True
SME_0406,2025-08-01,742,16,False,0.0,True
SME_0406,2025-09-01,747,13,True,73909.63,True
SME_0406,2025-10-01,730,14,False,0.0,True
SME_0406,2025-11-01,717,14,False,0.0,True
SME_0406,2025-12-01,714,17,False,0.0,True
SME_0406,2026-01-01,714,21,True,18674.74,True
SME_0407,2024-08-01,584,5,False,0.0,True
SME_0407,2024-09-01,585,5,False,0.0,True
SME_0407,2024-10-01,588,10,False,0.0,True
SME_0407,2024-11-01,582,9,False,0.0,True
SME_0407,2024-12-01,573,7,False,0.0,True
SME_0407,2025-01-01,583,3,False,0.0,True
SME_0407,2025-02-01,571,9,False,0.0,True
SME_0407,2025-03-01,570,15,False,0.0,True
SME_0407,2025-04-01,583,7,False,0.0,True
SME_0407,2025-05-01,575,7,False,0.0,True
SME_0407,2025-06-01,588,11,False,0.0,True
SME_0407,2025-07-01,587,4,False,0.0,True
SME_0407,2025-08-01,617,8,False,0.0,True
SME_0407,2025-09-01,596,9,False,0.0,True
SME_0407,2025-10-01,592,3,False,0.0,True
SME_0407,2025-11-01,572,6,False,0.0,True
SME_0407,2025-12-01,579,1,False,0.0,True
SME_0407,2026-01-01,583,5,False,0.0,True
SME_0408,2024-08-01,455,3,False,0.0,True
SME_0408,2024-09-01,447,3,False,0.0,True
SME_0408,2024-10-01,420,7,False,0.0,True
SME_0408,2024-11-01,434,7,False,0.0,True
SME_0408,2024-12-01,435,1,False,0.0,True
SME_0408,2025-01-01,434,4,False,0.0,True
SME_0408,2025-02-01,453,2,False,0.0,True
SME_0408,2025-03-01,446,4,False,0.0,True
SME_0408,2025-04-01,466,6,False,0.0,True
SME_0408,2025-05-01,475,9,False,0.0,True
SME_0408,2025-06-01,479,2,False,0.0,True
SME_0408,2025-07-01,468,6,False,0.0,True
SME_0408,2025-08-01,460,3,False,0.0,True
SME_0408,2025-09-01,455,2,False,0.0,True
SME_0408,2025-10-01,451,2,False,0.0,True
SME_0408,2025-11-01,445,3,False,0.0,True
SME_0408,2025-12-01,427,3,False,0.0,True
SME_0408,2026-01-01,440,1,False,0.0,True
SME_0409,2024-08-01,475,2,False,0.0,True
SME_0409,2024-09-01,451,4,False,0.0,True
SME_0409,2024-10-01,452,0,False,0.0,True
SME_0409,2024-11-01,453,2,True,0.0,True
SME_0409,2024-12-01,444,3,False,0.0,True
SME_0409,2025-01-01,429,4,False,0.0,True
SME_0409,2025-02-01,439,6,False,0.0,True
SME_0409,2025-03-01,453,8,False,0.0,True
SME_0409,2025-04-01,475,5,False,0.0,True
SME_0409,2025-05-01,478,4,False,0.0,True
SME_0409,2025-06-01,484,5,False,0.0,True
SME_0409,2025-07-01,498,2,False,0.0,True
SME_0409,2025-08-01,485,4,False,0.0,True
SME_0409,2025-09-01,475,7,False,0.0,True
SME_0409,2025-10-01,466,3,False,0.0,True
SME_0409,2025-11-01,474,5,False,0.0,True
SME_0409,2025-12-01,469,3,False,0.0,True
SME_0409,2026-01-01,468,2,False,0.0,True
SME_0410,2024-08-01,645,14,False,0.0,True
SME_0410,2024-09-01,626,11,False,0.0,True
SME_0410,2024-10-01,623,15,False,0.0,True
SME_0410,2024-11-01,613,18,True,0.0,True
SME_0410,2024-12-01,615,15,False,0.0,True
SME_0410,2025-01-01,609,10,False,0.0,True
SME_0410,2025-02-01,594,10,False,0.0,True
SME_0410,2025-03-01,608,12,False,0.0,True
SME_0410,2025-04-01,635,15,False,0.0,True
SME_0410,2025-05-01,635,18,False,0.0,True
SME_0410,2025-06-01,631,10,False,0.0,True
SME_0410,2025-07-01,637,10,False,0.0,True
SME_0410,2025-08-01,620,8,False,0.0,True
SME_0410,2025-09-01,609,8,False,0.0,True
SME_0410,2025-10-01,601,7,False,0.0,True
SME_0410,2025-11-01,615,13,True,0.0,True
SME_0410,2025-12-01,626,12,False,0.0,True
SME_0410,2026-01-01,621,9,False,0.0,True
SME_0411,2024-08-01,608,13,False,0.0,True
SME_0411,2024-09-01,613,8,False,0.0,True
SME_0411,2024-10-01,617,10,True,17599.42,True
SME_0411,2024-11-01,604,7,False,0.0,True
SME_0411,2024-12-01,603,10,True,45467.24,True
SME_0411,2025-01-01,595,12,True,0.0,True
SME_0411,2025-02-01,618,7,False,0.0,True
SME_0411,2025-03-01,627,7,False,0.0,True
SME_0411,2025-04-01,611,8,False,0.0,True
SME_0411,2025-05-01,612,10,False,0.0,True
SME_0411,2025-06-01,633,13,False,0.0,True
SME_0411,2025-07-01,639,8,False,0.0,True
SME_0411,2025-08-01,645,10,True,0.0,True
SME_0411,2025-09-01,646,8,False,0.0,True
SME_0411,2025-10-01,629,17,True,37349.94,True
SME_0411,2025-11-01,631,14,False,0.0,True
SME_0411,2025-12-01,599,10,False,0.0,True
SME_0411,2026-01-01,608,13,False,0.0,True
SME_0412,2024-08-01,575,8,False,0.0,True
SME_0412,2024-09-01,558,8,False,0.0,True
SME_0412,2024-10-01,580,5,False,0.0,True
SME_0412,2024-11-01,552,14,False,0.0,True
SME_0412,2024-12-01,559,9,False,0.0,True
SME_0412,2025-01-01,586,13,True,0.0,True
SME_0412,2025-02-01,601,11,False,0.0,True
SME_0412,2025-03-01,601,8,False,0.0,True
SME_0412,2025-04-01,608,12,False,0.0,True
SME_0412,2025-05-01,596,9,True,0.0,True
SME_0412,2025-06-01,608,6,False,0.0,True
SME_0412,2025-07-01,590,10,False,0.0,True
SME_0412,2025-08-01,595,11,False,0.0,True
SME_0412,2025-09-01,580,6,True,11831.28,True
SME_0412,2025-10-01,583,12,False,0.0,True
SME_0412,2025-11-01,582,12,False,0.0,True
SME_0412,2025-12-01,579,6,False,0.0,True
SME_0412,2026-01-01,581,11,False,0.0,True
SME_0413,2024-08-01,558,8,False,0.0,True
SME_0413,2024-09-01,559,12,False,0.0,True
SME_0413,2024-10-01,578,10,False,0.0,True
SME_0413,2024-11-01,566,10,False,0.0,True
SME_0413,2024-12-01,571,8,False,0.0,True
SME_0413,2025-01-01,575,5,False,0.0,True
SME_0413,2025-02-01,594,14,False,0.0,True
SME_0413,2025-03-01,606,7,True,0.0,True
SME_0413,2025-04-01,605,9,False,0.0,True
SME_0413,2025-05-01,564,4,False,0.0,True
SME_0413,2025-06-01,570,9,False,0.0,True
SME_0413,2025-07-01,571,9,False,0.0,True
SME_0413,2025-08-01,572,10,True,11743.99,True
SME_0413,2025-09-01,567,7,True,0.0,True
SME_0413,2025-10-01,570,4,False,0.0,True
SME_0413,2025-11-01,574,3,False,0.0,True
SME_0413,2025-12-01,572,12,False,0.0,True
SME_0413,2026-01-01,567,3,False,0.0,True
SME_0414,2024-08-01,609,9,False,0.0,True
SME_0414,2024-09-01,588,7,False,0.0,True
SME_0414,2024-10-01,616,9,False,0.0,True
SME_0414,2024-11-01,592,15,False,0.0,True
SME_0414,2024-12-01,598,11,False,0.0,True
SME_0414,2025-01-01,597,12,False,0.0,True
SME_0414,2025-02-01,587,12,False,0.0,True
SME_0414,2025-03-01,591,11,True,0.0,True
SME_0414,2025-04-01,583,10,False,0.0,True
SME_0414,2025-05-01,590,13,True,0.0,True
SME_0414,2025-06-01,596,12,False,0.0,True
SME_0414,2025-07-01,589,12,False,0.0,True
SME_0414,2025-08-01,579,11,False,0.0,True
SME_0414,2025-09-01,605,15,False,0.0,True
SME_0414,2025-10-01,586,12,False,0.0,True
SME_0414,2025-11-01,596,10,False,0.0,True
SME_0414,2025-12-01,610,14,False,0.0,True
SME_0414,2026-01-01,595,16,False,0.0,True
SME_0415,2024-08-01,616,9,False,0.0,True
SME_0415,2024-09-01,614,10,True,8862.31,True
SME_0415,2024-10-01,615,10,False,0.0,True
SME_0415,2024-11-01,614,9,True,0.0,True
SME_0415,2024-12-01,616,12,False,0.0,True
SME_0415,2025-01-01,592,11,False,0.0,True
SME_0415,2025-02-01,588,5,False,0.0,True
SME_0415,2025-03-01,601,8,False,0.0,True
SME_0415,2025-04-01,595,11,False,0.0,True
SME_0415,2025-05-01,604,11,False,0.0,True
SME_0415,2025-06-01,599,12,False,0.0,True
SME_0415,2025-07-01,589,16,False,0.0,True
SME_0415,2025-08-01,581,8,False,0.0,True
SME_0415,2025-09-01,593,9,False,0.0,True
SME_0415,2025-10-01,600,10,False,0.0,True
SME_0415,2025-11-01,613,14,False,0.0,True
SME_0415,2025-12-01,608,13,False,0.0,True
SME_0415,2026-01-01,602,10,False,0.0,True
SME_0416,2024-08-01,494,5,False,0.0,True
SME_0416,2024-09-01,494,8,False,0.0,True
SME_0416,2024-10-01,511,7,False,0.0,True
SME_0416,2024-11-01,503,11,False,0.0,True
SME_0416,2024-12-01,518,7,False,0.0,True
SME_0416,2025-01-01,524,5,False,0.0,True
SME_0416,2025-02-01,514,1,False,0.0,True
SME_0416,2025-03-01,513,6,False,0.0,True
SME_0416,2025-04-01,538,9,False,0.0,True
SME_0416,2025-05-01,532,5,False,0.0,True
SME_0416,2025-06-01,534,4,False,0.0,True
SME_0416,2025-07-01,527,6,False,0.0,True
SME_0416,2025-08-01,498,7,False,0.0,True
SME_0416,2025-09-01,478,0,False,0.0,True
SME_0416,2025-10-01,495,4,False,0.0,True
SME_0416,2025-11-01,501,4,False,0.0,True
SME_0416,2025-12-01,498,7,False,0.0,True
SME_0416,2026-01-01,499,4,True,0.0,True
SME_0417,2024-08-01,520,5,False,0.0,True
SME_0417,2024-09-01,488,3,False,0.0,True
SME_0417,2024-10-01,485,9,False,0.0,True
SME_0417,2024-11-01,471,5,False,0.0,True
SME_0417,2024-12-01,470,6,True,0.0,True
SME_0417,2025-01-01,479,10,True,0.0,True
SME_0417,2025-02-01,460,3,False,0.0,True
SME_0417,2025-03-01,480,5,False,0.0,True
SME_0417,2025-04-01,484,3,False,0.0,True
SME_0417,2025-05-01,488,4,False,0.0,True
SME_0417,2025-06-01,516,8,False,0.0,True
SME_0417,2025-07-01,518,5,False,0.0,True
SME_0417,2025-08-01,517,6,False,0.0,True
SME_0417,2025-09-01,513,8,False,0.0,True
SME_0417,2025-10-01,498,2,False,0.0,True
SME_0417,2025-11-01,485,9,False,0.0,True
SME_0417,2025-12-01,497,3,False,0.0,True
SME_0417,2026-01-01,495,6,False,0.0,True
SME_0418,2024-08-01,708,17,False,0.0,True
SME_0418,2024-09-01,721,22,False,0.0,True
SME_0418,2024-10-01,714,11,True,73936.34,True
SME_0418,2024-11-01,700,21,True,44711.34,True
SME_0418,2024-12-01,695,12,False,0.0,True
SME_0418,2025-01-01,690,17,False,0.0,True
SME_0418,2025-02-01,686,8,False,0.0,True
SME_0418,2025-03-01,672,22,True,63740.66,True
SME_0418,2025-04-01,652,21,True,0.0,True
SME_0418,2025-05-01,653,15,True,0.0,True
SME_0418,2025-06-01,639,9,False,0.0,True
SME_0418,2025-07-01,659,17,False,0.0,True
SME_0418,2025-08-01,631,11,True,13083.42,True
SME_0418,2025-09-01,650,20,False,0.0,True
SME_0418,2025-10-01,643,19,False,0.0,True
SME_0418,2025-11-01,668,12,False,0.0,True
SME_0418,2025-12-01,668,12,True,0.0,True
SME_0418,2026-01-01,656,17,False,0.0,True
SME_0419,2024-08-01,469,7,False,0.0,True
SME_0419,2024-09-01,459,6,False,0.0,True
SME_0419,2024-10-01,468,6,False,0.0,True
SME_0419,2024-11-01,476,5,False,0.0,True
SME_0419,2024-12-01,477,4,False,0.0,True
SME_0419,2025-01-01,481,2,True,0.0,True
SME_0419,2025-02-01,473,4,False,0.0,True
SME_0419,2025-03-01,492,2,False,0.0,True
SME_0419,2025-04-01,497,4,False,0.0,True
SME_0419,2025-05-01,515,5,False,0.0,True
SME_0419,2025-06-01,534,4,False,0.0,True
SME_0419,2025-07-01,534,0,False,0.0,False
SME_0419,2025-08-01,534,0,False,0.0,False
SME_0419,2025-09-01,534,0,False,0.0,False
SME_0419,2025-10-01,534,0,False,0.0,False
SME_0419,2025-11-01,534,0,False,0.0,False
SME_0419,2025-12-01,534,0,False,0.0,False
SME_0419,2026-01-01,534,0,False,0.0,False
SME_0420,2024-08-01,648,19,False,0.0,True
SME_0420,2024-09-01,652,13,False,0.0,True
SME_0420,2024-10-01,650,21,False,0.0,True
SME_0420,2024-11-01,636,12,False,0.0,True
SME_0420,2024-12-01,624,14,False,0.0,True
SME_0420,2025-01-01,638,15,True,0.0,True
SME_0420,2025-02-01,651,12,False,0.0,True
SME_0420,2025-03-01,658,14,True,47071.16,True
SME_0420,2025-04-01,665,14,False,0.0,True
SME_0420,2025-05-01,664,17,True,0.0,True
SME_0420,2025-06-01,682,13,True,13210.83,True
SME_0420,2025-07-01,689,15,True,6956.39,True
SME_0420,2025-08-01,677,12,False,0.0,True
SME_0420,2025-09-01,679,21,False,0.0,True
SME_0420,2025-10-01,675,12,False,0.0,True
SME_0420,2025-11-01,677,13,False,0.0,True
SME_0420,2025-12-01,691,11,False,0.0,True
SME_0420,2026-01-01,688,12,False,0.0,True
SME_0421,2024-08-01,651,13,False,0.0,True
SME_0421,2024-09-01,650,9,False,0.0,True
SME_0421,2024-10-01,647,13,False,0.0,True
SME_0421,2024-11-01,662,12,False,0.0,True
SME_0421,2024-12-01,668,18,False,0.0,True
SME_0421,2025-01-01,683,11,False,0.0,True
SME_0421,2025-02-01,650,8,False,0.0,True
SME_0421,2025-03-01,628,18,False,0.0,True
SME_0421,2025-04-01,610,11,False,0.0,True
SME_0421,2025-05-01,601,13,False,0.0,True
SME_0421,2025-06-01,614,10,False,0.0,True
SME_0421,2025-07-01,634,9,False,0.0,True
SME_0421,2025-08-01,664,7,False,0.0,True
SME_0421,2025-09-01,667,7,False,0.0,True
SME_0421,2025-10-01,656,14,False,0.0,True
SME_0421,2025-11-01,653,11,False,0.0,True
SME_0421,2025-12-01,642,15,False,0.0,True
SME_0421,2026-01-01,631,11,True,62096.31,True
SME_0422,2024-08-01,556,9,True,0.0,True
SME_0422,2024-09-01,579,8,False,0.0,True
SME_0422,2024-10-01,576,7,False,0.0,True
SME_0422,2024-11-01,571,10,False,0.0,True
SME_0422,2024-12-01,566,3,True,0.0,True
SME_0422,2025-01-01,584,3,False,0.0,True
SME_0422,2025-02-01,582,5,False,0.0,True
SME_0422,2025-03-01,574,4,False,0.0,True
SME_0422,2025-04-01,579,7,False,0.0,True
SME_0422,2025-05-01,575,3,True,0.0,True
SME_0422,2025-06-01,599,10,False,0.0,True
SME_0422,2025-07-01,589,8,False,0.0,True
SME_0422,2025-08-01,575,5,False,0.0,True
SME_0422,2025-09-01,579,5,True,0.0,True
SME_0422,2025-10-01,577,9,False,0.0,True
SME_0422,2025-11-01,553,7,False,0.0,True
SME_0422,2025-12-01,557,8,False,0.0,True
SME_0422,2026-01-01,549,7,True,0.0,True
SME_0423,2024-08-01,721,15,False,0.0,True
SME_0423,2024-09-01,709,13,False,0.0,True
SME_0423,2024-10-01,686,12,False,0.0,True
SME_0423,2024-11-01,702,12,True,51183.19,True
SME_0423,2024-12-01,675,10,False,0.0,True
SME_0423,2025-01-01,675,0,False,0.0,False
SME_0423,2025-02-01,675,0,False,0.0,False
SME_0423,2025-03-01,675,0,False,0.0,False
SME_0423,2025-04-01,675,0,False,0.0,False
SME_0423,2025-05-01,675,0,False,0.0,False
SME_0423,2025-06-01,675,0,False,0.0,False
SME_0423,2025-07-01,675,0,False,0.0,False
SME_0423,2025-08-01,675,0,False,0.0,False
SME_0423,2025-09-01,675,0,False,0.0,False
SME_0423,2025-10-01,675,0,False,0.0,False
SME_0423,2025-11-01,675,0,False,0.0,False
SME_0423,2025-12-01,675,0,False,0.0,False
SME_0423,2026-01-01,675,0,False,0.0,False
SME_0424,2024-08-01,565,12,False,0.0,True
SME_0424,2024-09-01,560,6,False,0.0,True
SME_0424,2024-10-01,549,11,False,0.0,True
SME_0424,2024-11-01,545,5,False,0.0,True
SME_0424,2024-12-01,575,13,False,0.0,True
SME_0424,2025-01-01,548,7,False,0.0,True
SME_0424,2025-02-01,542,7,False,0.0,True
SME_0424,2025-03-01,556,8,False,0.0,True
SME_0424,2025-04-01,538,7,False,0.0,True
SME_0424,2025-05-01,527,8,False,0.0,True
SME_0424,2025-06-01,530,9,False,0.0,True
SME_0424,2025-07-01,548,6,False,0.0,True
SME_0424,2025-08-01,543,7,False,0.0,True
SME_0424,2025-09-01,546,7,False,0.0,True
SME_0424,2025-10-01,542,4,False,0.0,True
SME_0424,2025-11-01,535,5,False,0.0,True
SME_0424,2025-12-01,549,5,True,0.0,True
SME_0424,2026-01-01,535,5,False,0.0,True
SME_0425,2024-08-01,713,14,True,25299.97,True
SME_0425,2024-09-01,717,11,False,0.0,True
SME_0425,2024-10-01,713,23,False,0.0,True
SME_0425,2024-11-01,714,13,True,0.0,True
SME_0425,2024-12-01,729,16,False,0.0,True
SME_0425,2025-01-01,732,15,True,29831.05,True
SME_0425,2025-02-01,737,11,False,0.0,True
SME_0425,2025-03-01,739,15,False,0.0,True
SME_0425,2025-04-01,738,14,False,0.0,True
SME_0425,2025-05-01,720,14,True,9256.05,True
SME_0425,2025-06-01,725,16,True,40487.78,True
SME_0425,2025-07-01,723,13,False,0.0,True
SME_0425,2025-08-01,724,16,False,0.0,True
SME_0425,2025-09-01,746,12,False,0.0,True
SME_0425,2025-10-01,760,18,False,0.0,True
SME_0425,2025-11-01,768,15,False,0.0,True
SME_0425,2025-12-01,741,17,False,0.0,True
SME_0425,2026-01-01,741,13,False,0.0,True
SME_0426,2024-08-01,677,8,False,0.0,True
SME_0426,2024-09-01,646,9,False,0.0,True
SME_0426,2024-10-01,643,14,True,0.0,True
SME_0426,2024-11-01,641,10,False,0.0,True
SME_0426,2024-12-01,639,12,False,0.0,True
SME_0426,2025-01-01,641,10,False,0.0,True
SME_0426,2025-02-01,627,18,True,0.0,True
SME_0426,2025-03-01,614,7,False,0.0,True
SME_0426,2025-04-01,602,10,True,0.0,True
SME_0426,2025-05-01,606,8,False,0.0,True
SME_0426,2025-06-01,608,15,True,0.0,True
SME_0426,2025-07-01,607,4,False,0.0,True
SME_0426,2025-08-01,618,16,False,0.0,True
SME_0426,2025-09-01,602,9,False,0.0,True
SME_0426,2025-10-01,607,10,False,0.0,True
SME_0426,2025-11-01,601,13,False,0.0,True
SME_0426,2025-12-01,612,14,False,0.0,True
SME_0426,2026-01-01,620,15,False,0.0,True
SME_0427,2024-08-01,505,5,False,0.0,True
SME_0427,2024-09-01,502,6,False,0.0,True
SME_0427,2024-10-01,495,8,False,0.0,True
SME_0427,2024-11-01,503,9,True,0.0,True
SME_0427,2024-12-01,515,8,True,0.0,True
SME_0427,2025-01-01,523,7,False,0.0,True
SME_0427,2025-02-01,511,6,False,0.0,True
SME_0427,2025-03-01,511,5,False,0.0,True
SME_0427,2025-04-01,508,5,False,0.0,True
SME_0427,2025-05-01,509,10,False,0.0,True
SME_0427,2025-06-01,507,4,False,0.0,True
SME_0427,2025-07-01,542,4,False,0.0,True
SME_0427,2025-08-01,534,7,False,0.0,True
SME_0427,2025-09-01,528,2,False,0.0,True
SME_0427,2025-10-01,512,5,False,0.0,True
SME_0427,2025-11-01,500,3,False,0.0,True
SME_0427,2025-12-01,515,3,True,0.0,True
SME_0427,2026-01-01,517,4,False,0.0,True
SME_0428,2024-08-01,639,8,True,53828.56,True
SME_0428,2024-09-01,649,15,False,0.0,True
SME_0428,2024-10-01,652,11,False,0.0,True
SME_0428,2024-11-01,660,13,True,47395.3,True
SME_0428,2024-12-01,669,12,False,0.0,True
SME_0428,2025-01-01,669,8,True,0.0,True
SME_0428,2025-02-01,687,11,False,0.0,True
SME_0428,2025-03-01,682,6,False,0.0,True
SME_0428,2025-04-01,694,13,False,0.0,True
SME_0428,2025-05-01,702,9,False,0.0,True
SME_0428,2025-06-01,677,15,False,0.0,True
SME_0428,2025-07-01,684,14,False,0.0,True
SME_0428,2025-08-01,669,18,True,28467.93,True
SME_0428,2025-09-01,672,17,False,0.0,True
SME_0428,2025-10-01,647,7,False,0.0,True
SME_0428,2025-11-01,652,14,False,0.0,True
SME_0428,2025-12-01,639,15,False,0.0,True
SME_0428,2026-01-01,638,16,False,0.0,True
SME_0429,2024-08-01,511,6,False,0.0,True
SME_0429,2024-09-01,516,9,True,23931.32,True
SME_0429,2024-10-01,536,5,False,0.0,True
SME_0429,2024-11-01,543,6,False,0.0,True
SME_0429,2024-12-01,531,8,False,0.0,True
SME_0429,2025-01-01,533,8,True,0.0,True
SME_0429,2025-02-01,534,4,False,0.0,True
SME_0429,2025-03-01,527,2,False,0.0,True
SME_0429,2025-04-01,520,6,False,0.0,True
SME_0429,2025-05-01,530,4,False,0.0,True
SME_0429,2025-06-01,522,6,False,0.0,True
SME_0429,2025-07-01,511,2,False,0.0,True
SME_0429,2025-08-01,508,5,False,0.0,True
SME_0429,2025-09-01,528,5,False,0.0,True
SME_0429,2025-10-01,512,9,False,0.0,True
SME_0429,2025-11-01,503,5,False,0.0,True
SME_0429,2025-12-01,503,5,False,0.0,True
SME_0429,2026-01-01,506,6,False,0.0,True
SME_0430,2024-08-01,622,20,False,0.0,True
SME_0430,2024-09-01,611,14,True,48605.92,True
SME_0430,2024-10-01,611,13,False,0.0,True
SME_0430,2024-11-01,622,16,False,0.0,True
SME_0430,2024-12-01,641,15,False,0.0,True
SME_0430,2025-01-01,641,8,False,0.0,True
SME_0430,2025-02-01,653,15,False,0.0,True
SME_0430,2025-03-01,654,17,False,0.0,True
SME_0430,2025-04-01,652,16,True,48800.0,True
SME_0430,2025-05-01,654,15,True,0.0,True
SME_0430,2025-06-01,633,8,False,0.0,True
SME_0430,2025-07-01,627,13,True,32428.3,True
SME_0430,2025-08-01,632,16,False,0.0,True
SME_0430,2025-09-01,632,15,True,0.0,True
SME_0430,2025-10-01,646,11,False,0.0,True
SME_0430,2025-11-01,640,9,False,0.0,True
SME_0430,2025-12-01,647,8,False,0.0,True
SME_0430,2026-01-01,642,13,False,0.0,True
SME_0431,2024-08-01,703,10,False,0.0,True
SME_0431,2024-09-01,705,12,False,0.0,True
SME_0431,2024-10-01,709,14,False,0.0,True
SME_0431,2024-11-01,699,17,False,0.0,True
SME_0431,2024-12-01,688,8,False,0.0,True
SME_0431,2025-01-01,669,7,False,0.0,True
SME_0431,2025-02-01,668,11,False,0.0,True
SME_0431,2025-03-01,672,12,False,0.0,True
SME_0431,2025-04-01,680,13,False,0.0,True
SME_0431,2025-05-01,683,10,False,0.0,True
SME_0431,2025-06-01,656,6,False,0.0,True
SME_0431,2025-07-01,665,11,False,0.0,True
SME_0431,2025-08-01,673,17,False,0.0,True
SME_0431,2025-09-01,686,13,False,0.0,True
SME_0431,2025-10-01,691,12,False,0.0,True
SME_0431,2025-11-01,683,12,False,0.0,True
SME_0431,2025-12-01,698,15,False,0.0,True
SME_0431,2026-01-01,706,12,False,0.0,True
SME_0432,2024-08-01,664,17,True,0.0,True
SME_0432,2024-09-01,665,12,False,0.0,True
SME_0432,2024-10-01,651,12,False,0.0,True
SME_0432,2024-11-01,652,12,False,0.0,True
SME_0432,2024-12-01,629,15,True,0.0,True
SME_0432,2025-01-01,639,16,False,0.0,True
SME_0432,2025-02-01,635,13,False,0.0,True
SME_0432,2025-03-01,648,19,False,0.0,True
SME_0432,2025-04-01,643,11,False,0.0,True
SME_0432,2025-05-01,647,22,True,0.0,True
SME_0432,2025-06-01,662,10,False,0.0,True
SME_0432,2025-07-01,642,9,False,0.0,True
SME_0432,2025-08-01,644,11,False,0.0,True
SME_0432,2025-09-01,648,14,False,0.0,True
SME_0432,2025-10-01,644,16,False,0.0,True
SME_0432,2025-11-01,640,12,False,0.0,True
SME_0432,2025-12-01,634,8,False,0.0,True
SME_0432,2026-01-01,618,12,False,0.0,True
SME_0433,2024-08-01,603,8,False,0.0,True
SME_0433,2024-09-01,576,14,False,0.0,True
SME_0433,2024-10-01,571,12,False,0.0,True
SME_0433,2024-11-01,574,14,False,0.0,True
SME_0433,2024-12-01,578,12,False,0.0,True
SME_0433,2025-01-01,568,5,False,0.0,True
SME_0433,2025-02-01,558,10,True,56590.39,True
SME_0433,2025-03-01,566,12,False,0.0,True
SME_0433,2025-04-01,572,6,True,0.0,True
SME_0433,2025-05-01,563,9,True,0.0,True
SME_0433,2025-06-01,568,12,True,32131.27,True
SME_0433,2025-07-01,565,8,False,0.0,True
SME_0433,2025-08-01,579,9,False,0.0,True
SME_0433,2025-09-01,592,14,True,31697.11,True
SME_0433,2025-10-01,578,11,False,0.0,True
SME_0433,2025-11-01,583,11,False,0.0,True
SME_0433,2025-12-01,584,14,False,0.0,True
SME_0433,2026-01-01,575,18,False,0.0,True
SME_0434,2024-08-01,701,15,False,0.0,True
SME_0434,2024-09-01,695,12,False,0.0,True
SME_0434,2024-10-01,683,11,False,0.0,True
SME_0434,2024-11-01,689,18,True,71846.0,True
SME_0434,2024-12-01,718,10,False,0.0,True
SME_0434,2025-01-01,733,17,False,0.0,True
SME_0434,2025-02-01,732,14,False,0.0,True
SME_0434,2025-03-01,728,13,False,0.0,True
SME_0434,2025-04-01,716,20,False,0.0,True
SME_0434,2025-05-01,722,13,False,0.0,True
SME_0434,2025-06-01,704,14,False,0.0,True
SME_0434,2025-07-01,698,13,False,0.0,True
SME_0434,2025-08-01,698,11,True,47797.52,True
SME_0434,2025-09-01,692,10,True,50423.02,True
SME_0434,2025-10-01,678,11,True,41227.35,True
SME_0434,2025-11-01,675,17,False,0.0,True
SME_0434,2025-12-01,683,10,False,0.0,True
SME_0434,2026-01-01,694,15,False,0.0,True
SME_0435,2024-08-01,651,7,False,0.0,True
SME_0435,2024-09-01,643,10,True,0.0,True
SME_0435,2024-10-01,669,13,False,0.0,True
SME_0435,2024-11-01,667,15,False,0.0,True
SME_0435,2024-12-01,664,12,False,0.0,True
SME_0435,2025-01-01,687,8,False,0.0,True
SME_0435,2025-02-01,668,12,True,0.0,True
SME_0435,2025-03-01,651,10,False,0.0,True
SME_0435,2025-04-01,642,12,True,0.0,True
SME_0435,2025-05-01,638,8,False,0.0,True
SME_0435,2025-06-01,629,10,True,44551.76,True
SME_0435,2025-07-01,622,11,True,10259.32,True
SME_0435,2025-08-01,617,8,False,0.0,True
SME_0435,2025-09-01,606,12,False,0.0,True
SME_0435,2025-10-01,599,14,True,56066.66,True
SME_0435,2025-11-01,615,13,False,0.0,True
SME_0435,2025-12-01,605,11,False,0.0,True
SME_0435,2026-01-01,600,14,True,0.0,True
SME_0436,2024-08-01,659,14,False,0.0,True
SME_0436,2024-09-01,655,20,False,0.0,True
SME_0436,2024-10-01,653,19,True,0.0,True
SME_0436,2024-11-01,681,16,False,0.0,True
SME_0436,2024-12-01,670,18,False,0.0,True
SME_0436,2025-01-01,657,12,False,0.0,True
SME_0436,2025-02-01,663,14,True,24846.0,True
SME_0436,2025-03-01,661,14,False,0.0,True
SME_0436,2025-04-01,674,15,True,0.0,True
SME_0436,2025-05-01,681,13,True,63781.28,True
SME_0436,2025-06-01,681,12,False,0.0,True
SME_0436,2025-07-01,664,18,False,0.0,True
SME_0436,2025-08-01,657,17,False,0.0,True
SME_0436,2025-09-01,667,17,False,0.0,True
SME_0436,2025-10-01,668,15,False,0.0,True
SME_0436,2025-11-01,678,10,False,0.0,True
SME_0436,2025-12-01,679,10,False,0.0,True
SME_0436,2026-01-01,665,15,False,0.0,True
SME_0437,2024-08-01,607,11,False,0.0,True
SME_0437,2024-09-01,591,14,False,0.0,True
SME_0437,2024-10-01,589,9,False,0.0,True
SME_0437,2024-11-01,592,10,False,0.0,True
SME_0437,2024-12-01,594,12,True,0.0,True
SME_0437,2025-01-01,586,16,False,0.0,True
SME_0437,2025-02-01,585,7,False,0.0,True
SME_0437,2025-03-01,605,8,False,0.0,True
SME_0437,2025-04-01,580,16,False,0.0,True
SME_0437,2025-05-01,583,9,False,0.0,True
SME_0437,2025-06-01,574,9,True,0.0,True
SME_0437,2025-07-01,586,15,False,0.0,True
SME_0437,2025-08-01,614,12,True,12083.62,True
SME_0437,2025-09-01,600,11,False,0.0,True
SME_0437,2025-10-01,608,12,True,0.0,True
SME_0437,2025-11-01,599,6,False,0.0,True
SME_0437,2025-12-01,590,16,True,0.0,True
SME_0437,2026-01-01,590,8,False,0.0,True
SME_0438,2024-08-01,679,11,False,0.0,True
SME_0438,2024-09-01,684,22,False,0.0,True
SME_0438,2024-10-01,702,16,False,0.0,True
SME_0438,2024-11-01,701,10,False,0.0,True
SME_0438,2024-12-01,672,17,False,0.0,True
SME_0438,2025-01-01,658,12,False,0.0,True
SME_0438,2025-02-01,655,12,False,0.0,True
SME_0438,2025-03-01,652,9,True,10136.34,True
SME_0438,2025-04-01,647,20,False,0.0,True
SME_0438,2025-05-01,657,12,False,0.0,True
SME_0438,2025-06-01,684,17,False,0.0,True
SME_0438,2025-07-01,683,13,False,0.0,True
SME_0438,2025-08-01,680,21,False,0.0,True
SME_0438,2025-09-01,704,12,False,0.0,True
SME_0438,2025-10-01,722,9,False,0.0,True
SME_0438,2025-11-01,683,14,False,0.0,True
SME_0438,2025-12-01,678,13,False,0.0,True
SME_0438,2026-01-01,663,10,False,0.0,True
SME_0439,2024-08-01,481,10,True,0.0,True
SME_0439,2024-09-01,495,12,False,0.0,True
SME_0439,2024-10-01,514,5,False,0.0,True
SME_0439,2024-11-01,506,5,False,0.0,True
SME_0439,2024-12-01,486,9,False,0.0,True
SME_0439,2025-01-01,494,6,True,0.0,True
SME_0439,2025-02-01,471,3,True,0.0,True
SME_0439,2025-03-01,491,2,True,0.0,True
SME_0439,2025-04-01,491,0,False,0.0,False
SME_0439,2025-05-01,491,0,False,0.0,False
SME_0439,2025-06-01,491,0,False,0.0,False
SME_0439,2025-07-01,491,0,False,0.0,False
SME_0439,2025-08-01,491,0,False,0.0,False
SME_0439,2025-09-01,491,0,False,0.0,False
SME_0439,2025-10-01,491,0,False,0.0,False
SME_0439,2025-11-01,491,0,False,0.0,False
SME_0439,2025-12-01,491,0,False,0.0,False
SME_0439,2026-01-01,491,0,False,0.0,False
SME_0440,2024-08-01,594,10,False,0.0,True
SME_0440,2024-09-01,599,12,False,0.0,True
SME_0440,2024-10-01,608,19,False,0.0,True
SME_0440,2024-11-01,609,9,False,0.0,True
SME_0440,2024-12-01,597,9,False,0.0,True
SME_0440,2025-01-01,589,9,False,0.0,True
SME_0440,2025-02-01,599,10,False,0.0,True
SME_0440,2025-03-01,597,7,False,0.0,True
SME_0440,2025-04-01,576,8,False,0.0,True
SME_0440,2025-05-01,571,7,False,0.0,True
SME_0440,2025-06-01,582,8,False,0.0,True
SME_0440,2025-07-01,575,12,False,0.0,True
SME_0440,2025-08-01,565,13,False,0.0,True
SME_0440,2025-09-01,565,0,False,0.0,False
SME_0440,2025-10-01,565,0,False,0.0,False
SME_0440,2025-11-01,565,0,False,0.0,False
SME_0440,2025-12-01,565,0,False,0.0,False
SME_0440,2026-01-01,565,0,False,0.0,False
SME_0441,2024-08-01,600,14,False,0.0,True
SME_0441,2024-09-01,600,6,False,0.0,True
SME_0441,2024-10-01,598,11,True,0.0,True
SME_0441,2024-11-01,598,9,False,0.0,True
SME_0441,2024-12-01,581,6,False,0.0,True
SME_0441,2025-01-01,569,7,False,0.0,True
SME_0441,2025-02-01,572,8,True,37281.49,True
SME_0441,2025-03-01,552,9,False,0.0,True
SME_0441,2025-04-01,566,6,False,0.0,True
SME_0441,2025-05-01,575,5,False,0.0,True
SME_0441,2025-06-01,581,8,False,0.0,True
SME_0441,2025-07-01,587,7,True,0.0,True
SME_0441,2025-08-01,585,7,False,0.0,True
SME_0441,2025-09-01,584,7,False,0.0,True
SME_0441,2025-10-01,576,6,False,0.0,True
SME_0441,2025-11-01,567,7,False,0.0,True
SME_0441,2025-12-01,560,2,False,0.0,True
SME_0441,2026-01-01,553,5,False,0.0,True
SME_0442,2024-08-01,527,9,False,0.0,True
SME_0442,2024-09-01,512,5,False,0.0,True
SME_0442,2024-10-01,-1,7,False,0.0,True
SME_0442,2024-11-01,484,10,False,0.0,True
SME_0442,2024-12-01,483,7,False,0.0,True
SME_0442,2025-01-01,468,6,False,0.0,True
SME_0442,2025-02-01,491,8,False,0.0,True
SME_0442,2025-03-01,488,12,False,0.0,True
SME_0442,2025-04-01,526,5,False,0.0,True
SME_0442,2025-05-01,535,8,False,0.0,True
SME_0442,2025-06-01,554,10,False,0.0,True
SME_0442,2025-07-01,540,7,True,0.0,True
SME_0442,2025-08-01,523,8,False,0.0,True
SME_0442,2025-09-01,535,7,True,0.0,True
SME_0442,2025-10-01,540,10,False,0.0,True
SME_0442,2025-11-01,525,5,False,0.0,True
SME_0442,2025-12-01,507,2,False,0.0,True
SME_0442,2026-01-01,499,1,False,0.0,True
SME_0443,2024-08-01,591,11,True,0.0,True
SME_0443,2024-09-01,575,11,False,0.0,True
SME_0443,2024-10-01,556,5,False,0.0,True
SME_0443,2024-11-01,569,8,False,0.0,True
SME_0443,2024-12-01,574,15,True,0.0,True
SME_0443,2025-01-01,582,7,False,0.0,True
SME_0443,2025-02-01,589,24,True,57594.34,True
SME_0443,2025-03-01,587,9,False,0.0,True
SME_0443,2025-04-01,594,9,True,0.0,True
SME_0443,2025-05-01,614,17,False,0.0,True
SME_0443,2025-06-01,608,11,False,0.0,True
SME_0443,2025-07-01,611,8,False,0.0,True
SME_0443,2025-08-01,617,9,True,33122.24,True
SME_0443,2025-09-01,609,13,False,0.0,True
SME_0443,2025-10-01,600,11,False,0.0,True
SME_0443,2025-11-01,603,13,True,5398.29,True
SME_0443,2025-12-01,618,18,True,64692.87,True
SME_0443,2026-01-01,622,11,False,0.0,True
SME_0444,2024-08-01,501,11,False,0.0,True
SME_0444,2024-09-01,509,5,True,0.0,True
SME_0444,2024-10-01,526,9,False,0.0,True
SME_0444,2024-11-01,536,8,True,0.0,True
SME_0444,2024-12-01,542,7,False,0.0,True
SME_0444,2025-01-01,544,5,False,0.0,True
SME_0444,2025-02-01,511,10,False,0.0,True
SME_0444,2025-03-01,493,7,False,0.0,True
SME_0444,2025-04-01,488,4,False,0.0,True
SME_0444,2025-05-01,495,10,False,0.0,True
SME_0444,2025-06-01,512,3,False,0.0,True
SME_0444,2025-07-01,511,6,False,0.0,True
SME_0444,2025-08-01,516,10,False,0.0,True
SME_0444,2025-09-01,525,7,False,0.0,True
SME_0444,2025-10-01,518,6,False,0.0,True
SME_0444,2025-11-01,517,5,False,0.0,True
SME_0444,2025-12-01,507,4,False,0.0,True
SME_0444,2026-01-01,478,4,False,0.0,True
SME_0445,2024-08-01,705,17,False,0.0,True
SME_0445,2024-09-01,701,14,False,0.0,True
SME_0445,2024-10-01,716,9,False,0.0,True
SME_0445,2024-11-01,714,10,False,0.0,True
SME_0445,2024-12-01,691,7,False,0.0,True
SME_0445,2025-01-01,697,13,False,0.0,True
SME_0445,2025-02-01,702,12,False,0.0,True
SME_0445,2025-03-01,689,13,True,34611.93,True
SME_0445,2025-04-01,694,14,False,0.0,True
SME_0445,2025-05-01,706,11,False,0.0,True
SME_0445,2025-06-01,729,10,False,0.0,True
SME_0445,2025-07-01,732,13,False,0.0,True
SME_0445,2025-08-01,732,0,False,0.0,False
SME_0445,2025-09-01,732,0,False,0.0,False
SME_0445,2025-10-01,732,0,False,0.0,False
SME_0445,2025-11-01,732,0,False,0.0,False
SME_0445,2025-12-01,732,0,False,0.0,False
SME_0445,2026-01-01,732,0,False,0.0,False
SME_0446,2024-08-01,624,13,False,0.0,True
SME_0446,2024-09-01,618,9,False,0.0,True
SME_0446,2024-10-01,610,15,False,0.0,True
SME_0446,2024-11-01,609,5,False,0.0,True
SME_0446,2024-12-01,607,14,False,0.0,True
SME_0446,2025-01-01,616,9,False,0.0,True
SME_0446,2025-02-01,591,6,False,0.0,True
SME_0446,2025-03-01,618,11,False,0.0,True
SME_0446,2025-04-01,633,13,False,0.0,True
SME_0446,2025-05-01,631,12,True,0.0,True
SME_0446,2025-06-01,622,10,True,0.0,True
SME_0446,2025-07-01,627,8,False,0.0,True
SME_0446,2025-08-01,657,13,False,0.0,True
SME_0446,2025-09-01,673,15,False,0.0,True
SME_0446,2025-10-01,678,10,False,0.0,True
SME_0446,2025-11-01,663,13,False,0.0,True
SME_0446,2025-12-01,677,9,False,0.0,True
SME_0446,2026-01-01,677,14,False,0.0,True
SME_0447,2024-08-01,665,17,False,0.0,True
SME_0447,2024-09-01,642,9,False,0.0,True
SME_0447,2024-10-01,634,19,False,0.0,True
SME_0447,2024-11-01,644,15,False,0.0,True
SME_0447,2024-12-01,654,16,False,0.0,True
SME_0447,2025-01-01,667,12,False,0.0,True
SME_0447,2025-02-01,672,14,False,0.0,True
SME_0447,2025-03-01,661,13,True,0.0,True
SME_0447,2025-04-01,672,11,True,0.0,True
SME_0447,2025-05-01,670,13,False,0.0,True
SME_0447,2025-06-01,694,14,True,57704.87,True
SME_0447,2025-07-01,681,7,False,0.0,True
SME_0447,2025-08-01,668,14,False,0.0,True
SME_0447,2025-09-01,680,12,False,0.0,True
SME_0447,2025-10-01,688,11,False,0.0,True
SME_0447,2025-11-01,661,7,False,0.0,True
SME_0447,2025-12-01,671,12,True,62832.36,True
SME_0447,2026-01-01,653,20,False,0.0,True
SME_0448,2024-08-01,607,12,False,0.0,True
SME_0448,2024-09-01,594,7,False,0.0,True
SME_0448,2024-10-01,590,6,False,0.0,True
SME_0448,2024-11-01,604,8,False,0.0,True
SME_0448,2024-12-01,597,12,True,8099.34,True
SME_0448,2025-01-01,605,9,True,0.0,True
SME_0448,2025-02-01,579,15,False,0.0,True
SME_0448,2025-03-01,589,8,False,0.0,True
SME_0448,2025-04-01,599,8,False,0.0,True
SME_0448,2025-05-01,599,12,True,54425.74,True
SME_0448,2025-06-01,589,7,False,0.0,True
SME_0448,2025-07-01,583,6,False,0.0,True
SME_0448,2025-08-01,568,6,False,0.0,True
SME_0448,2025-09-01,562,11,False,0.0,True
SME_0448,2025-10-01,562,0,False,0.0,False
SME_0448,2025-11-01,562,0,False,0.0,False
SME_0448,2025-12-01,562,0,False,0.0,False
SME_0448,2026-01-01,562,0,False,0.0,False
SME_0449,2024-08-01,549,13,False,0.0,True
SME_0449,2024-09-01,546,6,False,0.0,True
SME_0449,2024-10-01,543,6,True,0.0,True
SME_0449,2024-11-01,571,11,False,0.0,True
SME_0449,2024-12-01,595,7,False,0.0,True
SME_0449,2025-01-01,596,5,False,0.0,True
SME_0449,2025-02-01,585,9,True,0.0,True
SME_0449,2025-03-01,579,11,False,0.0,True
SME_0449,2025-04-01,559,7,False,0.0,True
SME_0449,2025-05-01,559,14,False,0.0,True
SME_0449,2025-06-01,550,17,False,0.0,True
SME_0449,2025-07-01,552,7,False,0.0,True
SME_0449,2025-08-01,570,8,False,0.0,True
SME_0449,2025-09-01,547,15,False,0.0,True
SME_0449,2025-10-01,531,19,True,0.0,True
SME_0449,2025-11-01,534,13,False,0.0,True
SME_0449,2025-12-01,523,4,False,0.0,True
SME_0449,2026-01-01,523,9,False,0.0,True
SME_0450,2024-08-01,605,13,True,50297.89,True
SME_0450,2024-09-01,616,11,False,0.0,True
SME_0450,2024-10-01,628,5,True,37012.16,True
SME_0450,2024-11-01,593,9,False,0.0,True
SME_0450,2024-12-01,613,13,False,0.0,True
SME_0450,2025-01-01,618,4,False,0.0,True
SME_0450,2025-02-01,607,11,True,5659.24,True
SME_0450,2025-03-01,615,8,False,0.0,True
SME_0450,2025-04-01,597,12,False,0.0,True
SME_0450,2025-05-01,612,11,False,0.0,True
SME_0450,2025-06-01,623,13,False,0.0,True
SME_0450,2025-07-01,593,5,True,46152.88,True
SME_0450,2025-08-01,607,10,False,0.0,True
SME_0450,2025-09-01,618,10,False,0.0,True
SME_0450,2025-10-01,630,10,True,0.0,True
SME_0450,2025-11-01,614,11,False,0.0,True
SME_0450,2025-12-01,631,11,False,0.0,True
SME_0450,2026-01-01,633,15,False,0.0,True
SME_0451,2024-08-01,551,10,False,0.0,True
SME_0451,2024-09-01,541,11,False,0.0,True
SME_0451,2024-10-01,545,4,False,0.0,True
SME_0451,2024-11-01,552,11,True,30459.14,True
SME_0451,2024-12-01,555,6,False,0.0,True
SME_0451,2025-01-01,544,4,True,0.0,True
SME_0451,2025-02-01,551,4,False,0.0,True
SME_0451,2025-03-01,566,10,False,0.0,True
SME_0451,2025-04-01,573,5,False,0.0,True
SME_0451,2025-05-01,562,7,False,0.0,True
SME_0451,2025-06-01,573,8,False,0.0,True
SME_0451,2025-07-01,581,7,True,0.0,True
SME_0451,2025-08-01,584,7,False,0.0,True
SME_0451,2025-09-01,588,10,False,0.0,True
SME_0451,2025-10-01,587,11,True,0.0,True
SME_0451,2025-11-01,567,7,False,0.0,True
SME_0451,2025-12-01,590,2,False,0.0,True
SME_0451,2026-01-01,582,9,False,0.0,True
SME_0452,2024-08-01,695,9,False,0.0,True
SME_0452,2024-09-01,724,14,False,0.0,True
SME_0452,2024-10-01,716,17,False,0.0,True
SME_0452,2024-11-01,688,18,False,0.0,True
SME_0452,2024-12-01,675,23,False,0.0,True
SME_0452,2025-01-01,669,7,False,0.0,True
SME_0452,2025-02-01,678,16,False,0.0,True
SME_0452,2025-03-01,690,14,False,0.0,True
SME_0452,2025-04-01,663,15,False,0.0,True
SME_0452,2025-05-01,669,13,True,0.0,True
SME_0452,2025-06-01,667,13,True,39688.32,True
SME_0452,2025-07-01,649,17,False,0.0,True
SME_0452,2025-08-01,657,21,False,0.0,True
SME_0452,2025-09-01,663,10,True,0.0,True
SME_0452,2025-10-01,670,13,False,0.0,True
SME_0452,2025-11-01,696,18,True,37514.62,True
SME_0452,2025-12-01,683,11,False,0.0,True
SME_0452,2026-01-01,692,8,False,0.0,True
SME_0453,2024-08-01,742,17,False,0.0,True
SME_0453,2024-09-01,732,12,False,0.0,True
SME_0453,2024-10-01,736,13,False,0.0,True
SME_0453,2024-11-01,740,10,False,0.0,True
SME_0453,2024-12-01,763,22,False,0.0,True
SME_0453,2025-01-01,746,19,False,0.0,True
SME_0453,2025-02-01,771,25,False,0.0,True
SME_0453,2025-03-01,767,21,False,0.0,True
SME_0453,2025-04-01,780,15,False,0.0,True
SME_0453,2025-05-01,780,18,True,73485.16,True
SME_0453,2025-06-01,782,17,False,0.0,True
SME_0453,2025-07-01,765,10,False,0.0,True
SME_0453,2025-08-01,753,15,False,0.0,True
SME_0453,2025-09-01,732,15,True,55423.86,True
SME_0453,2025-10-01,743,15,False,0.0,True
SME_0453,2025-11-01,746,19,True,78484.67,True
SME_0453,2025-12-01,758,9,False,0.0,True
SME_0453,2026-01-01,753,17,False,0.0,True
SME_0454,2024-08-01,595,10,False,0.0,True
SME_0454,2024-09-01,581,12,False,0.0,True
SME_0454,2024-10-01,595,8,False,0.0,True
SME_0454,2024-11-01,593,8,True,0.0,True
SME_0454,2024-12-01,597,8,False,0.0,True
SME_0454,2025-01-01,621,7,False,0.0,True
SME_0454,2025-02-01,627,10,False,0.0,True
SME_0454,2025-03-01,614,13,True,0.0,True
SME_0454,2025-04-01,591,13,False,0.0,True
SME_0454,2025-05-01,584,6,False,0.0,True
SME_0454,2025-06-01,586,7,False,0.0,True
SME_0454,2025-07-01,575,11,False,0.0,True
SME_0454,2025-08-01,588,9,False,0.0,True
SME_0454,2025-09-01,586,12,True,12082.02,True
SME_0454,2025-10-01,587,16,False,0.0,True
SME_0454,2025-11-01,588,6,False,0.0,True
SME_0454,2025-12-01,581,12,False,0.0,True
SME_0454,2026-01-01,576,6,False,0.0,True
SME_0455,2024-08-01,612,11,False,0.0,True
SME_0455,2024-09-01,614,10,False,0.0,True
SME_0455,2024-10-01,599,10,False,0.0,True
SME_0455,2024-11-01,576,11,False,0.0,True
SME_0455,2024-12-01,594,7,False,0.0,True
SME_0455,2025-01-01,580,5,False,0.0,True
SME_0455,2025-02-01,581,15,False,0.0,True
SME_0455,2025-03-01,594,8,True,23275.66,True
SME_0455,2025-04-01,609,8,False,0.0,True
SME_0455,2025-05-01,586,13,False,0.0,True
SME_0455,2025-06-01,600,8,False,0.0,True
SME_0455,2025-07-01,605,12,False,0.0,True
SME_0455,2025-08-01,610,8,False,0.0,True
SME_0455,2025-09-01,617,8,False,0.0,True
SME_0455,2025-10-01,629,13,False,0.0,True
SME_0455,2025-11-01,617,12,False,0.0,True
SME_0455,2025-12-01,597,9,False,0.0,True
SME_0455,2026-01-01,611,13,False,0.0,True
SME_0456,2024-08-01,489,7,False,0.0,True
SME_0456,2024-09-01,459,11,False,0.0,True
SME_0456,2024-10-01,456,3,False,0.0,True
SME_0456,2024-11-01,456,6,False,0.0,True
SME_0456,2024-12-01,466,7,True,0.0,True
SME_0456,2025-01-01,456,2,False,0.0,True
SME_0456,2025-02-01,459,4,False,0.0,True
SME_0456,2025-03-01,464,4,True,0.0,True
SME_0456,2025-04-01,468,3,False,0.0,True
SME_0456,2025-05-01,468,3,False,0.0,True
SME_0456,2025-06-01,474,2,False,0.0,True
SME_0456,2025-07-01,437,4,False,0.0,True
SME_0456,2025-08-01,444,9,False,0.0,True
SME_0456,2025-09-01,457,10,True,0.0,True
SME_0456,2025-10-01,468,3,False,0.0,True
SME_0456,2025-11-01,486,4,False,0.0,True
SME_0456,2025-12-01,495,5,False,0.0,True
SME_0456,2026-01-01,504,6,False,0.0,True
SME_0457,2024-08-01,657,12,False,0.0,True
SME_0457,2024-09-01,626,18,False,0.0,True
SME_0457,2024-10-01,614,13,False,0.0,True
SME_0457,2024-11-01,643,9,False,0.0,True
SME_0457,2024-12-01,644,12,False,0.0,True
SME_0457,2025-01-01,652,14,False,0.0,True
SME_0457,2025-02-01,644,10,False,0.0,True
SME_0457,2025-03-01,655,12,False,0.0,True
SME_0457,2025-04-01,661,14,False,0.0,True
SME_0457,2025-05-01,667,11,False,0.0,True
SME_0457,2025-06-01,652,8,False,0.0,True
SME_0457,2025-07-01,647,11,False,0.0,True
SME_0457,2025-08-01,660,9,False,0.0,True
SME_0457,2025-09-01,665,12,False,0.0,True
SME_0457,2025-10-01,682,14,False,0.0,True
SME_0457,2025-11-01,676,11,False,0.0,True
SME_0457,2025-12-01,679,14,False,0.0,True
SME_0457,2026-01-01,679,15,False,0.0,True
SME_0458,2024-08-01,666,8,False,0.0,True
SME_0458,2024-09-01,681,11,False,0.0,True
SME_0458,2024-10-01,687,12,False,0.0,True
SME_0458,2024-11-01,699,10,False,0.0,True
SME_0458,2024-12-01,684,13,False,0.0,True
SME_0458,2025-01-01,683,13,False,0.0,True
SME_0458,2025-02-01,663,9,False,0.0,True
SME_0458,2025-03-01,654,13,True,28040.63,True
SME_0458,2025-04-01,633,16,False,0.0,True
SME_0458,2025-05-01,633,13,True,0.0,True
SME_0458,2025-06-01,625,16,True,13626.12,True
SME_0458,2025-07-01,635,4,False,0.0,True
SME_0458,2025-08-01,645,9,False,0.0,True
SME_0458,2025-09-01,651,15,False,0.0,True
SME_0458,2025-10-01,653,12,False,0.0,True
SME_0458,2025-11-01,653,15,True,30384.78,True
SME_0458,2025-12-01,645,12,False,0.0,True
SME_0458,2026-01-01,631,13,False,0.0,True
SME_0459,2024-08-01,696,11,False,0.0,True
SME_0459,2024-09-01,695,9,True,0.0,True
SME_0459,2024-10-01,695,19,True,0.0,True
SME_0459,2024-11-01,663,15,True,0.0,True
SME_0459,2024-12-01,658,6,False,0.0,True
SME_0459,2025-01-01,662,18,False,0.0,True
SME_0459,2025-02-01,671,23,False,0.0,True
SME_0459,2025-03-01,674,12,False,0.0,True
SME_0459,2025-04-01,665,18,False,0.0,True
SME_0459,2025-05-01,682,13,False,0.0,True
SME_0459,2025-06-01,664,19,False,0.0,True
SME_0459,2025-07-01,651,19,False,0.0,True
SME_0459,2025-08-01,657,15,False,0.0,True
SME_0459,2025-09-01,652,14,False,0.0,True
SME_0459,2025-10-01,670,24,True,50229.96,True
SME_0459,2025-11-01,669,19,False,0.0,True
SME_0459,2025-12-01,677,16,False,0.0,True
SME_0459,2026-01-01,659,10,False,0.0,True
SME_0460,2024-08-01,563,16,True,0.0,True
SME_0460,2024-09-01,559,7,False,0.0,True
SME_0460,2024-10-01,568,13,False,0.0,True
SME_0460,2024-11-01,572,11,False,0.0,True
SME_0460,2024-12-01,585,9,False,0.0,True
SME_0460,2025-01-01,585,0,False,0.0,False
SME_0460,2025-02-01,585,0,False,0.0,False
SME_0460,2025-03-01,585,0,False,0.0,False
SME_0460,2025-04-01,585,0,False,0.0,False
SME_0460,2025-05-01,585,0,False,0.0,False
SME_0460,2025-06-01,585,0,False,0.0,False
SME_0460,2025-07-01,585,0,False,0.0,False
SME_0460,2025-08-01,585,0,False,0.0,False
SME_0460,2025-09-01,585,0,False,0.0,False
SME_0460,2025-10-01,585,0,False,0.0,False
SME_0460,2025-11-01,585,0,False,0.0,False
SME_0460,2025-12-01,585,0,False,0.0,False
SME_0460,2026-01-01,585,0,False,0.0,False
SME_0461,2024-08-01,681,19,False,0.0,True
SME_0461,2024-09-01,676,14,False,0.0,True
SME_0461,2024-10-01,685,11,False,0.0,True
SME_0461,2024-11-01,1200,22,True,27408.72,True
SME_0461,2024-12-01,678,16,False,0.0,True
SME_0461,2025-01-01,696,21,False,0.0,True
SME_0461,2025-02-01,687,18,False,0.0,True
SME_0461,2025-03-01,669,12,False,0.0,True
SME_0461,2025-04-01,678,8,False,0.0,True
SME_0461,2025-05-01,673,6,False,0.0,True
SME_0461,2025-06-01,670,4,False,0.0,True
SME_0461,2025-07-01,666,22,True,40485.5,True
SME_0461,2025-08-01,670,11,False,0.0,True
SME_0461,2025-09-01,659,13,True,0.0,True
SME_0461,2025-10-01,673,15,False,0.0,True
SME_0461,2025-11-01,657,9,False,0.0,True
SME_0461,2025-12-01,649,10,False,0.0,True
SME_0461,2026-01-01,657,23,True,64750.71,True
SME_0462,2024-08-01,591,13,False,0.0,True
SME_0462,2024-09-01,601,12,True,0.0,True
SME_0462,2024-10-01,617,8,False,0.0,True
SME_0462,2024-11-01,615,10,False,0.0,True
SME_0462,2024-12-01,590,8,False,0.0,True
SME_0462,2025-01-01,594,10,True,0.0,True
SME_0462,2025-02-01,585,11,False,0.0,True
SME_0462,2025-03-01,563,13,False,0.0,True
SME_0462,2025-04-01,578,14,False,0.0,True
SME_0462,2025-05-01,571,15,False,0.0,True
SME_0462,2025-06-01,589,9,False,0.0,True
SME_0462,2025-07-01,589,9,True,0.0,True
SME_0462,2025-08-01,575,6,False,0.0,True
SME_0462,2025-09-01,576,14,False,0.0,True
SME_0462,2025-10-01,568,16,True,0.0,True
SME_0462,2025-11-01,583,15,False,0.0,True
SME_0462,2025-12-01,571,8,False,0.0,True
SME_0462,2026-01-01,571,0,False,0.0,False
SME_0463,2024-08-01,730,14,False,0.0,True
SME_0463,2024-09-01,725,11,False,0.0,True
SME_0463,2024-10-01,724,15,False,0.0,True
SME_0463,2024-11-01,720,17,False,0.0,True
SME_0463,2024-12-01,724,12,True,0.0,True
SME_0463,2025-01-01,740,15,False,0.0,True
SME_0463,2025-02-01,715,15,False,0.0,True
SME_0463,2025-03-01,703,17,False,0.0,True
SME_0463,2025-04-01,708,13,False,0.0,True
SME_0463,2025-05-01,714,15,False,0.0,True
SME_0463,2025-06-01,698,18,False,0.0,True
SME_0463,2025-07-01,700,12,False,0.0,True
SME_0463,2025-08-01,711,17,True,61115.01,True
SME_0463,2025-09-01,715,14,False,0.0,True
SME_0463,2025-10-01,716,16,False,0.0,True
SME_0463,2025-11-01,724,17,True,0.0,True
SME_0463,2025-12-01,730,20,False,0.0,True
SME_0463,2026-01-01,734,17,False,0.0,True
SME_0464,2024-08-01,588,13,False,0.0,True
SME_0464,2024-09-01,581,11,False,0.0,True
SME_0464,2024-10-01,594,9,False,0.0,True
SME_0464,2024-11-01,612,9,False,0.0,True
SME_0464,2024-12-01,604,7,False,0.0,True
SME_0464,2025-01-01,595,9,False,0.0,True
SME_0464,2025-02-01,594,8,False,0.0,True
SME_0464,2025-03-01,606,5,False,0.0,True
SME_0464,2025-04-01,602,6,False,0.0,True
SME_0464,2025-05-01,606,8,False,0.0,True
SME_0464,2025-06-01,594,9,False,0.0,True
SME_0464,2025-07-01,597,9,False,0.0,True
SME_0464,2025-08-01,584,7,False,0.0,True
SME_0464,2025-09-01,570,11,False,0.0,True
SME_0464,2025-10-01,603,9,False,0.0,True
SME_0464,2025-11-01,605,8,True,0.0,True
SME_0464,2025-12-01,602,8,False,0.0,True
SME_0464,2026-01-01,602,18,False,0.0,True
SME_0465,2024-08-01,615,15,False,0.0,True
SME_0465,2024-09-01,633,10,False,0.0,True
SME_0465,2024-10-01,626,13,False,0.0,True
SME_0465,2024-11-01,641,13,True,55200.67,True
SME_0465,2024-12-01,631,12,False,0.0,True
SME_0465,2025-01-01,618,11,False,0.0,True
SME_0465,2025-02-01,606,18,False,0.0,True
SME_0465,2025-03-01,614,13,True,0.0,True
SME_0465,2025-04-01,622,8,False,0.0,True
SME_0465,2025-05-01,630,11,True,0.0,True
SME_0465,2025-06-01,626,9,False,0.0,True
SME_0465,2025-07-01,599,8,False,0.0,True
SME_0465,2025-08-01,587,13,False,0.0,True
SME_0465,2025-09-01,608,10,False,0.0,True
SME_0465,2025-10-01,597,10,False,0.0,True
SME_0465,2025-11-01,590,10,False,0.0,True
SME_0465,2025-12-01,598,9,False,0.0,True
SME_0465,2026-01-01,599,11,False,0.0,True
SME_0466,2024-08-01,615,10,False,0.0,True
SME_0466,2024-09-01,622,13,False,0.0,True
SME_0466,2024-10-01,612,13,False,0.0,True
SME_0466,2024-11-01,605,11,False,0.0,True
SME_0466,2024-12-01,615,17,True,5736.9,True
SME_0466,2025-01-01,623,12,False,0.0,True
SME_0466,2025-02-01,639,9,False,0.0,True
SME_0466,2025-03-01,651,19,False,0.0,True
SME_0466,2025-04-01,628,14,False,0.0,True
SME_0466,2025-05-01,624,14,False,0.0,True
SME_0466,2025-06-01,625,18,False,0.0,True
SME_0466,2025-07-01,638,9,True,24798.68,True
SME_0466,2025-08-01,633,15,False,0.0,True
SME_0466,2025-09-01,646,13,False,0.0,True
SME_0466,2025-10-01,642,10,True,0.0,True
SME_0466,2025-11-01,645,6,False,0.0,True
SME_0466,2025-12-01,659,16,False,0.0,True
SME_0466,2026-01-01,634,14,True,8858.52,True
SME_0467,2024-08-01,426,3,False,0.0,True
SME_0467,2024-09-01,448,5,False,0.0,True
SME_0467,2024-10-01,429,3,False,0.0,True
SME_0467,2024-11-01,443,8,False,0.0,True
SME_0467,2024-12-01,415,4,False,0.0,True
SME_0467,2025-01-01,424,6,False,0.0,True
SME_0467,2025-02-01,419,9,False,0.0,True
SME_0467,2025-03-01,416,7,False,0.0,True
SME_0467,2025-04-01,424,7,False,0.0,True
SME_0467,2025-05-01,429,6,False,0.0,True
SME_0467,2025-06-01,437,4,False,0.0,True
SME_0467,2025-07-01,445,4,False,0.0,True
SME_0467,2025-08-01,456,2,False,0.0,True
SME_0467,2025-09-01,464,4,False,0.0,True
SME_0467,2025-10-01,474,3,False,0.0,True
SME_0467,2025-11-01,453,2,False,0.0,True
SME_0467,2025-12-01,454,2,False,0.0,True
SME_0467,2026-01-01,455,2,False,0.0,True
SME_0468,2024-08-01,686,11,False,0.0,True
SME_0468,2024-09-01,702,12,False,0.0,True
SME_0468,2024-10-01,705,12,True,33464.75,True
SME_0468,2024-11-01,691,19,False,0.0,True
SME_0468,2024-12-01,658,15,False,0.0,True
SME_0468,2025-01-01,657,12,False,0.0,True
SME_0468,2025-02-01,0,15,False,0.0,True
SME_0468,2025-03-01,684,12,False,0.0,True
SME_0468,2025-04-01,691,16,False,0.0,True
SME_0468,2025-05-01,681,16,False,0.0,True
SME_0468,2025-06-01,681,10,False,0.0,True
SME_0468,2025-07-01,666,10,False,0.0,True
SME_0468,2025-08-01,683,17,True,22564.49,True
SME_0468,2025-09-01,666,14,False,0.0,True
SME_0468,2025-10-01,674,13,False,0.0,True
SME_0468,2025-11-01,657,11,False,0.0,True
SME_0468,2025-12-01,679,12,False,0.0,True
SME_0468,2026-01-01,666,9,False,0.0,True
SME_0469,2024-08-01,408,5,False,0.0,True
SME_0469,2024-09-01,386,4,False,0.0,True
SME_0469,2024-10-01,389,4,False,0.0,True
SME_0469,2024-11-01,368,2,False,0.0,True
SME_0469,2024-12-01,374,4,True,0.0,True
SME_0469,2025-01-01,374,2,False,0.0,True
SME_0469,2025-02-01,385,0,False,0.0,True
SME_0469,2025-03-01,385,0,False,0.0,False
SME_0469,2025-04-01,385,0,False,0.0,False
SME_0469,2025-05-01,385,0,False,0.0,False
SME_0469,2025-06-01,385,0,False,0.0,False
SME_0469,2025-07-01,385,0,False,0.0,False
SME_0469,2025-08-01,385,0,False,0.0,False
SME_0469,2025-09-01,385,0,False,0.0,False
SME_0469,2025-10-01,385,0,False,0.0,False
SME_0469,2025-11-01,385,0,False,0.0,False
SME_0469,2025-12-01,385,0,False,0.0,False
SME_0469,2026-01-01,385,0,False,0.0,False
SME_0470,2024-08-01,511,5,False,0.0,True
SME_0470,2024-09-01,506,7,False,0.0,True
SME_0470,2024-10-01,522,4,False,0.0,True
SME_0470,2024-11-01,515,8,False,0.0,True
SME_0470,2024-12-01,520,5,False,0.0,True
SME_0470,2025-01-01,518,9,False,0.0,True
SME_0470,2025-02-01,521,10,False,0.0,True
SME_0470,2025-03-01,509,7,True,0.0,True
SME_0470,2025-04-01,519,11,False,0.0,True
SME_0470,2025-05-01,515,10,False,0.0,True
SME_0470,2025-06-01,501,6,False,0.0,True
SME_0470,2025-07-01,510,4,False,0.0,True
SME_0470,2025-08-01,526,1,True,0.0,True
SME_0470,2025-09-01,529,7,True,0.0,True
SME_0470,2025-10-01,512,6,True,0.0,True
SME_0470,2025-11-01,541,4,False,0.0,True
SME_0470,2025-12-01,536,6,False,0.0,True
SME_0470,2026-01-01,530,8,True,0.0,True
SME_0471,2024-08-01,572,9,False,0.0,True
SME_0471,2024-09-01,565,9,False,0.0,True
SME_0471,2024-10-01,574,11,False,0.0,True
SME_0471,2024-11-01,590,9,False,0.0,True
SME_0471,2024-12-01,600,7,True,0.0,True
SME_0471,2025-01-01,600,0,False,0.0,False
SME_0471,2025-02-01,600,0,False,0.0,False
SME_0471,2025-03-01,600,0,False,0.0,False
SME_0471,2025-04-01,600,0,False,0.0,False
SME_0471,2025-05-01,600,0,False,0.0,False
SME_0471,2025-06-01,600,0,False,0.0,False
SME_0471,2025-07-01,600,0,False,0.0,False
SME_0471,2025-08-01,600,0,False,0.0,False
SME_0471,2025-09-01,600,0,False,0.0,False
SME_0471,2025-10-01,600,0,False,0.0,False
SME_0471,2025-11-01,600,0,False,0.0,False
SME_0471,2025-12-01,600,0,False,0.0,False
SME_0471,2026-01-01,600,0,False,0.0,False
SME_0472,2024-08-01,676,10,False,0.0,True
SME_0472,2024-09-01,678,17,True,33436.95,True
SME_0472,2024-10-01,662,12,True,64295.35,True
SME_0472,2024-11-01,643,15,False,0.0,True
SME_0472,2024-12-01,633,13,False,0.0,True
SME_0472,2025-01-01,626,11,True,0.0,True
SME_0472,2025-02-01,613,16,False,0.0,True
SME_0472,2025-03-01,635,11,False,0.0,True
SME_0472,2025-04-01,651,14,False,0.0,True
SME_0472,2025-05-01,639,7,False,0.0,True
SME_0472,2025-06-01,617,15,False,0.0,True
SME_0472,2025-07-01,632,14,False,0.0,True
SME_0472,2025-08-01,632,0,False,0.0,False
SME_0472,2025-09-01,632,0,False,0.0,False
SME_0472,2025-10-01,632,0,False,0.0,False
SME_0472,2025-11-01,632,0,False,0.0,False
SME_0472,2025-12-01,632,0,False,0.0,False
SME_0472,2026-01-01,632,0,False,0.0,False
SME_0473,2024-08-01,490,5,False,0.0,True
SME_0473,2024-09-01,497,6,False,0.0,True
SME_0473,2024-10-01,501,6,False,0.0,True
SME_0473,2024-11-01,502,6,False,0.0,True
SME_0473,2024-12-01,500,7,True,0.0,True
SME_0473,2025-01-01,497,5,False,0.0,True
SME_0473,2025-02-01,474,5,False,0.0,True
SME_0473,2025-03-01,481,9,True,0.0,True
SME_0473,2025-04-01,473,4,False,0.0,True
SME_0473,2025-05-01,496,5,False,0.0,True
SME_0473,2025-06-01,495,7,False,0.0,True
SME_0473,2025-07-01,521,4,True,28624.47,True
SME_0473,2025-08-01,499,4,True,0.0,True
SME_0473,2025-09-01,470,7,False,0.0,True
SME_0473,2025-10-01,487,9,False,0.0,True
SME_0473,2025-11-01,489,3,False,0.0,True
SME_0473,2025-12-01,511,3,False,0.0,True
SME_0473,2026-01-01,506,3,False,0.0,True
SME_0474,2024-08-01,455,4,True,0.0,True
SME_0474,2024-09-01,449,6,False,0.0,True
SME_0474,2024-10-01,457,9,True,0.0,True
SME_0474,2024-11-01,472,4,False,0.0,True
SME_0474,2024-12-01,463,9,False,0.0,True
SME_0474,2025-01-01,479,6,False,0.0,True
SME_0474,2025-02-01,479,0,False,0.0,False
SME_0474,2025-03-01,479,0,False,0.0,False
SME_0474,2025-04-01,479,0,False,0.0,False
SME_0474,2025-05-01,479,0,False,0.0,False
SME_0474,2025-06-01,479,0,False,0.0,False
SME_0474,2025-07-01,479,0,False,0.0,False
SME_0474,2025-08-01,479,0,False,0.0,False
SME_0474,2025-09-01,479,0,False,0.0,False
SME_0474,2025-10-01,479,0,False,0.0,False
SME_0474,2025-11-01,479,0,False,0.0,False
SME_0474,2025-12-01,479,0,False,0.0,False
SME_0474,2026-01-01,479,0,False,0.0,False
SME_0475,2024-08-01,640,17,False,0.0,True
SME_0475,2024-09-01,662,10,False,0.0,True
SME_0475,2024-10-01,641,17,False,0.0,True
SME_0475,2024-11-01,637,23,False,0.0,True
SME_0475,2024-12-01,640,11,False,0.0,True
SME_0475,2025-01-01,651,19,False,0.0,True
SME_0475,2025-02-01,662,12,False,0.0,True
SME_0475,2025-03-01,675,10,False,0.0,True
SME_0475,2025-04-01,689,11,False,0.0,True
SME_0475,2025-05-01,684,7,False,0.0,True
SME_0475,2025-06-01,662,24,False,0.0,True
SME_0475,2025-07-01,664,11,False,0.0,True
SME_0475,2025-08-01,660,17,False,0.0,True
SME_0475,2025-09-01,664,9,False,0.0,True
SME_0475,2025-10-01,661,14,False,0.0,True
SME_0475,2025-11-01,662,7,False,0.0,True
SME_0475,2025-12-01,664,19,True,34881.29,True
SME_0475,2026-01-01,672,20,True,12525.53,True
SME_0476,2024-08-01,527,7,False,0.0,True
SME_0476,2024-09-01,509,12,True,0.0,True
SME_0476,2024-10-01,522,9,False,0.0,True
SME_0476,2024-11-01,540,9,True,0.0,True
SME_0476,2024-12-01,546,6,False,0.0,True
SME_0476,2025-01-01,550,4,False,0.0,True
SME_0476,2025-02-01,577,2,False,0.0,True
SME_0476,2025-03-01,548,6,False,0.0,True
SME_0476,2025-04-01,557,8,False,0.0,True
SME_0476,2025-05-01,546,7,False,0.0,True
SME_0476,2025-06-01,527,5,True,0.0,True
SME_0476,2025-07-01,529,6,False,0.0,True
SME_0476,2025-08-01,540,9,False,0.0,True
SME_0476,2025-09-01,545,9,True,0.0,True
SME_0476,2025-10-01,548,5,True,35305.13,True
SME_0476,2025-11-01,541,11,False,0.0,True
SME_0476,2025-12-01,535,9,False,0.0,True
SME_0476,2026-01-01,519,3,False,0.0,True
SME_0477,2024-08-01,702,18,False,0.0,True
SME_0477,2024-09-01,681,18,False,0.0,True
SME_0477,2024-10-01,668,10,False,0.0,True
SME_0477,2024-11-01,639,10,False,0.0,True
SME_0477,2024-12-01,667,16,False,0.0,True
SME_0477,2025-01-01,690,20,False,0.0,True
SME_0477,2025-02-01,687,17,False,0.0,True
SME_0477,2025-03-01,690,9,False,0.0,True
SME_0477,2025-04-01,688,16,False,0.0,True
SME_0477,2025-05-01,700,17,True,0.0,True
SME_0477,2025-06-01,700,17,False,0.0,True
SME_0477,2025-07-01,708,21,True,18257.6,True
SME_0477,2025-08-01,697,8,False,0.0,True
SME_0477,2025-09-01,693,15,False,0.0,True
SME_0477,2025-10-01,689,23,True,0.0,True
SME_0477,2025-11-01,689,0,False,0.0,False
SME_0477,2025-12-01,689,0,False,0.0,False
SME_0477,2026-01-01,689,0,False,0.0,False
SME_0478,2024-08-01,575,14,True,0.0,True
SME_0478,2024-09-01,567,12,False,0.0,True
SME_0478,2024-10-01,563,9,False,0.0,True
SME_0478,2024-11-01,577,13,False,0.0,True
SME_0478,2024-12-01,574,12,False,0.0,True
SME_0478,2025-01-01,576,11,False,0.0,True
SME_0478,2025-02-01,582,12,False,0.0,True
SME_0478,2025-03-01,587,13,False,0.0,True
SME_0478,2025-04-01,613,12,False,0.0,True
SME_0478,2025-05-01,629,14,False,0.0,True
SME_0478,2025-06-01,624,5,False,0.0,True
SME_0478,2025-07-01,634,8,False,0.0,True
SME_0478,2025-08-01,643,12,False,0.0,True
SME_0478,2025-09-01,634,6,False,0.0,True
SME_0478,2025-10-01,628,10,False,0.0,True
SME_0478,2025-11-01,614,13,True,53425.29,True
SME_0478,2025-12-01,608,7,False,0.0,True
SME_0478,2026-01-01,594,11,False,0.0,True
SME_0479,2024-08-01,653,8,False,0.0,True
SME_0479,2024-09-01,647,11,False,0.0,True
SME_0479,2024-10-01,664,14,False,0.0,True
SME_0479,2024-11-01,689,11,True,19462.37,True
SME_0479,2024-12-01,673,12,False,0.0,True
SME_0479,2025-01-01,674,8,False,0.0,True
SME_0479,2025-02-01,663,10,True,22102.52,True
SME_0479,2025-03-01,666,10,False,0.0,True
SME_0479,2025-04-01,647,8,False,0.0,True
SME_0479,2025-05-01,647,20,False,0.0,True
SME_0479,2025-06-01,664,16,True,0.0,True
SME_0479,2025-07-01,652,14,True,66650.65,True
SME_0479,2025-08-01,658,10,False,0.0,True
SME_0479,2025-09-01,661,9,False,0.0,True
SME_0479,2025-10-01,660,16,False,0.0,True
SME_0479,2025-11-01,660,11,False,0.0,True
SME_0479,2025-12-01,665,8,False,0.0,True
SME_0479,2026-01-01,674,14,False,0.0,True
SME_0480,2024-08-01,734,14,False,0.0,True
SME_0480,2024-09-01,735,11,False,0.0,True
SME_0480,2024-10-01,735,20,True,65268.6,True
SME_0480,2024-11-01,719,13,True,14593.23,True
SME_0480,2024-12-01,725,20,False,0.0,True
SME_0480,2025-01-01,718,14,False,0.0,True
SME_0480,2025-02-01,731,10,False,0.0,True
SME_0480,2025-03-01,738,16,False,0.0,True
SME_0480,2025-04-01,727,18,False,0.0,True
SME_0480,2025-05-01,711,18,False,0.0,True
SME_0480,2025-06-01,709,14,False,0.0,True
SME_0480,2025-07-01,698,15,True,32330.44,True
SME_0480,2025-08-01,706,9,False,0.0,True
SME_0480,2025-09-01,702,18,False,0.0,True
SME_0480,2025-10-01,730,15,True,0.0,True
SME_0480,2025-11-01,743,13,False,0.0,True
SME_0480,2025-12-01,726,14,True,0.0,True
SME_0480,2026-01-01,721,16,False,0.0,True
SME_0481,2024-08-01,575,5,True,55375.28,True
SME_0481,2024-09-01,573,7,False,0.0,True
SME_0481,2024-10-01,590,11,False,0.0,True
SME_0481,2024-11-01,597,10,False,0.0,True
SME_0481,2024-12-01,596,12,False,0.0,True
SME_0481,2025-01-01,606,9,False,0.0,True
SME_0481,2025-02-01,617,10,False,0.0,True
SME_0481,2025-03-01,623,10,False,0.0,True
SME_0481,2025-04-01,610,5,False,0.0,True
SME_0481,2025-05-01,611,6,False,0.0,True
SME_0481,2025-06-01,624,11,False,0.0,True
SME_0481,2025-07-01,624,8,True,0.0,True
SME_0481,2025-08-01,617,11,False,0.0,True
SME_0481,2025-09-01,610,11,False,0.0,True
SME_0481,2025-10-01,613,14,False,0.0,True
SME_0481,2025-11-01,603,11,False,0.0,True
SME_0481,2025-12-01,580,9,False,0.0,True
SME_0481,2026-01-01,575,10,False,0.0,True
SME_0482,2024-08-01,500,9,False,0.0,True
SME_0482,2024-09-01,493,5,False,0.0,True
SME_0482,2024-10-01,499,7,True,0.0,True
SME_0482,2024-11-01,504,6,False,0.0,True
SME_0482,2024-12-01,491,4,False,0.0,True
SME_0482,2025-01-01,466,5,False,0.0,True
SME_0482,2025-02-01,471,6,False,0.0,True
SME_0482,2025-03-01,470,4,False,0.0,True
SME_0482,2025-04-01,488,3,False,0.0,True
SME_0482,2025-05-01,504,2,False,0.0,True
SME_0482,2025-06-01,499,5,False,0.0,True
SME_0482,2025-07-01,481,6,False,0.0,True
SME_0482,2025-08-01,469,4,False,0.0,True
SME_0482,2025-09-01,478,3,False,0.0,True
SME_0482,2025-10-01,443,1,False,0.0,True
SME_0482,2025-11-01,458,9,False,0.0,True
SME_0482,2025-12-01,471,5,False,0.0,True
SME_0482,2026-01-01,457,5,False,0.0,True
SME_0483,2024-08-01,614,11,False,0.0,True
SME_0483,2024-09-01,598,12,False,0.0,True
SME_0483,2024-10-01,624,19,True,42106.09,True
SME_0483,2024-11-01,616,11,False,0.0,True
SME_0483,2024-12-01,604,7,False,0.0,True
SME_0483,2025-01-01,613,9,False,0.0,True
SME_0483,2025-02-01,592,11,True,34561.31,True
SME_0483,2025-03-01,600,8,False,0.0,True
SME_0483,2025-04-01,606,12,False,0.0,True
SME_0483,2025-05-01,611,6,False,0.0,True
SME_0483,2025-06-01,599,7,False,0.0,True
SME_0483,2025-07-01,582,9,False,0.0,True
SME_0483,2025-08-01,577,12,False,0.0,True
SME_0483,2025-09-01,582,13,False,0.0,True
SME_0483,2025-10-01,582,12,True,0.0,True
SME_0483,2025-11-01,576,15,False,0.0,True
SME_0483,2025-12-01,564,15,True,18326.31,True
SME_0483,2026-01-01,587,8,False,0.0,True
SME_0484,2024-08-01,603,12,True,0.0,True
SME_0484,2024-09-01,588,14,False,0.0,True
SME_0484,2024-10-01,613,10,False,0.0,True
SME_0484,2024-11-01,620,7,False,0.0,True
SME_0484,2024-12-01,626,10,False,0.0,True
SME_0484,2025-01-01,639,13,True,18156.75,True
SME_0484,2025-02-01,647,5,False,0.0,True
SME_0484,2025-03-01,633,11,True,0.0,True
SME_0484,2025-04-01,614,11,False,0.0,True
SME_0484,2025-05-01,622,10,True,0.0,True
SME_0484,2025-06-01,619,6,False,0.0,True
SME_0484,2025-07-01,621,20,True,45479.09,True
SME_0484,2025-08-01,631,8,False,0.0,True
SME_0484,2025-09-01,661,17,False,0.0,True
SME_0484,2025-10-01,655,14,False,0.0,True
SME_0484,2025-11-01,638,13,False,0.0,True
SME_0484,2025-12-01,626,13,False,0.0,True
SME_0484,2026-01-01,626,11,False,0.0,True
SME_0485,2024-08-01,497,7,True,0.0,True
SME_0485,2024-09-01,497,1,False,0.0,True
SME_0485,2024-10-01,485,8,False,0.0,True
SME_0485,2024-11-01,478,7,False,0.0,True
SME_0485,2024-12-01,506,4,False,0.0,True
SME_0485,2025-01-01,500,5,False,0.0,True
SME_0485,2025-02-01,494,5,False,0.0,True
SME_0485,2025-03-01,474,3,False,0.0,True
SME_0485,2025-04-01,494,6,False,0.0,True
SME_0485,2025-05-01,517,2,False,0.0,True
SME_0485,2025-06-01,519,4,False,0.0,True
SME_0485,2025-07-01,518,0,False,0.0,True
SME_0485,2025-08-01,534,10,False,0.0,True
SME_0485,2025-09-01,530,3,False,0.0,True
SME_0485,2025-10-01,522,6,False,0.0,True
SME_0485,2025-11-01,526,10,False,0.0,True
SME_0485,2025-12-01,526,0,False,0.0,False
SME_0485,2026-01-01,526,0,False,0.0,False
SME_0486,2024-08-01,999,6,False,0.0,True
SME_0486,2024-09-01,598,4,True,25726.05,True
SME_0486,2024-10-01,598,11,False,0.0,True
SME_0486,2024-11-01,577,7,False,0.0,True
SME_0486,2024-12-01,578,6,False,0.0,True
SME_0486,2025-01-01,555,7,False,0.0,True
SME_0486,2025-02-01,574,12,False,0.0,True
SME_0486,2025-03-01,581,16,False,0.0,True
SME_0486,2025-04-01,584,4,False,0.0,True
SME_0486,2025-05-01,595,7,False,0.0,True
SME_0486,2025-06-01,583,11,True,0.0,True
SME_0486,2025-07-01,601,10,True,19294.98,True
SME_0486,2025-08-01,613,12,True,25948.17,True
SME_0486,2025-09-01,615,10,False,0.0,True
SME_0486,2025-10-01,620,11,False,0.0,True
SME_0486,2025-11-01,649,7,False,0.0,True
SME_0486,2025-12-01,644,8,False,0.0,True
SME_0486,2026-01-01,652,12,False,0.0,True
SME_0487,2024-08-01,535,9,False,0.0,True
SME_0487,2024-09-01,553,6,True,0.0,True
SME_0487,2024-10-01,532,8,False,0.0,True
SME_0487,2024-11-01,531,6,False,0.0,True
SME_0487,2024-12-01,534,5,True,0.0,True
SME_0487,2025-01-01,540,4,False,0.0,True
SME_0487,2025-02-01,554,4,False,0.0,True
SME_0487,2025-03-01,528,6,False,0.0,True
SME_0487,2025-04-01,536,7,False,0.0,True
SME_0487,2025-05-01,542,8,True,0.0,True
SME_0487,2025-06-01,554,4,True,6691.96,True
SME_0487,2025-07-01,550,8,False,0.0,True
SME_0487,2025-08-01,562,5,False,0.0,True
SME_0487,2025-09-01,543,3,True,0.0,True
SME_0487,2025-10-01,559,8,False,0.0,True
SME_0487,2025-11-01,569,9,False,0.0,True
SME_0487,2025-12-01,559,7,False,0.0,True
SME_0487,2026-01-01,550,6,False,0.0,True
SME_0488,2024-08-01,670,16,False,0.0,True
SME_0488,2024-09-01,669,5,False,0.0,True
SME_0488,2024-10-01,655,12,False,0.0,True
SME_0488,2024-11-01,667,16,False,0.0,True
SME_0488,2024-12-01,667,0,False,0.0,False
SME_0488,2025-01-01,667,0,False,0.0,False
SME_0488,2025-02-01,667,0,False,0.0,False
SME_0488,2025-03-01,667,0,False,0.0,False
SME_0488,2025-04-01,667,0,False,0.0,False
SME_0488,2025-05-01,667,0,False,0.0,False
SME_0488,2025-06-01,667,0,False,0.0,False
SME_0488,2025-07-01,667,0,False,0.0,False
SME_0488,2025-08-01,667,0,False,0.0,False
SME_0488,2025-09-01,667,0,False,0.0,False
SME_0488,2025-10-01,667,0,False,0.0,False
SME_0488,2025-11-01,667,0,False,0.0,False
SME_0488,2025-12-01,667,0,False,0.0,False
SME_0488,2026-01-01,667,0,False,0.0,False
SME_0489,2024-08-01,652,12,True,0.0,True
SME_0489,2024-09-01,662,13,False,0.0,True
SME_0489,2024-10-01,666,10,True,58071.88,True
SME_0489,2024-11-01,636,11,False,0.0,True
SME_0489,2024-12-01,653,6,False,0.0,True
SME_0489,2025-01-01,650,17,False,0.0,True
SME_0489,2025-02-01,666,12,True,61689.84,True
SME_0489,2025-03-01,677,10,False,0.0,True
SME_0489,2025-04-01,678,12,False,0.0,True
SME_0489,2025-05-01,664,11,False,0.0,True
SME_0489,2025-06-01,661,12,True,0.0,True
SME_0489,2025-07-01,666,17,False,0.0,True
SME_0489,2025-08-01,659,9,False,0.0,True
SME_0489,2025-09-01,664,11,False,0.0,True
SME_0489,2025-10-01,646,8,True,0.0,True
SME_0489,2025-11-01,655,9,False,0.0,True
SME_0489,2025-12-01,645,9,False,0.0,True
SME_0489,2026-01-01,655,7,True,0.0,True
SME_0490,2024-08-01,597,8,False,0.0,True
SME_0490,2024-09-01,604,8,False,0.0,True
SME_0490,2024-10-01,602,8,False,0.0,True
SME_0490,2024-11-01,613,6,False,0.0,True
SME_0490,2024-12-01,616,8,False,0.0,True
SME_0490,2025-01-01,615,9,False,0.0,True
SME_0490,2025-02-01,591,8,False,0.0,True
SME_0490,2025-03-01,603,11,False,0.0,True
SME_0490,2025-04-01,588,7,False,0.0,True
SME_0490,2025-05-01,577,9,False,0.0,True
SME_0490,2025-06-01,583,12,False,0.0,True
SME_0490,2025-07-01,597,5,False,0.0,True
SME_0490,2025-08-01,606,11,False,0.0,True
SME_0490,2025-09-01,617,13,True,30092.26,True
SME_0490,2025-10-01,616,16,False,0.0,True
SME_0490,2025-11-01,629,8,True,44655.18,True
SME_0490,2025-12-01,642,10,False,0.0,True
SME_0490,2026-01-01,631,11,False,0.0,True
SME_0491,2024-08-01,624,10,False,0.0,True
SME_0491,2024-09-01,620,7,False,0.0,True
SME_0491,2024-10-01,608,13,False,0.0,True
SME_0491,2024-11-01,593,6,False,0.0,True
SME_0491,2024-12-01,603,10,False,0.0,True
SME_0491,2025-01-01,594,9,False,0.0,True
SME_0491,2025-02-01,591,14,False,0.0,True
SME_0491,2025-03-01,596,8,False,0.0,True
SME_0491,2025-04-01,596,18,True,57603.67,True
SME_0491,2025-05-01,602,9,False,0.0,True
SME_0491,2025-06-01,625,13,False,0.0,True
SME_0491,2025-07-01,620,13,False,0.0,True
SME_0491,2025-08-01,615,5,False,0.0,True
SME_0491,2025-09-01,599,10,False,0.0,True
SME_0491,2025-10-01,585,9,False,0.0,True
SME_0491,2025-11-01,593,12,True,0.0,True
SME_0491,2025-12-01,583,15,False,0.0,True
SME_0491,2026-01-01,588,10,False,0.0,True
SME_0492,2024-08-01,694,15,False,0.0,True
SME_0492,2024-09-01,692,13,False,0.0,True
SME_0492,2024-10-01,692,9,False,0.0,True
SME_0492,2024-11-01,693,14,False,0.0,True
SME_0492,2024-12-01,692,11,False,0.0,True
SME_0492,2025-01-01,690,15,True,8623.32,True
SME_0492,2025-02-01,669,10,True,43459.13,True
SME_0492,2025-03-01,668,14,False,0.0,True
SME_0492,2025-04-01,690,17,False,0.0,True
SME_0492,2025-05-01,691,6,False,0.0,True
SME_0492,2025-06-01,717,12,False,0.0,True
SME_0492,2025-07-01,720,15,False,0.0,True
SME_0492,2025-08-01,727,12,False,0.0,True
SME_0492,2025-09-01,712,18,True,0.0,True
SME_0492,2025-10-01,715,12,True,0.0,True
SME_0492,2025-11-01,715,15,False,0.0,True
SME_0492,2025-12-01,701,21,True,45943.89,True
SME_0492,2026-01-01,687,10,False,0.0,True
SME_0493,2024-08-01,659,17,False,0.0,True
SME_0493,2024-09-01,656,15,False,0.0,True
SME_0493,2024-10-01,660,17,False,0.0,True
SME_0493,2024-11-01,631,8,True,0.0,True
SME_0493,2024-12-01,623,14,False,0.0,True
SME_0493,2025-01-01,597,15,True,0.0,True
SME_0493,2025-02-01,584,12,False,0.0,True
SME_0493,2025-03-01,587,8,False,0.0,True
SME_0493,2025-04-01,603,14,True,51926.79,True
SME_0493,2025-05-01,605,17,False,0.0,True
SME_0493,2025-06-01,609,18,False,0.0,True
SME_0493,2025-07-01,621,12,False,0.0,True
SME_0493,2025-08-01,634,10,True,0.0,True
SME_0493,2025-09-01,645,9,True,54756.72,True
SME_0493,2025-10-01,639,21,True,19786.24,True
SME_0493,2025-11-01,656,9,False,0.0,True
SME_0493,2025-12-01,653,9,False,0.0,True
SME_0493,2026-01-01,657,10,False,0.0,True
SME_0494,2024-08-01,504,5,False,0.0,True
SME_0494,2024-09-01,489,4,False,0.0,True
SME_0494,2024-10-01,484,4,False,0.0,True
SME_0494,2024-11-01,483,6,False,0.0,True
SME_0494,2024-12-01,499,6,False,0.0,True
SME_0494,2025-01-01,502,5,False,0.0,True
SME_0494,2025-02-01,507,7,False,0.0,True
SME_0494,2025-03-01,507,4,False,0.0,True
SME_0494,2025-04-01,498,3,False,0.0,True
SME_0494,2025-05-01,478,7,False,0.0,True
SME_0494,2025-06-01,474,2,False,0.0,True
SME_0494,2025-07-01,470,9,False,0.0,True
SME_0494,2025-08-01,474,3,False,0.0,True
SME_0494,2025-09-01,470,8,False,0.0,True
SME_0494,2025-10-01,472,4,False,0.0,True
SME_0494,2025-11-01,463,4,False,0.0,True
SME_0494,2025-12-01,470,7,False,0.0,True
SME_0494,2026-01-01,489,4,False,0.0,True
SME_0495,2024-08-01,535,5,False,0.0,True
SME_0495,2024-09-01,545,7,False,0.0,True
SME_0495,2024-10-01,546,8,False,0.0,True
SME_0495,2024-11-01,553,6,False,0.0,True
SME_0495,2024-12-01,553,5,False,0.0,True
SME_0495,2025-01-01,533,10,False,0.0,True
SME_0495,2025-02-01,556,4,False,0.0,True
SME_0495,2025-03-01,554,6,False,0.0,True
SME_0495,2025-04-01,530,6,False,0.0,True
SME_0495,2025-05-01,531,7,False,0.0,True
SME_0495,2025-06-01,520,7,False,0.0,True
SME_0495,2025-07-01,533,4,False,0.0,True
SME_0495,2025-08-01,539,6,True,0.0,True
SME_0495,2025-09-01,550,8,False,0.0,True
SME_0495,2025-10-01,562,2,False,0.0,True
SME_0495,2025-11-01,550,8,False,0.0,True
SME_0495,2025-12-01,547,9,False,0.0,True
SME_0495,2026-01-01,550,8,False,0.0,True
SME_0496,2024-08-01,651,13,False,0.0,True
SME_0496,2024-09-01,641,12,False,0.0,True
SME_0496,2024-10-01,635,16,False,0.0,True
SME_0496,2024-11-01,645,13,False,0.0,True
SME_0496,2024-12-01,644,13,False,0.0,True
SME_0496,2025-01-01,647,19,False,0.0,True
SME_0496,2025-02-01,617,16,False,0.0,True
SME_0496,2025-03-01,617,0,False,0.0,False
SME_0496,2025-04-01,617,0,False,0.0,False
SME_0496,2025-05-01,617,0,False,0.0,False
SME_0496,2025-06-01,617,0,False,0.0,False
SME_0496,2025-07-01,617,0,False,0.0,False
SME_0496,2025-08-01,617,0,False,0.0,False
SME_0496,2025-09-01,617,0,False,0.0,False
SME_0496,2025-10-01,617,0,False,0.0,False
SME_0496,2025-11-01,617,0,False,0.0,False
SME_0496,2025-12-01,617,0,False,0.0,False
SME_0496,2026-01-01,617,0,False,0.0,False
SME_0497,2024-08-01,577,6,False,0.0,True
SME_0497,2024-09-01,588,12,False,0.0,True
SME_0497,2024-10-01,574,8,True,12313.81,True
SME_0497,2024-11-01,567,11,False,0.0,True
SME_0497,2024-12-01,567,5,False,0.0,True
SME_0497,2025-01-01,580,3,False,0.0,True
SME_0497,2025-02-01,577,8,False,0.0,True
SME_0497,2025-03-01,550,9,False,0.0,True
SME_0497,2025-04-01,569,10,True,0.0,True
SME_0497,2025-05-01,567,13,False,0.0,True
SME_0497,2025-06-01,574,6,False,0.0,True
SME_0497,2025-07-01,591,3,False,0.0,True
SME_0497,2025-08-01,576,5,False,0.0,True
SME_0497,2025-09-01,578,9,False,0.0,True
SME_0497,2025-10-01,568,3,False,0.0,True
SME_0497,2025-11-01,580,5,False,0.0,True
SME_0497,2025-12-01,569,7,False,0.0,True
SME_0497,2026-01-01,573,8,False,0.0,True
SME_0498,2024-08-01,507,11,False,0.0,True
SME_0498,2024-09-01,494,9,False,0.0,True
SME_0498,2024-10-01,498,7,False,0.0,True
SME_0498,2024-11-01,509,8,False,0.0,True
SME_0498,2024-12-01,500,4,False,0.0,True
SME_0498,2025-01-01,513,8,False,0.0,True
SME_0498,2025-02-01,499,6,False,0.0,True
SME_0498,2025-03-01,509,6,False,0.0,True
SME_0498,2025-04-01,521,8,False,0.0,True
SME_0498,2025-05-01,525,14,False,0.0,True
SME_0498,2025-06-01,518,4,False,0.0,True
SME_0498,2025-07-01,510,4,True,0.0,True
SME_0498,2025-08-01,505,7,False,0.0,True
SME_0498,2025-09-01,530,11,False,0.0,True
SME_0498,2025-10-01,514,7,False,0.0,True
SME_0498,2025-11-01,518,0,False,0.0,True
SME_0498,2025-12-01,513,1,False,0.0,True
SME_0498,2026-01-01,498,6,False,0.0,True
SME_0499,2024-08-01,647,14,False,0.0,True
SME_0499,2024-09-01,655,11,False,0.0,True
SME_0499,2024-10-01,632,17,True,0.0,True
SME_0499,2024-11-01,621,7,False,0.0,True
SME_0499,2024-12-01,632,7,False,0.0,True
SME_0499,2025-01-01,630,10,False,0.0,True
SME_0499,2025-02-01,656,11,False,0.0,True
SME_0499,2025-03-01,660,7,False,0.0,True
SME_0499,2025-04-01,656,14,False,0.0,True
SME_0499,2025-05-01,652,14,False,0.0,True
SME_0499,2025-06-01,655,11,True,0.0,True
SME_0499,2025-07-01,658,12,False,0.0,True
SME_0499,2025-08-01,665,11,False,0.0,True
SME_0499,2025-09-01,685,11,False,0.0,True
SME_0499,2025-10-01,683,9,True,0.0,True
SME_0499,2025-11-01,666,10,False,0.0,True
SME_0499,2025-12-01,674,11,True,0.0,True
SME_0499,2026-01-01,667,12,False,0.0,True
SME_0500,2024-08-01,687,11,False,0.0,True
SME_0500,2024-09-01,684,12,False,0.0,True
SME_0500,2024-10-01,666,14,True,0.0,True
SME_0500,2024-11-01,670,9,False,0.0,True
SME_0500,2024-12-01,669,10,False,0.0,True
SME_0500,2025-01-01,655,10,True,43910.08,True
SME_0500,2025-02-01,658,9,False,0.0,True
SME_0500,2025-03-01,687,6,False,0.0,True
SME_0500,2025-04-01,690,11,False,0.0,True
SME_0500,2025-05-01,702,13,True,28272.84,True
SME_0500,2025-06-01,690,10,False,0.0,True
SME_0500,2025-07-01,696,12,False,0.0,True
SME_0500,2025-08-01,705,8,False,0.0,True
SME_0500,2025-09-01,710,15,False,0.0,True
SME_0500,2025-10-01,681,8,True,42448.01,True
SME_0500,2025-11-01,684,20,True,20348.0,True
SME_0500,2025-12-01,667,11,False,0.0,True
SME_0500,2026-01-01,645,12,False,0.0,True
